  2020 11 13.634543  2 22 38.8045 +13 41  2.356  35.6616853  13.6839878  35.6616879  13.6839942   -0.0090   -0.0230    0.0386 15 13 44.50     5.00 
  2020 11 13.635006  2 22 38.8028 +13 41  2.334  35.6616785  13.6839816  35.6616705  13.6839918    0.0278   -0.0370    0.0629 15 14 24.50     5.00 
  2020 11 13.635469  2 22 38.7923 +13 41  2.302  35.6616346  13.6839727  35.6616532  13.6839895   -0.0650   -0.0604    0.0435 15 15  4.50     5.00 
  2020 11 13.636007  2 22 38.7903 +13 41  2.340  35.6616264  13.6839833  35.6616331  13.6839868   -0.0231   -0.0127    0.0185 15 15 51.00    10.00 
  2020 11 13.636528  2 22 38.7863 +13 41  2.347  35.6616095  13.6839852  35.6616135  13.6839841   -0.0142    0.0039    0.0239 15 16 36.00    10.00 
  2020 11 13.637049  2 22 38.7807 +13 41  2.358  35.6615862  13.6839883  35.6615940  13.6839815   -0.0275    0.0244    0.0317 15 17 21.00    10.00 
  2020 11 13.637569  2 22 38.7745 +13 41  2.309  35.6615605  13.6839747  35.6615745  13.6839789   -0.0490   -0.0152    0.0218 15 18  6.00    10.00 
  2020 11 13.638090  2 22 38.7705 +13 41  2.336  35.6615437  13.6839821  35.6615550  13.6839763   -0.0395    0.0211    0.0228 15 18 51.00    10.00 
  2020 11 13.638611  2 22 38.7629 +13 41  2.267  35.6615121  13.6839630  35.6615355  13.6839736   -0.0819   -0.0382    0.0423 15 19 36.00    10.00 
  2020 11 13.639641  2 22 38.7577 +13 41  2.264  35.6614903  13.6839622  35.6614969  13.6839685   -0.0231   -0.0224    0.0180 15 21  5.00    10.00 
  2020 11 13.640683  2 22 38.7481 +13 41  2.242  35.6614505  13.6839562  35.6614579  13.6839632   -0.0257   -0.0252    0.0174 15 22 35.00    10.00 
  2020 11 13.641204  2 22 38.7411 +13 41  2.205  35.6614213  13.6839457  35.6614383  13.6839606   -0.0596   -0.0537    0.0141 15 23 20.00    10.00 
  2020 11 13.641725  2 22 38.7373 +13 41  2.236  35.6614053  13.6839543  35.6614188  13.6839580   -0.0471   -0.0131    0.0187 15 24  5.00    10.00 
  2020 11 13.642245  2 22 38.7336 +13 41  2.209  35.6613900  13.6839469  35.6613993  13.6839554   -0.0325   -0.0306    0.0209 15 24 50.00    10.00 
  2020 11 13.643287  2 22 38.7229 +13 41  2.212  35.6613453  13.6839479  35.6613602  13.6839501   -0.0521   -0.0080    0.0188 15 26 20.00    10.00 
  2020 11 13.644329  2 22 38.7125 +13 41  2.176  35.6613023  13.6839377  35.6613211  13.6839449   -0.0659   -0.0258    0.0187 15 27 50.00    10.00 
  2020 11 13.644850  2 22 38.7082 +13 41  2.162  35.6612840  13.6839338  35.6613016  13.6839423   -0.0615   -0.0305    0.0194 15 28 35.00    10.00 
  2020 11 13.645370  2 22 38.7069 +13 41  2.167  35.6612787  13.6839353  35.6612820  13.6839397   -0.0116   -0.0158    0.0162 15 29 20.00    10.00 
  2020 11 13.645891  2 22 38.7026 +13 41  2.137  35.6612610  13.6839270  35.6612625  13.6839371   -0.0052   -0.0362    0.0235 15 30  5.00    10.00 
  2020 11 13.646933  2 22 38.6917 +13 41  2.118  35.6612153  13.6839216  35.6612234  13.6839319   -0.0281   -0.0369    0.0132 15 31 35.00    10.00 
  2020 11 13.647454  2 22 38.6882 +13 41  2.127  35.6612008  13.6839242  35.6612038  13.6839293   -0.0105   -0.0183    0.0188 15 32 20.00    10.00 
  2020 11 13.647975  2 22 38.6852 +13 41  2.169  35.6611882  13.6839358  35.6611842  13.6839267    0.0140    0.0330    0.0336 15 33  5.00    10.00 
  2020 11 13.648484  2 22 38.6782 +13 41  2.131  35.6611592  13.6839253  35.6611651  13.6839241   -0.0206    0.0042    0.0221 15 33 49.00    10.00 
  2020 11 13.649005  2 22 38.6721 +13 41  2.084  35.6611338  13.6839123  35.6611455  13.6839215   -0.0412   -0.0332    0.0254 15 34 34.00    10.00 
  2020 11 13.650046  2 22 38.6654 +13 41  2.094  35.6611058  13.6839149  35.6611064  13.6839163   -0.0022   -0.0050    0.0202 15 36  4.00    10.00 
  2020 11 13.650567  2 22 38.6618 +13 41  2.111  35.6610908  13.6839197  35.6610868  13.6839137    0.0140    0.0214    0.0245 15 36 49.00    10.00 
  2020 11 13.651088  2 22 38.6526 +13 41  2.058  35.6610523  13.6839049  35.6610673  13.6839111   -0.0522   -0.0225    0.0176 15 37 34.00    10.00 
  2020 11 13.651609  2 22 38.6481 +13 41  2.006  35.6610337  13.6838907  35.6610477  13.6839085   -0.0489   -0.0642    0.0383 15 38 19.00    10.00 
  2020 11 13.652650  2 22 38.6426 +13 41  2.078  35.6610108  13.6839106  35.6610085  13.6839033    0.0081    0.0262    0.0223 15 39 49.00    10.00 
  2020 11 13.653171  2 22 38.6343 +13 41  2.018  35.6609763  13.6838940  35.6609889  13.6839007   -0.0442   -0.0241    0.0140 15 40 34.00    10.00 
  2020 11 13.653692  2 22 38.6301 +13 41  2.032  35.6609587  13.6838979  35.6609693  13.6838981   -0.0372   -0.0009    0.0180 15 41 19.00    10.00 
  2020 11 13.654734  2 22 38.6238 +13 41  2.002  35.6609323  13.6838896  35.6609301  13.6838929    0.0077   -0.0121    0.0228 15 42 49.00    10.00 
  2020 11 13.655764  2 22 38.6123 +13 41  1.954  35.6608846  13.6838760  35.6608914  13.6838878   -0.0237   -0.0425    0.0153 15 44 18.00    10.00 
  2020 11 13.656285  2 22 38.6072 +13 41  1.953  35.6608634  13.6838760  35.6608718  13.6838852   -0.0292   -0.0334    0.0148 15 45  3.00    10.00 
  2020 11 13.656806  2 22 38.6021 +13 41  1.929  35.6608421  13.6838692  35.6608522  13.6838826   -0.0352   -0.0483    0.0254 15 45 48.00    10.00 
  2020 11 13.657847  2 22 38.5958 +13 41  1.961  35.6608157  13.6838779  35.6608130  13.6838775    0.0097    0.0017    0.0250 15 47 18.00    10.00 
  2020 11 13.658368  2 22 38.5879 +13 41  1.929  35.6607829  13.6838692  35.6607933  13.6838749   -0.0365   -0.0205    0.0203 15 48  3.00    10.00 
  2020 11 13.658889  2 22 38.5840 +13 41  1.949  35.6607665  13.6838747  35.6607737  13.6838723   -0.0251    0.0088    0.0299 15 48 48.00    10.00 
  2020 11 13.659410  2 22 38.5850 +13 41  1.956  35.6607709  13.6838766  35.6607541  13.6838697    0.0586    0.0247    0.0486 15 49 33.00    10.00 
  2020 11 13.659931  2 22 38.5747 +13 41  1.861  35.6607279  13.6838501  35.6607345  13.6838671   -0.0230   -0.0611    0.0256 15 50 18.00    10.00 
  2020 11 13.660451  2 22 38.5730 +13 41  1.923  35.6607209  13.6838675  35.6607149  13.6838645    0.0210    0.0105    0.0479 15 51  3.00    10.00 
  2020 11 13.662014  2 22 38.5548 +13 41  1.856  35.6606452  13.6838490  35.6606560  13.6838568   -0.0378   -0.0280    0.0160 15 53 18.00    10.00 
  2020 11 13.662535  2 22 38.5492 +13 41  1.844  35.6606218  13.6838455  35.6606363  13.6838542   -0.0510   -0.0315    0.0233 15 54  3.00    10.00 
  2020 11 13.663056  2 22 38.5445 +13 41  1.848  35.6606023  13.6838468  35.6606167  13.6838516   -0.0505   -0.0174    0.0181 15 54 48.00    10.00 
  2020 11 13.663576  2 22 38.5390 +13 41  1.841  35.6605790  13.6838447  35.6605971  13.6838491   -0.0631   -0.0155    0.0213 15 55 33.00    10.00 
  2020 11 13.664097  2 22 38.5373 +13 41  1.828  35.6605722  13.6838410  35.6605774  13.6838465   -0.0182   -0.0197    0.0176 15 56 18.00    10.00 
  2020 11 13.664606  2 22 38.5301 +13 41  1.792  35.6605420  13.6838312  35.6605582  13.6838440   -0.0569   -0.0461    0.0232 15 57  2.00    10.00 
  2020 11 13.665648  2 22 38.5225 +13 41  1.833  35.6605103  13.6838424  35.6605189  13.6838388   -0.0300    0.0128    0.0320 15 58 32.00    10.00 
  2020 11 13.666169  2 22 38.5163 +13 41  1.771  35.6604847  13.6838252  35.6604993  13.6838362   -0.0511   -0.0396    0.0236 15 59 17.00    10.00 
  2020 11 13.666690  2 22 38.5137 +13 41  1.806  35.6604739  13.6838350  35.6604796  13.6838337   -0.0199    0.0049    0.0254 16  0  2.00    10.00 
  2020 11 13.667211  2 22 38.5072 +13 41  1.745  35.6604469  13.6838179  35.6604600  13.6838311   -0.0458   -0.0474    0.0199 16  0 47.00    10.00 
  2020 11 13.677616  2 22 38.4147 +13 41  1.634  35.6600611  13.6837873  35.6600668  13.6837799   -0.0198    0.0265    0.0458 16 15 46.00    10.00 
  2020 11 13.678137  2 22 38.4100 +13 41  1.579  35.6600416  13.6837721  35.6600470  13.6837774   -0.0191   -0.0191    0.0186 16 16 31.00    10.00 
  2020 11 13.679699  2 22 38.3943 +13 41  1.536  35.6599764  13.6837600  35.6599879  13.6837697   -0.0404   -0.0351    0.0204 16 18 46.00    10.00 
  2020 11 13.680220  2 22 38.3938 +13 41  1.524  35.6599743  13.6837566  35.6599682  13.6837672    0.0213   -0.0382    0.0279 16 19 31.00    10.00 
  2020 11 13.681262  2 22 38.3802 +13 41  1.520  35.6599177  13.6837554  35.6599287  13.6837621   -0.0387   -0.0239    0.0169 16 21  1.00    10.00 
  2020 11 13.681782  2 22 38.3753 +13 41  1.518  35.6598969  13.6837549  35.6599090  13.6837595   -0.0422   -0.0167    0.0297 16 21 46.00    10.00 
  2020 11 13.682303  2 22 38.3750 +13 41  1.515  35.6598960  13.6837542  35.6598893  13.6837570    0.0234   -0.0100    0.0065 16 22 31.00    10.00 
  2020 11 13.683345  2 22 38.3639 +13 41  1.487  35.6598495  13.6837464  35.6598498  13.6837519   -0.0011   -0.0198    0.0225 16 24  1.00    10.00 
  2020 11 13.683866  2 22 38.3581 +13 41  1.458  35.6598255  13.6837385  35.6598301  13.6837494   -0.0160   -0.0392    0.0239 16 24 46.00    10.00 
  2020 11 13.684907  2 22 38.3462 +13 41  1.429  35.6597758  13.6837303  35.6597906  13.6837443   -0.0520   -0.0503    0.0185 16 26 16.00    10.00 
  2020 11 13.685428  2 22 38.3433 +13 41  1.405  35.6597636  13.6837237  35.6597709  13.6837417   -0.0254   -0.0650    0.0204 16 27  1.00    10.00 
  2020 11 13.685937  2 22 38.3381 +13 41  1.446  35.6597422  13.6837351  35.6597516  13.6837392   -0.0327   -0.0148    0.0101 16 27 45.00    10.00 
  2020 11 13.686979  2 22 38.3263 +13 41  1.454  35.6596927  13.6837372  35.6597121  13.6837342   -0.0677    0.0108    0.0178 16 29 15.00    10.00 
  2020 11 13.687500  2 22 38.3266 +13 41  1.386  35.6596942  13.6837185  35.6596923  13.6837316    0.0065   -0.0474    0.0472 16 30  0.00    10.00 
  2020 11 13.688021  2 22 38.3203 +13 41  1.402  35.6596681  13.6837227  35.6596726  13.6837291   -0.0158   -0.0229    0.0055 16 30 45.00    10.00 
  2020 11 13.688542  2 22 38.3154 +13 41  1.361  35.6596476  13.6837115  35.6596528  13.6837266   -0.0184   -0.0543    0.0317 16 31 30.00    10.00 
  2020 11 13.689583  2 22 38.3074 +13 41  1.373  35.6596141  13.6837147  35.6596133  13.6837215    0.0028   -0.0243    0.0178 16 33  0.00    10.00 
  2020 11 13.690104  2 22 38.3014 +13 41  1.364  35.6595892  13.6837123  35.6595935  13.6837189   -0.0151   -0.0240    0.0364 16 33 45.00    10.00 
  2020 11 13.690625  2 22 38.2974 +13 41  1.354  35.6595727  13.6837093  35.6595738  13.6837164   -0.0039   -0.0256    0.0151 16 34 30.00    10.00 
  2020 11 13.691146  2 22 38.2930 +13 41  1.328  35.6595543  13.6837021  35.6595540  13.6837139    0.0009   -0.0423    0.0212 16 35 15.00    10.00 
  2020 11 13.691667  2 22 38.2900 +13 41  1.322  35.6595415  13.6837007  35.6595342  13.6837113    0.0254   -0.0385    0.0242 16 36  0.00    10.00 
  2020 11 13.692708  2 22 38.2793 +13 41  1.338  35.6594972  13.6837049  35.6594947  13.6837063    0.0087   -0.0051    0.0297 16 37 30.00    10.00 
  2020 11 13.693229  2 22 38.2761 +13 41  1.295  35.6594837  13.6836931  35.6594749  13.6837038    0.0307   -0.0385    0.0289 16 38 15.00    10.00 
  2020 11 13.693750  2 22 38.2696 +13 41  1.313  35.6594565  13.6836981  35.6594551  13.6837012    0.0048   -0.0112    0.0288 16 39  0.00    10.00 
  2020 11 13.694780  2 22 38.2575 +13 41  1.257  35.6594064  13.6836826  35.6594160  13.6836962   -0.0336   -0.0490    0.0234 16 40 29.00    10.00 
  2020 11 13.695822  2 22 38.2454 +13 41  1.254  35.6593560  13.6836816  35.6593764  13.6836912   -0.0715   -0.0345    0.0276 16 41 59.00    10.00 
  2020 11 13.696343  2 22 38.2432 +13 41  1.201  35.6593468  13.6836670  35.6593567  13.6836887   -0.0344   -0.0781    0.0192 16 42 44.00    10.00 
  2020 11 13.696863  2 22 38.2377 +13 41  1.214  35.6593236  13.6836706  35.6593369  13.6836861   -0.0462   -0.0561    0.0206 16 43 29.00    10.00 
  2020 11 13.697384  2 22 38.2356 +13 41  1.248  35.6593148  13.6836801  35.6593171  13.6836836   -0.0079   -0.0125    0.0223 16 44 14.00    10.00 
  2020 11 13.697905  2 22 38.2277 +13 41  1.213  35.6592820  13.6836702  35.6592973  13.6836811   -0.0536   -0.0393    0.0194 16 44 59.00    10.00 
  2020 11 13.698947  2 22 38.2244 +13 41  1.217  35.6592682  13.6836714  35.6592577  13.6836760    0.0368   -0.0167    0.0249 16 46 29.00    10.00 
  2020 11 13.699468  2 22 38.2147 +13 41  1.245  35.6592281  13.6836791  35.6592379  13.6836735   -0.0342    0.0200    0.0250 16 47 14.00    10.00 
  2020 11 13.699988  2 22 38.2134 +13 41  1.191  35.6592225  13.6836641  35.6592181  13.6836710    0.0156   -0.0247    0.0310 16 47 59.00    10.00 
  2020 11 13.700509  2 22 38.2046 +13 41  1.215  35.6591860  13.6836708  35.6591982  13.6836685   -0.0429    0.0083    0.0212 16 48 44.00    10.00 
  2020 11 13.701030  2 22 38.2034 +13 41  1.198  35.6591810  13.6836661  35.6591784  13.6836660    0.0091    0.0004    0.0288 16 49 29.00    10.00 
  2020 11 13.701551  2 22 38.1970 +13 41  1.172  35.6591541  13.6836590  35.6591586  13.6836634   -0.0159   -0.0161    0.0223 16 50 14.00    10.00 
  2020 11 13.702072  2 22 38.1917 +13 41  1.109  35.6591319  13.6836415  35.6591388  13.6836609   -0.0242   -0.0701    0.0119 16 50 59.00    10.00 
  2020 11 13.702402  2 22 38.1883 +13 41  1.126  35.6591179  13.6836460  35.6591263  13.6836593   -0.0291   -0.0479    0.0100 16 51 27.50    15.00 
  2020 11 13.702980  2 22 38.1807 +13 41  1.123  35.6590861  13.6836452  35.6591042  13.6836565   -0.0635   -0.0407    0.0193 16 52 17.50    15.00 
  2020 11 13.703559  2 22 38.1764 +13 41  1.140  35.6590683  13.6836499  35.6590822  13.6836537   -0.0485   -0.0140    0.0166 16 53  7.50    15.00 
  2020 11 13.704138  2 22 38.1723 +13 41  1.126  35.6590511  13.6836461  35.6590602  13.6836510   -0.0318   -0.0174    0.0164 16 53 57.50    15.00 
  2020 11 13.704716  2 22 38.1672 +13 41  1.137  35.6590300  13.6836492  35.6590382  13.6836482   -0.0284    0.0038    0.0275 16 54 47.50    15.00 
  2020 11 13.705295  2 22 38.1622 +13 41  1.082  35.6590094  13.6836340  35.6590161  13.6836454   -0.0236   -0.0410    0.0174 16 55 37.50    15.00 
  2020 11 13.705874  2 22 38.1594 +13 41  1.112  35.6589974  13.6836423  35.6589941  13.6836426    0.0114   -0.0010    0.0162 16 56 27.50    15.00 
  2020 11 13.706453  2 22 38.1492 +13 41  1.086  35.6589548  13.6836351  35.6589721  13.6836398   -0.0604   -0.0169    0.0080 16 57 17.50    15.00 
  2020 11 13.707031  2 22 38.1502 +13 41  1.078  35.6589594  13.6836328  35.6589500  13.6836370    0.0327   -0.0153    0.0277 16 58  7.50    15.00 
  2020 11 13.707610  2 22 38.1418 +13 41  1.043  35.6589242  13.6836229  35.6589280  13.6836342   -0.0133   -0.0406    0.0164 16 58 57.50    15.00 
  2020 11 13.708189  2 22 38.1321 +13 41  0.997  35.6588838  13.6836104  35.6589059  13.6836314   -0.0772   -0.0758    0.0444 16 59 47.50    15.00 
  2020 11 13.708767  2 22 38.1324 +13 41  1.110  35.6588849  13.6836417  35.6588839  13.6836286    0.0035    0.0470    0.0442 17  0 37.50    15.00 
  2020 11 13.709346  2 22 38.1254 +13 41  1.045  35.6588560  13.6836237  35.6588618  13.6836259   -0.0205   -0.0079    0.0307 17  1 27.50    15.00 
  2020 11 13.709925  2 22 38.1161 +13 41  0.978  35.6588170  13.6836051  35.6588398  13.6836231   -0.0797   -0.0649    0.0291 17  2 17.50    15.00 
  2020 11 13.710503  2 22 38.1161 +13 41  0.986  35.6588172  13.6836074  35.6588177  13.6836203   -0.0017   -0.0465    0.0366 17  3  7.50    15.00 
  2020 11 13.711082  2 22 38.1038 +13 41  0.927  35.6587658  13.6835907  35.6587957  13.6836175   -0.1043   -0.0964    0.0447 17  3 57.50    15.00 
  2020 11 13.711661  2 22 38.1082 +13 41  0.979  35.6587840  13.6836052  35.6587736  13.6836147    0.0365   -0.0343    0.0471 17  4 47.50    15.00 
  2020 11 13.712240  2 22 38.1005 +13 41  0.990  35.6587519  13.6836084  35.6587515  13.6836119    0.0013   -0.0129    0.0322 17  5 37.50    15.00 
  2020 11 13.712818  2 22 38.0974 +13 41  0.995  35.6587392  13.6836097  35.6587295  13.6836092    0.0340    0.0021    0.0258 17  6 27.50    15.00 
  2020 11 13.713397  2 22 38.0842 +13 41  0.920  35.6586841  13.6835889  35.6587074  13.6836064   -0.0815   -0.0631    0.0270 17  7 17.50    15.00 
  2020 11 13.713976  2 22 38.0837 +13 41  0.946  35.6586821  13.6835961  35.6586853  13.6836036   -0.0113   -0.0269    0.0152 17  8  7.50    15.00 
  2020 11 13.714554  2 22 38.0783 +13 41  0.964  35.6586598  13.6836011  35.6586632  13.6836008   -0.0122    0.0010    0.0352 17  8 57.50    15.00 
  2020 11 13.715133  2 22 38.0671 +13 41  0.970  35.6586129  13.6836028  35.6586412  13.6835980   -0.0987    0.0170    0.0278 17  9 47.50    15.00 
  2020 11 13.715712  2 22 38.0683 +13 41  0.894  35.6586178  13.6835817  35.6586191  13.6835953   -0.0046   -0.0488    0.0270 17 10 37.50    15.00 
  2020 11 13.716291  2 22 38.0592 +13 41  0.847  35.6585800  13.6835686  35.6585970  13.6835925   -0.0594   -0.0860    0.0273 17 11 27.50    15.00 
  2020 11 13.716858  2 22 38.0556 +13 41  0.869  35.6585649  13.6835748  35.6585754  13.6835898   -0.0366   -0.0539    0.0430 17 12 16.50    15.00 
  2020 11 13.717436  2 22 38.0511 +13 41  0.888  35.6585461  13.6835799  35.6585533  13.6835870   -0.0252   -0.0256    0.0716 17 13  6.50    15.00 
  2020 11 13.718015  2 22 38.0458 +13 41  0.850  35.6585240  13.6835694  35.6585312  13.6835842   -0.0250   -0.0533    0.0292 17 13 56.50    15.00 
  2020 11 13.718594  2 22 38.0402 +13 41  0.913  35.6585009  13.6835869  35.6585091  13.6835815   -0.0288    0.0197    0.0247 17 14 46.50    15.00 
  2020 11 13.719172  2 22 38.0342 +13 41  0.886  35.6584759  13.6835796  35.6584870  13.6835787   -0.0389    0.0032    0.0155 17 15 36.50    15.00 
  2020 11 13.719751  2 22 38.0310 +13 41  0.811  35.6584627  13.6835586  35.6584649  13.6835759   -0.0078   -0.0623    0.0264 17 16 26.50    15.00 
  2020 11 13.720330  2 22 38.0225 +13 41  0.824  35.6584271  13.6835623  35.6584428  13.6835731   -0.0548   -0.0392    0.0481 17 17 16.50    15.00 
  2020 11 13.720909  2 22 38.0219 +13 41  0.834  35.6584244  13.6835650  35.6584207  13.6835704    0.0131   -0.0193    0.0940 17 18  6.50    15.00 
  2020 11 14.662604  2 22 28.6322 +13 40 41.211  35.6193007  13.6781142  35.6192963  13.6781135    0.0154    0.0028    0.0183 15 54  9.00    10.00 
  2020 11 14.663646  2 22 28.6186 +13 40 41.103  35.6192440  13.6780842  35.6192490  13.6781038   -0.0174   -0.0707    0.0232 15 55 39.00    10.00 
  2020 11 14.739549  2 22 27.7966 +13 40 38.513  35.6158191  13.6773647  35.6157955  13.6773622    0.0824    0.0092    0.0460 17 44 57.00    10.00 
  2020 11 15.628738  2 22 18.4617 +13 39 49.451  35.5769236  13.6637364  35.5769381  13.6637317   -0.0506    0.0166    0.0703 15  5 23.00    10.00 
  2020 11 15.629259  2 22 18.4583 +13 39 49.391  35.5769095  13.6637198  35.5769163  13.6637216   -0.0240   -0.0063    0.0568 15  6  8.00    10.00 
  2020 11 15.629780  2 22 18.4561 +13 39 49.280  35.5769006  13.6636890  35.5768946  13.6637114    0.0210   -0.0807    0.0507 15  6 53.00    10.00 
  2020 11 15.630301  2 22 18.4501 +13 39 49.324  35.5768753  13.6637011  35.5768728  13.6637012    0.0087   -0.0003    0.0456 15  7 38.00    10.00 
  2020 11 15.630822  2 22 18.4433 +13 39 49.315  35.5768472  13.6636987  35.5768511  13.6636910   -0.0133    0.0279    0.0466 15  8 23.00    10.00 
  2020 11 15.631343  2 22 18.4360 +13 39 49.279  35.5768165  13.6636886  35.5768293  13.6636808   -0.0448    0.0279    0.0542 15  9  8.00    10.00 
  2020 11 15.631863  2 22 18.4358 +13 39 49.189  35.5768159  13.6636636  35.5768075  13.6636706    0.0291   -0.0254    0.0542 15  9 53.00    10.00 
  2020 11 15.632384  2 22 18.4287 +13 39 49.116  35.5767861  13.6636434  35.5767858  13.6636604    0.0010   -0.0611    0.1143 15 10 38.00    10.00 
  2020 11 15.632905  2 22 18.4207 +13 39 49.135  35.5767529  13.6636486  35.5767640  13.6636502   -0.0389   -0.0059    0.0301 15 11 23.00    10.00 
  2020 11 15.633426  2 22 18.4165 +13 39 49.075  35.5767356  13.6636320  35.5767423  13.6636400   -0.0236   -0.0288    0.0301 15 12  8.00    10.00 
  2020 11 15.633947  2 22 18.4112 +13 39 49.031  35.5767134  13.6636198  35.5767206  13.6636298   -0.0250   -0.0362    0.0382 15 12 53.00    10.00 
  2020 11 15.634468  2 22 18.4114 +13 39 48.873  35.5767140  13.6635757  35.5766988  13.6636196    0.0532   -0.1581    0.0543 15 13 38.00    10.00 
  2020 11 15.634988  2 22 18.3976 +13 39 48.962  35.5766568  13.6636006  35.5766771  13.6636094   -0.0711   -0.0317    0.0418 15 14 23.00    10.00 
  2020 11 15.635509  2 22 18.3935 +13 39 49.018  35.5766397  13.6636162  35.5766553  13.6635992   -0.0548    0.0610    0.0254 15 15  8.00    10.00 
  2020 11 15.636030  2 22 18.3919 +13 39 48.869  35.5766330  13.6635747  35.5766336  13.6635890   -0.0022   -0.0516    0.0384 15 15 53.00    10.00 
  2020 11 15.636551  2 22 18.3873 +13 39 48.877  35.5766137  13.6635770  35.5766119  13.6635788    0.0062   -0.0066    0.0436 15 16 38.00    10.00 
  2020 11 15.637072  2 22 18.3808 +13 39 48.848  35.5765868  13.6635689  35.5765901  13.6635686   -0.0118    0.0010    0.0286 15 17 23.00    10.00 
  2020 11 15.637593  2 22 18.3743 +13 39 48.795  35.5765596  13.6635542  35.5765684  13.6635584   -0.0309   -0.0150    0.0811 15 18  8.00    10.00 
  2020 11 15.638113  2 22 18.3708 +13 39 48.725  35.5765448  13.6635346  35.5765467  13.6635482   -0.0065   -0.0488    0.0270 15 18 53.00    10.00 
  2020 11 15.638634  2 22 18.3671 +13 39 48.710  35.5765296  13.6635307  35.5765250  13.6635379    0.0161   -0.0263    0.0424 15 19 38.00    10.00 
  2020 11 15.639155  2 22 18.3606 +13 39 48.651  35.5765026  13.6635142  35.5765033  13.6635277   -0.0023   -0.0488    0.0293 15 20 23.00    10.00 
  2020 11 15.639676  2 22 18.3558 +13 39 48.591  35.5764826  13.6634976  35.5764815  13.6635175    0.0037   -0.0717    0.0454 15 21  8.00    10.00 
  2020 11 15.640185  2 22 18.3531 +13 39 48.466  35.5764712  13.6634629  35.5764603  13.6635075    0.0381   -0.1607    0.1438 15 21 52.00    10.00 
  2020 11 15.640706  2 22 18.3445 +13 39 48.592  35.5764356  13.6634977  35.5764386  13.6634973   -0.0104    0.0015    0.0414 15 22 37.00    10.00 
  2020 11 15.641227  2 22 18.3374 +13 39 48.642  35.5764059  13.6635118  35.5764169  13.6634871   -0.0385    0.0890    0.0383 15 23 22.00    10.00 
  2020 11 15.641748  2 22 18.3353 +13 39 48.538  35.5763970  13.6634829  35.5763952  13.6634768    0.0064    0.0218    0.0910 15 24  7.00    10.00 
  2020 11 15.642269  2 22 18.3262 +13 39 48.501  35.5763592  13.6634724  35.5763735  13.6634666   -0.0501    0.0208    0.0609 15 24 52.00    10.00 
  2020 11 15.642789  2 22 18.3296 +13 39 48.332  35.5763735  13.6634256  35.5763518  13.6634564    0.0761   -0.1110    0.1205 15 25 37.00    10.00 
  2020 11 15.646435  2 22 18.2845 +13 39 48.151  35.5761853  13.6633754  35.5761999  13.6633847   -0.0510   -0.0336    0.0458 15 30 52.00    10.00 
  2020 11 15.646956  2 22 18.2742 +13 39 48.259  35.5761426  13.6634052  35.5761782  13.6633745   -0.1244    0.1108    0.1248 15 31 37.00    10.00 
  2020 11 15.649560  2 22 18.2581 +13 39 47.954  35.5760756  13.6633206  35.5760698  13.6633232    0.0201   -0.0092    0.0681 15 35 22.00    10.00 
  2020 11 15.650081  2 22 18.2504 +13 39 47.907  35.5760435  13.6633075  35.5760481  13.6633129   -0.0162   -0.0197    0.0212 15 36  7.00    10.00 
  2020 11 15.650602  2 22 18.2442 +13 39 47.764  35.5760174  13.6632679  35.5760265  13.6633027   -0.0318   -0.1252    0.1408 15 36 52.00    10.00 
  2020 11 15.658403  2 22 18.1665 +13 39 47.309  35.5756935  13.6631415  35.5757022  13.6631488   -0.0304   -0.0263    0.0288 15 48  6.00    10.00 
  2020 11 15.658924  2 22 18.1629 +13 39 47.260  35.5756787  13.6631278  35.5756806  13.6631385   -0.0067   -0.0385    0.0265 15 48 51.00    10.00 
  2020 11 16.627234  2 22  9.7552 +13 38 39.021  35.5406466  13.6441724  35.5406573  13.6441625   -0.0375    0.0354    0.0365 15  3 13.00    10.00 
  2020 11 16.627755  2 22  9.7536 +13 38 38.944  35.5406402  13.6441512  35.5406401  13.6441538    0.0004   -0.0095    0.0230 15  3 58.00    10.00 
  2020 11 16.628275  2 22  9.7477 +13 38 38.912  35.5406155  13.6441421  35.5406228  13.6441451   -0.0255   -0.0109    0.0249 15  4 43.00    10.00 
  2020 11 16.628796  2 22  9.7419 +13 38 38.904  35.5405914  13.6441400  35.5406056  13.6441364   -0.0496    0.0129    0.0240 15  5 28.00    10.00 
  2020 11 16.629317  2 22  9.7367 +13 38 38.929  35.5405698  13.6441469  35.5405883  13.6441277   -0.0649    0.0692    0.0313 15  6 13.00    10.00 
  2020 11 16.629838  2 22  9.7357 +13 38 38.849  35.5405655  13.6441248  35.5405711  13.6441190   -0.0195    0.0210    0.0317 15  6 58.00    10.00 
  2020 11 16.630359  2 22  9.7303 +13 38 38.783  35.5405429  13.6441065  35.5405539  13.6441103   -0.0383   -0.0136    0.0180 15  7 43.00    10.00 
  2020 11 16.630880  2 22  9.7274 +13 38 38.740  35.5405307  13.6440943  35.5405366  13.6441015   -0.0208   -0.0260    0.0249 15  8 28.00    10.00 
  2020 11 16.631400  2 22  9.7234 +13 38 38.716  35.5405141  13.6440877  35.5405194  13.6440928   -0.0185   -0.0186    0.0299 15  9 13.00    10.00 
  2020 11 16.631921  2 22  9.7199 +13 38 38.722  35.5404995  13.6440894  35.5405022  13.6440841   -0.0093    0.0189    0.0370 15  9 58.00    10.00 
  2020 11 16.632442  2 22  9.7161 +13 38 38.653  35.5404836  13.6440703  35.5404849  13.6440754   -0.0045   -0.0186    0.0291 15 10 43.00    10.00 
  2020 11 16.632963  2 22  9.7084 +13 38 38.610  35.5404516  13.6440582  35.5404677  13.6440668   -0.0564   -0.0307    0.0395 15 11 28.00    10.00 
  2020 11 16.633484  2 22  9.7072 +13 38 38.623  35.5404468  13.6440619  35.5404505  13.6440581   -0.0128    0.0137    0.0284 15 12 13.00    10.00 
  2020 11 16.634005  2 22  9.7008 +13 38 38.584  35.5404201  13.6440511  35.5404332  13.6440494   -0.0458    0.0063    0.0457 15 12 58.00    10.00 
  2020 11 16.634525  2 22  9.7004 +13 38 38.533  35.5404182  13.6440371  35.5404160  13.6440407    0.0079   -0.0130    0.0279 15 13 43.00    10.00 
  2020 11 16.635046  2 22  9.6943 +13 38 38.529  35.5403930  13.6440358  35.5403988  13.6440320   -0.0203    0.0137    0.0239 15 14 28.00    10.00 
  2020 11 16.635567  2 22  9.6915 +13 38 38.464  35.5403814  13.6440177  35.5403815  13.6440233   -0.0006   -0.0202    0.0522 15 15 13.00    10.00 
  2020 11 16.636088  2 22  9.6832 +13 38 38.441  35.5403468  13.6440115  35.5403643  13.6440146   -0.0614   -0.0114    0.0759 15 15 58.00    10.00 
  2020 11 16.636609  2 22  9.6786 +13 38 38.428  35.5403277  13.6440078  35.5403471  13.6440060   -0.0679    0.0067    0.0429 15 16 43.00    10.00 
  2020 11 16.637118  2 22  9.6778 +13 38 38.351  35.5403240  13.6439864  35.5403303  13.6439975   -0.0219   -0.0398    0.0677 15 17 27.00    10.00 
  2020 11 16.637639  2 22  9.6733 +13 38 38.317  35.5403053  13.6439770  35.5403130  13.6439888   -0.0270   -0.0423    0.0718 15 18 12.00    10.00 
  2020 11 16.638160  2 22  9.6726 +13 38 38.373  35.5403024  13.6439924  35.5402958  13.6439801    0.0231    0.0442    0.1041 15 18 57.00    10.00 
  2020 11 16.638681  2 22  9.6655 +13 38 38.328  35.5402728  13.6439799  35.5402786  13.6439715   -0.0202    0.0304    0.0940 15 19 42.00    10.00 
  2020 11 16.639201  2 22  9.6607 +13 38 38.269  35.5402530  13.6439635  35.5402614  13.6439628   -0.0292    0.0025    0.0537 15 20 27.00    10.00 
  2020 11 16.639722  2 22  9.6540 +13 38 38.261  35.5402249  13.6439615  35.5402442  13.6439541   -0.0675    0.0265    0.0290 15 21 12.00    10.00 
  2020 11 16.640243  2 22  9.6514 +13 38 38.189  35.5402143  13.6439415  35.5402269  13.6439455   -0.0441   -0.0144    0.0406 15 21 57.00    10.00 
  2020 11 16.640764  2 22  9.6467 +13 38 38.154  35.5401947  13.6439318  35.5402097  13.6439368   -0.0524   -0.0181    0.0357 15 22 42.00    10.00 
  2020 11 16.641285  2 22  9.6435 +13 38 38.153  35.5401812  13.6439314  35.5401925  13.6439282   -0.0396    0.0116    0.0375 15 23 27.00    10.00 
  2020 11 16.641806  2 22  9.6380 +13 38 38.167  35.5401583  13.6439352  35.5401753  13.6439195   -0.0595    0.0563    0.0412 15 24 12.00    10.00 
  2020 11 16.642326  2 22  9.6368 +13 38 38.093  35.5401534  13.6439146  35.5401581  13.6439109   -0.0165    0.0134    0.0312 15 24 57.00    10.00 
  2020 11 16.642847  2 22  9.6337 +13 38 38.005  35.5401403  13.6438902  35.5401409  13.6439022   -0.0019   -0.0433    0.0293 15 25 42.00    10.00 
  2020 11 16.643368  2 22  9.6293 +13 38 37.996  35.5401222  13.6438876  35.5401237  13.6438936   -0.0050   -0.0213    0.0391 15 26 27.00    10.00 
  2020 11 16.643889  2 22  9.6229 +13 38 38.020  35.5400955  13.6438945  35.5401065  13.6438849   -0.0385    0.0343    0.0280 15 27 12.00    10.00 
  2020 11 16.644410  2 22  9.6204 +13 38 37.971  35.5400850  13.6438808  35.5400893  13.6438763   -0.0148    0.0164    0.0260 15 27 57.00    10.00 
  2020 11 16.644931  2 22  9.6138 +13 38 37.929  35.5400576  13.6438691  35.5400721  13.6438676   -0.0506    0.0051    0.0297 15 28 42.00    10.00 
  2020 11 16.645451  2 22  9.6110 +13 38 37.928  35.5400457  13.6438689  35.5400548  13.6438590   -0.0318    0.0356    0.0174 15 29 27.00    10.00 
  2020 11 16.645961  2 22  9.6072 +13 38 37.853  35.5400300  13.6438480  35.5400380  13.6438506   -0.0281   -0.0094    0.0251 15 30 11.00    10.00 
  2020 11 16.646481  2 22  9.6002 +13 38 37.860  35.5400007  13.6438499  35.5400208  13.6438419   -0.0703    0.0286    0.0264 15 30 56.00    10.00 
  2020 11 16.647002  2 22  9.5990 +13 38 37.831  35.5399956  13.6438420  35.5400036  13.6438333   -0.0280    0.0313    0.0278 15 31 41.00    10.00 
  2020 11 16.647523  2 22  9.5939 +13 38 37.778  35.5399746  13.6438272  35.5399864  13.6438247   -0.0415    0.0092    0.0264 15 32 26.00    10.00 
  2020 11 16.648044  2 22  9.5906 +13 38 37.733  35.5399609  13.6438146  35.5399692  13.6438161   -0.0292   -0.0052    0.0378 15 33 11.00    10.00 
  2020 11 16.648565  2 22  9.5894 +13 38 37.700  35.5399556  13.6438056  35.5399520  13.6438075    0.0126   -0.0068    0.0432 15 33 56.00    10.00 
  2020 11 16.649086  2 22  9.5800 +13 38 37.669  35.5399167  13.6437969  35.5399348  13.6437988   -0.0634   -0.0069    0.0221 15 34 41.00    10.00 
  2020 11 16.649606  2 22  9.5775 +13 38 37.676  35.5399063  13.6437990  35.5399176  13.6437902   -0.0398    0.0315    0.0363 15 35 26.00    10.00 
  2020 11 16.650127  2 22  9.5757 +13 38 37.605  35.5398990  13.6437791  35.5399004  13.6437816   -0.0052   -0.0091    0.0386 15 36 11.00    10.00 
  2020 11 16.650648  2 22  9.5688 +13 38 37.604  35.5398700  13.6437790  35.5398832  13.6437730   -0.0462    0.0216    0.0354 15 36 56.00    10.00 
  2020 11 16.651169  2 22  9.5632 +13 38 37.555  35.5398465  13.6437654  35.5398661  13.6437644   -0.0683    0.0034    0.0242 15 37 41.00    10.00 
  2020 11 16.651690  2 22  9.5591 +13 38 37.482  35.5398295  13.6437451  35.5398489  13.6437558   -0.0676   -0.0385    0.0532 15 38 26.00    10.00 
  2020 11 16.652211  2 22  9.5587 +13 38 37.494  35.5398278  13.6437482  35.5398317  13.6437472   -0.0135    0.0037    0.0292 15 39 11.00    10.00 
  2020 11 16.652731  2 22  9.5549 +13 38 37.481  35.5398123  13.6437447  35.5398145  13.6437386   -0.0078    0.0219    0.0414 15 39 56.00    10.00 
  2020 11 16.653252  2 22  9.5499 +13 38 37.454  35.5397915  13.6437373  35.5397973  13.6437300   -0.0205    0.0262    0.0262 15 40 41.00    10.00 
  2020 11 16.654294  2 22  9.5406 +13 38 37.378  35.5397526  13.6437162  35.5397629  13.6437128   -0.0363    0.0122    0.0398 15 42 11.00    10.00 
  2020 11 16.654815  2 22  9.5349 +13 38 37.333  35.5397289  13.6437037  35.5397458  13.6437042   -0.0590   -0.0018    0.0300 15 42 56.00    10.00 
  2020 11 16.655324  2 22  9.5337 +13 38 37.303  35.5397238  13.6436952  35.5397290  13.6436958   -0.0180   -0.0021    0.0213 15 43 40.00    10.00 
  2020 11 16.655845  2 22  9.5293 +13 38 37.264  35.5397054  13.6436845  35.5397118  13.6436873   -0.0224   -0.0100    0.0253 15 44 25.00    10.00 
  2020 11 16.656366  2 22  9.5250 +13 38 37.189  35.5396873  13.6436635  35.5396946  13.6436787   -0.0255   -0.0545    0.0369 15 45 10.00    10.00 
  2020 11 16.656887  2 22  9.5211 +13 38 37.243  35.5396713  13.6436785  35.5396774  13.6436701   -0.0214    0.0303    0.0372 15 45 55.00    10.00 
  2020 11 16.657407  2 22  9.5172 +13 38 37.171  35.5396551  13.6436587  35.5396602  13.6436615   -0.0179   -0.0102    0.0482 15 46 40.00    10.00 
  2020 11 16.657928  2 22  9.5126 +13 38 37.143  35.5396357  13.6436507  35.5396431  13.6436530   -0.0259   -0.0081    0.0174 15 47 25.00    10.00 
  2020 11 16.658449  2 22  9.5087 +13 38 37.091  35.5396194  13.6436363  35.5396259  13.6436444   -0.0226   -0.0292    0.0309 15 48 10.00    10.00 
  2020 11 16.658970  2 22  9.5049 +13 38 37.105  35.5396039  13.6436402  35.5396087  13.6436358   -0.0167    0.0158    0.0336 15 48 55.00    10.00 
  2020 11 16.659491  2 22  9.5001 +13 38 37.068  35.5395836  13.6436299  35.5395915  13.6436273   -0.0276    0.0096    0.0280 15 49 40.00    10.00 
  2020 11 16.660012  2 22  9.4948 +13 38 37.018  35.5395616  13.6436162  35.5395744  13.6436187   -0.0448   -0.0090    0.0293 15 50 25.00    10.00 
  2020 11 16.660532  2 22  9.4898 +13 38 37.057  35.5395409  13.6436270  35.5395572  13.6436101   -0.0572    0.0606    0.0615 15 51 10.00    10.00 
  2020 11 16.661053  2 22  9.4889 +13 38 36.947  35.5395369  13.6435963  35.5395400  13.6436016   -0.0110   -0.0190    0.0320 15 51 55.00    10.00 
  2020 11 16.661574  2 22  9.4854 +13 38 36.934  35.5395223  13.6435927  35.5395229  13.6435930   -0.0018   -0.0012    0.0402 15 52 40.00    10.00 
  2020 11 16.662083  2 22  9.4808 +13 38 36.944  35.5395032  13.6435954  35.5395061  13.6435847   -0.0101    0.0388    0.0542 15 53 24.00    10.00 
  2020 11 16.662604  2 22  9.4764 +13 38 36.899  35.5394848  13.6435831  35.5394889  13.6435761   -0.0143    0.0251    0.0290 15 54  9.00    10.00 
  2020 11 16.663125  2 22  9.4700 +13 38 36.875  35.5394584  13.6435763  35.5394718  13.6435676   -0.0468    0.0315    0.0649 15 54 54.00    10.00 
  2020 11 16.663646  2 22  9.4671 +13 38 36.825  35.5394463  13.6435626  35.5394546  13.6435590   -0.0290    0.0130    0.0402 15 55 39.00    10.00 
  2020 11 16.664167  2 22  9.4629 +13 38 36.813  35.5394289  13.6435591  35.5394374  13.6435505   -0.0298    0.0311    0.0322 15 56 24.00    10.00 
  2020 11 16.664687  2 22  9.4572 +13 38 36.779  35.5394048  13.6435498  35.5394203  13.6435419   -0.0540    0.0282    0.0246 15 57  9.00    10.00 
  2020 11 16.665208  2 22  9.4530 +13 38 36.740  35.5393874  13.6435389  35.5394031  13.6435334   -0.0551    0.0199    0.0518 15 57 54.00    10.00 
  2020 11 16.665729  2 22  9.4514 +13 38 36.671  35.5393808  13.6435197  35.5393860  13.6435249   -0.0179   -0.0188    0.0217 15 58 39.00    10.00 
  2020 11 16.666250  2 22  9.4462 +13 38 36.661  35.5393593  13.6435169  35.5393688  13.6435163   -0.0332    0.0019    0.0306 15 59 24.00    10.00 
  2020 11 16.666771  2 22  9.4467 +13 38 36.627  35.5393614  13.6435076  35.5393516  13.6435078    0.0340   -0.0009    0.0278 16  0  9.00    10.00 
  2020 11 16.667292  2 22  9.4371 +13 38 36.631  35.5393214  13.6435085  35.5393345  13.6434993   -0.0457    0.0332    0.0205 16  0 54.00    10.00 
  2020 11 16.667813  2 22  9.4347 +13 38 36.553  35.5393112  13.6434869  35.5393173  13.6434908   -0.0215   -0.0138    0.0335 16  1 39.00    10.00 
  2020 11 16.668333  2 22  9.4329 +13 38 36.504  35.5393037  13.6434735  35.5393002  13.6434823    0.0121   -0.0316    0.0419 16  2 24.00    10.00 
  2020 11 16.668854  2 22  9.4237 +13 38 36.503  35.5392653  13.6434731  35.5392830  13.6434737   -0.0621   -0.0024    0.0308 16  3  9.00    10.00 
  2020 11 16.669375  2 22  9.4236 +13 38 36.462  35.5392649  13.6434616  35.5392659  13.6434652   -0.0034   -0.0129    0.0321 16  3 54.00    10.00 
  2020 11 16.669896  2 22  9.4197 +13 38 36.408  35.5392490  13.6434467  35.5392487  13.6434567    0.0007   -0.0360    0.0309 16  4 39.00    10.00 
  2020 11 16.670417  2 22  9.4124 +13 38 36.393  35.5392182  13.6434426  35.5392316  13.6434482   -0.0470   -0.0203    0.0420 16  5 24.00    10.00 
  2020 11 16.670938  2 22  9.4090 +13 38 36.380  35.5392044  13.6434388  35.5392145  13.6434397   -0.0353   -0.0032    0.0343 16  6  9.00    10.00 
  2020 11 16.671458  2 22  9.4072 +13 38 36.314  35.5391966  13.6434206  35.5391973  13.6434312   -0.0026   -0.0381    0.0304 16  6 54.00    10.00 
  2020 11 16.671979  2 22  9.3985 +13 38 36.334  35.5391603  13.6434260  35.5391802  13.6434227   -0.0696    0.0119    0.0361 16  7 39.00    10.00 
  2020 11 16.672500  2 22  9.3992 +13 38 36.272  35.5391631  13.6434088  35.5391630  13.6434142    0.0003   -0.0195    0.0429 16  8 24.00    10.00 
  2020 11 16.673021  2 22  9.3921 +13 38 36.279  35.5391339  13.6434109  35.5391459  13.6434057   -0.0421    0.0188    0.0396 16  9  9.00    10.00 
  2020 11 16.673542  2 22  9.3892 +13 38 36.194  35.5391217  13.6433872  35.5391288  13.6433972   -0.0249   -0.0360    0.0309 16  9 54.00    10.00 
  2020 11 16.674051  2 22  9.3843 +13 38 36.196  35.5391011  13.6433879  35.5391120  13.6433889   -0.0383   -0.0038    0.0259 16 10 38.00    10.00 
  2020 11 16.674572  2 22  9.3802 +13 38 36.195  35.5390840  13.6433874  35.5390949  13.6433804   -0.0381    0.0253    0.0282 16 11 23.00    10.00 
  2020 11 16.675093  2 22  9.3761 +13 38 36.140  35.5390671  13.6433722  35.5390777  13.6433719   -0.0373    0.0011    0.0555 16 12  8.00    10.00 
  2020 11 16.675613  2 22  9.3736 +13 38 36.067  35.5390566  13.6433520  35.5390606  13.6433634   -0.0142   -0.0412    0.0357 16 12 53.00    10.00 
  2020 11 16.676134  2 22  9.3687 +13 38 36.061  35.5390364  13.6433502  35.5390435  13.6433550   -0.0246   -0.0170    0.0280 16 13 38.00    10.00 
  2020 11 16.676655  2 22  9.3636 +13 38 36.034  35.5390148  13.6433429  35.5390263  13.6433465   -0.0403   -0.0130    0.0260 16 14 23.00    10.00 
  2020 11 16.677176  2 22  9.3617 +13 38 35.984  35.5390069  13.6433288  35.5390092  13.6433380   -0.0080   -0.0331    0.0385 16 15  8.00    10.00 
  2020 11 16.677697  2 22  9.3567 +13 38 36.002  35.5389862  13.6433338  35.5389921  13.6433295   -0.0206    0.0155    0.0415 16 15 53.00    10.00 
  2020 11 16.678218  2 22  9.3498 +13 38 35.975  35.5389577  13.6433265  35.5389750  13.6433211   -0.0605    0.0195    0.0441 16 16 38.00    10.00 
  2020 11 16.678738  2 22  9.3497 +13 38 35.961  35.5389573  13.6433226  35.5389578  13.6433126   -0.0020    0.0359    0.0308 16 17 23.00    10.00 
  2020 11 16.679259  2 22  9.3398 +13 38 35.853  35.5389158  13.6432924  35.5389407  13.6433041   -0.0872   -0.0422    0.0409 16 18  8.00    10.00 
  2020 11 16.679780  2 22  9.3384 +13 38 35.918  35.5389100  13.6433105  35.5389236  13.6432957   -0.0475    0.0534    0.0437 16 18 53.00    10.00 
  2020 11 16.680301  2 22  9.3338 +13 38 35.843  35.5388908  13.6432897  35.5389065  13.6432872   -0.0547    0.0088    0.0205 16 19 38.00    10.00 
  2020 11 16.680822  2 22  9.3333 +13 38 35.814  35.5388888  13.6432816  35.5388894  13.6432788   -0.0021    0.0101    0.0351 16 20 23.00    10.00 
  2020 11 16.681331  2 22  9.3279 +13 38 35.738  35.5388662  13.6432606  35.5388726  13.6432705   -0.0223   -0.0358    0.0324 16 21  7.00    10.00 
  2020 11 16.681852  2 22  9.3219 +13 38 35.747  35.5388413  13.6432631  35.5388555  13.6432621   -0.0495    0.0039    0.0252 16 21 52.00    10.00 
  2020 11 16.682373  2 22  9.3196 +13 38 35.743  35.5388316  13.6432618  35.5388384  13.6432536   -0.0239    0.0296    0.0342 16 22 37.00    10.00 
  2020 11 16.682894  2 22  9.3145 +13 38 35.703  35.5388104  13.6432510  35.5388213  13.6432452   -0.0381    0.0209    0.0193 16 23 22.00    10.00 
  2020 11 16.683414  2 22  9.3106 +13 38 35.689  35.5387943  13.6432470  35.5388042  13.6432367   -0.0344    0.0371    0.0330 16 24  7.00    10.00 
  2020 11 16.683935  2 22  9.3082 +13 38 35.651  35.5387842  13.6432363  35.5387870  13.6432283   -0.0101    0.0288    0.0324 16 24 52.00    10.00 
  2020 11 16.684456  2 22  9.3024 +13 38 35.599  35.5387601  13.6432220  35.5387699  13.6432198   -0.0345    0.0078    0.0465 16 25 37.00    10.00 
  2020 11 16.684977  2 22  9.2977 +13 38 35.596  35.5387405  13.6432211  35.5387528  13.6432114   -0.0431    0.0349    0.0254 16 26 22.00    10.00 
  2020 11 16.685498  2 22  9.2943 +13 38 35.522  35.5387261  13.6432005  35.5387357  13.6432030   -0.0336   -0.0089    0.0272 16 27  7.00    10.00 
  2020 11 16.686019  2 22  9.2928 +13 38 35.486  35.5387200  13.6431906  35.5387186  13.6431945    0.0048   -0.0142    0.0377 16 27 52.00    10.00 
  2020 11 16.686539  2 22  9.2848 +13 38 35.468  35.5386866  13.6431855  35.5387015  13.6431861   -0.0522   -0.0022    0.0307 16 28 37.00    10.00 
  2020 11 16.687060  2 22  9.2829 +13 38 35.441  35.5386788  13.6431779  35.5386844  13.6431777   -0.0196    0.0009    0.0245 16 29 22.00    10.00 
  2020 11 16.687581  2 22  9.2787 +13 38 35.421  35.5386611  13.6431725  35.5386673  13.6431693   -0.0217    0.0117    0.0149 16 30  7.00    10.00 
  2020 11 16.688090  2 22  9.2737 +13 38 35.375  35.5386405  13.6431597  35.5386506  13.6431610   -0.0352   -0.0047    0.0238 16 30 51.00    10.00 
  2020 11 16.688611  2 22  9.2688 +13 38 35.369  35.5386202  13.6431579  35.5386335  13.6431526   -0.0465    0.0191    0.0359 16 31 36.00    10.00 
  2020 11 16.689132  2 22  9.2671 +13 38 35.295  35.5386130  13.6431374  35.5386164  13.6431442   -0.0119   -0.0244    0.0319 16 32 21.00    10.00 
  2020 11 16.689653  2 22  9.2623 +13 38 35.304  35.5385931  13.6431399  35.5385993  13.6431358   -0.0218    0.0148    0.0282 16 33  6.00    10.00 
  2020 11 16.690174  2 22  9.2560 +13 38 35.298  35.5385665  13.6431384  35.5385822  13.6431274   -0.0548    0.0395    0.0486 16 33 51.00    10.00 
  2020 11 16.690694  2 22  9.2524 +13 38 35.251  35.5385515  13.6431252  35.5385651  13.6431190   -0.0477    0.0225    0.0246 16 34 36.00    10.00 
  2020 11 16.691215  2 22  9.2523 +13 38 35.208  35.5385513  13.6431132  35.5385480  13.6431106    0.0115    0.0096    0.0384 16 35 21.00    10.00 
  2020 11 16.691736  2 22  9.2450 +13 38 35.176  35.5385209  13.6431044  35.5385309  13.6431022   -0.0352    0.0080    0.0350 16 36  6.00    10.00 
  2020 11 16.692257  2 22  9.2404 +13 38 35.164  35.5385018  13.6431010  35.5385138  13.6430938   -0.0419    0.0259    0.0366 16 36 51.00    10.00 
  2020 11 16.692778  2 22  9.2370 +13 38 35.112  35.5384874  13.6430867  35.5384967  13.6430854   -0.0327    0.0047    0.0307 16 37 36.00    10.00 
  2020 11 16.693299  2 22  9.2311 +13 38 35.065  35.5384628  13.6430736  35.5384797  13.6430770   -0.0590   -0.0122    0.0195 16 38 21.00    10.00 
  2020 11 16.693819  2 22  9.2294 +13 38 35.071  35.5384557  13.6430753  35.5384626  13.6430686   -0.0240    0.0241    0.0161 16 39  6.00    10.00 
  2020 11 16.694329  2 22  9.2251 +13 38 35.002  35.5384380  13.6430561  35.5384459  13.6430604   -0.0275   -0.0157    0.0238 16 39 50.00    10.00 
  2020 11 16.694850  2 22  9.2214 +13 38 34.967  35.5384226  13.6430463  35.5384288  13.6430520   -0.0217   -0.0207    0.0216 16 40 35.00    10.00 
  2020 11 16.695370  2 22  9.2171 +13 38 34.976  35.5384047  13.6430488  35.5384117  13.6430437   -0.0244    0.0185    0.0208 16 41 20.00    10.00 
  2020 11 16.695891  2 22  9.2135 +13 38 34.921  35.5383896  13.6430336  35.5383946  13.6430353   -0.0177   -0.0059    0.0299 16 42  5.00    10.00 
  2020 11 16.696412  2 22  9.2072 +13 38 34.890  35.5383634  13.6430250  35.5383775  13.6430269   -0.0495   -0.0067    0.0240 16 42 50.00    10.00 
  2020 11 16.696933  2 22  9.2042 +13 38 34.871  35.5383509  13.6430198  35.5383605  13.6430185   -0.0336    0.0044    0.0236 16 43 35.00    10.00 
  2020 11 16.697454  2 22  9.1990 +13 38 34.825  35.5383292  13.6430069  35.5383434  13.6430102   -0.0495   -0.0117    0.0296 16 44 20.00    10.00 
  2020 11 16.697975  2 22  9.1942 +13 38 34.801  35.5383093  13.6430002  35.5383263  13.6430018   -0.0596   -0.0059    0.0247 16 45  5.00    10.00 
  2020 11 16.698495  2 22  9.1916 +13 38 34.776  35.5382984  13.6429933  35.5383092  13.6429934   -0.0381   -0.0005    0.0319 16 45 50.00    10.00 
  2020 11 16.699016  2 22  9.1878 +13 38 34.788  35.5382823  13.6429967  35.5382922  13.6429851   -0.0345    0.0418    0.0372 16 46 35.00    10.00 
  2020 11 16.699537  2 22  9.1876 +13 38 34.756  35.5382817  13.6429877  35.5382751  13.6429767    0.0232    0.0394    0.0377 16 47 20.00    10.00 
  2020 11 16.700058  2 22  9.1802 +13 38 34.681  35.5382508  13.6429669  35.5382580  13.6429684   -0.0253   -0.0052    0.0796 16 48  5.00    10.00 
  2020 11 16.700579  2 22  9.1720 +13 38 34.626  35.5382167  13.6429516  35.5382410  13.6429600   -0.0849   -0.0304    0.0882 16 48 50.00    10.00 
  2020 11 16.701100  2 22  9.1737 +13 38 34.609  35.5382236  13.6429470  35.5382239  13.6429516   -0.0012   -0.0168    0.0903 16 49 35.00    10.00 
  2020 11 16.702141  2 22  9.1622 +13 38 34.575  35.5381758  13.6429375  35.5381898  13.6429350   -0.0491    0.0091    0.0514 16 51  5.00    10.00 
  2020 11 16.702662  2 22  9.1590 +13 38 34.553  35.5381625  13.6429313  35.5381727  13.6429266   -0.0358    0.0168    0.0363 16 51 50.00    10.00 
  2020 11 16.703183  2 22  9.1590 +13 38 34.509  35.5381624  13.6429191  35.5381557  13.6429183    0.0236    0.0029    0.0598 16 52 35.00    10.00 
  2020 11 16.703704  2 22  9.1518 +13 38 34.439  35.5381326  13.6428998  35.5381386  13.6429099   -0.0209   -0.0364    0.0724 16 53 20.00    10.00 
  2020 11 16.704213  2 22  9.1457 +13 38 34.471  35.5381070  13.6429085  35.5381219  13.6429018   -0.0521    0.0242    0.0555 16 54  4.00    10.00 
  2020 11 16.705775  2 22  9.1367 +13 38 34.428  35.5380697  13.6428967  35.5380708  13.6428768   -0.0037    0.0717    0.1294 16 56 19.00    10.00 
  2020 11 16.706296  2 22  9.1330 +13 38 34.352  35.5380541  13.6428756  35.5380537  13.6428685    0.0014    0.0258    0.0305 16 57  4.00    10.00 
  2020 11 16.707338  2 22  9.1226 +13 38 34.275  35.5380110  13.6428541  35.5380196  13.6428518   -0.0301    0.0081    0.0277 16 58 34.00    10.00 
  2020 11 16.707859  2 22  9.1184 +13 38 34.258  35.5379933  13.6428496  35.5380026  13.6428435   -0.0323    0.0218    0.0308 16 59 19.00    10.00 
  2020 11 16.708380  2 22  9.1136 +13 38 34.203  35.5379735  13.6428341  35.5379855  13.6428352   -0.0422   -0.0041    0.0168 17  0  4.00    10.00 
  2020 11 16.708900  2 22  9.1102 +13 38 34.197  35.5379592  13.6428326  35.5379685  13.6428269   -0.0324    0.0204    0.0211 17  0 49.00    10.00 
  2020 11 16.709421  2 22  9.1069 +13 38 34.148  35.5379455  13.6428188  35.5379514  13.6428186   -0.0209    0.0008    0.0222 17  1 34.00    10.00 
  2020 11 16.709942  2 22  9.1036 +13 38 34.132  35.5379318  13.6428145  35.5379344  13.6428103   -0.0090    0.0153    0.0290 17  2 19.00    10.00 
  2020 11 16.710463  2 22  9.0972 +13 38 34.082  35.5379048  13.6428006  35.5379174  13.6428020   -0.0438   -0.0051    0.0246 17  3  4.00    10.00 
  2020 11 16.710984  2 22  9.0931 +13 38 34.040  35.5378881  13.6427888  35.5379003  13.6427937   -0.0427   -0.0177    0.0173 17  3 49.00    10.00 
  2020 11 16.711505  2 22  9.0900 +13 38 34.062  35.5378751  13.6427950  35.5378833  13.6427854   -0.0287    0.0347    0.0306 17  4 34.00    10.00 
  2020 11 16.712025  2 22  9.0844 +13 38 34.001  35.5378516  13.6427781  35.5378662  13.6427771   -0.0512    0.0037    0.0168 17  5 19.00    10.00 
  2020 11 16.712535  2 22  9.0817 +13 38 33.953  35.5378403  13.6427647  35.5378496  13.6427690   -0.0324   -0.0156    0.0278 17  6  3.00    10.00 
  2020 11 16.713056  2 22  9.0780 +13 38 33.943  35.5378251  13.6427619  35.5378326  13.6427607   -0.0262    0.0042    0.0269 17  6 48.00    10.00 
  2020 11 16.713576  2 22  9.0758 +13 38 33.928  35.5378158  13.6427578  35.5378155  13.6427524    0.0010    0.0193    0.0282 17  7 33.00    10.00 
  2020 11 16.714097  2 22  9.0713 +13 38 33.866  35.5377969  13.6427406  35.5377985  13.6427441   -0.0055   -0.0127    0.0265 17  8 18.00    10.00 
  2020 11 16.714618  2 22  9.0673 +13 38 33.853  35.5377804  13.6427370  35.5377815  13.6427359   -0.0039    0.0040    0.0156 17  9  3.00    10.00 
  2020 11 16.715139  2 22  9.0610 +13 38 33.816  35.5377540  13.6427267  35.5377644  13.6427276   -0.0365   -0.0033    0.0212 17  9 48.00    10.00 
  2020 11 16.715660  2 22  9.0568 +13 38 33.842  35.5377367  13.6427340  35.5377474  13.6427193   -0.0377    0.0530    0.0331 17 10 33.00    10.00 
  2020 11 16.716181  2 22  9.0539 +13 38 33.746  35.5377244  13.6427073  35.5377304  13.6427110   -0.0210   -0.0133    0.0483 17 11 18.00    10.00 
  2020 11 16.716701  2 22  9.0508 +13 38 33.689  35.5377115  13.6426914  35.5377134  13.6427028   -0.0066   -0.0409    0.0324 17 12  3.00    10.00 
  2020 11 16.717222  2 22  9.0446 +13 38 33.719  35.5376856  13.6426998  35.5376964  13.6426945   -0.0375    0.0190    0.0270 17 12 48.00    10.00 
  2020 11 16.717743  2 22  9.0400 +13 38 33.672  35.5376668  13.6426867  35.5376793  13.6426862   -0.0439    0.0017    0.0240 17 13 33.00    10.00 
  2020 11 16.718264  2 22  9.0384 +13 38 33.652  35.5376601  13.6426810  35.5376623  13.6426780   -0.0076    0.0109    0.0327 17 14 18.00    10.00 
  2020 11 16.718785  2 22  9.0320 +13 38 33.613  35.5376332  13.6426704  35.5376453  13.6426697   -0.0425    0.0024    0.0167 17 15  3.00    10.00 
  2020 11 16.719306  2 22  9.0287 +13 38 33.573  35.5376195  13.6426591  35.5376283  13.6426615   -0.0306   -0.0086    0.0243 17 15 48.00    10.00 
  2020 11 16.719815  2 22  9.0245 +13 38 33.542  35.5376021  13.6426506  35.5376117  13.6426534   -0.0335   -0.0099    0.0348 17 16 32.00    10.00 
  2020 11 16.720336  2 22  9.0221 +13 38 33.498  35.5375921  13.6426384  35.5375946  13.6426451   -0.0088   -0.0242    0.0244 17 17 17.00    10.00 
  2020 11 16.720856  2 22  9.0197 +13 38 33.472  35.5375822  13.6426311  35.5375776  13.6426369    0.0160   -0.0208    0.0304 17 18  2.00    10.00 
  2020 11 16.721377  2 22  9.0129 +13 38 33.449  35.5375536  13.6426247  35.5375606  13.6426287   -0.0247   -0.0144    0.0345 17 18 47.00    10.00 
  2020 11 16.721898  2 22  9.0050 +13 38 33.462  35.5375206  13.6426283  35.5375436  13.6426204   -0.0804    0.0283    0.0289 17 19 32.00    10.00 
  2020 11 16.722419  2 22  9.0059 +13 38 33.354  35.5375246  13.6425984  35.5375266  13.6426122   -0.0069   -0.0496    0.0475 17 20 17.00    10.00 
  2020 11 16.722940  2 22  9.0004 +13 38 33.364  35.5375017  13.6426011  35.5375096  13.6426039   -0.0277   -0.0101    0.0348 17 21  2.00    10.00 
  2020 11 16.723461  2 22  8.9983 +13 38 33.358  35.5374929  13.6425995  35.5374926  13.6425957    0.0011    0.0137    0.0288 17 21 47.00    10.00 
  2020 11 16.723981  2 22  8.9920 +13 38 33.278  35.5374666  13.6425773  35.5374756  13.6425875   -0.0315   -0.0367    0.0258 17 22 32.00    10.00 
  2020 11 16.724502  2 22  8.9860 +13 38 33.258  35.5374418  13.6425718  35.5374586  13.6425793   -0.0587   -0.0268    0.0374 17 23 17.00    10.00 
  2020 11 16.725023  2 22  8.9847 +13 38 33.296  35.5374364  13.6425823  35.5374416  13.6425710   -0.0184    0.0406    0.0368 17 24  2.00    10.00 
  2020 11 16.725544  2 22  8.9818 +13 38 33.230  35.5374240  13.6425639  35.5374246  13.6425628   -0.0021    0.0039    0.0432 17 24 47.00    10.00 
  2020 11 16.726065  2 22  8.9785 +13 38 33.178  35.5374106  13.6425493  35.5374076  13.6425546    0.0105   -0.0189    0.0356 17 25 32.00    10.00 
  2020 11 16.726586  2 22  8.9718 +13 38 33.157  35.5373827  13.6425435  35.5373906  13.6425464   -0.0279   -0.0103    0.0293 17 26 17.00    10.00 
  2020 11 16.727106  2 22  8.9686 +13 38 33.142  35.5373692  13.6425396  35.5373736  13.6425382   -0.0154    0.0051    0.0319 17 27  2.00    10.00 
  2020 11 16.727627  2 22  8.9622 +13 38 33.114  35.5373426  13.6425317  35.5373566  13.6425300   -0.0491    0.0062    0.0360 17 27 47.00    10.00 
  2020 11 16.728148  2 22  8.9638 +13 38 33.054  35.5373491  13.6425151  35.5373397  13.6425217    0.0329   -0.0239    0.0424 17 28 32.00    10.00 
  2020 11 16.728657  2 22  8.9561 +13 38 33.029  35.5373172  13.6425080  35.5373230  13.6425137   -0.0206   -0.0205    0.0362 17 29 16.00    10.00 
  2020 11 16.729178  2 22  8.9529 +13 38 33.031  35.5373039  13.6425085  35.5373061  13.6425055   -0.0077    0.0108    0.0222 17 30  1.00    10.00 
  2020 11 16.729699  2 22  8.9466 +13 38 33.022  35.5372776  13.6425061  35.5372891  13.6424973   -0.0402    0.0314    0.0382 17 30 46.00    10.00 
  2020 11 16.730220  2 22  8.9437 +13 38 32.975  35.5372654  13.6424930  35.5372721  13.6424891   -0.0235    0.0139    0.0317 17 31 31.00    10.00 
  2020 11 16.730741  2 22  8.9396 +13 38 32.912  35.5372482  13.6424755  35.5372551  13.6424809   -0.0243   -0.0196    0.0338 17 32 16.00    10.00 
  2020 11 16.731262  2 22  8.9350 +13 38 32.894  35.5372291  13.6424706  35.5372381  13.6424727   -0.0317   -0.0078    0.0342 17 33  1.00    10.00 
  2020 11 16.731782  2 22  8.9313 +13 38 32.886  35.5372138  13.6424683  35.5372212  13.6424646   -0.0259    0.0134    0.0364 17 33 46.00    10.00 
  2020 11 16.732303  2 22  8.9269 +13 38 32.841  35.5371952  13.6424558  35.5372042  13.6424564   -0.0313   -0.0019    0.0335 17 34 31.00    10.00 
  2020 11 16.732824  2 22  8.9227 +13 38 32.827  35.5371780  13.6424521  35.5371872  13.6424482   -0.0321    0.0139    0.0391 17 35 16.00    10.00 
  2020 11 16.733345  2 22  8.9195 +13 38 32.748  35.5371646  13.6424301  35.5371702  13.6424400   -0.0196   -0.0357    0.0306 17 36  1.00    10.00 
  2020 11 16.733866  2 22  8.9144 +13 38 32.737  35.5371434  13.6424269  35.5371533  13.6424318   -0.0346   -0.0179    0.0633 17 36 46.00    10.00 
  2020 11 16.734387  2 22  8.9108 +13 38 32.764  35.5371283  13.6424344  35.5371363  13.6424237   -0.0281    0.0388    0.0260 17 37 31.00    10.00 
  2020 11 16.734907  2 22  8.9063 +13 38 32.693  35.5371095  13.6424148  35.5371193  13.6424155   -0.0342   -0.0026    0.0347 17 38 16.00    10.00 
  2020 11 16.735428  2 22  8.9039 +13 38 32.657  35.5370994  13.6424046  35.5371024  13.6424073   -0.0102   -0.0096    0.0309 17 39  1.00    10.00 
  2020 11 16.735937  2 22  8.8961 +13 38 32.653  35.5370670  13.6424035  35.5370858  13.6423993   -0.0658    0.0150    0.0279 17 39 45.00    10.00 
  2020 11 16.736979  2 22  8.8901 +13 38 32.570  35.5370419  13.6423805  35.5370518  13.6423830   -0.0346   -0.0092    0.0461 17 41 15.00    10.00 
  2020 11 16.737500  2 22  8.8873 +13 38 32.519  35.5370306  13.6423664  35.5370349  13.6423749   -0.0150   -0.0304    0.0324 17 42  0.00    10.00 
  2020 11 16.738021  2 22  8.8828 +13 38 32.512  35.5370117  13.6423643  35.5370179  13.6423667   -0.0218   -0.0086    0.0405 17 42 45.00    10.00 
  2020 11 16.738542  2 22  8.8793 +13 38 32.504  35.5369970  13.6423622  35.5370010  13.6423586   -0.0140    0.0132    0.0440 17 43 30.00    10.00 
  2020 11 16.739062  2 22  8.8752 +13 38 32.499  35.5369801  13.6423608  35.5369840  13.6423504   -0.0135    0.0375    0.0409 17 44 15.00    10.00 
  2020 11 16.739583  2 22  8.8713 +13 38 32.443  35.5369638  13.6423453  35.5369671  13.6423423   -0.0113    0.0108    0.0429 17 45  0.00    10.00 
  2020 11 16.740104  2 22  8.8637 +13 38 32.362  35.5369322  13.6423229  35.5369501  13.6423341   -0.0626   -0.0404    0.0521 17 45 45.00    10.00 
  2020 11 16.740625  2 22  8.8621 +13 38 32.339  35.5369254  13.6423163  35.5369332  13.6423260   -0.0273   -0.0348    0.0691 17 46 30.00    10.00 
  2020 11 16.741146  2 22  8.8599 +13 38 32.358  35.5369161  13.6423217  35.5369162  13.6423178   -0.0005    0.0138    0.0418 17 47 15.00    10.00 
  2020 11 16.741667  2 22  8.8526 +13 38 32.327  35.5368859  13.6423132  35.5368993  13.6423097   -0.0466    0.0125    0.0306 17 48  0.00    10.00 
  2020 11 16.742188  2 22  8.8469 +13 38 32.262  35.5368622  13.6422951  35.5368823  13.6423016   -0.0702   -0.0232    0.0455 17 48 45.00    10.00 
  2020 11 16.742708  2 22  8.8448 +13 38 32.237  35.5368532  13.6422880  35.5368654  13.6422934   -0.0425   -0.0195    0.0334 17 49 30.00    10.00 
  2020 11 16.743229  2 22  8.8410 +13 38 32.248  35.5368375  13.6422911  35.5368484  13.6422853   -0.0382    0.0206    0.0308 17 50 15.00    10.00 
  2020 11 16.743750  2 22  8.8378 +13 38 32.208  35.5368243  13.6422799  35.5368315  13.6422772   -0.0252    0.0096    0.0307 17 51  0.00    10.00 
  2020 11 16.744271  2 22  8.8359 +13 38 32.159  35.5368161  13.6422664  35.5368145  13.6422691    0.0054   -0.0097    0.0376 17 51 45.00    10.00 
  2020 11 16.744792  2 22  8.8286 +13 38 32.140  35.5367859  13.6422610  35.5367976  13.6422610   -0.0410    0.0001    0.0234 17 52 30.00    10.00 
  2020 11 16.745313  2 22  8.8247 +13 38 32.171  35.5367695  13.6422697  35.5367807  13.6422528   -0.0390    0.0606    0.0361 17 53 15.00    10.00 
  2020 11 16.745822  2 22  8.8245 +13 38 32.054  35.5367689  13.6422371  35.5367641  13.6422449    0.0167   -0.0282    0.0548 17 53 59.00    10.00 
  2020 11 16.746343  2 22  8.8161 +13 38 32.064  35.5367336  13.6422401  35.5367472  13.6422368   -0.0475    0.0118    0.0220 17 54 44.00    10.00 
  2020 11 16.746863  2 22  8.8144 +13 38 32.027  35.5367266  13.6422297  35.5367302  13.6422287   -0.0126    0.0035    0.0385 17 55 29.00    10.00 
  2020 11 16.747940  2 22  8.8066 +13 38 31.957  35.5366941  13.6422102  35.5366953  13.6422120   -0.0039   -0.0062    0.0272 17 57  2.00    10.00 
  2020 11 16.748461  2 22  8.8013 +13 38 31.884  35.5366722  13.6421899  35.5366783  13.6422039   -0.0215   -0.0502    0.0372 17 57 47.00    10.00 
  2020 11 16.748981  2 22  8.7939 +13 38 31.868  35.5366414  13.6421854  35.5366614  13.6421958   -0.0700   -0.0372    0.0484 17 58 32.00    10.00 
  2020 11 16.749491  2 22  8.7934 +13 38 31.851  35.5366391  13.6421808  35.5366448  13.6421879   -0.0202   -0.0255    0.0298 17 59 16.00    10.00 
  2020 11 16.750012  2 22  8.7918 +13 38 31.843  35.5366325  13.6421787  35.5366279  13.6421798    0.0159   -0.0040    0.0437 18  0  1.00    10.00 
  2020 11 16.750532  2 22  8.7843 +13 38 31.829  35.5366012  13.6421747  35.5366110  13.6421717   -0.0344    0.0109    0.0329 18  0 46.00    10.00 
  2020 11 16.751574  2 22  8.7770 +13 38 31.758  35.5365709  13.6421550  35.5365772  13.6421555   -0.0219   -0.0020    0.0290 18  2 16.00    10.00 
  2020 11 16.752095  2 22  8.7736 +13 38 31.767  35.5365568  13.6421576  35.5365603  13.6421474   -0.0121    0.0366    0.0261 18  3  1.00    10.00 
  2020 11 16.752616  2 22  8.7685 +13 38 31.695  35.5365353  13.6421374  35.5365433  13.6421394   -0.0280   -0.0070    0.0364 18  3 46.00    10.00 
  2020 11 16.753137  2 22  8.7633 +13 38 31.688  35.5365137  13.6421356  35.5365264  13.6421313   -0.0444    0.0156    0.0377 18  4 31.00    10.00 
  2020 11 16.753657  2 22  8.7613 +13 38 31.643  35.5365053  13.6421231  35.5365095  13.6421232   -0.0149   -0.0005    0.0244 18  5 16.00    10.00 
  2020 11 16.754178  2 22  8.7579 +13 38 31.600  35.5364911  13.6421112  35.5364926  13.6421152   -0.0053   -0.0144    0.0390 18  6  1.00    10.00 
  2020 11 16.754699  2 22  8.7544 +13 38 31.636  35.5364768  13.6421211  35.5364757  13.6421071    0.0039    0.0502    0.0271 18  6 46.00    10.00 
  2020 11 16.755220  2 22  8.7502 +13 38 31.532  35.5364594  13.6420921  35.5364588  13.6420990    0.0020   -0.0250    0.0363 18  7 31.00    10.00 
  2020 11 16.755741  2 22  8.7399 +13 38 31.533  35.5364162  13.6420926  35.5364419  13.6420910   -0.0899    0.0058    0.0285 18  8 16.00    10.00 
  2020 11 16.756262  2 22  8.7416 +13 38 31.457  35.5364232  13.6420713  35.5364250  13.6420829   -0.0063   -0.0419    0.0246 18  9  1.00    10.00 
  2020 11 16.756771  2 22  8.7370 +13 38 31.489  35.5364043  13.6420802  35.5364085  13.6420751   -0.0145    0.0185    0.0439 18  9 45.00    10.00 
  2020 11 17.614236  2 22  2.1363 +13 37 59.753  35.5089014  13.6332646  35.5088992  13.6332691    0.0079   -0.0162    0.0265 14 44 30.00    10.00 
  2020 11 17.614757  2 22  2.1299 +13 37 59.729  35.5088747  13.6332580  35.5088810  13.6332661   -0.0220   -0.0294    0.0221 14 45 15.00    10.00 
  2020 11 17.615278  2 22  2.1270 +13 37 59.733  35.5088625  13.6332592  35.5088628  13.6332632   -0.0011   -0.0141    0.0276 14 46  0.00    10.00 
  2020 11 17.615799  2 22  2.1210 +13 37 59.687  35.5088376  13.6332464  35.5088446  13.6332602   -0.0242   -0.0496    0.0343 14 46 45.00    10.00 
  2020 11 17.616319  2 22  2.1165 +13 37 59.727  35.5088188  13.6332576  35.5088264  13.6332572   -0.0264    0.0014    0.0198 14 47 30.00    10.00 
  2020 11 17.616840  2 22  2.1136 +13 37 59.649  35.5088065  13.6332357  35.5088081  13.6332542   -0.0059   -0.0665    0.0192 14 48 15.00    10.00 
  2020 11 17.617361  2 22  2.1044 +13 37 59.671  35.5087683  13.6332419  35.5087899  13.6332512   -0.0758   -0.0336    0.0300 14 49  0.00    10.00 
  2020 11 17.617882  2 22  2.1020 +13 37 59.648  35.5087582  13.6332357  35.5087717  13.6332483   -0.0474   -0.0453    0.0430 14 49 45.00    10.00 
  2020 11 17.618403  2 22  2.0980 +13 37 59.633  35.5087417  13.6332315  35.5087535  13.6332453   -0.0413   -0.0497    0.0632 14 50 30.00    10.00 
  2020 11 17.619444  2 22  2.0873 +13 37 59.670  35.5086972  13.6332417  35.5087171  13.6332394   -0.0695    0.0084    0.0745 14 52  0.00    10.00 
  2020 11 17.619965  2 22  2.0886 +13 37 59.577  35.5087026  13.6332158  35.5086988  13.6332364    0.0131   -0.0742    0.0433 14 52 45.00    10.00 
  2020 11 17.620486  2 22  2.0832 +13 37 59.602  35.5086802  13.6332228  35.5086806  13.6332334   -0.0015   -0.0384    0.0371 14 53 30.00    10.00 
  2020 11 17.621007  2 22  2.0797 +13 37 59.569  35.5086656  13.6332136  35.5086624  13.6332305    0.0112   -0.0609    0.0240 14 54 15.00    10.00 
  2020 11 17.621528  2 22  2.0738 +13 37 59.654  35.5086410  13.6332372  35.5086442  13.6332275   -0.0112    0.0349    0.0272 14 55  0.00    10.00 
  2020 11 17.622049  2 22  2.0697 +13 37 59.624  35.5086239  13.6332290  35.5086259  13.6332246   -0.0070    0.0159    0.0284 14 55 45.00    10.00 
  2020 11 17.622558  2 22  2.0648 +13 37 59.572  35.5086035  13.6332145  35.5086081  13.6332217   -0.0161   -0.0259    0.0422 14 56 29.00    10.00 
  2020 11 17.624120  2 22  2.0512 +13 37 59.522  35.5085467  13.6332005  35.5085534  13.6332128   -0.0234   -0.0442    0.0390 14 58 44.00    10.00 
  2020 11 17.624641  2 22  2.0492 +13 37 59.490  35.5085385  13.6331916  35.5085351  13.6332099    0.0116   -0.0656    0.0349 14 59 29.00    10.00 
  2020 11 17.625162  2 22  2.0432 +13 37 59.574  35.5085133  13.6332150  35.5085169  13.6332069   -0.0126    0.0290    0.0268 15  0 14.00    10.00 
  2020 11 17.626725  2 22  2.0287 +13 37 59.574  35.5084529  13.6332151  35.5084621  13.6331981   -0.0322    0.0613    0.0666 15  2 29.00    10.00 
  2020 11 17.627245  2 22  2.0250 +13 37 59.484  35.5084376  13.6331901  35.5084439  13.6331951   -0.0220   -0.0182    0.0331 15  3 14.00    10.00 
  2020 11 17.627766  2 22  2.0185 +13 37 59.498  35.5084106  13.6331940  35.5084256  13.6331922   -0.0527    0.0064    0.0239 15  3 59.00    10.00 
  2020 11 17.628287  2 22  2.0139 +13 37 59.470  35.5083913  13.6331860  35.5084074  13.6331893   -0.0561   -0.0118    0.0218 15  4 44.00    10.00 
  2020 11 17.629850  2 22  2.0031 +13 37 59.429  35.5083461  13.6331748  35.5083526  13.6331805   -0.0227   -0.0204    0.0264 15  6 59.00    10.00 
  2020 11 17.630370  2 22  1.9966 +13 37 59.456  35.5083190  13.6331821  35.5083343  13.6331775   -0.0534    0.0165    0.0349 15  7 44.00    10.00 
  2020 11 17.631400  2 22  1.9932 +13 37 59.384  35.5083050  13.6331621  35.5082982  13.6331717    0.0239   -0.0346    0.0318 15  9 13.00    10.00 
  2020 11 17.631921  2 22  1.9849 +13 37 59.456  35.5082703  13.6331822  35.5082799  13.6331688   -0.0336    0.0480    0.0471 15  9 58.00    10.00 
  2020 11 17.632442  2 22  1.9808 +13 37 59.378  35.5082534  13.6331605  35.5082616  13.6331659   -0.0286   -0.0195    0.0283 15 10 43.00    10.00 
  2020 11 17.632963  2 22  1.9777 +13 37 59.372  35.5082405  13.6331589  35.5082433  13.6331630   -0.0097   -0.0145    0.0259 15 11 28.00    10.00 
  2020 11 17.633484  2 22  1.9735 +13 37 59.400  35.5082230  13.6331667  35.5082250  13.6331600   -0.0072    0.0239    0.0465 15 12 13.00    10.00 
  2020 11 17.634005  2 22  1.9654 +13 37 59.332  35.5081893  13.6331478  35.5082067  13.6331571   -0.0610   -0.0337    0.0265 15 12 58.00    10.00 
  2020 11 17.634525  2 22  1.9641 +13 37 59.314  35.5081837  13.6331428  35.5081885  13.6331542   -0.0167   -0.0410    0.0584 15 13 43.00    10.00 
  2020 11 17.635046  2 22  1.9602 +13 37 59.322  35.5081674  13.6331449  35.5081702  13.6331513   -0.0097   -0.0229    0.0284 15 14 28.00    10.00 
  2020 11 17.635567  2 22  1.9535 +13 37 59.268  35.5081397  13.6331299  35.5081519  13.6331484   -0.0425   -0.0666    0.0432 15 15 13.00    10.00 
  2020 11 17.636088  2 22  1.9542 +13 37 59.347  35.5081425  13.6331519  35.5081336  13.6331455    0.0313    0.0233    0.1141 15 15 58.00    10.00 
  2020 11 17.637130  2 22  1.9443 +13 37 59.246  35.5081012  13.6331239  35.5080970  13.6331396    0.0149   -0.0567    0.0992 15 17 28.00    10.00 
  2020 11 17.637650  2 22  1.9378 +13 37 59.310  35.5080742  13.6331415  35.5080787  13.6331367   -0.0157    0.0173    0.1134 15 18 13.00    10.00 
  2020 11 17.638171  2 22  1.9296 +13 37 59.279  35.5080401  13.6331331  35.5080604  13.6331338   -0.0709   -0.0027    0.0517 15 18 58.00    10.00 
  2020 11 17.638692  2 22  1.9258 +13 37 59.319  35.5080243  13.6331443  35.5080421  13.6331309   -0.0620    0.0481    0.0597 15 19 43.00    10.00 
  2020 11 17.639734  2 22  1.9190 +13 37 59.287  35.5079959  13.6331351  35.5080054  13.6331251   -0.0333    0.0361    0.0896 15 21 13.00    10.00 
  2020 11 17.640775  2 22  1.9094 +13 37 59.245  35.5079557  13.6331237  35.5079688  13.6331193   -0.0459    0.0159    0.0428 15 22 43.00    10.00 
  2020 11 17.641296  2 22  1.9045 +13 37 59.135  35.5079356  13.6330931  35.5079505  13.6331164   -0.0521   -0.0842    0.0766 15 23 28.00    10.00 
  2020 11 17.641806  2 22  1.9005 +13 37 59.154  35.5079188  13.6330984  35.5079326  13.6331136   -0.0483   -0.0546    0.0484 15 24 12.00    10.00 
  2020 11 17.642326  2 22  1.8951 +13 37 59.164  35.5078964  13.6331011  35.5079142  13.6331107   -0.0624   -0.0345    0.0345 15 24 57.00    10.00 
  2020 11 17.642847  2 22  1.8939 +13 37 59.151  35.5078912  13.6330975  35.5078959  13.6331078   -0.0165   -0.0371    0.0296 15 25 42.00    10.00 
  2020 11 17.643368  2 22  1.8909 +13 37 59.172  35.5078787  13.6331032  35.5078776  13.6331049    0.0041   -0.0062    0.0304 15 26 27.00    10.00 
  2020 11 17.643889  2 22  1.8864 +13 37 59.130  35.5078598  13.6330917  35.5078593  13.6331021    0.0019   -0.0372    0.0395 15 27 12.00    10.00 
  2020 11 17.644410  2 22  1.8814 +13 37 59.167  35.5078394  13.6331020  35.5078409  13.6330992   -0.0055    0.0100    0.0326 15 27 57.00    10.00 
  2020 11 17.644931  2 22  1.8778 +13 37 59.098  35.5078243  13.6330827  35.5078226  13.6330963    0.0059   -0.0490    0.0461 15 28 42.00    10.00 
  2020 11 17.645451  2 22  1.8726 +13 37 59.128  35.5078026  13.6330911  35.5078042  13.6330934   -0.0056   -0.0083    0.0244 15 29 27.00    10.00 
  2020 11 17.645972  2 22  1.8692 +13 37 59.110  35.5077883  13.6330861  35.5077859  13.6330905    0.0082   -0.0160    0.0159 15 30 12.00    10.00 
  2020 11 17.646493  2 22  1.8628 +13 37 59.119  35.5077616  13.6330886  35.5077676  13.6330876   -0.0207    0.0034    0.0266 15 30 57.00    10.00 
  2020 11 17.647014  2 22  1.8588 +13 37 59.019  35.5077449  13.6330608  35.5077492  13.6330848   -0.0150   -0.0863    0.0399 15 31 42.00    10.00 
  2020 11 17.647535  2 22  1.8507 +13 37 59.084  35.5077111  13.6330788  35.5077309  13.6330819   -0.0691   -0.0109    0.0357 15 32 27.00    10.00 
  2020 11 17.648056  2 22  1.8507 +13 37 59.071  35.5077112  13.6330751  35.5077125  13.6330790   -0.0046   -0.0139    0.0541 15 33 12.00    10.00 
  2020 11 17.648576  2 22  1.8465 +13 37 59.069  35.5076939  13.6330746  35.5076942  13.6330761   -0.0011   -0.0055    0.0458 15 33 57.00    10.00 
  2020 11 17.649097  2 22  1.8430 +13 37 59.033  35.5076791  13.6330646  35.5076758  13.6330733    0.0115   -0.0312    0.0779 15 34 42.00    10.00 
  2020 11 17.649618  2 22  1.8340 +13 37 59.002  35.5076418  13.6330560  35.5076575  13.6330704   -0.0548   -0.0519    0.0853 15 35 27.00    10.00 
  2020 11 17.650139  2 22  1.8275 +13 37 59.020  35.5076147  13.6330611  35.5076391  13.6330675   -0.0855   -0.0230    0.0638 15 36 12.00    10.00 
  2020 11 17.650660  2 22  1.8285 +13 37 59.057  35.5076188  13.6330714  35.5076207  13.6330647   -0.0068    0.0243    0.0260 15 36 57.00    10.00 
  2020 11 17.651181  2 22  1.8246 +13 37 58.987  35.5076024  13.6330519  35.5076024  13.6330618    0.0001   -0.0358    0.0356 15 37 42.00    10.00 
  2020 11 17.652222  2 22  1.8153 +13 37 59.031  35.5075637  13.6330641  35.5075656  13.6330561   -0.0068    0.0288    0.0344 15 39 12.00    10.00 
  2020 11 17.652743  2 22  1.8115 +13 37 58.987  35.5075481  13.6330518  35.5075473  13.6330532    0.0028   -0.0050    0.0335 15 39 57.00    10.00 
  2020 11 17.653252  2 22  1.8050 +13 37 58.974  35.5075210  13.6330482  35.5075293  13.6330504   -0.0290   -0.0080    0.0282 15 40 41.00    10.00 
  2020 11 17.653773  2 22  1.8010 +13 37 58.999  35.5075040  13.6330553  35.5075109  13.6330476   -0.0242    0.0279    0.0289 15 41 26.00    10.00 
  2020 11 17.654294  2 22  1.7971 +13 37 58.909  35.5074881  13.6330302  35.5074926  13.6330447   -0.0156   -0.0524    0.0536 15 42 11.00    10.00 
  2020 11 17.654815  2 22  1.7928 +13 37 58.950  35.5074698  13.6330417  35.5074742  13.6330419   -0.0152   -0.0004    0.0707 15 42 56.00    10.00 
  2020 11 17.655336  2 22  1.7906 +13 37 58.963  35.5074607  13.6330454  35.5074558  13.6330390    0.0170    0.0228    0.0437 15 43 41.00    10.00 
  2020 11 17.655856  2 22  1.7820 +13 37 58.921  35.5074249  13.6330335  35.5074374  13.6330362   -0.0439   -0.0094    0.0356 15 44 26.00    10.00 
  2020 11 17.656377  2 22  1.7778 +13 37 58.893  35.5074074  13.6330257  35.5074190  13.6330333   -0.0407   -0.0274    0.0178 15 45 11.00    10.00 
  2020 11 17.656898  2 22  1.7734 +13 37 58.895  35.5073893  13.6330263  35.5074006  13.6330305   -0.0398   -0.0149    0.0237 15 45 56.00    10.00 
  2020 11 17.657419  2 22  1.7705 +13 37 58.903  35.5073773  13.6330287  35.5073823  13.6330276   -0.0174    0.0039    0.0183 15 46 41.00    10.00 
  2020 11 17.657940  2 22  1.7682 +13 37 58.810  35.5073677  13.6330028  35.5073639  13.6330248    0.0133   -0.0790    0.0556 15 47 26.00    10.00 
  2020 11 17.658461  2 22  1.7624 +13 37 58.857  35.5073432  13.6330159  35.5073455  13.6330219   -0.0080   -0.0216    0.0298 15 48 11.00    10.00 
  2020 11 17.658981  2 22  1.7560 +13 37 58.854  35.5073165  13.6330150  35.5073271  13.6330191   -0.0369   -0.0149    0.0338 15 48 56.00    10.00 
  2020 11 17.659502  2 22  1.7513 +13 37 58.838  35.5072969  13.6330106  35.5073087  13.6330163   -0.0410   -0.0204    0.0233 15 49 41.00    10.00 
  2020 11 17.660023  2 22  1.7467 +13 37 58.800  35.5072781  13.6330001  35.5072903  13.6330134   -0.0427   -0.0481    0.0262 15 50 26.00    10.00 
  2020 11 17.660544  2 22  1.7439 +13 37 58.867  35.5072661  13.6330186  35.5072719  13.6330106   -0.0201    0.0288    0.0259 15 51 11.00    10.00 
  2020 11 17.661065  2 22  1.7393 +13 37 58.778  35.5072469  13.6329938  35.5072535  13.6330077   -0.0228   -0.0501    0.0298 15 51 56.00    10.00 
  2020 11 17.661586  2 22  1.7351 +13 37 58.738  35.5072296  13.6329827  35.5072351  13.6330049   -0.0191   -0.0798    0.0321 15 52 41.00    10.00 
  2020 11 17.662106  2 22  1.7313 +13 37 58.759  35.5072136  13.6329886  35.5072166  13.6330021   -0.0108   -0.0487    0.0234 15 53 26.00    10.00 
  2020 11 17.662627  2 22  1.7280 +13 37 58.741  35.5071999  13.6329837  35.5071982  13.6329993    0.0057   -0.0558    0.0347 15 54 11.00    10.00 
  2020 11 17.663148  2 22  1.7214 +13 37 58.798  35.5071725  13.6329995  35.5071798  13.6329964   -0.0255    0.0111    0.0204 15 54 56.00    10.00 
  2020 11 17.663657  2 22  1.7181 +13 37 58.772  35.5071586  13.6329921  35.5071618  13.6329937   -0.0113   -0.0056    0.0205 15 55 40.00    10.00 
  2020 11 17.664178  2 22  1.7102 +13 37 58.747  35.5071260  13.6329853  35.5071434  13.6329908   -0.0608   -0.0200    0.0249 15 56 25.00    10.00 
  2020 11 17.664699  2 22  1.7072 +13 37 58.754  35.5071133  13.6329873  35.5071250  13.6329880   -0.0410   -0.0025    0.0240 15 57 10.00    10.00 
  2020 11 17.665220  2 22  1.7038 +13 37 58.738  35.5070992  13.6329829  35.5071066  13.6329852   -0.0259   -0.0083    0.0219 15 57 55.00    10.00 
  2020 11 17.665741  2 22  1.6999 +13 37 58.710  35.5070828  13.6329751  35.5070881  13.6329824   -0.0188   -0.0261    0.0226 15 58 40.00    10.00 
  2020 11 17.666262  2 22  1.6955 +13 37 58.723  35.5070644  13.6329787  35.5070697  13.6329796   -0.0184   -0.0032    0.0278 15 59 25.00    10.00 
  2020 11 17.666782  2 22  1.6908 +13 37 58.666  35.5070451  13.6329627  35.5070513  13.6329767   -0.0216   -0.0506    0.0215 16  0 10.00    10.00 
  2020 11 17.667303  2 22  1.6871 +13 37 58.725  35.5070297  13.6329790  35.5070328  13.6329739   -0.0110    0.0184    0.0263 16  0 55.00    10.00 
  2020 11 17.667824  2 22  1.6820 +13 37 58.688  35.5070085  13.6329690  35.5070144  13.6329711   -0.0206   -0.0077    0.0248 16  1 40.00    10.00 
  2020 11 17.668345  2 22  1.6772 +13 37 58.675  35.5069883  13.6329654  35.5069960  13.6329683   -0.0269   -0.0106    0.0214 16  2 25.00    10.00 
  2020 11 17.668866  2 22  1.6755 +13 37 58.678  35.5069812  13.6329662  35.5069775  13.6329655    0.0129    0.0026    0.0260 16  3 10.00    10.00 
  2020 11 17.669387  2 22  1.6707 +13 37 58.647  35.5069612  13.6329574  35.5069591  13.6329627    0.0075   -0.0191    0.0209 16  3 55.00    10.00 
  2020 11 17.669907  2 22  1.6644 +13 37 58.649  35.5069348  13.6329581  35.5069406  13.6329599   -0.0204   -0.0063    0.0243 16  4 40.00    10.00 
  2020 11 17.670428  2 22  1.6600 +13 37 58.678  35.5069167  13.6329661  35.5069222  13.6329571   -0.0192    0.0325    0.0368 16  5 25.00    10.00 
  2020 11 17.670949  2 22  1.6563 +13 37 58.591  35.5069014  13.6329419  35.5069038  13.6329543   -0.0083   -0.0446    0.0303 16  6 10.00    10.00 
  2020 11 17.671470  2 22  1.6531 +13 37 58.620  35.5068878  13.6329501  35.5068853  13.6329515    0.0088   -0.0049    0.0322 16  6 55.00    10.00 
  2020 11 17.671991  2 22  1.6473 +13 37 58.589  35.5068636  13.6329415  35.5068669  13.6329487   -0.0116   -0.0257    0.0238 16  7 40.00    10.00 
  2020 11 17.672512  2 22  1.6407 +13 37 58.619  35.5068363  13.6329497  35.5068484  13.6329459   -0.0423    0.0140    0.0276 16  8 25.00    10.00 
  2020 11 17.673032  2 22  1.6405 +13 37 58.588  35.5068353  13.6329410  35.5068300  13.6329431    0.0186   -0.0073    0.0244 16  9 10.00    10.00 
  2020 11 17.673553  2 22  1.6342 +13 37 58.578  35.5068092  13.6329383  35.5068115  13.6329403   -0.0081   -0.0072    0.0193 16  9 55.00    10.00 
  2020 11 17.674074  2 22  1.6305 +13 37 58.600  35.5067937  13.6329446  35.5067930  13.6329375    0.0024    0.0256    0.0234 16 10 40.00    10.00 
  2020 11 17.674583  2 22  1.6254 +13 37 58.593  35.5067727  13.6329424  35.5067750  13.6329347   -0.0081    0.0277    0.0221 16 11 24.00    10.00 
  2020 11 17.675104  2 22  1.6203 +13 37 58.557  35.5067514  13.6329325  35.5067565  13.6329319   -0.0179    0.0019    0.0124 16 12  9.00    10.00 
  2020 11 17.675625  2 22  1.6150 +13 37 58.519  35.5067291  13.6329218  35.5067381  13.6329291   -0.0313   -0.0264    0.0204 16 12 54.00    10.00 
  2020 11 17.676146  2 22  1.6125 +13 37 58.509  35.5067188  13.6329191  35.5067196  13.6329264   -0.0026   -0.0263    0.0264 16 13 39.00    10.00 
  2020 11 17.676667  2 22  1.6084 +13 37 58.489  35.5067015  13.6329137  35.5067011  13.6329236    0.0014   -0.0355    0.0254 16 14 24.00    10.00 
  2020 11 17.677187  2 22  1.6019 +13 37 58.471  35.5066745  13.6329085  35.5066827  13.6329208   -0.0284   -0.0442    0.0248 16 15  9.00    10.00 
  2020 11 17.677697  2 22  1.5986 +13 37 58.517  35.5066607  13.6329214  35.5066646  13.6329181   -0.0137    0.0119    0.0258 16 15 53.00    10.00 
  2020 11 17.678206  2 22  1.5951 +13 37 58.458  35.5066463  13.6329050  35.5066465  13.6329153   -0.0009   -0.0372    0.0320 16 16 37.00    10.00 
  2020 11 17.678727  2 22  1.5891 +13 37 58.463  35.5066214  13.6329065  35.5066280  13.6329126   -0.0233   -0.0217    0.0302 16 17 22.00    10.00 
  2020 11 17.679248  2 22  1.5846 +13 37 58.437  35.5066023  13.6328993  35.5066096  13.6329098   -0.0253   -0.0379    0.0297 16 18  7.00    10.00 
  2020 11 17.679769  2 22  1.5804 +13 37 58.502  35.5065849  13.6329173  35.5065911  13.6329070   -0.0216    0.0370    0.0166 16 18 52.00    10.00 
  2020 11 17.680289  2 22  1.5772 +13 37 58.438  35.5065718  13.6328994  35.5065726  13.6329042   -0.0027   -0.0172    0.0187 16 19 37.00    10.00 
  2020 11 17.680810  2 22  1.5710 +13 37 58.411  35.5065458  13.6328920  35.5065541  13.6329014   -0.0292   -0.0340    0.0287 16 20 22.00    10.00 
  2020 11 17.681331  2 22  1.5676 +13 37 58.424  35.5065316  13.6328955  35.5065356  13.6328987   -0.0142   -0.0114    0.0226 16 21  7.00    10.00 
  2020 11 17.681852  2 22  1.5620 +13 37 58.388  35.5065082  13.6328855  35.5065171  13.6328959   -0.0314   -0.0373    0.0246 16 21 52.00    10.00 
  2020 11 17.682373  2 22  1.5598 +13 37 58.384  35.5064993  13.6328845  35.5064986  13.6328931    0.0022   -0.0311    0.0207 16 22 37.00    10.00 
  2020 11 17.682894  2 22  1.5543 +13 37 58.357  35.5064762  13.6328770  35.5064802  13.6328904   -0.0140   -0.0482    0.0335 16 23 22.00    10.00 
  2020 11 17.683414  2 22  1.5503 +13 37 58.370  35.5064596  13.6328804  35.5064617  13.6328876   -0.0073   -0.0258    0.0322 16 24  7.00    10.00 
  2020 11 17.683935  2 22  1.5442 +13 37 58.393  35.5064342  13.6328870  35.5064432  13.6328848   -0.0314    0.0078    0.0366 16 24 52.00    10.00 
  2020 11 17.684456  2 22  1.5408 +13 37 58.382  35.5064202  13.6328839  35.5064247  13.6328821   -0.0156    0.0068    0.0249 16 25 37.00    10.00 
  2020 11 17.684977  2 22  1.5353 +13 37 58.318  35.5063969  13.6328660  35.5064062  13.6328793   -0.0323   -0.0477    0.0145 16 26 22.00    10.00 
  2020 11 17.685498  2 22  1.5344 +13 37 58.322  35.5063932  13.6328672  35.5063877  13.6328765    0.0194   -0.0336    0.0278 16 27  7.00    10.00 
  2020 11 17.686019  2 22  1.5253 +13 37 58.335  35.5063554  13.6328709  35.5063691  13.6328738   -0.0480   -0.0104    0.0253 16 27 52.00    10.00 
  2020 11 17.686539  2 22  1.5235 +13 37 58.300  35.5063478  13.6328612  35.5063506  13.6328710   -0.0099   -0.0355    0.0267 16 28 37.00    10.00 
  2020 11 17.687060  2 22  1.5200 +13 37 58.323  35.5063334  13.6328675  35.5063321  13.6328683    0.0046   -0.0027    0.0322 16 29 22.00    10.00 
  2020 11 17.687581  2 22  1.5142 +13 37 58.283  35.5063090  13.6328565  35.5063136  13.6328655   -0.0161   -0.0323    0.0342 16 30  7.00    10.00 
  2020 11 17.688102  2 22  1.5087 +13 37 58.313  35.5062864  13.6328647  35.5062951  13.6328627   -0.0304    0.0072    0.0254 16 30 52.00    10.00 
  2020 11 17.688611  2 22  1.5029 +13 37 58.327  35.5062622  13.6328685  35.5062770  13.6328600   -0.0518    0.0305    0.0240 16 31 36.00    10.00 
  2020 11 17.689132  2 22  1.4993 +13 37 58.277  35.5062470  13.6328546  35.5062585  13.6328573   -0.0403   -0.0096    0.0430 16 32 21.00    10.00 
  2020 11 17.689653  2 22  1.4968 +13 37 58.205  35.5062368  13.6328347  35.5062400  13.6328545   -0.0111   -0.0714    0.0317 16 33  6.00    10.00 
  2020 11 17.690174  2 22  1.4902 +13 37 58.235  35.5062092  13.6328431  35.5062214  13.6328518   -0.0429   -0.0311    0.0410 16 33 51.00    10.00 
  2020 11 17.690694  2 22  1.4880 +13 37 58.264  35.5062001  13.6328510  35.5062029  13.6328490   -0.0097    0.0071    0.0449 16 34 36.00    10.00 
  2020 11 17.691215  2 22  1.4822 +13 37 58.208  35.5061758  13.6328354  35.5061844  13.6328463   -0.0300   -0.0391    0.0210 16 35 21.00    10.00 
  2020 11 17.691736  2 22  1.4760 +13 37 58.225  35.5061499  13.6328403  35.5061659  13.6328436   -0.0557   -0.0115    0.0270 16 36  6.00    10.00 
  2020 11 17.692257  2 22  1.4741 +13 37 58.192  35.5061423  13.6328311  35.5061473  13.6328408   -0.0176   -0.0351    0.0253 16 36 51.00    10.00 
  2020 11 17.692778  2 22  1.4696 +13 37 58.220  35.5061234  13.6328390  35.5061288  13.6328381   -0.0187    0.0032    0.0264 16 37 36.00    10.00 
  2020 11 17.693299  2 22  1.4640 +13 37 58.215  35.5061002  13.6328374  35.5061103  13.6328353   -0.0353    0.0076    0.0227 16 38 21.00    10.00 
  2020 11 17.693819  2 22  1.4603 +13 37 58.176  35.5060848  13.6328266  35.5060917  13.6328326   -0.0243   -0.0216    0.0207 16 39  6.00    10.00 
  2020 11 17.694340  2 22  1.4570 +13 37 58.198  35.5060708  13.6328329  35.5060732  13.6328299   -0.0082    0.0109    0.0216 16 39 51.00    10.00 
  2020 11 17.694861  2 22  1.4528 +13 37 58.171  35.5060535  13.6328253  35.5060546  13.6328271   -0.0039   -0.0067    0.0172 16 40 36.00    10.00 
  2020 11 17.695382  2 22  1.4476 +13 37 58.149  35.5060317  13.6328193  35.5060361  13.6328244   -0.0155   -0.0183    0.0209 16 41 21.00    10.00 
  2020 11 17.695903  2 22  1.4412 +13 37 58.149  35.5060051  13.6328192  35.5060176  13.6328216   -0.0437   -0.0088    0.0268 16 42  6.00    10.00 
  2020 11 17.696424  2 22  1.4385 +13 37 58.102  35.5059937  13.6328061  35.5059990  13.6328189   -0.0187   -0.0460    0.0162 16 42 51.00    10.00 
  2020 11 17.696944  2 22  1.4339 +13 37 58.115  35.5059745  13.6328098  35.5059805  13.6328162   -0.0209   -0.0229    0.0276 16 43 36.00    10.00 
  2020 11 17.697454  2 22  1.4288 +13 37 58.145  35.5059535  13.6328181  35.5059623  13.6328135   -0.0308    0.0165    0.0194 16 44 20.00    10.00 
  2020 11 17.697975  2 22  1.4251 +13 37 58.095  35.5059378  13.6328041  35.5059438  13.6328108   -0.0208   -0.0240    0.0275 16 45  5.00    10.00 
  2020 11 17.698495  2 22  1.4204 +13 37 58.118  35.5059181  13.6328105  35.5059252  13.6328081   -0.0247    0.0088    0.0269 16 45 50.00    10.00 
  2020 11 17.699016  2 22  1.4199 +13 37 58.046  35.5059164  13.6327906  35.5059067  13.6328053    0.0340   -0.0531    0.0277 16 46 35.00    10.00 
  2020 11 17.699537  2 22  1.4113 +13 37 58.098  35.5058803  13.6328050  35.5058881  13.6328026   -0.0274    0.0086    0.0236 16 47 20.00    10.00 
  2020 11 17.700058  2 22  1.4063 +13 37 58.070  35.5058597  13.6327974  35.5058695  13.6327999   -0.0344   -0.0091    0.0246 16 48  5.00    10.00 
  2020 11 17.700579  2 22  1.4019 +13 37 58.070  35.5058412  13.6327972  35.5058510  13.6327972   -0.0341    0.0001    0.0170 16 48 50.00    10.00 
  2020 11 17.701100  2 22  1.3979 +13 37 58.051  35.5058244  13.6327920  35.5058324  13.6327945   -0.0279   -0.0087    0.0289 16 49 35.00    10.00 
  2020 11 17.701620  2 22  1.3945 +13 37 58.038  35.5058104  13.6327883  35.5058139  13.6327917   -0.0122   -0.0124    0.0388 16 50 20.00    10.00 
  2020 11 17.702141  2 22  1.3907 +13 37 57.995  35.5057945  13.6327764  35.5057953  13.6327890   -0.0028   -0.0454    0.0197 16 51  5.00    10.00 
  2020 11 17.702662  2 22  1.3852 +13 37 58.036  35.5057717  13.6327879  35.5057767  13.6327863   -0.0176    0.0056    0.0259 16 51 50.00    10.00 
  2020 11 17.703183  2 22  1.3816 +13 37 57.968  35.5057568  13.6327688  35.5057581  13.6327836   -0.0047   -0.0531    0.0396 16 52 35.00    10.00 
  2020 11 17.703704  2 22  1.3768 +13 37 57.965  35.5057368  13.6327681  35.5057396  13.6327809   -0.0098   -0.0461    0.0235 16 53 20.00    10.00 
  2020 11 17.704225  2 22  1.3717 +13 37 57.912  35.5057156  13.6327532  35.5057210  13.6327782   -0.0188   -0.0898    0.0397 16 54  5.00    10.00 
  2020 11 17.704745  2 22  1.3669 +13 37 57.972  35.5056956  13.6327700  35.5057024  13.6327755   -0.0238   -0.0197    0.0296 16 54 50.00    10.00 
  2020 11 17.705266  2 22  1.3636 +13 37 57.998  35.5056817  13.6327773  35.5056838  13.6327728   -0.0076    0.0164    0.0238 16 55 35.00    10.00 
  2020 11 17.705775  2 22  1.3565 +13 37 57.964  35.5056521  13.6327676  35.5056657  13.6327701   -0.0473   -0.0088    0.0157 16 56 19.00    10.00 
  2020 11 17.706296  2 22  1.3514 +13 37 57.930  35.5056309  13.6327583  35.5056471  13.6327674   -0.0565   -0.0327    0.0307 16 57  4.00    10.00 
  2020 11 17.706817  2 22  1.3487 +13 37 57.959  35.5056194  13.6327664  35.5056285  13.6327647   -0.0317    0.0060    0.0393 16 57 49.00    10.00 
  2020 11 17.707338  2 22  1.3443 +13 37 57.928  35.5056013  13.6327577  35.5056099  13.6327620   -0.0302   -0.0156    0.0242 16 58 34.00    10.00 
  2020 11 17.707859  2 22  1.3382 +13 37 57.969  35.5055760  13.6327691  35.5055913  13.6327593   -0.0535    0.0353    0.0291 16 59 19.00    10.00 
  2020 11 17.708380  2 22  1.3382 +13 37 57.884  35.5055758  13.6327454  35.5055727  13.6327566    0.0107   -0.0401    0.0556 17  0  4.00    10.00 
  2020 11 17.708900  2 22  1.3350 +13 37 57.880  35.5055627  13.6327445  35.5055541  13.6327539    0.0298   -0.0338    0.0319 17  0 49.00    10.00 
  2020 11 17.709421  2 22  1.3250 +13 37 57.915  35.5055209  13.6327541  35.5055355  13.6327512   -0.0514    0.0103    0.0214 17  1 34.00    10.00 
  2020 11 17.709942  2 22  1.3235 +13 37 57.855  35.5055147  13.6327374  35.5055170  13.6327485   -0.0079   -0.0400    0.0314 17  2 19.00    10.00 
  2020 11 17.710463  2 22  1.3196 +13 37 57.839  35.5054985  13.6327331  35.5054984  13.6327458    0.0005   -0.0457    0.0177 17  3  4.00    10.00 
  2020 11 18.589421  2 21 53.1205 +13 37 42.946  35.4713354  13.6285962  35.4713408  13.6285898   -0.0188    0.0231    0.0532 14  8 46.00    10.00 
  2020 11 18.590463  2 21 53.1115 +13 37 42.875  35.4712978  13.6285765  35.4712958  13.6285829    0.0071   -0.0233    0.0282 14 10 16.00    10.00 
  2020 11 18.590984  2 21 53.1061 +13 37 42.850  35.4712752  13.6285694  35.4712732  13.6285795    0.0070   -0.0363    0.0296 14 11  1.00    10.00 
  2020 11 18.591505  2 21 53.1019 +13 37 42.849  35.4712578  13.6285692  35.4712507  13.6285761    0.0248   -0.0248    0.0292 14 11 46.00    10.00 
  2020 11 18.592025  2 21 53.0945 +13 37 42.836  35.4712270  13.6285655  35.4712282  13.6285726   -0.0043   -0.0256    0.0313 14 12 31.00    10.00 
  2020 11 18.592546  2 21 53.0924 +13 37 42.864  35.4712184  13.6285733  35.4712057  13.6285692    0.0444    0.0149    0.0505 14 13 16.00    10.00 
  2020 11 18.593067  2 21 53.0859 +13 37 42.867  35.4711911  13.6285743  35.4711832  13.6285657    0.0278    0.0308    0.0391 14 14  1.00    10.00 
  2020 11 18.593588  2 21 53.0758 +13 37 42.850  35.4711493  13.6285694  35.4711607  13.6285623   -0.0399    0.0257    0.0414 14 14 46.00    10.00 
  2020 11 18.594109  2 21 53.0729 +13 37 42.803  35.4711373  13.6285564  35.4711381  13.6285588   -0.0030   -0.0089    0.0317 14 15 31.00    10.00 
  2020 11 18.594630  2 21 53.0678 +13 37 42.785  35.4711160  13.6285515  35.4711156  13.6285554    0.0014   -0.0141    0.0362 14 16 16.00    10.00 
  2020 11 18.595150  2 21 53.0633 +13 37 42.806  35.4710973  13.6285571  35.4710931  13.6285519    0.0147    0.0186    0.0228 14 17  1.00    10.00 
  2020 11 18.595671  2 21 53.0552 +13 37 42.762  35.4710632  13.6285449  35.4710705  13.6285485   -0.0258   -0.0130    0.0200 14 17 46.00    10.00 
  2020 11 18.596181  2 21 53.0504 +13 37 42.783  35.4710433  13.6285508  35.4710485  13.6285451   -0.0184    0.0205    0.0276 14 18 30.00    10.00 
  2020 11 18.596701  2 21 53.0458 +13 37 42.761  35.4710242  13.6285448  35.4710260  13.6285416   -0.0063    0.0112    0.0182 14 19 15.00    10.00 
  2020 11 18.597222  2 21 53.0437 +13 37 42.712  35.4710153  13.6285311  35.4710034  13.6285382    0.0413   -0.0254    0.0504 14 20  0.00    10.00 
  2020 11 18.597743  2 21 53.0330 +13 37 42.732  35.4709707  13.6285367  35.4709809  13.6285347   -0.0359    0.0070    0.0628 14 20 45.00    10.00 
  2020 11 18.598264  2 21 53.0313 +13 37 42.702  35.4709638  13.6285284  35.4709584  13.6285312    0.0190   -0.0100    0.0410 14 21 30.00    10.00 
  2020 11 18.598785  2 21 53.0201 +13 37 42.707  35.4709170  13.6285297  35.4709358  13.6285278   -0.0660    0.0070    0.0618 14 22 15.00    10.00 
  2020 11 18.599306  2 21 53.0184 +13 37 42.697  35.4709100  13.6285270  35.4709133  13.6285243   -0.0117    0.0096    0.0307 14 23  0.00    10.00 
  2020 11 18.599826  2 21 53.0123 +13 37 42.685  35.4708848  13.6285236  35.4708907  13.6285208   -0.0209    0.0100    0.0330 14 23 45.00    10.00 
  2020 11 18.600347  2 21 53.0060 +13 37 42.659  35.4708583  13.6285165  35.4708682  13.6285173   -0.0345   -0.0030    0.0510 14 24 30.00    10.00 
  2020 11 18.600868  2 21 53.0008 +13 37 42.675  35.4708365  13.6285207  35.4708456  13.6285138   -0.0321    0.0248    0.0247 14 25 15.00    10.00 
  2020 11 18.601389  2 21 52.9957 +13 37 42.611  35.4708153  13.6285031  35.4708231  13.6285104   -0.0274   -0.0260    0.0309 14 26  0.00    10.00 
  2020 11 18.601910  2 21 52.9933 +13 37 42.617  35.4708055  13.6285047  35.4708005  13.6285069    0.0173   -0.0078    0.0251 14 26 45.00    10.00 
  2020 11 18.602431  2 21 52.9861 +13 37 42.607  35.4707754  13.6285018  35.4707780  13.6285034   -0.0089   -0.0055    0.0486 14 27 30.00    10.00 
  2020 11 18.602951  2 21 52.9819 +13 37 42.571  35.4707579  13.6284918  35.4707554  13.6284999    0.0087   -0.0289    0.0361 14 28 15.00    10.00 
  2020 11 18.603461  2 21 52.9787 +13 37 42.615  35.4707445  13.6285042  35.4707334  13.6284964    0.0388    0.0278    0.0615 14 28 59.00    10.00 
  2020 11 18.603981  2 21 52.9680 +13 37 42.550  35.4707000  13.6284861  35.4707108  13.6284929   -0.0379   -0.0247    0.0381 14 29 44.00    10.00 
  2020 11 18.604502  2 21 52.9646 +13 37 42.543  35.4706859  13.6284841  35.4706882  13.6284894   -0.0080   -0.0191    0.0316 14 30 29.00    10.00 
  2020 11 18.605023  2 21 52.9586 +13 37 42.519  35.4706608  13.6284775  35.4706657  13.6284859   -0.0171   -0.0302    0.0340 14 31 14.00    10.00 
  2020 11 18.605544  2 21 52.9528 +13 37 42.533  35.4706365  13.6284813  35.4706431  13.6284824   -0.0231   -0.0042    0.0282 14 31 59.00    10.00 
  2020 11 18.606065  2 21 52.9484 +13 37 42.509  35.4706185  13.6284749  35.4706205  13.6284789   -0.0073   -0.0146    0.0260 14 32 44.00    10.00 
  2020 11 18.606586  2 21 52.9387 +13 37 42.546  35.4705780  13.6284850  35.4705980  13.6284754   -0.0698    0.0345    0.0746 14 33 29.00    10.00 
  2020 11 18.607106  2 21 52.9363 +13 37 42.535  35.4705679  13.6284819  35.4705754  13.6284719   -0.0262    0.0360    0.0257 14 34 14.00    10.00 
  2020 11 18.607627  2 21 52.9304 +13 37 42.484  35.4705434  13.6284677  35.4705528  13.6284684   -0.0330   -0.0025    0.0137 14 34 59.00    10.00 
  2020 11 18.608148  2 21 52.9240 +13 37 42.510  35.4705168  13.6284750  35.4705303  13.6284648   -0.0471    0.0368    0.0627 14 35 44.00    10.00 
  2020 11 18.608669  2 21 52.9191 +13 37 42.442  35.4704961  13.6284562  35.4705077  13.6284613   -0.0406   -0.0185    0.0390 14 36 29.00    10.00 
  2020 11 18.609190  2 21 52.9144 +13 37 42.469  35.4704768  13.6284637  35.4704851  13.6284578   -0.0289    0.0213    0.0221 14 37 14.00    10.00 
  2020 11 18.609711  2 21 52.9092 +13 37 42.422  35.4704548  13.6284507  35.4704625  13.6284542   -0.0269   -0.0129    0.0211 14 37 59.00    10.00 
  2020 11 18.610231  2 21 52.9069 +13 37 42.427  35.4704454  13.6284520  35.4704399  13.6284507    0.0190    0.0047    0.0394 14 38 44.00    10.00 
  2020 11 18.610752  2 21 52.8998 +13 37 42.393  35.4704160  13.6284425  35.4704173  13.6284472   -0.0048   -0.0168    0.0248 14 39 29.00    10.00 
  2020 11 18.611273  2 21 52.8946 +13 37 42.388  35.4703942  13.6284411  35.4703948  13.6284436   -0.0020   -0.0091    0.0369 14 40 14.00    10.00 
  2020 11 18.611794  2 21 52.8898 +13 37 42.383  35.4703741  13.6284396  35.4703722  13.6284401    0.0067   -0.0017    0.0220 14 40 59.00    10.00 
  2020 11 18.612315  2 21 52.8834 +13 37 42.370  35.4703473  13.6284361  35.4703496  13.6284365   -0.0080   -0.0016    0.0311 14 41 44.00    10.00 
  2020 11 18.612836  2 21 52.8788 +13 37 42.388  35.4703281  13.6284412  35.4703270  13.6284330    0.0040    0.0297    0.0270 14 42 29.00    10.00 
  2020 11 18.613356  2 21 52.8729 +13 37 42.311  35.4703039  13.6284197  35.4703044  13.6284294   -0.0016   -0.0351    0.0139 14 43 14.00    10.00 
  2020 11 18.613877  2 21 52.8672 +13 37 42.332  35.4702798  13.6284257  35.4702818  13.6284259   -0.0068   -0.0007    0.0231 14 43 59.00    10.00 
  2020 11 18.614398  2 21 52.8601 +13 37 42.269  35.4702505  13.6284080  35.4702592  13.6284223   -0.0303   -0.0516    0.0392 14 44 44.00    10.00 
  2020 11 18.614919  2 21 52.8582 +13 37 42.326  35.4702424  13.6284240  35.4702366  13.6284188    0.0202    0.0187    0.0381 14 45 29.00    10.00 
  2020 11 18.615440  2 21 52.8487 +13 37 42.267  35.4702028  13.6284075  35.4702140  13.6284152   -0.0390   -0.0278    0.0336 14 46 14.00    10.00 
  2020 11 18.615961  2 21 52.8449 +13 37 42.273  35.4701871  13.6284093  35.4701914  13.6284116   -0.0150   -0.0084    0.0338 14 46 59.00    10.00 
  2020 11 18.616481  2 21 52.8403 +13 37 42.250  35.4701678  13.6284026  35.4701688  13.6284081   -0.0035   -0.0195    0.0237 14 47 44.00    10.00 
  2020 11 18.617002  2 21 52.8337 +13 37 42.236  35.4701402  13.6283989  35.4701462  13.6284045   -0.0208   -0.0202    0.0372 14 48 29.00    10.00 
  2020 11 18.617523  2 21 52.8262 +13 37 42.207  35.4701090  13.6283907  35.4701236  13.6284009   -0.0510   -0.0367    0.0265 14 49 14.00    10.00 
  2020 11 18.618044  2 21 52.8214 +13 37 42.231  35.4700890  13.6283974  35.4701010  13.6283973   -0.0419    0.0004    0.0248 14 49 59.00    10.00 
  2020 11 18.618565  2 21 52.8192 +13 37 42.162  35.4700802  13.6283783  35.4700784  13.6283938    0.0064   -0.0558    0.0292 14 50 44.00    10.00 
  2020 11 18.619086  2 21 52.8099 +13 37 42.193  35.4700414  13.6283869  35.4700557  13.6283902   -0.0500   -0.0118    0.0121 14 51 29.00    10.00 
  2020 11 18.619606  2 21 52.8076 +13 37 42.196  35.4700316  13.6283878  35.4700331  13.6283866   -0.0053    0.0043    0.0265 14 52 14.00    10.00 
  2020 11 18.620127  2 21 52.8023 +13 37 42.181  35.4700094  13.6283836  35.4700105  13.6283830   -0.0038    0.0020    0.0218 14 52 59.00    10.00 
  2020 11 18.620648  2 21 52.7965 +13 37 42.124  35.4699853  13.6283677  35.4699879  13.6283794   -0.0091   -0.0420    0.0388 14 53 44.00    10.00 
  2020 11 18.621169  2 21 52.7905 +13 37 42.100  35.4699606  13.6283610  35.4699653  13.6283758   -0.0164   -0.0533    0.0309 14 54 29.00    10.00 
  2020 11 18.621690  2 21 52.7867 +13 37 42.143  35.4699447  13.6283732  35.4699426  13.6283722    0.0072    0.0034    0.0314 14 55 14.00    10.00 
  2020 11 18.622211  2 21 52.7776 +13 37 42.077  35.4699066  13.6283547  35.4699200  13.6283686   -0.0470   -0.0500    0.0346 14 55 59.00    10.00 
  2020 11 18.622731  2 21 52.7761 +13 37 42.150  35.4699004  13.6283749  35.4698974  13.6283650    0.0106    0.0358    0.0240 14 56 44.00    10.00 
  2020 11 18.623252  2 21 52.7688 +13 37 42.132  35.4698699  13.6283700  35.4698748  13.6283614   -0.0169    0.0310    0.0300 14 57 29.00    10.00 
  2020 11 18.623773  2 21 52.7637 +13 37 42.076  35.4698486  13.6283544  35.4698521  13.6283578   -0.0124   -0.0120    0.0374 14 58 14.00    10.00 
  2020 11 18.624294  2 21 52.7566 +13 37 42.084  35.4698192  13.6283566  35.4698295  13.6283542   -0.0360    0.0087    0.0181 14 58 59.00    10.00 
  2020 11 18.624815  2 21 52.7540 +13 37 42.063  35.4698081  13.6283509  35.4698069  13.6283506    0.0044    0.0011    0.0308 14 59 44.00    10.00 
  2020 11 18.625324  2 21 52.7458 +13 37 42.021  35.4697740  13.6283392  35.4697847  13.6283470   -0.0375   -0.0281    0.0183 15  0 28.00    10.00 
  2020 11 18.625845  2 21 52.7394 +13 37 42.036  35.4697473  13.6283433  35.4697621  13.6283434   -0.0516   -0.0003    0.0215 15  1 13.00    10.00 
  2020 11 18.626366  2 21 52.7363 +13 37 42.030  35.4697348  13.6283418  35.4697395  13.6283398   -0.0164    0.0072    0.0218 15  1 58.00    10.00 
  2020 11 18.626887  2 21 52.7308 +13 37 41.972  35.4697116  13.6283256  35.4697168  13.6283361   -0.0183   -0.0380    0.0307 15  2 43.00    10.00 
  2020 11 18.627407  2 21 52.7275 +13 37 42.009  35.4696979  13.6283359  35.4696942  13.6283325    0.0130    0.0121    0.0422 15  3 28.00    10.00 
  2020 11 18.627928  2 21 52.7221 +13 37 41.974  35.4696756  13.6283262  35.4696715  13.6283289    0.0140   -0.0096    0.0390 15  4 13.00    10.00 
  2020 11 18.628449  2 21 52.7152 +13 37 41.995  35.4696465  13.6283321  35.4696489  13.6283252   -0.0085    0.0246    0.0305 15  4 58.00    10.00 
  2020 11 18.628970  2 21 52.7091 +13 37 41.943  35.4696214  13.6283175  35.4696263  13.6283216   -0.0171   -0.0149    0.0396 15  5 43.00    10.00 
  2020 11 18.630012  2 21 52.6983 +13 37 41.953  35.4695763  13.6283203  35.4695810  13.6283143   -0.0164    0.0214    0.0266 15  7 13.00    10.00 
  2020 11 18.630532  2 21 52.6941 +13 37 41.873  35.4695587  13.6282982  35.4695583  13.6283107    0.0014   -0.0450    0.0362 15  7 58.00    10.00 
  2020 11 18.631053  2 21 52.6871 +13 37 41.917  35.4695294  13.6283104  35.4695357  13.6283070   -0.0218    0.0121    0.0455 15  8 43.00    10.00 
  2020 11 18.631574  2 21 52.6849 +13 37 41.899  35.4695205  13.6283052  35.4695130  13.6283034    0.0264    0.0067    0.0287 15  9 28.00    10.00 
  2020 11 18.632095  2 21 52.6777 +13 37 41.854  35.4694905  13.6282926  35.4694903  13.6282997    0.0004   -0.0255    0.0276 15 10 13.00    10.00 
  2020 11 18.632616  2 21 52.6734 +13 37 41.859  35.4694726  13.6282942  35.4694677  13.6282961    0.0171   -0.0066    0.0376 15 10 58.00    10.00 
  2020 11 18.633137  2 21 52.6700 +13 37 41.798  35.4694585  13.6282772  35.4694450  13.6282924    0.0471   -0.0546    0.0378 15 11 43.00    10.00 
  2020 11 18.633657  2 21 52.6596 +13 37 41.783  35.4694150  13.6282731  35.4694224  13.6282887   -0.0259   -0.0563    0.0749 15 12 28.00    10.00 
  2020 11 18.634167  2 21 52.6557 +13 37 41.852  35.4693988  13.6282922  35.4694002  13.6282851   -0.0051    0.0253    0.0290 15 13 12.00    10.00 
  2020 11 18.634687  2 21 52.6493 +13 37 41.793  35.4693722  13.6282758  35.4693775  13.6282815   -0.0188   -0.0204    0.0327 15 13 57.00    10.00 
  2020 11 18.635208  2 21 52.6454 +13 37 41.800  35.4693558  13.6282778  35.4693549  13.6282778    0.0032    0.0001    0.0317 15 14 42.00    10.00 
  2020 11 18.635729  2 21 52.6385 +13 37 41.758  35.4693273  13.6282662  35.4693322  13.6282741   -0.0173   -0.0287    0.0225 15 15 27.00    10.00 
  2020 11 18.636250  2 21 52.6320 +13 37 41.758  35.4693001  13.6282660  35.4693095  13.6282704   -0.0331   -0.0159    0.0237 15 16 12.00    10.00 
  2020 11 18.636771  2 21 52.6290 +13 37 41.775  35.4692876  13.6282707  35.4692869  13.6282668    0.0026    0.0143    0.0593 15 16 57.00    10.00 
  2020 11 18.637292  2 21 52.6242 +13 37 41.734  35.4692674  13.6282594  35.4692642  13.6282631    0.0113   -0.0134    0.0236 15 17 42.00    10.00 
  2020 11 18.637812  2 21 52.6189 +13 37 41.685  35.4692453  13.6282458  35.4692415  13.6282594    0.0133   -0.0489    0.0515 15 18 27.00    10.00 
  2020 11 18.638333  2 21 52.6107 +13 37 41.693  35.4692111  13.6282480  35.4692189  13.6282557   -0.0271   -0.0276    0.0246 15 19 12.00    10.00 
  2020 11 18.638854  2 21 52.6066 +13 37 41.721  35.4691940  13.6282558  35.4691962  13.6282520   -0.0078    0.0135    0.0336 15 19 57.00    10.00 
  2020 11 18.639375  2 21 52.6017 +13 37 41.683  35.4691739  13.6282453  35.4691735  13.6282483    0.0012   -0.0110    0.0247 15 20 42.00    10.00 
  2020 11 18.639896  2 21 52.5938 +13 37 41.621  35.4691407  13.6282279  35.4691508  13.6282446   -0.0353   -0.0601    0.0418 15 21 27.00    10.00 
  2020 11 18.640417  2 21 52.5914 +13 37 41.648  35.4691310  13.6282355  35.4691281  13.6282409    0.0101   -0.0195    0.0202 15 22 12.00    10.00 
  2020 11 18.640937  2 21 52.5832 +13 37 41.663  35.4690968  13.6282398  35.4691055  13.6282372   -0.0304    0.0095    0.0213 15 22 57.00    10.00 
  2020 11 18.641458  2 21 52.5803 +13 37 41.613  35.4690845  13.6282259  35.4690828  13.6282335    0.0061   -0.0275    0.0412 15 23 42.00    10.00 
  2020 11 18.641979  2 21 52.5764 +13 37 41.640  35.4690682  13.6282333  35.4690601  13.6282298    0.0284    0.0126    0.0322 15 24 27.00    10.00 
  2020 11 18.642500  2 21 52.5686 +13 37 41.594  35.4690359  13.6282206  35.4690374  13.6282261   -0.0052   -0.0198    0.0277 15 25 12.00    10.00 
  2020 11 18.643009  2 21 52.5623 +13 37 41.615  35.4690097  13.6282264  35.4690152  13.6282224   -0.0194    0.0141    0.0227 15 25 56.00    10.00 
  2020 11 18.643530  2 21 52.5574 +13 37 41.543  35.4689891  13.6282065  35.4689925  13.6282187   -0.0120   -0.0441    0.0210 15 26 41.00    10.00 
  2020 11 18.644051  2 21 52.5536 +13 37 41.582  35.4689732  13.6282171  35.4689698  13.6282150    0.0117    0.0077    0.0238 15 27 26.00    10.00 
  2020 11 18.644572  2 21 52.5439 +13 37 41.570  35.4689330  13.6282139  35.4689472  13.6282113   -0.0494    0.0094    0.0482 15 28 11.00    10.00 
  2020 11 18.645093  2 21 52.5411 +13 37 41.539  35.4689214  13.6282053  35.4689245  13.6282075   -0.0108   -0.0079    0.0303 15 28 56.00    10.00 
  2020 11 18.645613  2 21 52.5367 +13 37 41.562  35.4689030  13.6282118  35.4689018  13.6282038    0.0042    0.0287    0.0517 15 29 41.00    10.00 
  2020 11 18.646134  2 21 52.5297 +13 37 41.481  35.4688738  13.6281891  35.4688791  13.6282001   -0.0184   -0.0393    0.0456 15 30 26.00    10.00 
  2020 11 18.646655  2 21 52.5220 +13 37 41.507  35.4688418  13.6281963  35.4688564  13.6281963   -0.0509   -0.0000    0.0219 15 31 11.00    10.00 
  2020 11 18.647176  2 21 52.5209 +13 37 41.484  35.4688370  13.6281899  35.4688337  13.6281926    0.0116   -0.0095    0.0259 15 31 56.00    10.00 
  2020 11 18.647697  2 21 52.5144 +13 37 41.429  35.4688098  13.6281747  35.4688110  13.6281888   -0.0041   -0.0508    0.0216 15 32 41.00    10.00 
  2020 11 18.648218  2 21 52.5044 +13 37 41.528  35.4687683  13.6282021  35.4687883  13.6281851   -0.0698    0.0613    0.0598 15 33 26.00    10.00 
  2020 11 18.648738  2 21 52.5056 +13 37 41.430  35.4687734  13.6281749  35.4687656  13.6281814    0.0275   -0.0232    0.0288 15 34 11.00    10.00 
  2020 11 18.649259  2 21 52.4951 +13 37 41.429  35.4687298  13.6281746  35.4687429  13.6281776   -0.0458   -0.0106    0.0335 15 34 56.00    10.00 
  2020 11 18.649780  2 21 52.4907 +13 37 41.395  35.4687114  13.6281653  35.4687202  13.6281738   -0.0306   -0.0307    0.0219 15 35 41.00    10.00 
  2020 11 18.650301  2 21 52.4865 +13 37 41.428  35.4686938  13.6281744  35.4686974  13.6281701   -0.0129    0.0157    0.0274 15 36 26.00    10.00 
  2020 11 18.650822  2 21 52.4807 +13 37 41.379  35.4686696  13.6281609  35.4686747  13.6281663   -0.0181   -0.0195    0.0447 15 37 11.00    10.00 
  2020 11 18.651343  2 21 52.4759 +13 37 41.365  35.4686494  13.6281568  35.4686520  13.6281626   -0.0092   -0.0207    0.0256 15 37 56.00    10.00 
  2020 11 18.651863  2 21 52.4722 +13 37 41.430  35.4686343  13.6281750  35.4686293  13.6281588    0.0174    0.0584    0.0222 15 38 41.00    10.00 
  2020 11 18.652384  2 21 52.4649 +13 37 41.311  35.4686036  13.6281421  35.4686066  13.6281550   -0.0104   -0.0466    0.0306 15 39 26.00    10.00 
  2020 11 18.652905  2 21 52.4584 +13 37 41.335  35.4685766  13.6281486  35.4685839  13.6281512   -0.0256   -0.0095    0.0394 15 40 11.00    10.00 
  2020 11 18.653414  2 21 52.4558 +13 37 41.315  35.4685658  13.6281431  35.4685617  13.6281476    0.0145   -0.0159    0.0219 15 40 55.00    10.00 
  2020 11 18.653935  2 21 52.4472 +13 37 41.316  35.4685298  13.6281435  35.4685390  13.6281438   -0.0321   -0.0011    0.0258 15 41 40.00    10.00 
  2020 11 18.654456  2 21 52.4439 +13 37 41.295  35.4685161  13.6281375  35.4685162  13.6281400   -0.0005   -0.0090    0.0295 15 42 25.00    10.00 
  2020 11 18.654977  2 21 52.4375 +13 37 41.271  35.4684894  13.6281309  35.4684935  13.6281362   -0.0144   -0.0190    0.0402 15 43 10.00    10.00 
  2020 11 18.655498  2 21 52.4333 +13 37 41.277  35.4684721  13.6281325  35.4684708  13.6281324    0.0047    0.0004    0.0332 15 43 55.00    10.00 
  2020 11 18.656019  2 21 52.4268 +13 37 41.245  35.4684448  13.6281236  35.4684481  13.6281286   -0.0113   -0.0180    0.0321 15 44 40.00    10.00 
  2020 11 18.656539  2 21 52.4204 +13 37 41.229  35.4684184  13.6281191  35.4684254  13.6281248   -0.0243   -0.0207    0.0307 15 45 25.00    10.00 
  2020 11 18.657060  2 21 52.4170 +13 37 41.195  35.4684043  13.6281098  35.4684026  13.6281210    0.0058   -0.0406    0.0327 15 46 10.00    10.00 
  2020 11 18.657581  2 21 52.4075 +13 37 41.225  35.4683646  13.6281180  35.4683799  13.6281172   -0.0536    0.0028    0.0489 15 46 55.00    10.00 
  2020 11 18.658623  2 21 52.4038 +13 37 41.186  35.4683491  13.6281072  35.4683344  13.6281096    0.0512   -0.0087    0.0286 15 48 25.00    10.00 
  2020 11 18.659144  2 21 52.3948 +13 37 41.186  35.4683117  13.6281073  35.4683117  13.6281058   -0.0002    0.0054    0.0358 15 49 10.00    10.00 
  2020 11 18.659664  2 21 52.3856 +13 37 41.164  35.4682732  13.6281011  35.4682890  13.6281020   -0.0551   -0.0033    0.0278 15 49 55.00    10.00 
  2020 11 18.660185  2 21 52.3847 +13 37 41.120  35.4682694  13.6280889  35.4682663  13.6280982    0.0110   -0.0335    0.0331 15 50 40.00    10.00 
  2020 11 18.660706  2 21 52.3768 +13 37 41.141  35.4682369  13.6280948  35.4682435  13.6280944   -0.0233    0.0016    0.0174 15 51 25.00    10.00 
  2020 11 18.661227  2 21 52.3718 +13 37 41.095  35.4682160  13.6280820  35.4682208  13.6280906   -0.0168   -0.0307    0.0222 15 52 10.00    10.00 
  2020 11 18.661736  2 21 52.3664 +13 37 41.101  35.4681933  13.6280837  35.4681986  13.6280868   -0.0183   -0.0113    0.0290 15 52 54.00    10.00 
  2020 11 18.662257  2 21 52.3620 +13 37 41.100  35.4681750  13.6280834  35.4681758  13.6280830   -0.0027    0.0014    0.0359 15 53 39.00    10.00 
  2020 11 18.662778  2 21 52.3570 +13 37 41.069  35.4681542  13.6280748  35.4681531  13.6280792    0.0038   -0.0156    0.0454 15 54 24.00    10.00 
  2020 11 18.663819  2 21 52.3428 +13 37 41.029  35.4680949  13.6280635  35.4681076  13.6280715   -0.0445   -0.0287    0.0292 15 55 54.00    10.00 
  2020 11 18.664340  2 21 52.3387 +13 37 41.034  35.4680781  13.6280651  35.4680848  13.6280676   -0.0236   -0.0092    0.0346 15 56 39.00    10.00 
  2020 11 18.664861  2 21 52.3330 +13 37 41.010  35.4680542  13.6280584  35.4680621  13.6280638   -0.0277   -0.0195    0.0281 15 57 24.00    10.00 
  2020 11 18.665382  2 21 52.3312 +13 37 41.040  35.4680465  13.6280666  35.4680394  13.6280600    0.0250    0.0239    0.0348 15 58  9.00    10.00 
  2020 11 18.665903  2 21 52.3212 +13 37 41.013  35.4680052  13.6280592  35.4680166  13.6280561   -0.0399    0.0111    0.0360 15 58 54.00    10.00 
  2020 11 18.666424  2 21 52.3176 +13 37 41.004  35.4679900  13.6280567  35.4679939  13.6280523   -0.0135    0.0158    0.0353 15 59 39.00    10.00 
  2020 11 18.666944  2 21 52.3119 +13 37 40.965  35.4679660  13.6280459  35.4679711  13.6280484   -0.0177   -0.0089    0.0309 16  0 24.00    10.00 
  2020 11 18.667465  2 21 52.3056 +13 37 40.986  35.4679398  13.6280517  35.4679484  13.6280446   -0.0300    0.0256    0.0272 16  1  9.00    10.00 
  2020 11 18.667986  2 21 52.3028 +13 37 40.940  35.4679283  13.6280390  35.4679256  13.6280407    0.0096   -0.0061    0.0281 16  1 54.00    10.00 
  2020 11 18.668507  2 21 52.2954 +13 37 40.942  35.4678974  13.6280393  35.4679029  13.6280368   -0.0190    0.0090    0.0271 16  2 39.00    10.00 
  2020 11 18.669016  2 21 52.2918 +13 37 40.907  35.4678824  13.6280297  35.4678806  13.6280330    0.0062   -0.0122    0.0332 16  3 23.00    10.00 
  2020 11 18.669537  2 21 52.2861 +13 37 40.882  35.4678587  13.6280228  35.4678579  13.6280292    0.0031   -0.0230    0.0241 16  4  8.00    10.00 
  2020 11 18.670058  2 21 52.2802 +13 37 40.915  35.4678340  13.6280318  35.4678351  13.6280253   -0.0038    0.0235    0.0310 16  4 53.00    10.00 
