  2020 11 13.634543  2 22 39.1418 +13 41 42.930  35.6630910  13.6952582  35.6631022  13.6952570   -0.0393    0.0044    0.0386 15 13 44.50     5.00 
  2020 11 13.635006  2 22 39.1414 +13 41 42.863  35.6630893  13.6952397  35.6630823  13.6952528    0.0245   -0.0471    0.0629 15 14 24.50     5.00 
  2020 11 13.635469  2 22 39.1329 +13 41 42.860  35.6630537  13.6952388  35.6630623  13.6952486   -0.0304   -0.0355    0.0435 15 15  4.50     5.00 
  2020 11 13.636007  2 22 39.1299 +13 41 42.880  35.6630411  13.6952445  35.6630392  13.6952437    0.0067    0.0030    0.0185 15 15 51.00    10.00 
  2020 11 13.636528  2 22 39.1231 +13 41 42.847  35.6630128  13.6952354  35.6630167  13.6952390   -0.0137   -0.0129    0.0239 15 16 36.00    10.00 
  2020 11 13.637049  2 22 39.1185 +13 41 42.870  35.6629936  13.6952415  35.6629943  13.6952342   -0.0023    0.0262    0.0316 15 17 21.00    10.00 
  2020 11 13.637569  2 22 39.1124 +13 41 42.840  35.6629682  13.6952333  35.6629718  13.6952295   -0.0126    0.0137    0.0218 15 18  6.00    10.00 
  2020 11 13.638090  2 22 39.1074 +13 41 42.827  35.6629473  13.6952299  35.6629494  13.6952248   -0.0072    0.0183    0.0228 15 18 51.00    10.00 
  2020 11 13.638611  2 22 39.0994 +13 41 42.757  35.6629143  13.6952103  35.6629269  13.6952200   -0.0441   -0.0350    0.0423 15 19 36.00    10.00 
  2020 11 13.639132  2 22 39.0957 +13 41 42.778  35.6628986  13.6952162  35.6629045  13.6952153   -0.0205    0.0032    0.0152 15 20 21.00    10.00 
  2020 11 13.639641  2 22 39.0907 +13 41 42.741  35.6628781  13.6952059  35.6628825  13.6952107   -0.0156   -0.0173    0.0180 15 21  5.00    10.00 
  2020 11 13.640683  2 22 39.0819 +13 41 42.715  35.6628411  13.6951986  35.6628377  13.6952012    0.0120   -0.0092    0.0174 15 22 35.00    10.00 
  2020 11 13.641204  2 22 39.0734 +13 41 42.672  35.6628056  13.6951868  35.6628152  13.6951964   -0.0335   -0.0347    0.0141 15 23 20.00    10.00 
  2020 11 13.641725  2 22 39.0660 +13 41 42.638  35.6627749  13.6951773  35.6627928  13.6951917   -0.0626   -0.0518    0.0187 15 24  5.00    10.00 
  2020 11 13.642245  2 22 39.0637 +13 41 42.688  35.6627654  13.6951911  35.6627703  13.6951870   -0.0173    0.0148    0.0209 15 24 50.00    10.00 
  2020 11 13.642766  2 22 39.0559 +13 41 42.626  35.6627329  13.6951740  35.6627479  13.6951822   -0.0522   -0.0295    0.0341 15 25 35.00    10.00 
  2020 11 13.643287  2 22 39.0525 +13 41 42.620  35.6627186  13.6951721  35.6627254  13.6951775   -0.0239   -0.0192    0.0188 15 26 20.00    10.00 
  2020 11 13.644329  2 22 39.0408 +13 41 42.588  35.6626701  13.6951634  35.6626805  13.6951680   -0.0363   -0.0163    0.0186 15 27 50.00    10.00 
  2020 11 13.644850  2 22 39.0343 +13 41 42.570  35.6626430  13.6951582  35.6626581  13.6951632   -0.0526   -0.0180    0.0194 15 28 35.00    10.00 
  2020 11 13.645370  2 22 39.0325 +13 41 42.580  35.6626354  13.6951611  35.6626356  13.6951585   -0.0007    0.0096    0.0162 15 29 20.00    10.00 
  2020 11 13.645891  2 22 39.0258 +13 41 42.546  35.6626077  13.6951516  35.6626132  13.6951537   -0.0192   -0.0076    0.0235 15 30  5.00    10.00 
  2020 11 13.646933  2 22 39.0131 +13 41 42.502  35.6625546  13.6951394  35.6625683  13.6951442   -0.0479   -0.0175    0.0132 15 31 35.00    10.00 
  2020 11 13.647454  2 22 39.0106 +13 41 42.475  35.6625444  13.6951320  35.6625458  13.6951395   -0.0050   -0.0271    0.0188 15 32 20.00    10.00 
  2020 11 13.647975  2 22 39.0047 +13 41 42.543  35.6625198  13.6951507  35.6625234  13.6951347   -0.0125    0.0577    0.0336 15 33  5.00    10.00 
  2020 11 13.648484  2 22 38.9984 +13 41 42.481  35.6624935  13.6951336  35.6625014  13.6951301   -0.0275    0.0128    0.0221 15 33 49.00    10.00 
  2020 11 13.649005  2 22 38.9923 +13 41 42.434  35.6624680  13.6951205  35.6624789  13.6951253   -0.0383   -0.0175    0.0254 15 34 34.00    10.00 
  2020 11 13.649525  2 22 38.9903 +13 41 42.423  35.6624598  13.6951174  35.6624565  13.6951206    0.0115   -0.0115    0.0191 15 35 19.00    10.00 
  2020 11 13.650046  2 22 38.9848 +13 41 42.435  35.6624366  13.6951209  35.6624340  13.6951158    0.0091    0.0182    0.0202 15 36  4.00    10.00 
  2020 11 13.650567  2 22 38.9804 +13 41 42.407  35.6624181  13.6951131  35.6624116  13.6951110    0.0229    0.0074    0.0245 15 36 49.00    10.00 
  2020 11 13.651088  2 22 38.9704 +13 41 42.367  35.6623766  13.6951019  35.6623891  13.6951063   -0.0436   -0.0158    0.0176 15 37 34.00    10.00 
  2020 11 13.651609  2 22 38.9645 +13 41 42.305  35.6623520  13.6950848  35.6623667  13.6951015   -0.0514   -0.0602    0.0383 15 38 19.00    10.00 
  2020 11 13.652130  2 22 38.9587 +13 41 42.336  35.6623278  13.6950933  35.6623442  13.6950968   -0.0575   -0.0126    0.0209 15 39  4.00    10.00 
  2020 11 13.652650  2 22 38.9584 +13 41 42.369  35.6623267  13.6951026  35.6623218  13.6950920    0.0174    0.0380    0.0223 15 39 49.00    10.00 
  2020 11 13.653171  2 22 38.9489 +13 41 42.307  35.6622869  13.6950853  35.6622993  13.6950873   -0.0433   -0.0070    0.0140 15 40 34.00    10.00 
  2020 11 13.653692  2 22 38.9454 +13 41 42.301  35.6622725  13.6950835  35.6622768  13.6950825   -0.0153    0.0038    0.0180 15 41 19.00    10.00 
  2020 11 13.654734  2 22 38.9371 +13 41 42.271  35.6622378  13.6950754  35.6622319  13.6950730    0.0206    0.0087    0.0228 15 42 49.00    10.00 
  2020 11 13.655243  2 22 38.9283 +13 41 42.219  35.6622013  13.6950609  35.6622100  13.6950683   -0.0302   -0.0268    0.0125 15 43 33.00    10.00 
  2020 11 13.655764  2 22 38.9231 +13 41 42.204  35.6621795  13.6950568  35.6621875  13.6950635   -0.0279   -0.0244    0.0153 15 44 18.00    10.00 
  2020 11 13.656285  2 22 38.9192 +13 41 42.188  35.6621631  13.6950522  35.6621650  13.6950588   -0.0067   -0.0237    0.0148 15 45  3.00    10.00 
  2020 11 13.656806  2 22 38.9134 +13 41 42.165  35.6621393  13.6950459  35.6621426  13.6950540   -0.0113   -0.0292    0.0253 15 45 48.00    10.00 
  2020 11 13.657326  2 22 38.9091 +13 41 42.202  35.6621211  13.6950560  35.6621201  13.6950492    0.0034    0.0244    0.0360 15 46 33.00    10.00 
  2020 11 13.657847  2 22 38.9030 +13 41 42.177  35.6620958  13.6950492  35.6620977  13.6950445   -0.0065    0.0170    0.0250 15 47 18.00    10.00 
  2020 11 13.658368  2 22 38.8974 +13 41 42.161  35.6620723  13.6950447  35.6620752  13.6950397   -0.0100    0.0181    0.0203 15 48  3.00    10.00 
  2020 11 13.658889  2 22 38.8909 +13 41 42.126  35.6620452  13.6950351  35.6620527  13.6950349   -0.0263    0.0007    0.0299 15 48 48.00    10.00 
  2020 11 13.659931  2 22 38.8803 +13 41 42.072  35.6620014  13.6950200  35.6620078  13.6950254   -0.0224   -0.0196    0.0256 15 50 18.00    10.00 
  2020 11 13.660451  2 22 38.8785 +13 41 42.131  35.6619937  13.6950364  35.6619854  13.6950206    0.0292    0.0569    0.0479 15 51  3.00    10.00 
  2020 11 13.660972  2 22 38.8715 +13 41 42.029  35.6619645  13.6950081  35.6619629  13.6950158    0.0057   -0.0278    0.0243 15 51 48.00    10.00 
  2020 11 13.661493  2 22 38.8628 +13 41 42.037  35.6619283  13.6950102  35.6619404  13.6950111   -0.0424   -0.0030    0.0152 15 52 33.00    10.00 
  2020 11 13.662014  2 22 38.8588 +13 41 42.000  35.6619115  13.6950000  35.6619180  13.6950063   -0.0227   -0.0228    0.0160 15 53 18.00    10.00 
  2020 11 13.662535  2 22 38.8526 +13 41 42.006  35.6618860  13.6950016  35.6618955  13.6950015   -0.0334    0.0002    0.0233 15 54  3.00    10.00 
  2020 11 13.663056  2 22 38.8471 +13 41 41.983  35.6618631  13.6949952  35.6618731  13.6949967   -0.0349   -0.0056    0.0181 15 54 48.00    10.00 
  2020 11 13.663576  2 22 38.8423 +13 41 41.970  35.6618429  13.6949916  35.6618506  13.6949920   -0.0268   -0.0012    0.0213 15 55 33.00    10.00 
  2020 11 13.676053  2 22 38.7134 +13 41 41.506  35.6613060  13.6948627  35.6613124  13.6948773   -0.0223   -0.0525    0.0072 16 13 31.00    10.00 
  2020 11 13.676574  2 22 38.7094 +13 41 41.500  35.6612892  13.6948611  35.6612899  13.6948725   -0.0025   -0.0410    0.0272 16 14 16.00    10.00 
  2020 11 13.677095  2 22 38.7062 +13 41 41.499  35.6612760  13.6948609  35.6612675  13.6948677    0.0299   -0.0244    0.0280 16 15  1.00    10.00 
  2020 11 13.677616  2 22 38.6982 +13 41 41.564  35.6612426  13.6948789  35.6612450  13.6948629   -0.0084    0.0578    0.0458 16 15 46.00    10.00 
  2020 11 13.678137  2 22 38.6940 +13 41 41.456  35.6612248  13.6948490  35.6612225  13.6948581    0.0080   -0.0328    0.0186 16 16 31.00    10.00 
  2020 11 13.678657  2 22 38.6871 +13 41 41.480  35.6611960  13.6948556  35.6612001  13.6948533   -0.0140    0.0085    0.0228 16 17 16.00    10.00 
  2020 11 13.679699  2 22 38.6758 +13 41 41.426  35.6611494  13.6948404  35.6611551  13.6948437   -0.0201   -0.0116    0.0204 16 18 46.00    10.00 
  2020 11 13.680220  2 22 38.6743 +13 41 41.386  35.6611430  13.6948296  35.6611326  13.6948389    0.0364   -0.0334    0.0279 16 19 31.00    10.00 
  2020 11 13.680741  2 22 38.6647 +13 41 41.400  35.6611030  13.6948334  35.6611102  13.6948341   -0.0249   -0.0025    0.0228 16 20 16.00    10.00 
  2020 11 13.681262  2 22 38.6609 +13 41 41.366  35.6610873  13.6948239  35.6610877  13.6948293   -0.0015   -0.0195    0.0169 16 21  1.00    10.00 
  2020 11 13.681782  2 22 38.6522 +13 41 41.360  35.6610510  13.6948222  35.6610652  13.6948244   -0.0498   -0.0081    0.0297 16 21 46.00    10.00 
  2020 11 13.682303  2 22 38.6515 +13 41 41.385  35.6610480  13.6948292  35.6610428  13.6948196    0.0182    0.0345    0.0065 16 22 31.00    10.00 
  2020 11 13.682824  2 22 38.6453 +13 41 41.338  35.6610223  13.6948160  35.6610203  13.6948148    0.0069    0.0042    0.0271 16 23 16.00    10.00 
  2020 11 13.683345  2 22 38.6384 +13 41 41.338  35.6609931  13.6948161  35.6609978  13.6948100   -0.0164    0.0220    0.0225 16 24  1.00    10.00 
  2020 11 13.683866  2 22 38.6323 +13 41 41.258  35.6609679  13.6947939  35.6609753  13.6948052   -0.0261   -0.0406    0.0239 16 24 46.00    10.00 
  2020 11 13.684907  2 22 38.6226 +13 41 41.247  35.6609273  13.6947908  35.6609304  13.6947956   -0.0108   -0.0172    0.0185 16 26 16.00    10.00 
  2020 11 13.685428  2 22 38.6158 +13 41 41.246  35.6608991  13.6947904  35.6609079  13.6947908   -0.0309   -0.0013    0.0204 16 27  1.00    10.00 
  2020 11 13.685937  2 22 38.6109 +13 41 41.213  35.6608788  13.6947813  35.6608860  13.6947861   -0.0249   -0.0170    0.0101 16 27 45.00    10.00 
  2020 11 13.686458  2 22 38.6075 +13 41 41.194  35.6608648  13.6947762  35.6608635  13.6947813    0.0045   -0.0182    0.0097 16 28 30.00    10.00 
  2020 11 13.686979  2 22 38.5990 +13 41 41.181  35.6608292  13.6947725  35.6608410  13.6947764   -0.0414   -0.0141    0.0178 16 29 15.00    10.00 
  2020 11 13.687500  2 22 38.5968 +13 41 41.156  35.6608202  13.6947656  35.6608186  13.6947716    0.0056   -0.0218    0.0472 16 30  0.00    10.00 
  2020 11 13.688021  2 22 38.5901 +13 41 41.129  35.6607921  13.6947580  35.6607961  13.6947668   -0.0138   -0.0316    0.0055 16 30 45.00    10.00 
  2020 11 13.688542  2 22 38.5864 +13 41 41.112  35.6607766  13.6947533  35.6607736  13.6947620    0.0103   -0.0313    0.0317 16 31 30.00    10.00 
  2020 11 13.689063  2 22 38.5737 +13 41 41.109  35.6607238  13.6947526  35.6607511  13.6947572   -0.0958   -0.0164    0.0357 16 32 15.00    10.00 
  2020 11 13.689583  2 22 38.5754 +13 41 41.104  35.6607310  13.6947512  35.6607287  13.6947524    0.0081   -0.0043    0.0178 16 33  0.00    10.00 
  2020 11 13.690104  2 22 38.5684 +13 41 41.085  35.6607015  13.6947458  35.6607062  13.6947475   -0.0163   -0.0063    0.0364 16 33 45.00    10.00 
  2020 11 13.690625  2 22 38.5634 +13 41 41.067  35.6606809  13.6947407  35.6606837  13.6947427   -0.0100   -0.0072    0.0151 16 34 30.00    10.00 
  2020 11 13.691146  2 22 38.5577 +13 41 41.035  35.6606570  13.6947318  35.6606612  13.6947379   -0.0150   -0.0218    0.0212 16 35 15.00    10.00 
  2020 11 13.691667  2 22 38.5554 +13 41 41.015  35.6606473  13.6947264  35.6606388  13.6947331    0.0300   -0.0240    0.0242 16 36  0.00    10.00 
  2020 11 13.692708  2 22 38.5440 +13 41 41.012  35.6605999  13.6947255  35.6605938  13.6947234    0.0213    0.0076    0.0297 16 37 30.00    10.00 
  2020 11 13.693229  2 22 38.5393 +13 41 40.970  35.6605803  13.6947139  35.6605714  13.6947186    0.0312   -0.0170    0.0289 16 38 15.00    10.00 
  2020 11 13.693750  2 22 38.5329 +13 41 40.973  35.6605536  13.6947147  35.6605489  13.6947138    0.0166    0.0033    0.0288 16 39  0.00    10.00 
  2020 11 13.694259  2 22 38.5276 +13 41 41.000  35.6605318  13.6947222  35.6605269  13.6947091    0.0171    0.0472    0.0219 16 39 44.00    10.00 
  2020 11 13.694780  2 22 38.5201 +13 41 40.882  35.6605004  13.6946896  35.6605044  13.6947042   -0.0140   -0.0528    0.0234 16 40 29.00    10.00 
  2020 11 13.695822  2 22 38.5046 +13 41 40.844  35.6604360  13.6946788  35.6604595  13.6946946   -0.0821   -0.0567    0.0276 16 41 59.00    10.00 
  2020 11 13.696343  2 22 38.5046 +13 41 40.869  35.6604357  13.6946858  35.6604370  13.6946897   -0.0046   -0.0141    0.0192 16 42 44.00    10.00 
  2020 11 13.696863  2 22 38.4972 +13 41 40.860  35.6604048  13.6946833  35.6604146  13.6946849   -0.0340   -0.0060    0.0206 16 43 29.00    10.00 
  2020 11 13.697384  2 22 38.4934 +13 41 40.854  35.6603892  13.6946817  35.6603921  13.6946801   -0.0100    0.0058    0.0223 16 44 14.00    10.00 
  2020 11 13.697905  2 22 38.4870 +13 41 40.807  35.6603625  13.6946685  35.6603696  13.6946753   -0.0250   -0.0242    0.0194 16 44 59.00    10.00 
  2020 11 13.698426  2 22 38.4848 +13 41 40.829  35.6603534  13.6946747  35.6603471  13.6946704    0.0219    0.0152    0.0274 16 45 44.00    10.00 
  2020 11 13.698947  2 22 38.4811 +13 41 40.788  35.6603380  13.6946635  35.6603247  13.6946656    0.0467   -0.0076    0.0248 16 46 29.00    10.00 
  2020 11 13.699468  2 22 38.4701 +13 41 40.797  35.6602920  13.6946660  35.6603022  13.6946608   -0.0357    0.0187    0.0250 16 47 14.00    10.00 
  2020 11 13.699988  2 22 38.4679 +13 41 40.758  35.6602830  13.6946549  35.6602797  13.6946559    0.0115   -0.0035    0.0310 16 47 59.00    10.00 
  2020 11 13.700509  2 22 38.4617 +13 41 40.753  35.6602570  13.6946535  35.6602573  13.6946511   -0.0009    0.0087    0.0212 16 48 44.00    10.00 
  2020 11 13.701030  2 22 38.4546 +13 41 40.720  35.6602274  13.6946444  35.6602348  13.6946462   -0.0257   -0.0066    0.0288 16 49 29.00    10.00 
  2020 11 13.701551  2 22 38.4491 +13 41 40.722  35.6602048  13.6946450  35.6602123  13.6946414   -0.0263    0.0129    0.0223 16 50 14.00    10.00 
  2020 11 13.702072  2 22 38.4433 +13 41 40.664  35.6601805  13.6946288  35.6601898  13.6946366   -0.0327   -0.0280    0.0119 16 50 59.00    10.00 
  2020 11 13.702402  2 22 38.4407 +13 41 40.635  35.6601694  13.6946209  35.6601756  13.6946335   -0.0218   -0.0452    0.0100 16 51 27.50    15.00 
  2020 11 13.702980  2 22 38.4326 +13 41 40.640  35.6601356  13.6946221  35.6601506  13.6946281   -0.0524   -0.0217    0.0193 16 52 17.50    15.00 
  2020 11 13.703559  2 22 38.4275 +13 41 40.653  35.6601145  13.6946259  35.6601257  13.6946227   -0.0389    0.0112    0.0166 16 53  7.50    15.00 
  2020 11 13.704138  2 22 38.4221 +13 41 40.599  35.6600921  13.6946110  35.6601007  13.6946174   -0.0302   -0.0230    0.0164 16 53 57.50    15.00 
  2020 11 13.704716  2 22 38.4175 +13 41 40.638  35.6600731  13.6946216  35.6600757  13.6946120   -0.0092    0.0345    0.0275 16 54 47.50    15.00 
  2020 11 13.705295  2 22 38.4126 +13 41 40.569  35.6600524  13.6946025  35.6600508  13.6946066    0.0057   -0.0149    0.0174 16 55 37.50    15.00 
  2020 11 13.705874  2 22 38.4074 +13 41 40.567  35.6600310  13.6946021  35.6600258  13.6946012    0.0183    0.0030    0.0162 16 56 27.50    15.00 
  2020 11 13.706453  2 22 38.3967 +13 41 40.520  35.6599864  13.6945889  35.6600008  13.6945958   -0.0506   -0.0250    0.0080 16 57 17.50    15.00 
  2020 11 13.707031  2 22 38.3990 +13 41 40.533  35.6599957  13.6945926  35.6599759  13.6945905    0.0695    0.0077    0.0277 16 58  7.50    15.00 
  2020 11 13.707610  2 22 38.3895 +13 41 40.517  35.6599562  13.6945880  35.6599509  13.6945851    0.0184    0.0105    0.0164 16 58 57.50    15.00 
  2020 11 13.708189  2 22 38.3771 +13 41 40.410  35.6599047  13.6945583  35.6599259  13.6945797   -0.0742   -0.0769    0.0444 16 59 47.50    15.00 
  2020 11 13.708767  2 22 38.3775 +13 41 40.531  35.6599061  13.6945921  35.6599010  13.6945743    0.0179    0.0640    0.0442 17  0 37.50    15.00 
  2020 11 13.709346  2 22 38.3719 +13 41 40.428  35.6598828  13.6945632  35.6598760  13.6945689    0.0237   -0.0205    0.0307 17  1 27.50    15.00 
  2020 11 13.709925  2 22 38.3592 +13 41 40.358  35.6598298  13.6945438  35.6598510  13.6945635   -0.0741   -0.0710    0.0291 17  2 17.50    15.00 
  2020 11 13.710503  2 22 38.3607 +13 41 40.390  35.6598364  13.6945528  35.6598261  13.6945581    0.0362   -0.0193    0.0366 17  3  7.50    15.00 
  2020 11 13.711082  2 22 38.3492 +13 41 40.326  35.6597884  13.6945349  35.6598011  13.6945527   -0.0443   -0.0643    0.0447 17  3 57.50    15.00 
  2020 11 13.711661  2 22 38.3478 +13 41 40.323  35.6597826  13.6945341  35.6597761  13.6945473    0.0228   -0.0476    0.0471 17  4 47.50    15.00 
  2020 11 13.712240  2 22 38.3418 +13 41 40.359  35.6597575  13.6945440  35.6597512  13.6945419    0.0221    0.0076    0.0322 17  5 37.50    15.00 
  2020 11 13.712818  2 22 38.3364 +13 41 40.356  35.6597351  13.6945432  35.6597262  13.6945365    0.0313    0.0240    0.0258 17  6 27.50    15.00 
  2020 11 13.713397  2 22 38.3244 +13 41 40.305  35.6596852  13.6945292  35.6597012  13.6945312   -0.0560   -0.0069    0.0270 17  7 17.50    15.00 
  2020 11 13.713976  2 22 38.3217 +13 41 40.278  35.6596736  13.6945218  35.6596763  13.6945258   -0.0091   -0.0143    0.0152 17  8  7.50    15.00 
  2020 11 13.714554  2 22 38.3175 +13 41 40.246  35.6596564  13.6945127  35.6596513  13.6945204    0.0179   -0.0275    0.0352 17  8 57.50    15.00 
  2020 11 13.715133  2 22 38.3071 +13 41 40.287  35.6596128  13.6945243  35.6596263  13.6945150   -0.0472    0.0336    0.0278 17  9 47.50    15.00 
  2020 11 13.715712  2 22 38.3049 +13 41 40.199  35.6596036  13.6944997  35.6596014  13.6945096    0.0077   -0.0356    0.0270 17 10 37.50    15.00 
  2020 11 13.716291  2 22 38.2945 +13 41 40.164  35.6595606  13.6944901  35.6595764  13.6945042   -0.0554   -0.0506    0.0273 17 11 27.50    15.00 
  2020 11 13.716858  2 22 38.2914 +13 41 40.252  35.6595476  13.6945146  35.6595519  13.6944989   -0.0153    0.0565    0.0430 17 12 16.50    15.00 
  2020 11 13.717436  2 22 38.2828 +13 41 40.201  35.6595116  13.6945002  35.6595270  13.6944935   -0.0536    0.0242    0.0716 17 13  6.50    15.00 
  2020 11 13.718015  2 22 38.2787 +13 41 40.127  35.6594948  13.6944798  35.6595020  13.6944881   -0.0253   -0.0296    0.0292 17 13 56.50    15.00 
  2020 11 13.718594  2 22 38.2747 +13 41 40.143  35.6594779  13.6944841  35.6594770  13.6944826    0.0031    0.0052    0.0247 17 14 46.50    15.00 
  2020 11 13.719172  2 22 38.2667 +13 41 40.106  35.6594446  13.6944740  35.6594521  13.6944772   -0.0262   -0.0117    0.0155 17 15 36.50    15.00 
  2020 11 13.719751  2 22 38.2645 +13 41 40.086  35.6594352  13.6944683  35.6594271  13.6944718    0.0284   -0.0126    0.0264 17 16 26.50    15.00 
  2020 11 13.720330  2 22 38.2574 +13 41 40.083  35.6594057  13.6944676  35.6594021  13.6944664    0.0123    0.0043    0.0481 17 17 16.50    15.00 
  2020 11 13.723223  2 22 38.2254 +13 41 40.015  35.6592725  13.6944487  35.6592773  13.6944394   -0.0169    0.0335    0.0249 17 21 26.50    15.00 
  2020 11 14.662604  2 22 28.6098 +13 41  5.121  35.6192074  13.6847559  35.6192028  13.6847547    0.0161    0.0044    0.0183 15 54  9.00    10.00 
  2020 11 14.663646  2 22 28.5963 +13 41  5.011  35.6191511  13.6847252  35.6191574  13.6847428   -0.0219   -0.0635    0.0232 15 55 39.00    10.00 
  2020 11 14.739549  2 22 27.8085 +13 41  1.919  35.6158686  13.6838664  35.6158484  13.6838668    0.0707   -0.0015    0.0460 17 44 57.00    10.00 
  2020 11 15.628738  2 22 18.7049 +13 40 21.313  35.5779372  13.6725870  35.5779486  13.6725818   -0.0397    0.0189    0.0703 15  5 23.00    10.00 
  2020 11 15.629259  2 22 18.7008 +13 40 21.293  35.5779200  13.6725814  35.5779261  13.6725746   -0.0215    0.0244    0.0568 15  6  8.00    10.00 
  2020 11 15.629780  2 22 18.6974 +13 40 21.179  35.5779058  13.6725498  35.5779036  13.6725674    0.0078   -0.0636    0.0507 15  6 53.00    10.00 
  2020 11 15.630301  2 22 18.6941 +13 40 21.273  35.5778922  13.6725758  35.5778811  13.6725603    0.0387    0.0559    0.0456 15  7 38.00    10.00 
  2020 11 15.630822  2 22 18.6842 +13 40 21.217  35.5778506  13.6725602  35.5778586  13.6725531   -0.0279    0.0255    0.0466 15  8 23.00    10.00 
  2020 11 15.631343  2 22 18.6773 +13 40 21.194  35.5778220  13.6725538  35.5778361  13.6725459   -0.0494    0.0285    0.0542 15  9  8.00    10.00 
  2020 11 15.631863  2 22 18.6772 +13 40 21.137  35.5778218  13.6725380  35.5778136  13.6725388    0.0287   -0.0026    0.0542 15  9 53.00    10.00 
  2020 11 15.632384  2 22 18.6657 +13 40 21.059  35.5777737  13.6725165  35.5777911  13.6725316   -0.0609   -0.0542    0.1143 15 10 38.00    10.00 
  2020 11 15.632905  2 22 18.6626 +13 40 21.107  35.5777607  13.6725298  35.5777686  13.6725244   -0.0279    0.0193    0.0301 15 11 23.00    10.00 
  2020 11 15.633426  2 22 18.6597 +13 40 21.051  35.5777488  13.6725141  35.5777461  13.6725172    0.0094   -0.0111    0.0301 15 12  8.00    10.00 
  2020 11 15.633947  2 22 18.6512 +13 40 21.019  35.5777135  13.6725052  35.5777237  13.6725101   -0.0356   -0.0176    0.0382 15 12 53.00    10.00 
  2020 11 15.634988  2 22 18.6372 +13 40 20.971  35.5776551  13.6724918  35.5776787  13.6724957   -0.0825   -0.0140    0.0418 15 14 23.00    10.00 
  2020 11 15.635509  2 22 18.6351 +13 40 21.004  35.5776464  13.6725010  35.5776562  13.6724885   -0.0341    0.0449    0.0254 15 15  8.00    10.00 
  2020 11 15.636030  2 22 18.6332 +13 40 20.884  35.5776381  13.6724679  35.5776337  13.6724814    0.0156   -0.0484    0.0384 15 15 53.00    10.00 
  2020 11 15.636551  2 22 18.6309 +13 40 20.901  35.5776286  13.6724726  35.5776112  13.6724742    0.0608   -0.0057    0.0436 15 16 38.00    10.00 
  2020 11 15.637072  2 22 18.6214 +13 40 20.859  35.5775894  13.6724608  35.5775887  13.6724670    0.0023   -0.0222    0.0286 15 17 23.00    10.00 
  2020 11 15.637593  2 22 18.6170 +13 40 20.890  35.5775709  13.6724696  35.5775662  13.6724598    0.0166    0.0351    0.0811 15 18  8.00    10.00 
  2020 11 15.638113  2 22 18.6110 +13 40 20.820  35.5775459  13.6724499  35.5775437  13.6724526    0.0076   -0.0098    0.0270 15 18 53.00    10.00 
  2020 11 15.638634  2 22 18.6062 +13 40 20.782  35.5775259  13.6724395  35.5775212  13.6724455    0.0162   -0.0214    0.0424 15 19 38.00    10.00 
  2020 11 15.639155  2 22 18.5988 +13 40 20.751  35.5774951  13.6724309  35.5774987  13.6724383   -0.0126   -0.0264    0.0293 15 20 23.00    10.00 
  2020 11 15.639676  2 22 18.5945 +13 40 20.714  35.5774770  13.6724205  35.5774762  13.6724311    0.0027   -0.0379    0.0454 15 21  8.00    10.00 
  2020 11 15.640706  2 22 18.5825 +13 40 20.725  35.5774272  13.6724236  35.5774317  13.6724169   -0.0158    0.0243    0.0414 15 22 37.00    10.00 
  2020 11 15.641227  2 22 18.5761 +13 40 20.722  35.5774006  13.6724229  35.5774093  13.6724097   -0.0304    0.0475    0.0383 15 23 22.00    10.00 
  2020 11 15.641748  2 22 18.5746 +13 40 20.687  35.5773940  13.6724131  35.5773868  13.6724025    0.0254    0.0381    0.0910 15 24  7.00    10.00 
  2020 11 15.642269  2 22 18.5652 +13 40 20.640  35.5773551  13.6724001  35.5773643  13.6723953   -0.0321    0.0172    0.0609 15 24 52.00    10.00 
  2020 11 15.642789  2 22 18.5617 +13 40 20.492  35.5773404  13.6723589  35.5773418  13.6723881   -0.0049   -0.1053    0.1205 15 25 37.00    10.00 
  2020 11 15.646435  2 22 18.5233 +13 40 20.418  35.5771802  13.6723382  35.5771843  13.6723378   -0.0143    0.0016    0.0458 15 30 52.00    10.00 
  2020 11 15.646956  2 22 18.5162 +13 40 20.317  35.5771506  13.6723103  35.5771618  13.6723306   -0.0391   -0.0729    0.1248 15 31 37.00    10.00 
  2020 11 15.649039  2 22 18.5042 +13 40 20.234  35.5771007  13.6722873  35.5770719  13.6723018    0.1009   -0.0519    0.1245 15 34 37.00    10.00 
  2020 11 15.649560  2 22 18.4941 +13 40 20.212  35.5770589  13.6722812  35.5770494  13.6722946    0.0332   -0.0480    0.0681 15 35 22.00    10.00 
  2020 11 15.650081  2 22 18.4861 +13 40 20.215  35.5770255  13.6722819  35.5770269  13.6722874   -0.0048   -0.0197    0.0212 15 36  7.00    10.00 
  2020 11 15.650602  2 22 18.4820 +13 40 20.139  35.5770085  13.6722609  35.5770044  13.6722801    0.0142   -0.0693    0.1408 15 36 52.00    10.00 
  2020 11 15.658403  2 22 18.3988 +13 40 19.832  35.5766618  13.6721755  35.5766676  13.6721721   -0.0203    0.0122    0.0288 15 48  6.00    10.00 
  2020 11 15.658924  2 22 18.3954 +13 40 19.768  35.5766477  13.6721577  35.5766451  13.6721649    0.0091   -0.0260    0.0265 15 48 51.00    10.00 
  2020 11 16.626713  2 22  8.6848 +13 39 27.708  35.5361866  13.6576966  35.5361866  13.6576858   -0.0000    0.0387    0.0553 15  2 28.00    10.00 
  2020 11 16.627234  2 22  8.6780 +13 39 27.652  35.5361584  13.6576810  35.5361648  13.6576775   -0.0221    0.0124    0.0365 15  3 13.00    10.00 
  2020 11 16.627755  2 22  8.6741 +13 39 27.581  35.5361422  13.6576614  35.5361429  13.6576692   -0.0026   -0.0284    0.0230 15  3 58.00    10.00 
  2020 11 16.628275  2 22  8.6692 +13 39 27.614  35.5361219  13.6576706  35.5361211  13.6576609    0.0025    0.0348    0.0249 15  4 43.00    10.00 
  2020 11 16.628796  2 22  8.6635 +13 39 27.578  35.5360978  13.6576606  35.5360993  13.6576526   -0.0055    0.0287    0.0240 15  5 28.00    10.00 
  2020 11 16.629317  2 22  8.6563 +13 39 27.578  35.5360679  13.6576607  35.5360775  13.6576443   -0.0337    0.0588    0.0313 15  6 13.00    10.00 
  2020 11 16.629838  2 22  8.6536 +13 39 27.469  35.5360565  13.6576303  35.5360557  13.6576360    0.0028   -0.0204    0.0317 15  6 58.00    10.00 
  2020 11 16.630359  2 22  8.6493 +13 39 27.442  35.5360388  13.6576228  35.5360339  13.6576277    0.0170   -0.0176    0.0180 15  7 43.00    10.00 
  2020 11 16.630880  2 22  8.6435 +13 39 27.412  35.5360147  13.6576146  35.5360121  13.6576194    0.0090   -0.0174    0.0249 15  8 28.00    10.00 
  2020 11 16.631400  2 22  8.6373 +13 39 27.378  35.5359886  13.6576049  35.5359903  13.6576111   -0.0062   -0.0224    0.0299 15  9 13.00    10.00 
  2020 11 16.631921  2 22  8.6322 +13 39 27.377  35.5359674  13.6576047  35.5359685  13.6576028   -0.0038    0.0069    0.0370 15  9 58.00    10.00 
  2020 11 16.632442  2 22  8.6278 +13 39 27.306  35.5359492  13.6575850  35.5359467  13.6575945    0.0086   -0.0341    0.0291 15 10 43.00    10.00 
  2020 11 16.632963  2 22  8.6191 +13 39 27.333  35.5359128  13.6575925  35.5359249  13.6575862   -0.0424    0.0228    0.0395 15 11 28.00    10.00 
  2020 11 16.633484  2 22  8.6179 +13 39 27.268  35.5359081  13.6575746  35.5359031  13.6575779    0.0174   -0.0119    0.0284 15 12 13.00    10.00 
  2020 11 16.634005  2 22  8.6090 +13 39 27.279  35.5358710  13.6575776  35.5358813  13.6575696   -0.0361    0.0288    0.0457 15 12 58.00    10.00 
  2020 11 16.634525  2 22  8.6074 +13 39 27.220  35.5358640  13.6575612  35.5358595  13.6575613    0.0157   -0.0003    0.0279 15 13 43.00    10.00 
  2020 11 16.635046  2 22  8.6021 +13 39 27.179  35.5358420  13.6575497  35.5358377  13.6575529    0.0149   -0.0118    0.0239 15 14 28.00    10.00 
  2020 11 16.635567  2 22  8.5972 +13 39 27.180  35.5358216  13.6575501  35.5358159  13.6575446    0.0199    0.0197    0.0522 15 15 13.00    10.00 
  2020 11 16.636609  2 22  8.5831 +13 39 27.073  35.5357630  13.6575204  35.5357723  13.6575280   -0.0327   -0.0273    0.0429 15 16 43.00    10.00 
  2020 11 16.637118  2 22  8.5830 +13 39 27.052  35.5357624  13.6575145  35.5357510  13.6575199    0.0397   -0.0195    0.0677 15 17 27.00    10.00 
  2020 11 16.637639  2 22  8.5755 +13 39 27.006  35.5357313  13.6575015  35.5357292  13.6575116    0.0074   -0.0360    0.0718 15 18 12.00    10.00 
  2020 11 16.638160  2 22  8.5685 +13 39 27.002  35.5357019  13.6575006  35.5357074  13.6575032   -0.0193   -0.0096    0.1041 15 18 57.00    10.00 
  2020 11 16.638681  2 22  8.5658 +13 39 27.012  35.5356908  13.6575035  35.5356856  13.6574949    0.0180    0.0308    0.0940 15 19 42.00    10.00 
  2020 11 16.639201  2 22  8.5569 +13 39 26.959  35.5356539  13.6574885  35.5356638  13.6574866   -0.0349    0.0068    0.0537 15 20 27.00    10.00 
  2020 11 16.639722  2 22  8.5506 +13 39 26.901  35.5356276  13.6574724  35.5356420  13.6574783   -0.0503   -0.0213    0.0290 15 21 12.00    10.00 
  2020 11 16.640243  2 22  8.5445 +13 39 26.920  35.5356020  13.6574779  35.5356202  13.6574700   -0.0638    0.0286    0.0406 15 21 57.00    10.00 
  2020 11 16.640764  2 22  8.5413 +13 39 26.910  35.5355886  13.6574750  35.5355984  13.6574616   -0.0343    0.0483    0.0357 15 22 42.00    10.00 
  2020 11 16.641285  2 22  8.5398 +13 39 26.820  35.5355823  13.6574499  35.5355766  13.6574533    0.0199   -0.0123    0.0375 15 23 27.00    10.00 
  2020 11 16.641806  2 22  8.5303 +13 39 26.869  35.5355429  13.6574635  35.5355548  13.6574450   -0.0419    0.0666    0.0412 15 24 12.00    10.00 
  2020 11 16.642326  2 22  8.5271 +13 39 26.811  35.5355297  13.6574476  35.5355330  13.6574367   -0.0119    0.0392    0.0312 15 24 57.00    10.00 
  2020 11 16.642847  2 22  8.5216 +13 39 26.717  35.5355065  13.6574214  35.5355112  13.6574283   -0.0167   -0.0248    0.0293 15 25 42.00    10.00 
  2020 11 16.643368  2 22  8.5177 +13 39 26.704  35.5354903  13.6574178  35.5354894  13.6574200    0.0031   -0.0080    0.0391 15 26 27.00    10.00 
  2020 11 16.643889  2 22  8.5119 +13 39 26.705  35.5354662  13.6574180  35.5354677  13.6574117   -0.0052    0.0228    0.0280 15 27 12.00    10.00 
  2020 11 16.644410  2 22  8.5074 +13 39 26.644  35.5354476  13.6574012  35.5354459  13.6574034    0.0062   -0.0077    0.0260 15 27 57.00    10.00 
  2020 11 16.644931  2 22  8.5024 +13 39 26.630  35.5354266  13.6573971  35.5354241  13.6573950    0.0088    0.0074    0.0297 15 28 42.00    10.00 
  2020 11 16.645451  2 22  8.4940 +13 39 26.607  35.5353916  13.6573908  35.5354023  13.6573867   -0.0374    0.0146    0.0174 15 29 27.00    10.00 
  2020 11 16.645961  2 22  8.4902 +13 39 26.574  35.5353759  13.6573817  35.5353810  13.6573786   -0.0176    0.0112    0.0251 15 30 11.00    10.00 
  2020 11 16.646481  2 22  8.4846 +13 39 26.542  35.5353523  13.6573727  35.5353592  13.6573702   -0.0240    0.0087    0.0264 15 30 56.00    10.00 
  2020 11 16.647002  2 22  8.4792 +13 39 26.540  35.5353301  13.6573721  35.5353374  13.6573619   -0.0254    0.0368    0.0278 15 31 41.00    10.00 
  2020 11 16.647523  2 22  8.4752 +13 39 26.468  35.5353134  13.6573521  35.5353156  13.6573536   -0.0076   -0.0052    0.0264 15 32 26.00    10.00 
  2020 11 16.648044  2 22  8.4706 +13 39 26.469  35.5352943  13.6573524  35.5352938  13.6573452    0.0016    0.0256    0.0378 15 33 11.00    10.00 
  2020 11 16.648565  2 22  8.4690 +13 39 26.426  35.5352876  13.6573406  35.5352720  13.6573369    0.0547    0.0133    0.0432 15 33 56.00    10.00 
  2020 11 16.649086  2 22  8.4601 +13 39 26.405  35.5352503  13.6573347  35.5352502  13.6573286    0.0004    0.0219    0.0221 15 34 41.00    10.00 
  2020 11 16.649606  2 22  8.4519 +13 39 26.395  35.5352163  13.6573320  35.5352284  13.6573202   -0.0424    0.0422    0.0363 15 35 26.00    10.00 
  2020 11 16.650127  2 22  8.4496 +13 39 26.333  35.5352069  13.6573148  35.5352066  13.6573119    0.0008    0.0102    0.0386 15 36 11.00    10.00 
  2020 11 16.650648  2 22  8.4422 +13 39 26.329  35.5351759  13.6573135  35.5351848  13.6573036   -0.0312    0.0358    0.0354 15 36 56.00    10.00 
  2020 11 16.651169  2 22  8.4373 +13 39 26.282  35.5351555  13.6573006  35.5351631  13.6572952   -0.0265    0.0194    0.0242 15 37 41.00    10.00 
  2020 11 16.651690  2 22  8.4331 +13 39 26.212  35.5351378  13.6572810  35.5351413  13.6572869   -0.0121   -0.0213    0.0532 15 38 26.00    10.00 
  2020 11 16.652211  2 22  8.4286 +13 39 26.194  35.5351193  13.6572761  35.5351195  13.6572786   -0.0007   -0.0088    0.0292 15 39 11.00    10.00 
  2020 11 16.652731  2 22  8.4231 +13 39 26.176  35.5350961  13.6572710  35.5350977  13.6572702   -0.0055    0.0028    0.0414 15 39 56.00    10.00 
  2020 11 16.653252  2 22  8.4176 +13 39 26.138  35.5350732  13.6572607  35.5350759  13.6572619   -0.0093   -0.0043    0.0262 15 40 41.00    10.00 
  2020 11 16.654294  2 22  8.4064 +13 39 26.083  35.5350266  13.6572452  35.5350323  13.6572452   -0.0200    0.0002    0.0398 15 42 11.00    10.00 
  2020 11 16.654815  2 22  8.4000 +13 39 26.061  35.5349999  13.6572390  35.5350105  13.6572369   -0.0372    0.0079    0.0300 15 42 56.00    10.00 
  2020 11 16.655324  2 22  8.3965 +13 39 26.035  35.5349853  13.6572318  35.5349892  13.6572287   -0.0137    0.0113    0.0213 15 43 40.00    10.00 
  2020 11 16.655845  2 22  8.3906 +13 39 25.983  35.5349608  13.6572174  35.5349675  13.6572204   -0.0235   -0.0105    0.0253 15 44 25.00    10.00 
  2020 11 16.656366  2 22  8.3867 +13 39 25.991  35.5349446  13.6572198  35.5349457  13.6572120   -0.0037    0.0279    0.0369 15 45 10.00    10.00 
  2020 11 16.656887  2 22  8.3822 +13 39 25.938  35.5349258  13.6572051  35.5349239  13.6572037    0.0067    0.0052    0.0372 15 45 55.00    10.00 
  2020 11 16.657407  2 22  8.3803 +13 39 25.915  35.5349180  13.6571985  35.5349021  13.6571953    0.0556    0.0116    0.0482 15 46 40.00    10.00 
  2020 11 16.657928  2 22  8.3718 +13 39 25.882  35.5348826  13.6571894  35.5348803  13.6571870    0.0080    0.0087    0.0174 15 47 25.00    10.00 
  2020 11 16.658449  2 22  8.3652 +13 39 25.828  35.5348550  13.6571746  35.5348585  13.6571786   -0.0124   -0.0146    0.0309 15 48 10.00    10.00 
  2020 11 16.658970  2 22  8.3605 +13 39 25.802  35.5348356  13.6571672  35.5348368  13.6571703   -0.0042   -0.0111    0.0336 15 48 55.00    10.00 
  2020 11 16.659491  2 22  8.3555 +13 39 25.820  35.5348145  13.6571723  35.5348150  13.6571619   -0.0018    0.0375    0.0280 15 49 40.00    10.00 
  2020 11 16.660012  2 22  8.3476 +13 39 25.777  35.5347817  13.6571602  35.5347932  13.6571536   -0.0402    0.0238    0.0293 15 50 25.00    10.00 
  2020 11 16.660532  2 22  8.3447 +13 39 25.789  35.5347696  13.6571636  35.5347714  13.6571452   -0.0063    0.0660    0.0615 15 51 10.00    10.00 
  2020 11 16.661053  2 22  8.3389 +13 39 25.698  35.5347456  13.6571383  35.5347496  13.6571369   -0.0141    0.0052    0.0320 15 51 55.00    10.00 
  2020 11 16.661574  2 22  8.3343 +13 39 25.621  35.5347264  13.6571170  35.5347278  13.6571285   -0.0052   -0.0415    0.0402 15 52 40.00    10.00 
  2020 11 16.662083  2 22  8.3291 +13 39 25.653  35.5347048  13.6571260  35.5347066  13.6571203   -0.0062    0.0202    0.0542 15 53 24.00    10.00 
  2020 11 16.662604  2 22  8.3206 +13 39 25.609  35.5346692  13.6571136  35.5346848  13.6571120   -0.0546    0.0057    0.0290 15 54  9.00    10.00 
  2020 11 16.663125  2 22  8.3197 +13 39 25.572  35.5346653  13.6571034  35.5346630  13.6571036    0.0082   -0.0010    0.0649 15 54 54.00    10.00 
  2020 11 16.663646  2 22  8.3142 +13 39 25.545  35.5346424  13.6570959  35.5346412  13.6570953    0.0043    0.0022    0.0402 15 55 39.00    10.00 
  2020 11 16.664167  2 22  8.3068 +13 39 25.559  35.5346117  13.6570999  35.5346194  13.6570869   -0.0271    0.0465    0.0322 15 56 24.00    10.00 
  2020 11 16.664687  2 22  8.3024 +13 39 25.506  35.5345935  13.6570850  35.5345977  13.6570786   -0.0147    0.0232    0.0246 15 57  9.00    10.00 
  2020 11 16.665208  2 22  8.2931 +13 39 25.472  35.5345548  13.6570757  35.5345759  13.6570702   -0.0738    0.0196    0.0518 15 57 54.00    10.00 
  2020 11 16.665729  2 22  8.2900 +13 39 25.448  35.5345416  13.6570689  35.5345541  13.6570618   -0.0436    0.0254    0.0217 15 58 39.00    10.00 
  2020 11 16.666250  2 22  8.2858 +13 39 25.397  35.5345242  13.6570547  35.5345323  13.6570535   -0.0286    0.0042    0.0306 15 59 24.00    10.00 
  2020 11 16.666771  2 22  8.2822 +13 39 25.365  35.5345093  13.6570457  35.5345106  13.6570451   -0.0042    0.0021    0.0278 16  0  9.00    10.00 
  2020 11 16.667292  2 22  8.2764 +13 39 25.353  35.5344850  13.6570425  35.5344888  13.6570368   -0.0133    0.0206    0.0205 16  0 54.00    10.00 
  2020 11 16.667813  2 22  8.2694 +13 39 25.316  35.5344559  13.6570322  35.5344670  13.6570284   -0.0389    0.0137    0.0335 16  1 39.00    10.00 
  2020 11 16.668333  2 22  8.2679 +13 39 25.262  35.5344495  13.6570171  35.5344452  13.6570200    0.0148   -0.0106    0.0419 16  2 24.00    10.00 
  2020 11 16.668854  2 22  8.2601 +13 39 25.250  35.5344170  13.6570140  35.5344235  13.6570117   -0.0226    0.0082    0.0308 16  3  9.00    10.00 
  2020 11 16.669375  2 22  8.2569 +13 39 25.202  35.5344039  13.6570006  35.5344017  13.6570033    0.0077   -0.0098    0.0321 16  3 54.00    10.00 
  2020 11 16.669896  2 22  8.2527 +13 39 25.154  35.5343863  13.6569871  35.5343799  13.6569949    0.0224   -0.0281    0.0309 16  4 39.00    10.00 
  2020 11 16.670417  2 22  8.2455 +13 39 25.129  35.5343564  13.6569802  35.5343581  13.6569866   -0.0063   -0.0230    0.0420 16  5 24.00    10.00 
  2020 11 16.670938  2 22  8.2388 +13 39 25.101  35.5343281  13.6569726  35.5343364  13.6569782   -0.0288   -0.0204    0.0343 16  6  9.00    10.00 
  2020 11 16.671458  2 22  8.2346 +13 39 25.108  35.5343108  13.6569744  35.5343146  13.6569698   -0.0132    0.0163    0.0304 16  6 54.00    10.00 
  2020 11 16.671979  2 22  8.2273 +13 39 25.098  35.5342805  13.6569716  35.5342928  13.6569615   -0.0432    0.0364    0.0361 16  7 39.00    10.00 
  2020 11 16.672500  2 22  8.2254 +13 39 25.025  35.5342727  13.6569514  35.5342711  13.6569531    0.0056   -0.0061    0.0429 16  8 24.00    10.00 
  2020 11 16.673021  2 22  8.2185 +13 39 25.026  35.5342436  13.6569517  35.5342493  13.6569447   -0.0200    0.0252    0.0396 16  9  9.00    10.00 
  2020 11 16.673542  2 22  8.2161 +13 39 24.963  35.5342338  13.6569342  35.5342275  13.6569364    0.0221   -0.0077    0.0309 16  9 54.00    10.00 
  2020 11 16.674051  2 22  8.2087 +13 39 24.967  35.5342027  13.6569352  35.5342063  13.6569282   -0.0123    0.0254    0.0259 16 10 38.00    10.00 
  2020 11 16.674572  2 22  8.2035 +13 39 24.913  35.5341812  13.6569202  35.5341845  13.6569198   -0.0116    0.0014    0.0282 16 11 23.00    10.00 
  2020 11 16.675093  2 22  8.1971 +13 39 24.917  35.5341544  13.6569215  35.5341627  13.6569114   -0.0291    0.0362    0.0555 16 12  8.00    10.00 
  2020 11 16.675613  2 22  8.1961 +13 39 24.811  35.5341502  13.6568920  35.5341410  13.6569031    0.0324   -0.0398    0.0357 16 12 53.00    10.00 
  2020 11 16.676134  2 22  8.1884 +13 39 24.810  35.5341184  13.6568916  35.5341192  13.6568947   -0.0028   -0.0112    0.0280 16 13 38.00    10.00 
  2020 11 16.676655  2 22  8.1832 +13 39 24.806  35.5340965  13.6568905  35.5340974  13.6568863   -0.0032    0.0152    0.0260 16 14 23.00    10.00 
  2020 11 16.677176  2 22  8.1809 +13 39 24.769  35.5340870  13.6568803  35.5340757  13.6568779    0.0396    0.0087    0.0385 16 15  8.00    10.00 
  2020 11 16.677697  2 22  8.1719 +13 39 24.747  35.5340498  13.6568741  35.5340539  13.6568696   -0.0144    0.0164    0.0415 16 15 53.00    10.00 
  2020 11 16.678218  2 22  8.1662 +13 39 24.730  35.5340259  13.6568695  35.5340321  13.6568612   -0.0219    0.0301    0.0441 16 16 38.00    10.00 
  2020 11 16.678738  2 22  8.1621 +13 39 24.700  35.5340087  13.6568610  35.5340104  13.6568528   -0.0060    0.0297    0.0308 16 17 23.00    10.00 
  2020 11 16.679259  2 22  8.1538 +13 39 24.626  35.5339742  13.6568406  35.5339886  13.6568444   -0.0505   -0.0136    0.0409 16 18  8.00    10.00 
  2020 11 16.679780  2 22  8.1506 +13 39 24.644  35.5339607  13.6568456  35.5339669  13.6568360   -0.0215    0.0344    0.0437 16 18 53.00    10.00 
  2020 11 16.680301  2 22  8.1454 +13 39 24.605  35.5339392  13.6568347  35.5339451  13.6568277   -0.0207    0.0255    0.0205 16 19 38.00    10.00 
  2020 11 16.680822  2 22  8.1396 +13 39 24.601  35.5339148  13.6568336  35.5339233  13.6568193   -0.0299    0.0516    0.0351 16 20 23.00    10.00 
  2020 11 16.681331  2 22  8.1366 +13 39 24.532  35.5339025  13.6568145  35.5339021  13.6568111    0.0014    0.0124    0.0324 16 21  7.00    10.00 
  2020 11 16.681852  2 22  8.1282 +13 39 24.496  35.5338676  13.6568044  35.5338803  13.6568027   -0.0445    0.0063    0.0252 16 21 52.00    10.00 
  2020 11 16.682373  2 22  8.1246 +13 39 24.497  35.5338526  13.6568048  35.5338586  13.6567943   -0.0208    0.0378    0.0342 16 22 37.00    10.00 
  2020 11 16.682894  2 22  8.1198 +13 39 24.464  35.5338323  13.6567956  35.5338368  13.6567859   -0.0156    0.0349    0.0193 16 23 22.00    10.00 
  2020 11 16.683414  2 22  8.1149 +13 39 24.440  35.5338121  13.6567889  35.5338150  13.6567775   -0.0102    0.0410    0.0330 16 24  7.00    10.00 
  2020 11 16.683935  2 22  8.1114 +13 39 24.371  35.5337975  13.6567698  35.5337933  13.6567691    0.0149    0.0024    0.0324 16 24 52.00    10.00 
  2020 11 16.684456  2 22  8.1066 +13 39 24.314  35.5337775  13.6567538  35.5337715  13.6567608    0.0210   -0.0250    0.0465 16 25 37.00    10.00 
  2020 11 16.684977  2 22  8.0980 +13 39 24.354  35.5337415  13.6567651  35.5337498  13.6567524   -0.0288    0.0459    0.0254 16 26 22.00    10.00 
  2020 11 16.685498  2 22  8.0945 +13 39 24.307  35.5337272  13.6567520  35.5337280  13.6567440   -0.0030    0.0289    0.0272 16 27  7.00    10.00 
  2020 11 16.686019  2 22  8.0902 +13 39 24.271  35.5337091  13.6567419  35.5337063  13.6567356    0.0100    0.0226    0.0377 16 27 52.00    10.00 
  2020 11 16.686539  2 22  8.0855 +13 39 24.244  35.5336896  13.6567344  35.5336845  13.6567272    0.0178    0.0259    0.0307 16 28 37.00    10.00 
  2020 11 16.687060  2 22  8.0773 +13 39 24.207  35.5336554  13.6567241  35.5336628  13.6567188   -0.0258    0.0191    0.0245 16 29 22.00    10.00 
  2020 11 16.687581  2 22  8.0740 +13 39 24.160  35.5336416  13.6567110  35.5336410  13.6567104    0.0020    0.0023    0.0149 16 30  7.00    10.00 
  2020 11 16.688090  2 22  8.0673 +13 39 24.148  35.5336139  13.6567077  35.5336198  13.6567022   -0.0204    0.0198    0.0238 16 30 51.00    10.00 
  2020 11 16.688611  2 22  8.0631 +13 39 24.129  35.5335964  13.6567026  35.5335980  13.6566938   -0.0056    0.0318    0.0359 16 31 36.00    10.00 
  2020 11 16.689132  2 22  8.0583 +13 39 24.076  35.5335761  13.6566878  35.5335763  13.6566854   -0.0005    0.0087    0.0319 16 32 21.00    10.00 
  2020 11 16.689653  2 22  8.0541 +13 39 24.045  35.5335586  13.6566792  35.5335545  13.6566770    0.0143    0.0079    0.0282 16 33  6.00    10.00 
  2020 11 16.690174  2 22  8.0469 +13 39 24.044  35.5335289  13.6566789  35.5335328  13.6566686   -0.0137    0.0369    0.0486 16 33 51.00    10.00 
  2020 11 16.690694  2 22  8.0414 +13 39 24.018  35.5335058  13.6566716  35.5335110  13.6566602   -0.0181    0.0409    0.0246 16 34 36.00    10.00 
  2020 11 16.691215  2 22  8.0391 +13 39 23.934  35.5334964  13.6566484  35.5334893  13.6566518    0.0248   -0.0123    0.0384 16 35 21.00    10.00 
  2020 11 16.691736  2 22  8.0303 +13 39 23.936  35.5334597  13.6566489  35.5334675  13.6566434   -0.0275    0.0196    0.0350 16 36  6.00    10.00 
  2020 11 16.692257  2 22  8.0254 +13 39 23.916  35.5334392  13.6566433  35.5334458  13.6566350   -0.0231    0.0296    0.0366 16 36 51.00    10.00 
  2020 11 16.692778  2 22  8.0189 +13 39 23.879  35.5334121  13.6566329  35.5334241  13.6566266   -0.0417    0.0226    0.0307 16 37 36.00    10.00 
  2020 11 16.693299  2 22  8.0138 +13 39 23.852  35.5333909  13.6566255  35.5334023  13.6566182   -0.0398    0.0261    0.0195 16 38 21.00    10.00 
  2020 11 16.693819  2 22  8.0101 +13 39 23.814  35.5333755  13.6566149  35.5333806  13.6566098   -0.0178    0.0183    0.0161 16 39  6.00    10.00 
  2020 11 16.694329  2 22  8.0055 +13 39 23.756  35.5333563  13.6565990  35.5333593  13.6566016   -0.0105   -0.0093    0.0238 16 39 50.00    10.00 
  2020 11 16.694850  2 22  8.0028 +13 39 23.712  35.5333452  13.6565866  35.5333376  13.6565932    0.0266   -0.0236    0.0216 16 40 35.00    10.00 
  2020 11 16.695370  2 22  7.9954 +13 39 23.723  35.5333141  13.6565898  35.5333158  13.6565848   -0.0060    0.0180    0.0208 16 41 20.00    10.00 
  2020 11 16.695891  2 22  7.9914 +13 39 23.661  35.5332975  13.6565725  35.5332941  13.6565764    0.0118   -0.0139    0.0299 16 42  5.00    10.00 
  2020 11 16.696412  2 22  7.9851 +13 39 23.645  35.5332714  13.6565680  35.5332724  13.6565680   -0.0034    0.0001    0.0240 16 42 50.00    10.00 
  2020 11 16.696933  2 22  7.9787 +13 39 23.672  35.5332445  13.6565755  35.5332506  13.6565596   -0.0214    0.0572    0.0236 16 43 35.00    10.00 
  2020 11 16.697454  2 22  7.9755 +13 39 23.549  35.5332311  13.6565413  35.5332289  13.6565512    0.0077   -0.0354    0.0296 16 44 20.00    10.00 
  2020 11 16.697975  2 22  7.9683 +13 39 23.577  35.5332013  13.6565492  35.5332072  13.6565428   -0.0206    0.0231    0.0247 16 45  5.00    10.00 
  2020 11 16.698495  2 22  7.9644 +13 39 23.543  35.5331850  13.6565398  35.5331854  13.6565344   -0.0013    0.0197    0.0319 16 45 50.00    10.00 
  2020 11 16.699016  2 22  7.9586 +13 39 23.485  35.5331607  13.6565235  35.5331637  13.6565260   -0.0103   -0.0087    0.0372 16 46 35.00    10.00 
  2020 11 16.699537  2 22  7.9558 +13 39 23.478  35.5331491  13.6565215  35.5331420  13.6565175    0.0250    0.0144    0.0377 16 47 20.00    10.00 
  2020 11 16.700058  2 22  7.9509 +13 39 23.420  35.5331289  13.6565055  35.5331202  13.6565091    0.0304   -0.0129    0.0796 16 48  5.00    10.00 
  2020 11 16.700579  2 22  7.9396 +13 39 23.437  35.5330818  13.6565103  35.5330985  13.6565007   -0.0584    0.0344    0.0882 16 48 50.00    10.00 
  2020 11 16.701100  2 22  7.9408 +13 39 23.350  35.5330866  13.6564862  35.5330768  13.6564923    0.0343   -0.0220    0.0903 16 49 35.00    10.00 
  2020 11 16.701620  2 22  7.9298 +13 39 23.378  35.5330408  13.6564940  35.5330550  13.6564839   -0.0500    0.0365    0.0332 16 50 20.00    10.00 
  2020 11 16.702141  2 22  7.9275 +13 39 23.346  35.5330314  13.6564849  35.5330333  13.6564755   -0.0066    0.0340    0.0514 16 51  5.00    10.00 
  2020 11 16.702662  2 22  7.9209 +13 39 23.284  35.5330039  13.6564677  35.5330116  13.6564671   -0.0267    0.0024    0.0363 16 51 50.00    10.00 
  2020 11 16.703183  2 22  7.9178 +13 39 23.271  35.5329907  13.6564642  35.5329899  13.6564586    0.0030    0.0199    0.0598 16 52 35.00    10.00 
  2020 11 16.703704  2 22  7.9119 +13 39 23.230  35.5329662  13.6564527  35.5329681  13.6564502   -0.0068    0.0088    0.0724 16 53 20.00    10.00 
  2020 11 16.704213  2 22  7.9030 +13 39 23.234  35.5329290  13.6564539  35.5329469  13.6564420   -0.0626    0.0428    0.0555 16 54  4.00    10.00 
  2020 11 16.704734  2 22  7.9060 +13 39 23.181  35.5329418  13.6564391  35.5329252  13.6564336    0.0583    0.0200    0.0963 16 54 49.00    10.00 
  2020 11 16.705255  2 22  7.8979 +13 39 23.149  35.5329078  13.6564303  35.5329034  13.6564252    0.0151    0.0184    0.0485 16 55 34.00    10.00 
  2020 11 16.705775  2 22  7.8890 +13 39 23.112  35.5328709  13.6564200  35.5328817  13.6564167   -0.0379    0.0116    0.1294 16 56 19.00    10.00 
  2020 11 16.706296  2 22  7.8861 +13 39 23.078  35.5328588  13.6564106  35.5328600  13.6564083   -0.0040    0.0083    0.0305 16 57  4.00    10.00 
  2020 11 16.706817  2 22  7.8857 +13 39 23.028  35.5328570  13.6563967  35.5328383  13.6563999    0.0656   -0.0115    0.0359 16 57 49.00    10.00 
  2020 11 16.707338  2 22  7.8768 +13 39 23.032  35.5328199  13.6563979  35.5328166  13.6563915    0.0117    0.0231    0.0277 16 58 34.00    10.00 
  2020 11 16.707859  2 22  7.8675 +13 39 23.014  35.5327810  13.6563929  35.5327948  13.6563831   -0.0483    0.0355    0.0308 16 59 19.00    10.00 
  2020 11 16.708380  2 22  7.8652 +13 39 22.957  35.5327716  13.6563768  35.5327731  13.6563746   -0.0054    0.0080    0.0168 17  0  4.00    10.00 
  2020 11 16.708900  2 22  7.8608 +13 39 22.930  35.5327533  13.6563695  35.5327514  13.6563662    0.0068    0.0120    0.0211 17  0 49.00    10.00 
  2020 11 16.709421  2 22  7.8546 +13 39 22.917  35.5327277  13.6563658  35.5327297  13.6563578   -0.0071    0.0290    0.0222 17  1 34.00    10.00 
  2020 11 16.709942  2 22  7.8499 +13 39 22.864  35.5327078  13.6563511  35.5327080  13.6563494   -0.0008    0.0063    0.0290 17  2 19.00    10.00 
  2020 11 16.710463  2 22  7.8447 +13 39 22.810  35.5326861  13.6563361  35.5326863  13.6563409   -0.0005   -0.0176    0.0246 17  3  4.00    10.00 
  2020 11 16.710984  2 22  7.8379 +13 39 22.798  35.5326578  13.6563329  35.5326645  13.6563325   -0.0236    0.0015    0.0173 17  3 49.00    10.00 
  2020 11 16.711505  2 22  7.8341 +13 39 22.803  35.5326421  13.6563342  35.5326428  13.6563241   -0.0027    0.0364    0.0306 17  4 34.00    10.00 
  2020 11 16.712025  2 22  7.8279 +13 39 22.740  35.5326161  13.6563166  35.5326211  13.6563156   -0.0177    0.0036    0.0168 17  5 19.00    10.00 
  2020 11 16.712535  2 22  7.8244 +13 39 22.719  35.5326017  13.6563107  35.5325999  13.6563074    0.0065    0.0119    0.0278 17  6  3.00    10.00 
  2020 11 16.713056  2 22  7.8201 +13 39 22.673  35.5325838  13.6562982  35.5325782  13.6562990    0.0196   -0.0028    0.0269 17  6 48.00    10.00 
  2020 11 16.713576  2 22  7.8133 +13 39 22.682  35.5325554  13.6563004  35.5325565  13.6562905   -0.0036    0.0356    0.0282 17  7 33.00    10.00 
  2020 11 16.714097  2 22  7.8098 +13 39 22.582  35.5325408  13.6562728  35.5325348  13.6562821    0.0212   -0.0333    0.0265 17  8 18.00    10.00 
  2020 11 16.714618  2 22  7.8026 +13 39 22.616  35.5325107  13.6562823  35.5325131  13.6562737   -0.0083    0.0311    0.0156 17  9  3.00    10.00 
  2020 11 16.715139  2 22  7.7997 +13 39 22.580  35.5324987  13.6562722  35.5324914  13.6562652    0.0255    0.0252    0.0212 17  9 48.00    10.00 
  2020 11 16.715660  2 22  7.7921 +13 39 22.545  35.5324673  13.6562626  35.5324697  13.6562568   -0.0083    0.0207    0.0331 17 10 33.00    10.00 
  2020 11 16.716181  2 22  7.7892 +13 39 22.484  35.5324548  13.6562457  35.5324479  13.6562484    0.0240   -0.0097    0.0483 17 11 18.00    10.00 
  2020 11 16.716701  2 22  7.7833 +13 39 22.450  35.5324304  13.6562361  35.5324262  13.6562399    0.0146   -0.0139    0.0324 17 12  3.00    10.00 
  2020 11 16.717222  2 22  7.7771 +13 39 22.450  35.5324045  13.6562361  35.5324045  13.6562315   -0.0001    0.0165    0.0270 17 12 48.00    10.00 
  2020 11 16.717743  2 22  7.7721 +13 39 22.404  35.5323836  13.6562232  35.5323828  13.6562231    0.0027    0.0006    0.0240 17 13 33.00    10.00 
  2020 11 16.718264  2 22  7.7670 +13 39 22.399  35.5323626  13.6562220  35.5323611  13.6562146    0.0051    0.0267    0.0327 17 14 18.00    10.00 
  2020 11 16.718785  2 22  7.7601 +13 39 22.343  35.5323338  13.6562064  35.5323394  13.6562062   -0.0198    0.0008    0.0167 17 15  3.00    10.00 
  2020 11 16.719306  2 22  7.7556 +13 39 22.314  35.5323152  13.6561984  35.5323177  13.6561977   -0.0089    0.0023    0.0243 17 15 48.00    10.00 
  2020 11 16.719815  2 22  7.7516 +13 39 22.258  35.5322983  13.6561828  35.5322965  13.6561895    0.0060   -0.0242    0.0348 17 16 32.00    10.00 
  2020 11 16.720336  2 22  7.7440 +13 39 22.256  35.5322668  13.6561823  35.5322748  13.6561810   -0.0279    0.0046    0.0244 17 17 17.00    10.00 
  2020 11 16.720856  2 22  7.7407 +13 39 22.210  35.5322528  13.6561695  35.5322531  13.6561726   -0.0012   -0.0113    0.0304 17 18  2.00    10.00 
  2020 11 16.721377  2 22  7.7339 +13 39 22.184  35.5322244  13.6561623  35.5322314  13.6561642   -0.0245   -0.0066    0.0345 17 18 47.00    10.00 
  2020 11 16.721898  2 22  7.7291 +13 39 22.180  35.5322046  13.6561611  35.5322098  13.6561557   -0.0181    0.0194    0.0289 17 19 32.00    10.00 
  2020 11 16.722419  2 22  7.7261 +13 39 22.116  35.5321919  13.6561432  35.5321881  13.6561473    0.0134   -0.0145    0.0475 17 20 17.00    10.00 
  2020 11 16.722940  2 22  7.7195 +13 39 22.082  35.5321644  13.6561339  35.5321664  13.6561388   -0.0068   -0.0177    0.0348 17 21  2.00    10.00 
  2020 11 16.723461  2 22  7.7139 +13 39 22.066  35.5321414  13.6561295  35.5321447  13.6561304   -0.0113   -0.0030    0.0288 17 21 47.00    10.00 
  2020 11 16.723981  2 22  7.7103 +13 39 22.053  35.5321262  13.6561259  35.5321230  13.6561219    0.0113    0.0144    0.0258 17 22 32.00    10.00 
  2020 11 16.724502  2 22  7.7026 +13 39 21.988  35.5320940  13.6561078  35.5321013  13.6561135   -0.0255   -0.0204    0.0374 17 23 17.00    10.00 
  2020 11 16.725023  2 22  7.6974 +13 39 22.016  35.5320723  13.6561157  35.5320796  13.6561050   -0.0255    0.0383    0.0368 17 24  2.00    10.00 
  2020 11 16.725544  2 22  7.6945 +13 39 21.970  35.5320606  13.6561029  35.5320579  13.6560966    0.0092    0.0228    0.0432 17 24 47.00    10.00 
  2020 11 16.726065  2 22  7.6910 +13 39 21.912  35.5320459  13.6560866  35.5320362  13.6560881    0.0339   -0.0054    0.0356 17 25 32.00    10.00 
  2020 11 16.726586  2 22  7.6836 +13 39 21.876  35.5320150  13.6560768  35.5320146  13.6560797    0.0014   -0.0104    0.0293 17 26 17.00    10.00 
  2020 11 16.727106  2 22  7.6751 +13 39 21.858  35.5319795  13.6560718  35.5319929  13.6560712   -0.0469    0.0019    0.0319 17 27  2.00    10.00 
  2020 11 16.727627  2 22  7.6734 +13 39 21.874  35.5319724  13.6560761  35.5319712  13.6560628    0.0043    0.0480    0.0360 17 27 47.00    10.00 
  2020 11 16.728148  2 22  7.6709 +13 39 21.782  35.5319623  13.6560505  35.5319495  13.6560543    0.0447   -0.0138    0.0424 17 28 32.00    10.00 
  2020 11 16.728657  2 22  7.6617 +13 39 21.766  35.5319236  13.6560460  35.5319283  13.6560461   -0.0166   -0.0001    0.0362 17 29 16.00    10.00 
  2020 11 16.729178  2 22  7.6586 +13 39 21.720  35.5319109  13.6560333  35.5319066  13.6560376    0.0148   -0.0155    0.0222 17 30  1.00    10.00 
  2020 11 16.729699  2 22  7.6489 +13 39 21.736  35.5318704  13.6560376  35.5318850  13.6560292   -0.0510    0.0306    0.0382 17 30 46.00    10.00 
  2020 11 16.730220  2 22  7.6468 +13 39 21.676  35.5318616  13.6560211  35.5318633  13.6560207   -0.0058    0.0013    0.0317 17 31 31.00    10.00 
  2020 11 16.730741  2 22  7.6408 +13 39 21.648  35.5318366  13.6560134  35.5318416  13.6560122   -0.0174    0.0040    0.0338 17 32 16.00    10.00 
  2020 11 16.731262  2 22  7.6372 +13 39 21.619  35.5318218  13.6560052  35.5318199  13.6560038    0.0066    0.0050    0.0342 17 33  1.00    10.00 
  2020 11 16.731782  2 22  7.6326 +13 39 21.578  35.5318023  13.6559940  35.5317983  13.6559953    0.0142   -0.0047    0.0364 17 33 46.00    10.00 
  2020 11 16.732303  2 22  7.6261 +13 39 21.542  35.5317756  13.6559838  35.5317766  13.6559869   -0.0034   -0.0110    0.0335 17 34 31.00    10.00 
  2020 11 16.732824  2 22  7.6227 +13 39 21.522  35.5317611  13.6559783  35.5317549  13.6559784    0.0218   -0.0004    0.0391 17 35 16.00    10.00 
  2020 11 16.733345  2 22  7.6163 +13 39 21.478  35.5317347  13.6559660  35.5317332  13.6559700    0.0052   -0.0143    0.0306 17 36  1.00    10.00 
  2020 11 16.733866  2 22  7.6120 +13 39 21.467  35.5317168  13.6559630  35.5317116  13.6559615    0.0184    0.0053    0.0633 17 36 46.00    10.00 
  2020 11 16.734387  2 22  7.6046 +13 39 21.454  35.5316860  13.6559595  35.5316899  13.6559530   -0.0137    0.0233    0.0260 17 37 31.00    10.00 
  2020 11 16.734907  2 22  7.6024 +13 39 21.431  35.5316767  13.6559532  35.5316682  13.6559446    0.0298    0.0310    0.0347 17 38 16.00    10.00 
  2020 11 16.735428  2 22  7.5955 +13 39 21.372  35.5316480  13.6559366  35.5316466  13.6559361    0.0049    0.0019    0.0309 17 39  1.00    10.00 
  2020 11 16.735937  2 22  7.5882 +13 39 21.340  35.5316173  13.6559278  35.5316254  13.6559278   -0.0282    0.0000    0.0279 17 39 45.00    10.00 
  2020 11 16.736458  2 22  7.5871 +13 39 21.279  35.5316128  13.6559108  35.5316037  13.6559194    0.0319   -0.0309    0.0464 17 40 30.00    10.00 
  2020 11 16.736979  2 22  7.5802 +13 39 21.282  35.5315843  13.6559116  35.5315821  13.6559109    0.0079    0.0024    0.0461 17 41 15.00    10.00 
  2020 11 16.737500  2 22  7.5761 +13 39 21.229  35.5315673  13.6558969  35.5315604  13.6559024    0.0240   -0.0198    0.0324 17 42  0.00    10.00 
  2020 11 16.738021  2 22  7.5701 +13 39 21.207  35.5315419  13.6558908  35.5315387  13.6558940    0.0110   -0.0114    0.0405 17 42 45.00    10.00 
  2020 11 16.738542  2 22  7.5665 +13 39 21.177  35.5315269  13.6558824  35.5315171  13.6558855    0.0344   -0.0113    0.0440 17 43 30.00    10.00 
  2020 11 16.739062  2 22  7.5581 +13 39 21.184  35.5314919  13.6558844  35.5314954  13.6558770   -0.0124    0.0264    0.0409 17 44 15.00    10.00 
  2020 11 16.739583  2 22  7.5538 +13 39 21.176  35.5314743  13.6558822  35.5314738  13.6558686    0.0017    0.0493    0.0429 17 45  0.00    10.00 
  2020 11 16.740104  2 22  7.5454 +13 39 21.135  35.5314392  13.6558710  35.5314521  13.6558601   -0.0452    0.0391    0.0521 17 45 45.00    10.00 
  2020 11 16.740625  2 22  7.5450 +13 39 21.081  35.5314375  13.6558558  35.5314305  13.6558516    0.0248    0.0150    0.0691 17 46 30.00    10.00 
  2020 11 16.741146  2 22  7.5351 +13 39 21.033  35.5313961  13.6558426  35.5314088  13.6558431   -0.0444   -0.0020    0.0418 17 47 15.00    10.00 
  2020 11 16.741667  2 22  7.5332 +13 39 21.067  35.5313885  13.6558520  35.5313872  13.6558347    0.0046    0.0624    0.0306 17 48  0.00    10.00 
  2020 11 16.742188  2 22  7.5249 +13 39 20.974  35.5313537  13.6558260  35.5313655  13.6558262   -0.0412   -0.0006    0.0455 17 48 45.00    10.00 
  2020 11 16.742708  2 22  7.5220 +13 39 20.956  35.5313417  13.6558211  35.5313439  13.6558177   -0.0077    0.0121    0.0334 17 49 30.00    10.00 
  2020 11 16.743229  2 22  7.5165 +13 39 20.930  35.5313189  13.6558140  35.5313222  13.6558093   -0.0116    0.0170    0.0308 17 50 15.00    10.00 
  2020 11 16.743750  2 22  7.5090 +13 39 20.890  35.5312875  13.6558028  35.5313006  13.6558008   -0.0455    0.0074    0.0307 17 51  0.00    10.00 
  2020 11 16.744271  2 22  7.5063 +13 39 20.847  35.5312761  13.6557909  35.5312789  13.6557923   -0.0097   -0.0049    0.0376 17 51 45.00    10.00 
  2020 11 16.744792  2 22  7.5012 +13 39 20.831  35.5312551  13.6557865  35.5312573  13.6557838   -0.0075    0.0097    0.0234 17 52 30.00    10.00 
  2020 11 16.745313  2 22  7.4946 +13 39 20.833  35.5312277  13.6557870  35.5312356  13.6557753   -0.0277    0.0420    0.0361 17 53 15.00    10.00 
  2020 11 16.745822  2 22  7.4941 +13 39 20.757  35.5312253  13.6557659  35.5312145  13.6557671    0.0380   -0.0042    0.0548 17 53 59.00    10.00 
  2020 11 16.746343  2 22  7.4849 +13 39 20.740  35.5311873  13.6557612  35.5311928  13.6557586   -0.0194    0.0093    0.0220 17 54 44.00    10.00 
  2020 11 16.746863  2 22  7.4840 +13 39 20.690  35.5311835  13.6557471  35.5311712  13.6557501    0.0431   -0.0107    0.0385 17 55 29.00    10.00 
  2020 11 16.747940  2 22  7.4690 +13 39 20.651  35.5311208  13.6557364  35.5311265  13.6557326   -0.0197    0.0139    0.0272 17 57  2.00    10.00 
  2020 11 16.748461  2 22  7.4635 +13 39 20.618  35.5310980  13.6557271  35.5311048  13.6557241   -0.0238    0.0109    0.0372 17 57 47.00    10.00 
  2020 11 16.748981  2 22  7.4599 +13 39 20.565  35.5310827  13.6557125  35.5310832  13.6557156   -0.0015   -0.0114    0.0484 17 58 32.00    10.00 
  2020 11 16.749491  2 22  7.4555 +13 39 20.551  35.5310647  13.6557085  35.5310620  13.6557073    0.0094    0.0042    0.0298 17 59 16.00    10.00 
  2020 11 16.750012  2 22  7.4543 +13 39 20.486  35.5310594  13.6556904  35.5310404  13.6556988    0.0665   -0.0302    0.0437 18  0  1.00    10.00 
  2020 11 16.750532  2 22  7.4438 +13 39 20.493  35.5310158  13.6556926  35.5310188  13.6556903   -0.0105    0.0082    0.0329 18  0 46.00    10.00 
  2020 11 16.751053  2 22  7.4393 +13 39 20.420  35.5309970  13.6556723  35.5309971  13.6556819   -0.0005   -0.0346    0.0415 18  1 31.00    10.00 
  2020 11 16.751574  2 22  7.4349 +13 39 20.425  35.5309787  13.6556737  35.5309755  13.6556734    0.0112    0.0011    0.0290 18  2 16.00    10.00 
  2020 11 16.752095  2 22  7.4301 +13 39 20.455  35.5309589  13.6556818  35.5309539  13.6556649    0.0177    0.0611    0.0261 18  3  1.00    10.00 
  2020 11 16.752616  2 22  7.4240 +13 39 20.341  35.5309332  13.6556502  35.5309322  13.6556564    0.0034   -0.0222    0.0364 18  3 46.00    10.00 
  2020 11 16.753137  2 22  7.4189 +13 39 20.337  35.5309122  13.6556492  35.5309106  13.6556479    0.0057    0.0046    0.0377 18  4 31.00    10.00 
  2020 11 16.753657  2 22  7.4121 +13 39 20.292  35.5308838  13.6556367  35.5308890  13.6556394   -0.0182   -0.0098    0.0244 18  5 16.00    10.00 
  2020 11 16.754178  2 22  7.4087 +13 39 20.251  35.5308696  13.6556252  35.5308674  13.6556309    0.0078   -0.0205    0.0390 18  6  1.00    10.00 
  2020 11 16.754699  2 22  7.4032 +13 39 20.230  35.5308466  13.6556193  35.5308457  13.6556224    0.0029   -0.0112    0.0271 18  6 46.00    10.00 
  2020 11 16.755220  2 22  7.3999 +13 39 20.213  35.5308331  13.6556148  35.5308241  13.6556139    0.0313    0.0030    0.0363 18  7 31.00    10.00 
  2020 11 16.755741  2 22  7.3889 +13 39 20.191  35.5307869  13.6556085  35.5308025  13.6556055   -0.0545    0.0109    0.0285 18  8 16.00    10.00 
  2020 11 16.756262  2 22  7.3887 +13 39 20.152  35.5307864  13.6555978  35.5307809  13.6555970    0.0193    0.0029    0.0246 18  9  1.00    10.00 
  2020 11 16.756771  2 22  7.3832 +13 39 20.162  35.5307634  13.6556007  35.5307597  13.6555887    0.0126    0.0433    0.0439 18  9 45.00    10.00 
  2020 11 17.614236  2 21 59.1691 +13 38 28.135  35.4965379  13.6411487  35.4965286  13.6411496    0.0327   -0.0031    0.0265 14 44 30.00    10.00 
  2020 11 17.614757  2 21 59.1604 +13 38 28.132  35.4965016  13.6411478  35.4965078  13.6411406   -0.0217    0.0260    0.0221 14 45 15.00    10.00 
  2020 11 17.615278  2 21 59.1572 +13 38 28.122  35.4964884  13.6411450  35.4964870  13.6411315    0.0048    0.0485    0.0276 14 46  0.00    10.00 
  2020 11 17.615799  2 21 59.1520 +13 38 28.029  35.4964665  13.6411193  35.4964663  13.6411225    0.0009   -0.0117    0.0343 14 46 45.00    10.00 
  2020 11 17.616319  2 21 59.1457 +13 38 28.024  35.4964403  13.6411178  35.4964455  13.6411135   -0.0183    0.0154    0.0198 14 47 30.00    10.00 
  2020 11 17.616840  2 21 59.1422 +13 38 27.991  35.4964260  13.6411086  35.4964247  13.6411045    0.0044    0.0149    0.0192 14 48 15.00    10.00 
  2020 11 17.617361  2 21 59.1333 +13 38 27.949  35.4963888  13.6410970  35.4964040  13.6410955   -0.0531    0.0057    0.0300 14 49  0.00    10.00 
  2020 11 17.617882  2 21 59.1288 +13 38 27.892  35.4963702  13.6410812  35.4963832  13.6410864   -0.0456   -0.0188    0.0430 14 49 45.00    10.00 
  2020 11 17.618403  2 21 59.1279 +13 38 27.848  35.4963662  13.6410690  35.4963624  13.6410774    0.0132   -0.0302    0.0632 14 50 30.00    10.00 
  2020 11 17.619444  2 21 59.1137 +13 38 27.809  35.4963072  13.6410580  35.4963209  13.6410594   -0.0478   -0.0049    0.0745 14 52  0.00    10.00 
  2020 11 17.619965  2 21 59.1125 +13 38 27.775  35.4963020  13.6410486  35.4963001  13.6410503    0.0065   -0.0062    0.0433 14 52 45.00    10.00 
  2020 11 17.620486  2 21 59.1071 +13 38 27.729  35.4962794  13.6410357  35.4962794  13.6410413    0.0002   -0.0201    0.0371 14 53 30.00    10.00 
  2020 11 17.621007  2 21 59.1015 +13 38 27.695  35.4962563  13.6410263  35.4962586  13.6410323   -0.0081   -0.0217    0.0240 14 54 15.00    10.00 
  2020 11 17.621528  2 21 59.0956 +13 38 27.726  35.4962316  13.6410351  35.4962379  13.6410233   -0.0219    0.0427    0.0272 14 55  0.00    10.00 
  2020 11 17.622049  2 21 59.0911 +13 38 27.675  35.4962130  13.6410209  35.4962171  13.6410142   -0.0142    0.0240    0.0284 14 55 45.00    10.00 
  2020 11 17.622558  2 21 59.0879 +13 38 27.614  35.4961997  13.6410040  35.4961968  13.6410054    0.0102   -0.0050    0.0422 14 56 29.00    10.00 
  2020 11 17.624120  2 21 59.0717 +13 38 27.504  35.4961320  13.6409734  35.4961345  13.6409783   -0.0086   -0.0176    0.0390 14 58 44.00    10.00 
  2020 11 17.624641  2 21 59.0679 +13 38 27.493  35.4961162  13.6409703  35.4961138  13.6409693    0.0084    0.0038    0.0349 14 59 29.00    10.00 
  2020 11 17.625162  2 21 59.0621 +13 38 27.488  35.4960923  13.6409688  35.4960930  13.6409602   -0.0025    0.0306    0.0268 15  0 14.00    10.00 
  2020 11 17.626725  2 21 59.0460 +13 38 27.348  35.4960250  13.6409300  35.4960307  13.6409332   -0.0198   -0.0114    0.0666 15  2 29.00    10.00 
  2020 11 17.627245  2 21 59.0411 +13 38 27.340  35.4960046  13.6409277  35.4960100  13.6409241   -0.0189    0.0131    0.0331 15  3 14.00    10.00 
  2020 11 17.627766  2 21 59.0348 +13 38 27.324  35.4959782  13.6409232  35.4959892  13.6409151   -0.0385    0.0293    0.0239 15  3 59.00    10.00 
  2020 11 17.628287  2 21 59.0321 +13 38 27.267  35.4959669  13.6409075  35.4959684  13.6409061   -0.0055    0.0053    0.0218 15  4 44.00    10.00 
  2020 11 17.629850  2 21 59.0193 +13 38 27.173  35.4959139  13.6408815  35.4959062  13.6408789    0.0270    0.0090    0.0264 15  6 59.00    10.00 
  2020 11 17.630370  2 21 59.0120 +13 38 27.164  35.4958832  13.6408788  35.4958854  13.6408699   -0.0076    0.0319    0.0349 15  7 44.00    10.00 
  2020 11 17.630891  2 21 59.0068 +13 38 27.129  35.4958615  13.6408692  35.4958647  13.6408609   -0.0111    0.0300    0.0341 15  8 29.00    10.00 
  2020 11 17.631400  2 21 59.0041 +13 38 27.070  35.4958503  13.6408529  35.4958444  13.6408520    0.0209    0.0031    0.0318 15  9 13.00    10.00 
  2020 11 17.631921  2 21 58.9995 +13 38 27.013  35.4958311  13.6408369  35.4958236  13.6408430    0.0263   -0.0219    0.0471 15  9 58.00    10.00 
  2020 11 17.632442  2 21 58.9931 +13 38 27.082  35.4958047  13.6408560  35.4958029  13.6408340    0.0064    0.0794    0.0283 15 10 43.00    10.00 
  2020 11 17.632963  2 21 58.9859 +13 38 27.045  35.4957745  13.6408459  35.4957821  13.6408249   -0.0267    0.0756    0.0259 15 11 28.00    10.00 
  2020 11 17.633484  2 21 58.9805 +13 38 26.959  35.4957520  13.6408219  35.4957614  13.6408159   -0.0329    0.0215    0.0465 15 12 13.00    10.00 
  2020 11 17.634005  2 21 58.9763 +13 38 26.924  35.4957347  13.6408123  35.4957406  13.6408068   -0.0206    0.0198    0.0265 15 12 58.00    10.00 
  2020 11 17.635046  2 21 58.9657 +13 38 26.802  35.4956905  13.6407782  35.4956991  13.6407888   -0.0301   -0.0379    0.0284 15 14 28.00    10.00 
  2020 11 17.635567  2 21 58.9618 +13 38 26.771  35.4956741  13.6407698  35.4956783  13.6407797   -0.0148   -0.0358    0.0432 15 15 13.00    10.00 
  2020 11 17.638171  2 21 58.9358 +13 38 26.654  35.4955656  13.6407373  35.4955746  13.6407345   -0.0314    0.0099    0.0517 15 18 58.00    10.00 
  2020 11 17.639734  2 21 58.9231 +13 38 26.523  35.4955128  13.6407007  35.4955124  13.6407074    0.0016   -0.0239    0.0896 15 21 13.00    10.00 
  2020 11 17.640775  2 21 58.9117 +13 38 26.496  35.4954654  13.6406934  35.4954709  13.6406893   -0.0189    0.0148    0.0428 15 22 43.00    10.00 
  2020 11 17.641296  2 21 58.9101 +13 38 26.387  35.4954587  13.6406631  35.4954501  13.6406802    0.0299   -0.0618    0.0766 15 23 28.00    10.00 
  2020 11 17.641806  2 21 58.8999 +13 38 26.431  35.4954161  13.6406753  35.4954298  13.6406714   -0.0479    0.0141    0.0484 15 24 12.00    10.00 
  2020 11 17.642326  2 21 58.8986 +13 38 26.328  35.4954107  13.6406467  35.4954091  13.6406623    0.0057   -0.0563    0.0345 15 24 57.00    10.00 
  2020 11 17.642847  2 21 58.8927 +13 38 26.363  35.4953864  13.6406564  35.4953883  13.6406533   -0.0069    0.0112    0.0296 15 25 42.00    10.00 
  2020 11 17.643368  2 21 58.8868 +13 38 26.367  35.4953618  13.6406575  35.4953676  13.6406442   -0.0204    0.0477    0.0304 15 26 27.00    10.00 
  2020 11 17.643889  2 21 58.8849 +13 38 26.239  35.4953537  13.6406221  35.4953469  13.6406352    0.0238   -0.0472    0.0395 15 27 12.00    10.00 
  2020 11 17.644410  2 21 58.8769 +13 38 26.264  35.4953202  13.6406288  35.4953261  13.6406261   -0.0206    0.0096    0.0326 15 27 57.00    10.00 
  2020 11 17.644931  2 21 58.8732 +13 38 26.152  35.4953051  13.6405977  35.4953054  13.6406171   -0.0010   -0.0698    0.0461 15 28 42.00    10.00 
  2020 11 17.645451  2 21 58.8675 +13 38 26.222  35.4952811  13.6406171  35.4952846  13.6406080   -0.0123    0.0328    0.0244 15 29 27.00    10.00 
  2020 11 17.645972  2 21 58.8629 +13 38 26.137  35.4952621  13.6405936  35.4952639  13.6405990   -0.0061   -0.0195    0.0159 15 30 12.00    10.00 
  2020 11 17.646493  2 21 58.8585 +13 38 26.132  35.4952438  13.6405922  35.4952431  13.6405899    0.0023    0.0081    0.0266 15 30 57.00    10.00 
  2020 11 17.647014  2 21 58.8524 +13 38 26.111  35.4952182  13.6405864  35.4952224  13.6405809   -0.0147    0.0201    0.0399 15 31 42.00    10.00 
  2020 11 17.647535  2 21 58.8474 +13 38 26.035  35.4951974  13.6405653  35.4952017  13.6405718   -0.0150   -0.0233    0.0357 15 32 27.00    10.00 
  2020 11 17.648056  2 21 58.8416 +13 38 26.005  35.4951734  13.6405569  35.4951809  13.6405628   -0.0264   -0.0213    0.0541 15 33 12.00    10.00 
  2020 11 17.648576  2 21 58.8403 +13 38 25.956  35.4951681  13.6405434  35.4951602  13.6405537    0.0277   -0.0371    0.0458 15 33 57.00    10.00 
  2020 11 17.649097  2 21 58.8357 +13 38 25.964  35.4951487  13.6405457  35.4951394  13.6405447    0.0324    0.0037    0.0779 15 34 42.00    10.00 
  2020 11 17.649618  2 21 58.8272 +13 38 25.865  35.4951134  13.6405180  35.4951187  13.6405356   -0.0184   -0.0633    0.0853 15 35 27.00    10.00 
  2020 11 17.650660  2 21 58.8190 +13 38 25.917  35.4950790  13.6405324  35.4950772  13.6405175    0.0061    0.0537    0.0260 15 36 57.00    10.00 
  2020 11 17.651181  2 21 58.8134 +13 38 25.836  35.4950557  13.6405101  35.4950565  13.6405084   -0.0029    0.0060    0.0356 15 37 42.00    10.00 
  2020 11 17.651701  2 21 58.8083 +13 38 25.830  35.4950347  13.6405083  35.4950358  13.6404994   -0.0035    0.0321    0.0334 15 38 27.00    10.00 
  2020 11 17.652222  2 21 58.8029 +13 38 25.819  35.4950119  13.6405052  35.4950150  13.6404903   -0.0109    0.0536    0.0344 15 39 12.00    10.00 
  2020 11 17.652743  2 21 58.7982 +13 38 25.751  35.4949924  13.6404863  35.4949943  13.6404813   -0.0066    0.0183    0.0335 15 39 57.00    10.00 
  2020 11 17.653252  2 21 58.7933 +13 38 25.692  35.4949722  13.6404701  35.4949740  13.6404724   -0.0064   -0.0083    0.0282 15 40 41.00    10.00 
  2020 11 17.653773  2 21 58.7884 +13 38 25.712  35.4949519  13.6404755  35.4949533  13.6404633   -0.0050    0.0439    0.0289 15 41 26.00    10.00 
  2020 11 17.654294  2 21 58.7848 +13 38 25.593  35.4949366  13.6404426  35.4949326  13.6404543    0.0143   -0.0419    0.0536 15 42 11.00    10.00 
  2020 11 17.654815  2 21 58.7788 +13 38 25.612  35.4949116  13.6404479  35.4949118  13.6404452   -0.0008    0.0096    0.0707 15 42 56.00    10.00 
  2020 11 17.655856  2 21 58.7662 +13 38 25.530  35.4948591  13.6404250  35.4948704  13.6404271   -0.0395   -0.0077    0.0356 15 44 26.00    10.00 
  2020 11 17.656377  2 21 58.7636 +13 38 25.491  35.4948484  13.6404142  35.4948496  13.6404180   -0.0042   -0.0136    0.0178 15 45 11.00    10.00 
  2020 11 17.656898  2 21 58.7569 +13 38 25.458  35.4948203  13.6404050  35.4948289  13.6404090   -0.0301   -0.0143    0.0237 15 45 56.00    10.00 
  2020 11 17.657419  2 21 58.7531 +13 38 25.449  35.4948045  13.6404024  35.4948082  13.6403999   -0.0128    0.0090    0.0183 15 46 41.00    10.00 
  2020 11 17.657940  2 21 58.7491 +13 38 25.380  35.4947877  13.6403833  35.4947874  13.6403908    0.0009   -0.0273    0.0556 15 47 26.00    10.00 
  2020 11 17.658461  2 21 58.7436 +13 38 25.391  35.4947651  13.6403865  35.4947667  13.6403818   -0.0057    0.0170    0.0298 15 48 11.00    10.00 
  2020 11 17.658981  2 21 58.7360 +13 38 25.344  35.4947333  13.6403732  35.4947460  13.6403727   -0.0443    0.0019    0.0338 15 48 56.00    10.00 
  2020 11 17.659502  2 21 58.7335 +13 38 25.294  35.4947227  13.6403594  35.4947253  13.6403636   -0.0089   -0.0151    0.0233 15 49 41.00    10.00 
  2020 11 17.660023  2 21 58.7284 +13 38 25.256  35.4947015  13.6403490  35.4947045  13.6403546   -0.0106   -0.0202    0.0262 15 50 26.00    10.00 
  2020 11 17.660544  2 21 58.7236 +13 38 25.285  35.4946816  13.6403569  35.4946838  13.6403455   -0.0076    0.0411    0.0259 15 51 11.00    10.00 
  2020 11 17.661065  2 21 58.7192 +13 38 25.204  35.4946633  13.6403344  35.4946631  13.6403364    0.0008   -0.0073    0.0298 15 51 56.00    10.00 
  2020 11 17.661586  2 21 58.7134 +13 38 25.149  35.4946391  13.6403192  35.4946424  13.6403274   -0.0114   -0.0293    0.0321 15 52 41.00    10.00 
  2020 11 17.662106  2 21 58.7086 +13 38 25.145  35.4946192  13.6403180  35.4946216  13.6403183   -0.0084   -0.0009    0.0234 15 53 26.00    10.00 
  2020 11 17.662627  2 21 58.7034 +13 38 25.114  35.4945974  13.6403093  35.4946009  13.6403092   -0.0122    0.0004    0.0347 15 54 11.00    10.00 
  2020 11 17.663148  2 21 58.6980 +13 38 25.084  35.4945752  13.6403011  35.4945802  13.6403002   -0.0176    0.0036    0.0204 15 54 56.00    10.00 
  2020 11 17.663657  2 21 58.6949 +13 38 25.052  35.4945621  13.6402923  35.4945599  13.6402913    0.0076    0.0036    0.0205 15 55 40.00    10.00 
  2020 11 17.664178  2 21 58.6888 +13 38 25.002  35.4945365  13.6402784  35.4945392  13.6402822   -0.0095   -0.0139    0.0249 15 56 25.00    10.00 
  2020 11 17.664699  2 21 58.6838 +13 38 25.017  35.4945159  13.6402824  35.4945185  13.6402731   -0.0089    0.0332    0.0240 15 57 10.00    10.00 
  2020 11 17.665220  2 21 58.6786 +13 38 24.984  35.4944942  13.6402733  35.4944978  13.6402641   -0.0125    0.0333    0.0219 15 57 55.00    10.00 
  2020 11 17.665741  2 21 58.6746 +13 38 24.947  35.4944777  13.6402631  35.4944771  13.6402550    0.0023    0.0293    0.0226 15 58 40.00    10.00 
  2020 11 17.666262  2 21 58.6679 +13 38 24.918  35.4944497  13.6402550  35.4944563  13.6402459   -0.0233    0.0326    0.0278 15 59 25.00    10.00 
  2020 11 17.666782  2 21 58.6647 +13 38 24.853  35.4944363  13.6402369  35.4944356  13.6402369    0.0023    0.0003    0.0215 16  0 10.00    10.00 
  2020 11 17.667303  2 21 58.6598 +13 38 24.820  35.4944157  13.6402279  35.4944149  13.6402278    0.0027    0.0005    0.0263 16  0 55.00    10.00 
  2020 11 17.667824  2 21 58.6550 +13 38 24.804  35.4943958  13.6402234  35.4943942  13.6402187    0.0058    0.0170    0.0248 16  1 40.00    10.00 
  2020 11 17.668345  2 21 58.6492 +13 38 24.773  35.4943717  13.6402146  35.4943735  13.6402096   -0.0061    0.0180    0.0214 16  2 25.00    10.00 
  2020 11 17.668866  2 21 58.6450 +13 38 24.725  35.4943542  13.6402014  35.4943528  13.6402006    0.0052    0.0032    0.0260 16  3 10.00    10.00 
  2020 11 17.669387  2 21 58.6385 +13 38 24.721  35.4943271  13.6402002  35.4943320  13.6401915   -0.0173    0.0314    0.0209 16  3 55.00    10.00 
  2020 11 17.669907  2 21 58.6343 +13 38 24.692  35.4943096  13.6401921  35.4943113  13.6401824   -0.0062    0.0350    0.0243 16  4 40.00    10.00 
  2020 11 17.670428  2 21 58.6285 +13 38 24.636  35.4942852  13.6401766  35.4942906  13.6401733   -0.0188    0.0116    0.0368 16  5 25.00    10.00 
  2020 11 17.670949  2 21 58.6261 +13 38 24.601  35.4942752  13.6401671  35.4942699  13.6401642    0.0185    0.0101    0.0303 16  6 10.00    10.00 
  2020 11 17.671470  2 21 58.6217 +13 38 24.536  35.4942571  13.6401490  35.4942492  13.6401552    0.0277   -0.0222    0.0322 16  6 55.00    10.00 
  2020 11 17.671991  2 21 58.6146 +13 38 24.521  35.4942275  13.6401447  35.4942285  13.6401461   -0.0035   -0.0051    0.0238 16  7 40.00    10.00 
  2020 11 17.672512  2 21 58.6097 +13 38 24.496  35.4942070  13.6401377  35.4942078  13.6401370   -0.0029    0.0024    0.0276 16  8 25.00    10.00 
  2020 11 17.673032  2 21 58.6045 +13 38 24.431  35.4941853  13.6401196  35.4941871  13.6401279   -0.0061   -0.0300    0.0244 16  9 10.00    10.00 
  2020 11 17.673553  2 21 58.5996 +13 38 24.436  35.4941652  13.6401210  35.4941664  13.6401189   -0.0041    0.0078    0.0193 16  9 55.00    10.00 
  2020 11 17.674074  2 21 58.5947 +13 38 24.439  35.4941445  13.6401220  35.4941457  13.6401098   -0.0040    0.0439    0.0234 16 10 40.00    10.00 
  2020 11 17.674583  2 21 58.5902 +13 38 24.389  35.4941259  13.6401080  35.4941254  13.6401009    0.0016    0.0254    0.0221 16 11 24.00    10.00 
  2020 11 17.675104  2 21 58.5842 +13 38 24.315  35.4941010  13.6400876  35.4941047  13.6400918   -0.0131   -0.0153    0.0124 16 12  9.00    10.00 
  2020 11 17.675625  2 21 58.5787 +13 38 24.316  35.4940781  13.6400878  35.4940840  13.6400827   -0.0206    0.0181    0.0204 16 12 54.00    10.00 
  2020 11 17.676146  2 21 58.5753 +13 38 24.263  35.4940637  13.6400730  35.4940633  13.6400736    0.0014   -0.0022    0.0264 16 13 39.00    10.00 
  2020 11 17.676667  2 21 58.5706 +13 38 24.248  35.4940441  13.6400689  35.4940426  13.6400646    0.0054    0.0158    0.0254 16 14 24.00    10.00 
  2020 11 17.677187  2 21 58.5646 +13 38 24.168  35.4940190  13.6400465  35.4940219  13.6400555   -0.0100   -0.0322    0.0248 16 15  9.00    10.00 
  2020 11 17.677697  2 21 58.5602 +13 38 24.190  35.4940009  13.6400527  35.4940017  13.6400466   -0.0025    0.0221    0.0258 16 15 53.00    10.00 
  2020 11 17.678206  2 21 58.5559 +13 38 24.140  35.4939829  13.6400389  35.4939814  13.6400377    0.0052    0.0043    0.0320 16 16 37.00    10.00 
  2020 11 17.678727  2 21 58.5502 +13 38 24.127  35.4939592  13.6400352  35.4939607  13.6400286   -0.0054    0.0237    0.0302 16 17 22.00    10.00 
  2020 11 17.679248  2 21 58.5441 +13 38 24.077  35.4939337  13.6400214  35.4939400  13.6400195   -0.0222    0.0067    0.0297 16 18  7.00    10.00 
  2020 11 17.679769  2 21 58.5403 +13 38 24.071  35.4939179  13.6400197  35.4939193  13.6400105   -0.0051    0.0332    0.0166 16 18 52.00    10.00 
  2020 11 17.680289  2 21 58.5367 +13 38 24.014  35.4939028  13.6400038  35.4938986  13.6400014    0.0145    0.0086    0.0187 16 19 37.00    10.00 
  2020 11 17.680810  2 21 58.5303 +13 38 23.950  35.4938765  13.6399861  35.4938779  13.6399923   -0.0052   -0.0224    0.0287 16 20 22.00    10.00 
  2020 11 17.681331  2 21 58.5258 +13 38 23.964  35.4938576  13.6399901  35.4938572  13.6399832    0.0014    0.0249    0.0226 16 21  7.00    10.00 
  2020 11 17.681852  2 21 58.5196 +13 38 23.924  35.4938316  13.6399789  35.4938365  13.6399741   -0.0171    0.0172    0.0246 16 21 52.00    10.00 
  2020 11 17.682373  2 21 58.5149 +13 38 23.877  35.4938121  13.6399659  35.4938158  13.6399650   -0.0130    0.0032    0.0207 16 22 37.00    10.00 
  2020 11 17.682894  2 21 58.5095 +13 38 23.862  35.4937895  13.6399616  35.4937951  13.6399559   -0.0198    0.0204    0.0335 16 23 22.00    10.00 
  2020 11 17.683414  2 21 58.5072 +13 38 23.776  35.4937798  13.6399378  35.4937745  13.6399468    0.0188   -0.0324    0.0322 16 24  7.00    10.00 
  2020 11 17.683935  2 21 58.5007 +13 38 23.760  35.4937529  13.6399334  35.4937538  13.6399377   -0.0030   -0.0158    0.0366 16 24 52.00    10.00 
  2020 11 17.684456  2 21 58.4949 +13 38 23.751  35.4937287  13.6399308  35.4937331  13.6399287   -0.0155    0.0078    0.0249 16 25 37.00    10.00 
  2020 11 17.684977  2 21 58.4905 +13 38 23.694  35.4937104  13.6399150  35.4937124  13.6399196   -0.0070   -0.0163    0.0145 16 26 22.00    10.00 
  2020 11 17.685498  2 21 58.4855 +13 38 23.695  35.4936897  13.6399154  35.4936917  13.6399105   -0.0070    0.0177    0.0278 16 27  7.00    10.00 
  2020 11 17.686019  2 21 58.4798 +13 38 23.657  35.4936657  13.6399047  35.4936710  13.6399014   -0.0185    0.0120    0.0253 16 27 52.00    10.00 
  2020 11 17.686539  2 21 58.4764 +13 38 23.630  35.4936517  13.6398973  35.4936503  13.6398923    0.0047    0.0181    0.0267 16 28 37.00    10.00 
  2020 11 17.687060  2 21 58.4711 +13 38 23.608  35.4936294  13.6398911  35.4936296  13.6398832   -0.0007    0.0285    0.0322 16 29 22.00    10.00 
  2020 11 17.687581  2 21 58.4646 +13 38 23.602  35.4936026  13.6398895  35.4936089  13.6398741   -0.0223    0.0556    0.0342 16 30  7.00    10.00 
  2020 11 17.688102  2 21 58.4615 +13 38 23.534  35.4935896  13.6398705  35.4935883  13.6398650    0.0048    0.0197    0.0254 16 30 52.00    10.00 
  2020 11 17.688611  2 21 58.4541 +13 38 23.536  35.4935588  13.6398710  35.4935680  13.6398561   -0.0322    0.0538    0.0240 16 31 36.00    10.00 
  2020 11 17.689132  2 21 58.4513 +13 38 23.453  35.4935471  13.6398480  35.4935474  13.6398470   -0.0009    0.0035    0.0430 16 32 21.00    10.00 
  2020 11 17.689653  2 21 58.4479 +13 38 23.401  35.4935327  13.6398335  35.4935267  13.6398379    0.0212   -0.0158    0.0317 16 33  6.00    10.00 
  2020 11 17.690174  2 21 58.4392 +13 38 23.418  35.4934969  13.6398385  35.4935060  13.6398288   -0.0319    0.0347    0.0410 16 33 51.00    10.00 
  2020 11 17.690694  2 21 58.4333 +13 38 23.314  35.4934722  13.6398096  35.4934853  13.6398197   -0.0460   -0.0366    0.0449 16 34 36.00    10.00 
  2020 11 17.691215  2 21 58.4308 +13 38 23.313  35.4934615  13.6398092  35.4934646  13.6398106   -0.0109   -0.0051    0.0210 16 35 21.00    10.00 
  2020 11 17.691736  2 21 58.4252 +13 38 23.291  35.4934383  13.6398030  35.4934440  13.6398015   -0.0199    0.0053    0.0270 16 36  6.00    10.00 
  2020 11 17.692257  2 21 58.4197 +13 38 23.253  35.4934154  13.6397926  35.4934233  13.6397924   -0.0274    0.0006    0.0253 16 36 51.00    10.00 
  2020 11 17.692778  2 21 58.4174 +13 38 23.237  35.4934059  13.6397880  35.4934026  13.6397833    0.0115    0.0169    0.0264 16 37 36.00    10.00 
  2020 11 17.693299  2 21 58.4121 +13 38 23.187  35.4933835  13.6397741  35.4933819  13.6397742    0.0057   -0.0005    0.0227 16 38 21.00    10.00 
  2020 11 17.693819  2 21 58.4060 +13 38 23.167  35.4933583  13.6397686  35.4933613  13.6397651   -0.0103    0.0124    0.0207 16 39  6.00    10.00 
  2020 11 17.694340  2 21 58.4014 +13 38 23.148  35.4933392  13.6397633  35.4933406  13.6397560   -0.0050    0.0262    0.0216 16 39 51.00    10.00 
  2020 11 17.694861  2 21 58.3956 +13 38 23.102  35.4933150  13.6397506  35.4933199  13.6397469   -0.0173    0.0133    0.0172 16 40 36.00    10.00 
  2020 11 17.695382  2 21 58.3915 +13 38 23.060  35.4932978  13.6397390  35.4932992  13.6397378   -0.0051    0.0041    0.0209 16 41 21.00    10.00 
  2020 11 17.695903  2 21 58.3849 +13 38 23.041  35.4932703  13.6397336  35.4932786  13.6397287   -0.0289    0.0177    0.0268 16 42  6.00    10.00 
  2020 11 17.696424  2 21 58.3813 +13 38 22.942  35.4932556  13.6397062  35.4932579  13.6397196   -0.0080   -0.0484    0.0162 16 42 51.00    10.00 
  2020 11 17.696944  2 21 58.3750 +13 38 22.959  35.4932290  13.6397108  35.4932372  13.6397105   -0.0287    0.0009    0.0276 16 43 36.00    10.00 
  2020 11 17.697454  2 21 58.3701 +13 38 22.935  35.4932086  13.6397042  35.4932170  13.6397016   -0.0295    0.0093    0.0194 16 44 20.00    10.00 
  2020 11 17.697975  2 21 58.3671 +13 38 22.941  35.4931964  13.6397057  35.4931963  13.6396925    0.0003    0.0475    0.0275 16 45  5.00    10.00 
  2020 11 17.698495  2 21 58.3615 +13 38 22.876  35.4931728  13.6396877  35.4931757  13.6396834   -0.0100    0.0155    0.0269 16 45 50.00    10.00 
  2020 11 17.699016  2 21 58.3577 +13 38 22.832  35.4931569  13.6396757  35.4931550  13.6396743    0.0067    0.0050    0.0277 16 46 35.00    10.00 
  2020 11 17.699537  2 21 58.3528 +13 38 22.789  35.4931367  13.6396637  35.4931344  13.6396652    0.0083   -0.0054    0.0236 16 47 20.00    10.00 
  2020 11 17.700058  2 21 58.3460 +13 38 22.754  35.4931081  13.6396540  35.4931137  13.6396561   -0.0194   -0.0076    0.0246 16 48  5.00    10.00 
  2020 11 17.700579  2 21 58.3413 +13 38 22.733  35.4930887  13.6396481  35.4930930  13.6396470   -0.0150    0.0039    0.0170 16 48 50.00    10.00 
  2020 11 17.701100  2 21 58.3357 +13 38 22.729  35.4930655  13.6396468  35.4930724  13.6396379   -0.0241    0.0323    0.0289 16 49 35.00    10.00 
  2020 11 17.701620  2 21 58.3311 +13 38 22.689  35.4930464  13.6396359  35.4930517  13.6396288   -0.0185    0.0257    0.0388 16 50 20.00    10.00 
  2020 11 17.702141  2 21 58.3282 +13 38 22.648  35.4930341  13.6396244  35.4930310  13.6396196    0.0105    0.0171    0.0197 16 51  5.00    10.00 
  2020 11 17.702662  2 21 58.3215 +13 38 22.605  35.4930062  13.6396124  35.4930104  13.6396105   -0.0147    0.0066    0.0259 16 51 50.00    10.00 
  2020 11 17.703183  2 21 58.3167 +13 38 22.566  35.4929861  13.6396017  35.4929897  13.6396014   -0.0127    0.0009    0.0396 16 52 35.00    10.00 
  2020 11 17.703704  2 21 58.3110 +13 38 22.512  35.4929625  13.6395866  35.4929691  13.6395923   -0.0231   -0.0206    0.0235 16 53 20.00    10.00 
  2020 11 17.704225  2 21 58.3076 +13 38 22.487  35.4929485  13.6395797  35.4929484  13.6395832    0.0002   -0.0127    0.0397 16 54  5.00    10.00 
  2020 11 17.704745  2 21 58.3027 +13 38 22.437  35.4929278  13.6395657  35.4929278  13.6395741    0.0001   -0.0301    0.0296 16 54 50.00    10.00 
  2020 11 17.705266  2 21 58.2970 +13 38 22.428  35.4929040  13.6395633  35.4929071  13.6395650   -0.0107   -0.0060    0.0238 16 55 35.00    10.00 
  2020 11 17.705775  2 21 58.2918 +13 38 22.439  35.4928825  13.6395664  35.4928869  13.6395561   -0.0154    0.0372    0.0157 16 56 19.00    10.00 
  2020 11 17.706296  2 21 58.2876 +13 38 22.408  35.4928649  13.6395578  35.4928663  13.6395470   -0.0049    0.0390    0.0307 16 57  4.00    10.00 
  2020 11 17.706817  2 21 58.2822 +13 38 22.340  35.4928424  13.6395389  35.4928456  13.6395378   -0.0113    0.0036    0.0393 16 57 49.00    10.00 
  2020 11 17.707338  2 21 58.2777 +13 38 22.272  35.4928238  13.6395199  35.4928250  13.6395287   -0.0042   -0.0317    0.0242 16 58 34.00    10.00 
  2020 11 17.707859  2 21 58.2699 +13 38 22.307  35.4927913  13.6395298  35.4928043  13.6395196   -0.0456    0.0365    0.0291 16 59 19.00    10.00 
  2020 11 17.708380  2 21 58.2698 +13 38 22.245  35.4927907  13.6395124  35.4927837  13.6395105    0.0245    0.0069    0.0556 17  0  4.00    10.00 
  2020 11 17.708900  2 21 58.2660 +13 38 22.202  35.4927750  13.6395005  35.4927630  13.6395014    0.0418   -0.0032    0.0319 17  0 49.00    10.00 
  2020 11 17.709421  2 21 58.2580 +13 38 22.194  35.4927415  13.6394982  35.4927424  13.6394923   -0.0031    0.0215    0.0214 17  1 34.00    10.00 
  2020 11 17.709942  2 21 58.2534 +13 38 22.173  35.4927225  13.6394925  35.4927217  13.6394832    0.0025    0.0336    0.0314 17  2 19.00    10.00 
  2020 11 17.710463  2 21 58.2472 +13 38 22.097  35.4926966  13.6394713  35.4927011  13.6394740   -0.0156   -0.0099    0.0177 17  3  4.00    10.00 
  2020 11 18.589421  2 21 50.2732 +13 37 26.316  35.4594716  13.6239766  35.4594772  13.6239676   -0.0197    0.0326    0.0532 14  8 46.00    10.00 
  2020 11 18.589942  2 21 50.2701 +13 37 26.323  35.4594585  13.6239786  35.4594576  13.6239584    0.0032    0.0726    0.0546 14  9 31.00    10.00 
  2020 11 18.590463  2 21 50.2648 +13 37 26.241  35.4594365  13.6239557  35.4594381  13.6239492   -0.0054    0.0235    0.0282 14 10 16.00    10.00 
  2020 11 18.590984  2 21 50.2593 +13 37 26.172  35.4594138  13.6239366  35.4594185  13.6239400   -0.0166   -0.0124    0.0296 14 11  1.00    10.00 
  2020 11 18.591505  2 21 50.2565 +13 37 26.163  35.4594021  13.6239341  35.4593989  13.6239309    0.0110    0.0116    0.0292 14 11 46.00    10.00 
  2020 11 18.592025  2 21 50.2483 +13 37 26.127  35.4593679  13.6239241  35.4593794  13.6239217   -0.0402    0.0087    0.0313 14 12 31.00    10.00 
  2020 11 18.592546  2 21 50.2478 +13 37 26.102  35.4593657  13.6239173  35.4593598  13.6239125    0.0208    0.0171    0.0505 14 13 16.00    10.00 
  2020 11 18.593067  2 21 50.2427 +13 37 26.069  35.4593447  13.6239081  35.4593402  13.6239033    0.0156    0.0171    0.0391 14 14  1.00    10.00 
  2020 11 18.593588  2 21 50.2333 +13 37 26.087  35.4593053  13.6239131  35.4593207  13.6238942   -0.0536    0.0680    0.0414 14 14 46.00    10.00 
  2020 11 18.594109  2 21 50.2337 +13 37 26.018  35.4593069  13.6238938  35.4593011  13.6238850    0.0203    0.0319    0.0317 14 15 31.00    10.00 
  2020 11 18.594630  2 21 50.2274 +13 37 25.967  35.4592807  13.6238797  35.4592815  13.6238758   -0.0030    0.0139    0.0362 14 16 16.00    10.00 
  2020 11 18.595150  2 21 50.2218 +13 37 25.950  35.4592573  13.6238751  35.4592620  13.6238666   -0.0162    0.0304    0.0228 14 17  1.00    10.00 
  2020 11 18.595671  2 21 50.2167 +13 37 25.892  35.4592361  13.6238589  35.4592424  13.6238574   -0.0219    0.0051    0.0200 14 17 46.00    10.00 
  2020 11 18.596181  2 21 50.2121 +13 37 25.868  35.4592169  13.6238522  35.4592233  13.6238485   -0.0222    0.0135    0.0276 14 18 30.00    10.00 
  2020 11 18.596701  2 21 50.2073 +13 37 25.844  35.4591972  13.6238456  35.4592037  13.6238393   -0.0228    0.0227    0.0182 14 19 15.00    10.00 
  2020 11 18.597222  2 21 50.2029 +13 37 25.790  35.4591786  13.6238304  35.4591841  13.6238301   -0.0192    0.0011    0.0504 14 20  0.00    10.00 
  2020 11 18.597743  2 21 50.1978 +13 37 25.804  35.4591577  13.6238344  35.4591645  13.6238209   -0.0240    0.0486    0.0628 14 20 45.00    10.00 
  2020 11 18.598264  2 21 50.1946 +13 37 25.719  35.4591443  13.6238109  35.4591450  13.6238118   -0.0024   -0.0030    0.0410 14 21 30.00    10.00 
  2020 11 18.598785  2 21 50.1886 +13 37 25.704  35.4591193  13.6238068  35.4591254  13.6238026   -0.0215    0.0151    0.0618 14 22 15.00    10.00 
  2020 11 18.599306  2 21 50.1851 +13 37 25.673  35.4591045  13.6237980  35.4591058  13.6237934   -0.0047    0.0167    0.0307 14 23  0.00    10.00 
  2020 11 18.599826  2 21 50.1765 +13 37 25.624  35.4590686  13.6237846  35.4590863  13.6237842   -0.0618    0.0012    0.0330 14 23 45.00    10.00 
  2020 11 18.600347  2 21 50.1753 +13 37 25.649  35.4590636  13.6237913  35.4590667  13.6237750   -0.0109    0.0585    0.0510 14 24 30.00    10.00 
  2020 11 18.600868  2 21 50.1697 +13 37 25.584  35.4590403  13.6237733  35.4590471  13.6237659   -0.0240    0.0270    0.0247 14 25 15.00    10.00 
  2020 11 18.601389  2 21 50.1659 +13 37 25.540  35.4590244  13.6237611  35.4590276  13.6237567   -0.0110    0.0160    0.0309 14 26  0.00    10.00 
  2020 11 18.601910  2 21 50.1614 +13 37 25.528  35.4590057  13.6237578  35.4590080  13.6237475   -0.0081    0.0371    0.0251 14 26 45.00    10.00 
  2020 11 18.602431  2 21 50.1577 +13 37 25.451  35.4589905  13.6237363  35.4589885  13.6237383    0.0072   -0.0074    0.0486 14 27 30.00    10.00 
  2020 11 18.602951  2 21 50.1507 +13 37 25.432  35.4589612  13.6237311  35.4589689  13.6237291   -0.0270    0.0072    0.0361 14 28 15.00    10.00 
  2020 11 18.603461  2 21 50.1467 +13 37 25.410  35.4589445  13.6237249  35.4589498  13.6237202   -0.0183    0.0172    0.0615 14 28 59.00    10.00 
  2020 11 18.603981  2 21 50.1393 +13 37 25.408  35.4589137  13.6237243  35.4589302  13.6237110   -0.0578    0.0481    0.0381 14 29 44.00    10.00 
  2020 11 18.604502  2 21 50.1369 +13 37 25.337  35.4589037  13.6237046  35.4589106  13.6237018   -0.0242    0.0101    0.0316 14 30 29.00    10.00 
  2020 11 18.605023  2 21 50.1321 +13 37 25.307  35.4588839  13.6236964  35.4588911  13.6236926   -0.0250    0.0135    0.0340 14 31 14.00    10.00 
  2020 11 18.605544  2 21 50.1288 +13 37 25.295  35.4588701  13.6236931  35.4588715  13.6236834   -0.0048    0.0349    0.0282 14 31 59.00    10.00 
  2020 11 18.606065  2 21 50.1224 +13 37 25.271  35.4588432  13.6236864  35.4588519  13.6236742   -0.0306    0.0439    0.0260 14 32 44.00    10.00 
  2020 11 18.606586  2 21 50.1161 +13 37 25.249  35.4588170  13.6236801  35.4588324  13.6236651   -0.0537    0.0543    0.0746 14 33 29.00    10.00 
  2020 11 18.607106  2 21 50.1141 +13 37 25.192  35.4588087  13.6236645  35.4588128  13.6236559   -0.0145    0.0309    0.0257 14 34 14.00    10.00 
  2020 11 18.607627  2 21 50.1081 +13 37 25.162  35.4587838  13.6236562  35.4587932  13.6236467   -0.0330    0.0343    0.0137 14 34 59.00    10.00 
  2020 11 18.608148  2 21 50.1046 +13 37 25.127  35.4587694  13.6236463  35.4587737  13.6236375   -0.0151    0.0316    0.0627 14 35 44.00    10.00 
  2020 11 18.608669  2 21 50.0975 +13 37 25.120  35.4587396  13.6236446  35.4587541  13.6236283   -0.0506    0.0585    0.0390 14 36 29.00    10.00 
  2020 11 18.609190  2 21 50.0934 +13 37 25.071  35.4587226  13.6236309  35.4587346  13.6236191   -0.0419    0.0424    0.0221 14 37 14.00    10.00 
  2020 11 18.609711  2 21 50.0915 +13 37 25.008  35.4587145  13.6236134  35.4587150  13.6236100   -0.0016    0.0126    0.0211 14 37 59.00    10.00 
  2020 11 18.610231  2 21 50.0854 +13 37 24.995  35.4586890  13.6236096  35.4586954  13.6236008   -0.0225    0.0318    0.0394 14 38 44.00    10.00 
  2020 11 18.610752  2 21 50.0810 +13 37 24.945  35.4586707  13.6235957  35.4586759  13.6235916   -0.0183    0.0150    0.0248 14 39 29.00    10.00 
  2020 11 18.611273  2 21 50.0750 +13 37 24.895  35.4586460  13.6235819  35.4586563  13.6235824   -0.0360   -0.0017    0.0369 14 40 14.00    10.00 
  2020 11 18.611794  2 21 50.0718 +13 37 24.873  35.4586325  13.6235759  35.4586368  13.6235732   -0.0148    0.0096    0.0220 14 40 59.00    10.00 
  2020 11 18.612315  2 21 50.0665 +13 37 24.848  35.4586103  13.6235690  35.4586172  13.6235640   -0.0240    0.0178    0.0311 14 41 44.00    10.00 
  2020 11 18.612836  2 21 50.0616 +13 37 24.849  35.4585902  13.6235693  35.4585976  13.6235548   -0.0261    0.0520    0.0270 14 42 29.00    10.00 
  2020 11 18.613356  2 21 50.0571 +13 37 24.784  35.4585711  13.6235510  35.4585781  13.6235457   -0.0243    0.0192    0.0139 14 43 14.00    10.00 
  2020 11 18.613877  2 21 50.0523 +13 37 24.745  35.4585511  13.6235402  35.4585585  13.6235365   -0.0260    0.0136    0.0231 14 43 59.00    10.00 
  2020 11 18.614398  2 21 50.0466 +13 37 24.694  35.4585276  13.6235262  35.4585390  13.6235273   -0.0396   -0.0039    0.0392 14 44 44.00    10.00 
  2020 11 18.614919  2 21 50.0456 +13 37 24.665  35.4585233  13.6235180  35.4585194  13.6235181    0.0137   -0.0004    0.0381 14 45 29.00    10.00 
  2020 11 18.615440  2 21 50.0383 +13 37 24.627  35.4584931  13.6235076  35.4584998  13.6235089   -0.0235   -0.0048    0.0336 14 46 14.00    10.00 
  2020 11 18.615961  2 21 50.0332 +13 37 24.607  35.4584717  13.6235018  35.4584803  13.6234997   -0.0299    0.0075    0.0338 14 46 59.00    10.00 
  2020 11 18.616481  2 21 50.0289 +13 37 24.564  35.4584536  13.6234899  35.4584607  13.6234905   -0.0248   -0.0021    0.0237 14 47 44.00    10.00 
  2020 11 18.617002  2 21 50.0250 +13 37 24.536  35.4584374  13.6234822  35.4584412  13.6234813   -0.0132    0.0030    0.0372 14 48 29.00    10.00 
  2020 11 18.617523  2 21 50.0207 +13 37 24.512  35.4584197  13.6234756  35.4584216  13.6234722   -0.0067    0.0122    0.0265 14 49 14.00    10.00 
  2020 11 18.618044  2 21 50.0150 +13 37 24.468  35.4583958  13.6234633  35.4584020  13.6234630   -0.0219    0.0010    0.0248 14 49 59.00    10.00 
  2020 11 18.618565  2 21 50.0112 +13 37 24.405  35.4583800  13.6234457  35.4583825  13.6234538   -0.0086   -0.0290    0.0292 14 50 44.00    10.00 
  2020 11 18.619086  2 21 50.0052 +13 37 24.390  35.4583550  13.6234416  35.4583629  13.6234446   -0.0278   -0.0109    0.0121 14 51 29.00    10.00 
  2020 11 18.619606  2 21 50.0022 +13 37 24.388  35.4583427  13.6234411  35.4583434  13.6234354   -0.0026    0.0206    0.0265 14 52 14.00    10.00 
  2020 11 18.620127  2 21 49.9947 +13 37 24.334  35.4583111  13.6234262  35.4583238  13.6234262   -0.0444   -0.0002    0.0218 14 52 59.00    10.00 
  2020 11 18.620648  2 21 49.9915 +13 37 24.287  35.4582980  13.6234130  35.4583043  13.6234170   -0.0220   -0.0145    0.0388 14 53 44.00    10.00 
  2020 11 18.621169  2 21 49.9850 +13 37 24.246  35.4582707  13.6234017  35.4582847  13.6234078   -0.0492   -0.0220    0.0309 14 54 29.00    10.00 
  2020 11 18.621690  2 21 49.9852 +13 37 24.237  35.4582715  13.6233991  35.4582652  13.6233987    0.0223    0.0016    0.0314 14 55 14.00    10.00 
  2020 11 18.622211  2 21 49.9792 +13 37 24.178  35.4582468  13.6233828  35.4582456  13.6233895    0.0040   -0.0239    0.0346 14 55 59.00    10.00 
  2020 11 18.622731  2 21 49.9726 +13 37 24.212  35.4582192  13.6233923  35.4582261  13.6233803   -0.0241    0.0434    0.0240 14 56 44.00    10.00 
  2020 11 18.623252  2 21 49.9685 +13 37 24.169  35.4582021  13.6233802  35.4582065  13.6233711   -0.0155    0.0329    0.0300 14 57 29.00    10.00 
  2020 11 18.623773  2 21 49.9638 +13 37 24.119  35.4581826  13.6233663  35.4581869  13.6233619   -0.0153    0.0159    0.0374 14 58 14.00    10.00 
  2020 11 18.624294  2 21 49.9591 +13 37 24.093  35.4581629  13.6233593  35.4581674  13.6233527   -0.0156    0.0236    0.0181 14 58 59.00    10.00 
  2020 11 18.624815  2 21 49.9554 +13 37 24.045  35.4581474  13.6233458  35.4581478  13.6233435   -0.0015    0.0083    0.0308 14 59 44.00    10.00 
  2020 11 18.625324  2 21 49.9503 +13 37 24.018  35.4581262  13.6233383  35.4581287  13.6233345   -0.0087    0.0135    0.0183 15  0 28.00    10.00 
  2020 11 18.625845  2 21 49.9440 +13 37 23.979  35.4581001  13.6233275  35.4581092  13.6233253   -0.0318    0.0080    0.0215 15  1 13.00    10.00 
  2020 11 18.626366  2 21 49.9384 +13 37 23.950  35.4580768  13.6233196  35.4580896  13.6233161   -0.0450    0.0123    0.0218 15  1 58.00    10.00 
  2020 11 18.626887  2 21 49.9358 +13 37 23.898  35.4580660  13.6233051  35.4580701  13.6233069   -0.0143   -0.0067    0.0307 15  2 43.00    10.00 
  2020 11 18.627407  2 21 49.9307 +13 37 23.872  35.4580445  13.6232977  35.4580505  13.6232978   -0.0211   -0.0002    0.0422 15  3 28.00    10.00 
  2020 11 18.628449  2 21 49.9206 +13 37 23.833  35.4580024  13.6232871  35.4580114  13.6232794   -0.0314    0.0277    0.0305 15  4 58.00    10.00 
  2020 11 18.628970  2 21 49.9148 +13 37 23.732  35.4579783  13.6232589  35.4579919  13.6232702   -0.0476   -0.0404    0.0396 15  5 43.00    10.00 
  2020 11 18.630012  2 21 49.9084 +13 37 23.724  35.4579516  13.6232565  35.4579528  13.6232518   -0.0042    0.0171    0.0266 15  7 13.00    10.00 
  2020 11 18.630532  2 21 49.9039 +13 37 23.638  35.4579329  13.6232329  35.4579332  13.6232426   -0.0014   -0.0350    0.0362 15  7 58.00    10.00 
  2020 11 18.631053  2 21 49.8996 +13 37 23.616  35.4579149  13.6232266  35.4579137  13.6232334    0.0041   -0.0244    0.0455 15  8 43.00    10.00 
  2020 11 18.631574  2 21 49.8955 +13 37 23.628  35.4578980  13.6232299  35.4578941  13.6232242    0.0136    0.0204    0.0287 15  9 28.00    10.00 
  2020 11 18.632095  2 21 49.8880 +13 37 23.581  35.4578665  13.6232168  35.4578746  13.6232150   -0.0283    0.0065    0.0276 15 10 13.00    10.00 
  2020 11 18.632616  2 21 49.8835 +13 37 23.576  35.4578480  13.6232157  35.4578551  13.6232058   -0.0246    0.0355    0.0376 15 10 58.00    10.00 
  2020 11 18.633137  2 21 49.8797 +13 37 23.470  35.4578320  13.6231861  35.4578355  13.6231966   -0.0123   -0.0378    0.0378 15 11 43.00    10.00 
  2020 11 18.633657  2 21 49.8715 +13 37 23.455  35.4577978  13.6231820  35.4578160  13.6231874   -0.0634   -0.0198    0.0749 15 12 28.00    10.00 
  2020 11 18.634167  2 21 49.8692 +13 37 23.501  35.4577881  13.6231948  35.4577969  13.6231784   -0.0305    0.0588    0.0290 15 13 12.00    10.00 
  2020 11 18.634687  2 21 49.8651 +13 37 23.393  35.4577710  13.6231648  35.4577773  13.6231693   -0.0219   -0.0159    0.0327 15 13 57.00    10.00 
  2020 11 18.635208  2 21 49.8605 +13 37 23.357  35.4577521  13.6231546  35.4577578  13.6231601   -0.0197   -0.0196    0.0317 15 14 42.00    10.00 
  2020 11 18.635729  2 21 49.8564 +13 37 23.360  35.4577348  13.6231557  35.4577382  13.6231509   -0.0119    0.0173    0.0225 15 15 27.00    10.00 
  2020 11 18.636250  2 21 49.8516 +13 37 23.340  35.4577151  13.6231499  35.4577187  13.6231417   -0.0127    0.0295    0.0237 15 16 12.00    10.00 
  2020 11 18.636771  2 21 49.8463 +13 37 23.306  35.4576930  13.6231406  35.4576991  13.6231325   -0.0214    0.0294    0.0593 15 16 57.00    10.00 
  2020 11 18.637292  2 21 49.8421 +13 37 23.239  35.4576754  13.6231219  35.4576796  13.6231233   -0.0148   -0.0051    0.0236 15 17 42.00    10.00 
  2020 11 18.637812  2 21 49.8361 +13 37 23.195  35.4576505  13.6231098  35.4576601  13.6231141   -0.0333   -0.0153    0.0515 15 18 27.00    10.00 
  2020 11 18.638333  2 21 49.8323 +13 37 23.169  35.4576346  13.6231024  35.4576405  13.6231049   -0.0207   -0.0090    0.0246 15 19 12.00    10.00 
  2020 11 18.638854  2 21 49.8280 +13 37 23.225  35.4576168  13.6231182  35.4576210  13.6230957   -0.0145    0.0810    0.0336 15 19 57.00    10.00 
  2020 11 18.639375  2 21 49.8232 +13 37 23.136  35.4575966  13.6230932  35.4576014  13.6230865   -0.0171    0.0242    0.0247 15 20 42.00    10.00 
  2020 11 18.639896  2 21 49.8171 +13 37 23.056  35.4575714  13.6230711  35.4575819  13.6230773   -0.0368   -0.0224    0.0418 15 21 27.00    10.00 
  2020 11 18.640417  2 21 49.8145 +13 37 23.075  35.4575606  13.6230763  35.4575624  13.6230681   -0.0063    0.0295    0.0202 15 22 12.00    10.00 
  2020 11 18.640937  2 21 49.8087 +13 37 23.045  35.4575364  13.6230679  35.4575428  13.6230589   -0.0227    0.0325    0.0213 15 22 57.00    10.00 
  2020 11 18.641458  2 21 49.8043 +13 37 22.978  35.4575179  13.6230495  35.4575233  13.6230497   -0.0189   -0.0009    0.0412 15 23 42.00    10.00 
  2020 11 18.641979  2 21 49.8003 +13 37 22.965  35.4575014  13.6230459  35.4575038  13.6230405   -0.0083    0.0194    0.0322 15 24 27.00    10.00 
  2020 11 18.642500  2 21 49.7943 +13 37 22.917  35.4574761  13.6230324  35.4574842  13.6230313   -0.0285    0.0041    0.0277 15 25 12.00    10.00 
  2020 11 18.643009  2 21 49.7913 +13 37 22.959  35.4574639  13.6230441  35.4574651  13.6230223   -0.0043    0.0786    0.0227 15 25 56.00    10.00 
  2020 11 18.643530  2 21 49.7862 +13 37 22.867  35.4574425  13.6230185  35.4574456  13.6230131   -0.0107    0.0195    0.0210 15 26 41.00    10.00 
  2020 11 18.644051  2 21 49.7809 +13 37 22.852  35.4574203  13.6230143  35.4574261  13.6230039   -0.0203    0.0375    0.0238 15 27 26.00    10.00 
  2020 11 18.644572  2 21 49.7738 +13 37 22.795  35.4573907  13.6229987  35.4574065  13.6229947   -0.0552    0.0142    0.0482 15 28 11.00    10.00 
  2020 11 18.645093  2 21 49.7711 +13 37 22.751  35.4573797  13.6229865  35.4573870  13.6229855   -0.0256    0.0034    0.0303 15 28 56.00    10.00 
  2020 11 18.645613  2 21 49.7670 +13 37 22.710  35.4573626  13.6229751  35.4573675  13.6229763   -0.0171   -0.0045    0.0517 15 29 41.00    10.00 
  2020 11 18.646134  2 21 49.7623 +13 37 22.653  35.4573429  13.6229590  35.4573479  13.6229671   -0.0177   -0.0291    0.0456 15 30 26.00    10.00 
  2020 11 18.646655  2 21 49.7576 +13 37 22.656  35.4573235  13.6229600  35.4573284  13.6229579   -0.0170    0.0075    0.0219 15 31 11.00    10.00 
  2020 11 18.647176  2 21 49.7534 +13 37 22.622  35.4573059  13.6229505  35.4573089  13.6229487   -0.0103    0.0065    0.0259 15 31 56.00    10.00 
  2020 11 18.647697  2 21 49.7484 +13 37 22.537  35.4572848  13.6229269  35.4572893  13.6229395   -0.0158   -0.0454    0.0216 15 32 41.00    10.00 
  2020 11 18.648738  2 21 49.7370 +13 37 22.510  35.4572374  13.6229193  35.4572503  13.6229211   -0.0452   -0.0064    0.0288 15 34 11.00    10.00 
  2020 11 18.649259  2 21 49.7334 +13 37 22.514  35.4572224  13.6229206  35.4572307  13.6229119   -0.0293    0.0312    0.0335 15 34 56.00    10.00 
  2020 11 18.649780  2 21 49.7288 +13 37 22.441  35.4572031  13.6229003  35.4572112  13.6229027   -0.0283   -0.0086    0.0219 15 35 41.00    10.00 
  2020 11 18.650301  2 21 49.7261 +13 37 22.457  35.4571920  13.6229047  35.4571917  13.6228935    0.0011    0.0402    0.0274 15 36 26.00    10.00 
  2020 11 18.650822  2 21 49.7202 +13 37 22.407  35.4571676  13.6228907  35.4571722  13.6228843   -0.0160    0.0231    0.0447 15 37 11.00    10.00 
  2020 11 18.651343  2 21 49.7150 +13 37 22.341  35.4571458  13.6228724  35.4571526  13.6228751   -0.0238   -0.0097    0.0256 15 37 56.00    10.00 
  2020 11 18.651863  2 21 49.7108 +13 37 22.362  35.4571283  13.6228782  35.4571331  13.6228659   -0.0168    0.0443    0.0222 15 38 41.00    10.00 
  2020 11 18.652384  2 21 49.7058 +13 37 22.262  35.4571075  13.6228506  35.4571136  13.6228567   -0.0213   -0.0220    0.0306 15 39 26.00    10.00 
  2020 11 18.652905  2 21 49.7006 +13 37 22.267  35.4570859  13.6228520  35.4570941  13.6228475   -0.0287    0.0162    0.0394 15 40 11.00    10.00 
  2020 11 18.653414  2 21 49.6965 +13 37 22.218  35.4570689  13.6228383  35.4570750  13.6228385   -0.0212   -0.0006    0.0219 15 40 55.00    10.00 
  2020 11 18.653935  2 21 49.6914 +13 37 22.226  35.4570474  13.6228405  35.4570555  13.6228293   -0.0281    0.0403    0.0258 15 41 40.00    10.00 
  2020 11 18.654456  2 21 49.6876 +13 37 22.157  35.4570316  13.6228214  35.4570359  13.6228201   -0.0151    0.0045    0.0295 15 42 25.00    10.00 
  2020 11 18.654977  2 21 49.6811 +13 37 22.124  35.4570045  13.6228122  35.4570164  13.6228109   -0.0418    0.0045    0.0402 15 43 10.00    10.00 
  2020 11 18.655498  2 21 49.6768 +13 37 22.049  35.4569865  13.6227914  35.4569969  13.6228017   -0.0364   -0.0371    0.0332 15 43 55.00    10.00 
  2020 11 18.656019  2 21 49.6721 +13 37 22.064  35.4569671  13.6227957  35.4569774  13.6227925   -0.0359    0.0115    0.0321 15 44 40.00    10.00 
  2020 11 18.656539  2 21 49.6688 +13 37 22.017  35.4569535  13.6227824  35.4569579  13.6227833   -0.0154   -0.0032    0.0307 15 45 25.00    10.00 
  2020 11 18.657060  2 21 49.6646 +13 37 21.979  35.4569360  13.6227720  35.4569383  13.6227741   -0.0082   -0.0073    0.0327 15 46 10.00    10.00 
  2020 11 18.657581  2 21 49.6616 +13 37 21.991  35.4569232  13.6227753  35.4569188  13.6227649    0.0155    0.0374    0.0489 15 46 55.00    10.00 
  2020 11 18.658102  2 21 49.6529 +13 37 21.900  35.4568870  13.6227501  35.4568993  13.6227557   -0.0429   -0.0202    0.0346 15 47 40.00    10.00 
  2020 11 18.658623  2 21 49.6506 +13 37 21.936  35.4568777  13.6227599  35.4568798  13.6227465   -0.0073    0.0483    0.0286 15 48 25.00    10.00 
  2020 11 18.659144  2 21 49.6435 +13 37 21.867  35.4568477  13.6227409  35.4568603  13.6227373   -0.0439    0.0129    0.0358 15 49 10.00    10.00 
  2020 11 18.659664  2 21 49.6398 +13 37 21.850  35.4568327  13.6227362  35.4568408  13.6227281   -0.0283    0.0294    0.0278 15 49 55.00    10.00 
  2020 11 18.660185  2 21 49.6333 +13 37 21.769  35.4568055  13.6227137  35.4568212  13.6227189   -0.0552   -0.0187    0.0331 15 50 40.00    10.00 
  2020 11 18.660706  2 21 49.6304 +13 37 21.807  35.4567934  13.6227242  35.4568017  13.6227097   -0.0291    0.0525    0.0174 15 51 25.00    10.00 
  2020 11 18.661227  2 21 49.6257 +13 37 21.705  35.4567737  13.6226959  35.4567822  13.6227004   -0.0296   -0.0165    0.0222 15 52 10.00    10.00 
  2020 11 18.661736  2 21 49.6217 +13 37 21.669  35.4567573  13.6226857  35.4567631  13.6226914   -0.0205   -0.0206    0.0290 15 52 54.00    10.00 
  2020 11 18.662257  2 21 49.6161 +13 37 21.671  35.4567339  13.6226864  35.4567436  13.6226822   -0.0341    0.0150    0.0359 15 53 39.00    10.00 
  2020 11 18.662778  2 21 49.6129 +13 37 21.656  35.4567204  13.6226823  35.4567241  13.6226730   -0.0131    0.0332    0.0454 15 54 24.00    10.00 
  2020 11 18.663819  2 21 49.6031 +13 37 21.581  35.4566796  13.6226613  35.4566851  13.6226546   -0.0193    0.0241    0.0292 15 55 54.00    10.00 
  2020 11 18.664340  2 21 49.5989 +13 37 21.543  35.4566619  13.6226509  35.4566656  13.6226454   -0.0127    0.0196    0.0346 15 56 39.00    10.00 
  2020 11 18.664861  2 21 49.5917 +13 37 21.499  35.4566321  13.6226387  35.4566461  13.6226362   -0.0490    0.0090    0.0281 15 57 24.00    10.00 
  2020 11 18.665382  2 21 49.5885 +13 37 21.471  35.4566187  13.6226307  35.4566266  13.6226270   -0.0275    0.0134    0.0348 15 58  9.00    10.00 
  2020 11 18.665903  2 21 49.5832 +13 37 21.462  35.4565968  13.6226283  35.4566071  13.6226178   -0.0360    0.0378    0.0360 15 58 54.00    10.00 
  2020 11 18.666424  2 21 49.5781 +13 37 21.378  35.4565753  13.6226050  35.4565876  13.6226086   -0.0429   -0.0129    0.0353 15 59 39.00    10.00 
  2020 11 18.666944  2 21 49.5737 +13 37 21.371  35.4565570  13.6226031  35.4565681  13.6225994   -0.0385    0.0135    0.0309 16  0 24.00    10.00 
  2020 11 18.667465  2 21 49.5676 +13 37 21.369  35.4565317  13.6226024  35.4565486  13.6225902   -0.0588    0.0440    0.0272 16  1  9.00    10.00 
  2020 11 18.667986  2 21 49.5646 +13 37 21.291  35.4565193  13.6225807  35.4565290  13.6225810   -0.0340   -0.0009    0.0281 16  1 54.00    10.00 
  2020 11 18.668507  2 21 49.5597 +13 37 21.233  35.4564988  13.6225646  35.4565095  13.6225718   -0.0377   -0.0258    0.0271 16  2 39.00    10.00 
  2020 11 18.669016  2 21 49.5558 +13 37 21.254  35.4564825  13.6225706  35.4564905  13.6225628   -0.0279    0.0283    0.0332 16  3 23.00    10.00 
  2020 11 18.669537  2 21 49.5513 +13 37 21.198  35.4564636  13.6225550  35.4564710  13.6225535   -0.0257    0.0053    0.0241 16  4  8.00    10.00 
  2020 11 18.670058  2 21 49.5461 +13 37 21.167  35.4564422  13.6225464  35.4564515  13.6225443   -0.0325    0.0076    0.0310 16  4 53.00    10.00 
