  2024 11  3.550666 23  0 47.9483 -08 40 34.039 345.1997846  -8.6761219 345.1997877  -8.6761332   -0.0110    0.0409    0.0761 13 12 57.50    45.00 
  2024 11  3.551476 23  0 47.9480 -08 40 34.061 345.1997835  -8.6761280 345.1997672  -8.6761392    0.0580    0.0403    0.0368 13 14  7.50    45.00 
  2024 11  3.552297 23  0 47.9441 -08 40 34.122 345.1997672  -8.6761451 345.1997463  -8.6761452    0.0741    0.0004    0.0273 13 15 18.50    45.00 
  2024 11  3.553108 23  0 47.9316 -08 40 34.165 345.1997150  -8.6761571 345.1997258  -8.6761511   -0.0386   -0.0214    0.0312 13 16 28.50    45.00 
  2024 11  3.553929 23  0 47.9313 -08 40 34.168 345.1997138  -8.6761579 345.1997050  -8.6761571    0.0313   -0.0026    0.0524 13 17 39.50    45.00 
  2024 11  3.554740 23  0 47.9222 -08 40 34.194 345.1996760  -8.6761650 345.1996845  -8.6761631   -0.0300   -0.0069    0.0344 13 18 49.50    45.00 
  2024 11  3.555561 23  0 47.9211 -08 40 34.173 345.1996711  -8.6761592 345.1996637  -8.6761691    0.0266    0.0357    0.0553 13 20  0.50    45.00 
  2024 11  3.556372 23  0 47.9111 -08 40 34.217 345.1996295  -8.6761713 345.1996432  -8.6761750   -0.0486    0.0133    0.0640 13 21 10.50    45.00 
  2024 11  3.571360 23  0 47.8261 -08 40 34.593 345.1992754  -8.6762757 345.1992638  -8.6762844    0.0414    0.0313    0.0527 13 42 45.50    45.00 
  2024 11  3.572182 23  0 47.8194 -08 40 34.499 345.1992477  -8.6762498 345.1992430  -8.6762904    0.0167    0.1462    0.0411 13 43 56.50    45.00 
  2024 11  3.572992 23  0 47.8156 -08 40 34.706 345.1992315  -8.6763073 345.1992225  -8.6762963    0.0321   -0.0397    0.0541 13 45  6.50    45.00 
  2024 11  3.550666 23  0 47.9483 -08 40 34.039 345.1997846  -8.6761219 345.1997877  -8.6761332   -0.0110    0.0409    0.0761 13 12 57.50    45.00 
  2024 11  3.551476 23  0 47.9480 -08 40 34.061 345.1997835  -8.6761280 345.1997672  -8.6761392    0.0580    0.0403    0.0368 13 14  7.50    45.00 
  2024 11  3.552297 23  0 47.9441 -08 40 34.122 345.1997672  -8.6761451 345.1997463  -8.6761452    0.0741    0.0004    0.0273 13 15 18.50    45.00 
  2024 11  3.553108 23  0 47.9316 -08 40 34.165 345.1997150  -8.6761571 345.1997258  -8.6761511   -0.0386   -0.0214    0.0312 13 16 28.50    45.00 
  2024 11  3.553929 23  0 47.9313 -08 40 34.168 345.1997138  -8.6761579 345.1997050  -8.6761571    0.0313   -0.0026    0.0524 13 17 39.50    45.00 
  2024 11  3.554740 23  0 47.9222 -08 40 34.194 345.1996760  -8.6761650 345.1996845  -8.6761631   -0.0300   -0.0069    0.0344 13 18 49.50    45.00 
  2024 11  3.555561 23  0 47.9211 -08 40 34.173 345.1996711  -8.6761592 345.1996637  -8.6761691    0.0266    0.0357    0.0553 13 20  0.50    45.00 
  2024 11  3.556372 23  0 47.9111 -08 40 34.217 345.1996295  -8.6761713 345.1996432  -8.6761750   -0.0486    0.0133    0.0640 13 21 10.50    45.00 
  2024 11  3.571360 23  0 47.8261 -08 40 34.593 345.1992754  -8.6762757 345.1992638  -8.6762844    0.0414    0.0313    0.0527 13 42 45.50    45.00 
  2024 11  3.572182 23  0 47.8194 -08 40 34.499 345.1992477  -8.6762498 345.1992430  -8.6762904    0.0167    0.1462    0.0411 13 43 56.50    45.00 
  2024 11  3.572992 23  0 47.8156 -08 40 34.706 345.1992315  -8.6763073 345.1992225  -8.6762963    0.0321   -0.0397    0.0541 13 45  6.50    45.00 
  2024 12  2.517350 23  0 40.9772 -08 36 23.098 345.1707384  -8.6064160 345.1707373  -8.6064112    0.0042   -0.0175    0.0273 12 24 59.00    60.00 
  2024 12  2.518160 23  0 40.9757 -08 36 23.056 345.1707320  -8.6064045 345.1707540  -8.6064014   -0.0782   -0.0112    0.0543 12 26  9.00    60.00 
  2024 12  2.518981 23  0 40.9837 -08 36 23.015 345.1707654  -8.6063931 345.1707709  -8.6063914   -0.0198   -0.0062    0.0638 12 27 20.00    60.00 
  2024 12  2.519792 23  0 40.9924 -08 36 22.935 345.1708017  -8.6063709 345.1707877  -8.6063816    0.0501    0.0384    0.0664 12 28 30.00    60.00 
  2024 12  2.520613 23  0 40.9917 -08 36 22.995 345.1707988  -8.6063875 345.1708046  -8.6063716   -0.0210   -0.0572    0.0770 12 29 41.00    60.00 
  2024 12  2.521424 23  0 40.9995 -08 36 22.873 345.1708312  -8.6063536 345.1708214  -8.6063618    0.0348    0.0295    0.0369 12 30 51.00    60.00 
  2024 12  2.522245 23  0 41.0035 -08 36 22.842 345.1708480  -8.6063449 345.1708384  -8.6063518    0.0342    0.0249    0.0190 12 32  2.00    60.00 
  2024 12  2.523056 23  0 41.0036 -08 36 22.855 345.1708484  -8.6063485 345.1708551  -8.6063420   -0.0240   -0.0234    0.0583 12 33 12.00    60.00 
  2024 12  2.523877 23  0 41.0105 -08 36 22.836 345.1708772  -8.6063435 345.1708721  -8.6063321    0.0182   -0.0410    0.0667 12 34 23.00    60.00 
  2024 12  2.524687 23  0 41.0175 -08 36 22.760 345.1709061  -8.6063222 345.1708888  -8.6063222    0.0614    0.0002    0.0635 12 35 33.00    60.00 
  2024 12  2.525509 23  0 41.0200 -08 36 22.744 345.1709165  -8.6063177 345.1709058  -8.6063123    0.0381   -0.0197    0.0645 12 36 44.00    60.00 
  2024 12  2.526319 23  0 41.0253 -08 36 22.638 345.1709388  -8.6062884 345.1709226  -8.6063024    0.0578    0.0505    0.0466 12 37 54.00    60.00 
  2024 12  2.528380 23  0 41.0281 -08 36 22.577 345.1709505  -8.6062713 345.1709652  -8.6062774   -0.0524    0.0222    0.0439 12 40 52.00    60.00 
  2024 12  2.529190 23  0 41.0354 -08 36 22.530 345.1709808  -8.6062583 345.1709819  -8.6062676   -0.0041    0.0335    0.0436 12 42  2.00    60.00 
  2024 12  2.530012 23  0 41.0459 -08 36 22.517 345.1710247  -8.6062548 345.1709989  -8.6062576    0.0917    0.0101    0.0439 12 43 13.00    60.00 
  2024 12  2.530833 23  0 41.0470 -08 36 22.488 345.1710290  -8.6062466 345.1710160  -8.6062477    0.0465    0.0037    0.0325 12 44 24.00    60.00 
  2024 12  2.531644 23  0 41.0535 -08 36 22.478 345.1710565  -8.6062438 345.1710327  -8.6062378    0.0844   -0.0215    0.0702 12 45 34.00    60.00 
  2024 12  2.532465 23  0 41.0527 -08 36 22.424 345.1710531  -8.6062290 345.1710497  -8.6062278    0.0119   -0.0042    0.0588 12 46 45.00    60.00 
  2024 12  2.533275 23  0 41.0564 -08 36 22.385 345.1710682  -8.6062180 345.1710665  -8.6062180    0.0058    0.0002    0.0268 12 47 55.00    60.00 
  2024 12  2.534097 23  0 41.0614 -08 36 22.403 345.1710891  -8.6062231 345.1710835  -8.6062080    0.0198   -0.0544    0.0715 12 49  6.00    60.00 
  2024 12  2.534907 23  0 41.0635 -08 36 22.320 345.1710980  -8.6062000 345.1711003  -8.6061982   -0.0084   -0.0066    0.0652 12 50 16.00    60.00 
  2024 12  2.535729 23  0 41.0720 -08 36 22.297 345.1711332  -8.6061935 345.1711174  -8.6061882    0.0563   -0.0191    0.0757 12 51 27.00    60.00 
  2024 12  2.536539 23  0 41.0718 -08 36 22.214 345.1711327  -8.6061706 345.1711342  -8.6061783   -0.0052    0.0279    0.0553 12 52 37.00    60.00 
  2024 12  2.537361 23  0 41.0749 -08 36 22.231 345.1711453  -8.6061752 345.1711512  -8.6061684   -0.0210   -0.0246    0.0615 12 53 48.00    60.00 
  2024 12  2.538171 23  0 41.0813 -08 36 22.193 345.1711720  -8.6061648 345.1711680  -8.6061585    0.0142   -0.0227    0.0608 12 54 58.00    60.00 
  2024 12  2.538993 23  0 41.0848 -08 36 22.151 345.1711866  -8.6061532 345.1711850  -8.6061485    0.0056   -0.0167    0.0679 12 56  9.00    60.00 
  2024 12  2.539803 23  0 41.0975 -08 36 22.111 345.1712398  -8.6061419 345.1712018  -8.6061387    0.1350   -0.0117    0.0567 12 57 19.00    60.00 
  2024 12  2.540625 23  0 41.0942 -08 36 22.083 345.1712258  -8.6061342 345.1712189  -8.6061287    0.0245   -0.0197    0.0551 12 58 30.00    60.00 
  2024 12  2.541435 23  0 41.1008 -08 36 21.996 345.1712534  -8.6061101 345.1712357  -8.6061188    0.0629    0.0315    0.0563 12 59 40.00    60.00 
  2024 12  2.542257 23  0 41.0972 -08 36 21.938 345.1712384  -8.6060939 345.1712528  -8.6061088   -0.0511    0.0540    0.0896 13  0 51.00    60.00 
  2024 12  2.543067 23  0 41.1096 -08 36 22.021 345.1712898  -8.6061170 345.1712696  -8.6060990    0.0720   -0.0648    0.1111 13  2  1.00    60.00 
  2024 12  2.543889 23  0 41.1023 -08 36 21.912 345.1712594  -8.6060867 345.1712866  -8.6060890   -0.0970    0.0084    0.1007 13  3 12.00    60.00 
  2024 12  2.544699 23  0 41.1141 -08 36 21.931 345.1713086  -8.6060919 345.1713035  -8.6060791    0.0183   -0.0458    0.1040 13  4 22.00    60.00 
  2024 12  2.545521 23  0 41.1191 -08 36 21.822 345.1713297  -8.6060616 345.1713205  -8.6060691    0.0328    0.0272    0.0752 13  5 33.00    60.00 
  2024 12  2.546331 23  0 41.1199 -08 36 21.857 345.1713327  -8.6060713 345.1713374  -8.6060593   -0.0166   -0.0432    0.0736 13  6 43.00    60.00 
  2024 12  2.547153 23  0 41.1249 -08 36 21.786 345.1713538  -8.6060517 345.1713544  -8.6060493   -0.0022   -0.0088    0.0853 13  7 54.00    60.00 
  2024 12  2.547975 23  0 41.1273 -08 36 21.725 345.1713638  -8.6060348 345.1713715  -8.6060393   -0.0276    0.0161    0.0704 13  9  5.00    60.00 
  2024 12  2.548785 23  0 41.1342 -08 36 21.634 345.1713923  -8.6060096 345.1713884  -8.6060294    0.0141    0.0714    0.0631 13 10 15.00    60.00 
  2024 12  2.549606 23  0 41.1321 -08 36 21.641 345.1713839  -8.6060114 345.1714055  -8.6060194   -0.0768    0.0289    0.0835 13 11 26.00    60.00 
  2024 12  2.550417 23  0 41.1456 -08 36 21.702 345.1714400  -8.6060282 345.1714223  -8.6060095    0.0629   -0.0673    0.0767 13 12 36.00    60.00 
  2024 12  2.517350 23  0 40.9772 -08 36 23.098 345.1707384  -8.6064160 345.1707373  -8.6064112    0.0042   -0.0175    0.0273 12 24 59.00    60.00 
  2024 12  2.518160 23  0 40.9757 -08 36 23.056 345.1707320  -8.6064045 345.1707540  -8.6064014   -0.0782   -0.0112    0.0543 12 26  9.00    60.00 
  2024 12  2.518981 23  0 40.9837 -08 36 23.015 345.1707654  -8.6063931 345.1707709  -8.6063914   -0.0198   -0.0062    0.0638 12 27 20.00    60.00 
  2024 12  2.519792 23  0 40.9924 -08 36 22.935 345.1708017  -8.6063709 345.1707877  -8.6063816    0.0501    0.0384    0.0664 12 28 30.00    60.00 
  2024 12  2.520613 23  0 40.9917 -08 36 22.995 345.1707988  -8.6063875 345.1708046  -8.6063716   -0.0210   -0.0572    0.0770 12 29 41.00    60.00 
  2024 12  2.521424 23  0 40.9995 -08 36 22.873 345.1708312  -8.6063536 345.1708214  -8.6063618    0.0348    0.0295    0.0369 12 30 51.00    60.00 
  2024 12  2.522245 23  0 41.0035 -08 36 22.842 345.1708480  -8.6063449 345.1708384  -8.6063518    0.0342    0.0249    0.0190 12 32  2.00    60.00 
  2024 12  2.523056 23  0 41.0036 -08 36 22.855 345.1708484  -8.6063485 345.1708551  -8.6063420   -0.0240   -0.0234    0.0583 12 33 12.00    60.00 
  2024 12  2.523877 23  0 41.0105 -08 36 22.836 345.1708772  -8.6063435 345.1708721  -8.6063321    0.0182   -0.0410    0.0667 12 34 23.00    60.00 
  2024 12  2.524687 23  0 41.0175 -08 36 22.760 345.1709061  -8.6063222 345.1708888  -8.6063222    0.0614    0.0002    0.0635 12 35 33.00    60.00 
  2024 12  2.525509 23  0 41.0200 -08 36 22.744 345.1709165  -8.6063177 345.1709058  -8.6063123    0.0381   -0.0197    0.0645 12 36 44.00    60.00 
  2024 12  2.526319 23  0 41.0253 -08 36 22.638 345.1709388  -8.6062884 345.1709226  -8.6063024    0.0578    0.0505    0.0466 12 37 54.00    60.00 
  2024 12  2.528380 23  0 41.0281 -08 36 22.577 345.1709505  -8.6062713 345.1709652  -8.6062774   -0.0524    0.0222    0.0439 12 40 52.00    60.00 
  2024 12  2.529190 23  0 41.0354 -08 36 22.530 345.1709808  -8.6062583 345.1709819  -8.6062676   -0.0041    0.0335    0.0436 12 42  2.00    60.00 
  2024 12  2.530012 23  0 41.0459 -08 36 22.517 345.1710247  -8.6062548 345.1709989  -8.6062576    0.0917    0.0101    0.0439 12 43 13.00    60.00 
  2024 12  2.530833 23  0 41.0470 -08 36 22.488 345.1710290  -8.6062466 345.1710160  -8.6062477    0.0465    0.0037    0.0325 12 44 24.00    60.00 
  2024 12  2.531644 23  0 41.0535 -08 36 22.478 345.1710565  -8.6062438 345.1710327  -8.6062378    0.0844   -0.0215    0.0702 12 45 34.00    60.00 
  2024 12  2.532465 23  0 41.0527 -08 36 22.424 345.1710531  -8.6062290 345.1710497  -8.6062278    0.0119   -0.0042    0.0588 12 46 45.00    60.00 
  2024 12  2.533275 23  0 41.0564 -08 36 22.385 345.1710682  -8.6062180 345.1710665  -8.6062180    0.0058    0.0002    0.0268 12 47 55.00    60.00 
  2024 12  2.534097 23  0 41.0614 -08 36 22.403 345.1710891  -8.6062231 345.1710835  -8.6062080    0.0198   -0.0544    0.0715 12 49  6.00    60.00 
  2024 12  2.534907 23  0 41.0635 -08 36 22.320 345.1710980  -8.6062000 345.1711003  -8.6061982   -0.0084   -0.0066    0.0652 12 50 16.00    60.00 
  2024 12  2.535729 23  0 41.0720 -08 36 22.297 345.1711332  -8.6061935 345.1711174  -8.6061882    0.0563   -0.0191    0.0757 12 51 27.00    60.00 
  2024 12  2.536539 23  0 41.0718 -08 36 22.214 345.1711327  -8.6061706 345.1711342  -8.6061783   -0.0052    0.0279    0.0553 12 52 37.00    60.00 
  2024 12  2.537361 23  0 41.0749 -08 36 22.231 345.1711453  -8.6061752 345.1711512  -8.6061684   -0.0210   -0.0246    0.0615 12 53 48.00    60.00 
  2024 12  2.538171 23  0 41.0813 -08 36 22.193 345.1711720  -8.6061648 345.1711680  -8.6061585    0.0142   -0.0227    0.0608 12 54 58.00    60.00 
  2024 12  2.538993 23  0 41.0848 -08 36 22.151 345.1711866  -8.6061532 345.1711850  -8.6061485    0.0056   -0.0167    0.0679 12 56  9.00    60.00 
  2024 12  2.539803 23  0 41.0975 -08 36 22.111 345.1712398  -8.6061419 345.1712018  -8.6061387    0.1350   -0.0117    0.0567 12 57 19.00    60.00 
  2024 12  2.540625 23  0 41.0942 -08 36 22.083 345.1712258  -8.6061342 345.1712189  -8.6061287    0.0245   -0.0197    0.0551 12 58 30.00    60.00 
  2024 12  2.541435 23  0 41.1008 -08 36 21.996 345.1712534  -8.6061101 345.1712357  -8.6061188    0.0629    0.0315    0.0563 12 59 40.00    60.00 
  2024 12  2.542257 23  0 41.0972 -08 36 21.938 345.1712384  -8.6060939 345.1712528  -8.6061088   -0.0511    0.0540    0.0896 13  0 51.00    60.00 
  2024 12  2.543067 23  0 41.1096 -08 36 22.021 345.1712898  -8.6061170 345.1712696  -8.6060990    0.0720   -0.0648    0.1111 13  2  1.00    60.00 
  2024 12  2.543889 23  0 41.1023 -08 36 21.912 345.1712594  -8.6060867 345.1712866  -8.6060890   -0.0970    0.0084    0.1007 13  3 12.00    60.00 
  2024 12  2.544699 23  0 41.1141 -08 36 21.931 345.1713086  -8.6060919 345.1713035  -8.6060791    0.0183   -0.0458    0.1040 13  4 22.00    60.00 
  2024 12  2.545521 23  0 41.1191 -08 36 21.822 345.1713297  -8.6060616 345.1713205  -8.6060691    0.0328    0.0272    0.0752 13  5 33.00    60.00 
  2024 12  2.546331 23  0 41.1199 -08 36 21.857 345.1713327  -8.6060713 345.1713374  -8.6060593   -0.0166   -0.0432    0.0736 13  6 43.00    60.00 
  2024 12  2.547153 23  0 41.1249 -08 36 21.786 345.1713538  -8.6060517 345.1713544  -8.6060493   -0.0022   -0.0088    0.0853 13  7 54.00    60.00 
  2024 12  2.547975 23  0 41.1273 -08 36 21.725 345.1713638  -8.6060348 345.1713715  -8.6060393   -0.0276    0.0161    0.0704 13  9  5.00    60.00 
  2024 12  2.548785 23  0 41.1342 -08 36 21.634 345.1713923  -8.6060096 345.1713884  -8.6060294    0.0141    0.0714    0.0631 13 10 15.00    60.00 
  2024 12  2.549606 23  0 41.1321 -08 36 21.641 345.1713839  -8.6060114 345.1714055  -8.6060194   -0.0768    0.0289    0.0835 13 11 26.00    60.00 
  2024 12  2.550417 23  0 41.1456 -08 36 21.702 345.1714400  -8.6060282 345.1714223  -8.6060095    0.0629   -0.0673    0.0767 13 12 36.00    60.00 
  2024 12  2.517350 23  0 40.9772 -08 36 23.098 345.1707384  -8.6064160 345.1707373  -8.6064112    0.0042   -0.0175    0.0273 12 24 59.00    60.00 
  2024 12  2.518160 23  0 40.9757 -08 36 23.056 345.1707320  -8.6064045 345.1707540  -8.6064014   -0.0782   -0.0112    0.0543 12 26  9.00    60.00 
  2024 12  2.518981 23  0 40.9837 -08 36 23.015 345.1707654  -8.6063931 345.1707709  -8.6063914   -0.0198   -0.0062    0.0638 12 27 20.00    60.00 
  2024 12  2.519792 23  0 40.9924 -08 36 22.935 345.1708017  -8.6063709 345.1707877  -8.6063816    0.0501    0.0384    0.0664 12 28 30.00    60.00 
  2024 12  2.520613 23  0 40.9917 -08 36 22.995 345.1707988  -8.6063875 345.1708046  -8.6063716   -0.0210   -0.0572    0.0770 12 29 41.00    60.00 
  2024 12  2.521424 23  0 40.9995 -08 36 22.873 345.1708312  -8.6063536 345.1708214  -8.6063618    0.0348    0.0295    0.0369 12 30 51.00    60.00 
  2024 12  2.522245 23  0 41.0035 -08 36 22.842 345.1708480  -8.6063449 345.1708384  -8.6063518    0.0342    0.0249    0.0190 12 32  2.00    60.00 
  2024 12  2.523056 23  0 41.0036 -08 36 22.855 345.1708484  -8.6063485 345.1708551  -8.6063420   -0.0240   -0.0234    0.0583 12 33 12.00    60.00 
  2024 12  2.523877 23  0 41.0105 -08 36 22.836 345.1708772  -8.6063435 345.1708721  -8.6063321    0.0182   -0.0410    0.0667 12 34 23.00    60.00 
  2024 12  2.524687 23  0 41.0175 -08 36 22.760 345.1709061  -8.6063222 345.1708888  -8.6063222    0.0614    0.0002    0.0635 12 35 33.00    60.00 
  2024 12  2.525509 23  0 41.0200 -08 36 22.744 345.1709165  -8.6063177 345.1709058  -8.6063123    0.0381   -0.0197    0.0645 12 36 44.00    60.00 
  2024 12  2.526319 23  0 41.0253 -08 36 22.638 345.1709388  -8.6062884 345.1709226  -8.6063024    0.0578    0.0505    0.0466 12 37 54.00    60.00 
  2024 12  2.528380 23  0 41.0281 -08 36 22.577 345.1709505  -8.6062713 345.1709652  -8.6062774   -0.0524    0.0222    0.0439 12 40 52.00    60.00 
  2024 12  2.529190 23  0 41.0354 -08 36 22.530 345.1709808  -8.6062583 345.1709819  -8.6062676   -0.0041    0.0335    0.0436 12 42  2.00    60.00 
  2024 12  2.530012 23  0 41.0459 -08 36 22.517 345.1710247  -8.6062548 345.1709989  -8.6062576    0.0917    0.0101    0.0439 12 43 13.00    60.00 
  2024 12  2.530833 23  0 41.0470 -08 36 22.488 345.1710290  -8.6062466 345.1710160  -8.6062477    0.0465    0.0037    0.0325 12 44 24.00    60.00 
  2024 12  2.531644 23  0 41.0535 -08 36 22.478 345.1710565  -8.6062438 345.1710327  -8.6062378    0.0844   -0.0215    0.0702 12 45 34.00    60.00 
  2024 12  2.532465 23  0 41.0527 -08 36 22.424 345.1710531  -8.6062290 345.1710497  -8.6062278    0.0119   -0.0042    0.0588 12 46 45.00    60.00 
  2024 12  2.533275 23  0 41.0564 -08 36 22.385 345.1710682  -8.6062180 345.1710665  -8.6062180    0.0058    0.0002    0.0268 12 47 55.00    60.00 
  2024 12  2.534097 23  0 41.0614 -08 36 22.403 345.1710891  -8.6062231 345.1710835  -8.6062080    0.0198   -0.0544    0.0715 12 49  6.00    60.00 
  2024 12  2.534907 23  0 41.0635 -08 36 22.320 345.1710980  -8.6062000 345.1711003  -8.6061982   -0.0084   -0.0066    0.0652 12 50 16.00    60.00 
  2024 12  2.535729 23  0 41.0720 -08 36 22.297 345.1711332  -8.6061935 345.1711174  -8.6061882    0.0563   -0.0191    0.0757 12 51 27.00    60.00 
  2024 12  2.536539 23  0 41.0718 -08 36 22.214 345.1711327  -8.6061706 345.1711342  -8.6061783   -0.0052    0.0279    0.0553 12 52 37.00    60.00 
  2024 12  2.537361 23  0 41.0749 -08 36 22.231 345.1711453  -8.6061752 345.1711512  -8.6061684   -0.0210   -0.0246    0.0615 12 53 48.00    60.00 
  2024 12  2.538171 23  0 41.0813 -08 36 22.193 345.1711720  -8.6061648 345.1711680  -8.6061585    0.0142   -0.0227    0.0608 12 54 58.00    60.00 
  2024 12  2.538993 23  0 41.0848 -08 36 22.151 345.1711866  -8.6061532 345.1711850  -8.6061485    0.0056   -0.0167    0.0679 12 56  9.00    60.00 
  2024 12  2.539803 23  0 41.0975 -08 36 22.111 345.1712398  -8.6061419 345.1712018  -8.6061387    0.1350   -0.0117    0.0567 12 57 19.00    60.00 
  2024 12  2.540625 23  0 41.0942 -08 36 22.083 345.1712258  -8.6061342 345.1712189  -8.6061287    0.0245   -0.0197    0.0551 12 58 30.00    60.00 
  2024 12  2.541435 23  0 41.1008 -08 36 21.996 345.1712534  -8.6061101 345.1712357  -8.6061188    0.0629    0.0315    0.0563 12 59 40.00    60.00 
  2024 12  2.542257 23  0 41.0972 -08 36 21.938 345.1712384  -8.6060939 345.1712528  -8.6061088   -0.0511    0.0540    0.0896 13  0 51.00    60.00 
  2024 12  2.543067 23  0 41.1096 -08 36 22.021 345.1712898  -8.6061170 345.1712696  -8.6060990    0.0720   -0.0648    0.1111 13  2  1.00    60.00 
  2024 12  2.543889 23  0 41.1023 -08 36 21.912 345.1712594  -8.6060867 345.1712866  -8.6060890   -0.0970    0.0084    0.1007 13  3 12.00    60.00 
  2024 12  2.544699 23  0 41.1141 -08 36 21.931 345.1713086  -8.6060919 345.1713035  -8.6060791    0.0183   -0.0458    0.1040 13  4 22.00    60.00 
  2024 12  2.545521 23  0 41.1191 -08 36 21.822 345.1713297  -8.6060616 345.1713205  -8.6060691    0.0328    0.0272    0.0752 13  5 33.00    60.00 
  2024 12  2.546331 23  0 41.1199 -08 36 21.857 345.1713327  -8.6060713 345.1713374  -8.6060593   -0.0166   -0.0432    0.0736 13  6 43.00    60.00 
  2024 12  2.547153 23  0 41.1249 -08 36 21.786 345.1713538  -8.6060517 345.1713544  -8.6060493   -0.0022   -0.0088    0.0853 13  7 54.00    60.00 
  2024 12  2.547975 23  0 41.1273 -08 36 21.725 345.1713638  -8.6060348 345.1713715  -8.6060393   -0.0276    0.0161    0.0704 13  9  5.00    60.00 
  2024 12  2.548785 23  0 41.1342 -08 36 21.634 345.1713923  -8.6060096 345.1713884  -8.6060294    0.0141    0.0714    0.0631 13 10 15.00    60.00 
  2024 12  2.549606 23  0 41.1321 -08 36 21.641 345.1713839  -8.6060114 345.1714055  -8.6060194   -0.0768    0.0289    0.0835 13 11 26.00    60.00 
  2024 12  2.550417 23  0 41.1456 -08 36 21.702 345.1714400  -8.6060282 345.1714223  -8.6060095    0.0629   -0.0673    0.0767 13 12 36.00    60.00 
  2024 12  2.517350 23  0 40.9772 -08 36 23.097 345.1707384  -8.6064160 345.1707373  -8.6064112    0.0041   -0.0172    0.0277 12 24 59.00    60.00 
  2024 12  2.518160 23  0 40.9757 -08 36 23.056 345.1707320  -8.6064044 345.1707540  -8.6064014   -0.0783   -0.0109    0.0545 12 26  9.00    60.00 
  2024 12  2.518981 23  0 40.9837 -08 36 23.015 345.1707654  -8.6063930 345.1707709  -8.6063914   -0.0197   -0.0059    0.0639 12 27 20.00    60.00 
  2024 12  2.519792 23  0 40.9924 -08 36 22.935 345.1708017  -8.6063709 345.1707877  -8.6063816    0.0499    0.0384    0.0665 12 28 30.00    60.00 
  2024 12  2.520613 23  0 40.9917 -08 36 22.995 345.1707987  -8.6063875 345.1708046  -8.6063716   -0.0210   -0.0571    0.0770 12 29 41.00    60.00 
  2024 12  2.521424 23  0 40.9995 -08 36 22.873 345.1708312  -8.6063536 345.1708214  -8.6063618    0.0350    0.0296    0.0369 12 30 51.00    60.00 
  2024 12  2.522245 23  0 41.0035 -08 36 22.842 345.1708479  -8.6063449 345.1708384  -8.6063518    0.0341    0.0250    0.0190 12 32  2.00    60.00 
  2024 12  2.523056 23  0 41.0036 -08 36 22.855 345.1708485  -8.6063486 345.1708551  -8.6063420   -0.0234   -0.0236    0.0583 12 33 12.00    60.00 
  2024 12  2.523877 23  0 41.0105 -08 36 22.837 345.1708772  -8.6063435 345.1708721  -8.6063321    0.0181   -0.0411    0.0668 12 34 23.00    60.00 
  2024 12  2.524687 23  0 41.0175 -08 36 22.760 345.1709061  -8.6063222 345.1708888  -8.6063222    0.0613    0.0002    0.0635 12 35 33.00    60.00 
  2024 12  2.525509 23  0 41.0200 -08 36 22.744 345.1709165  -8.6063177 345.1709058  -8.6063123    0.0382   -0.0197    0.0645 12 36 44.00    60.00 
  2024 12  2.526319 23  0 41.0253 -08 36 22.638 345.1709388  -8.6062884 345.1709226  -8.6063024    0.0578    0.0504    0.0466 12 37 54.00    60.00 
  2024 12  2.528380 23  0 41.0281 -08 36 22.577 345.1709505  -8.6062713 345.1709652  -8.6062774   -0.0523    0.0222    0.0439 12 40 52.00    60.00 
  2024 12  2.529190 23  0 41.0354 -08 36 22.530 345.1709807  -8.6062583 345.1709819  -8.6062676   -0.0043    0.0335    0.0437 12 42  2.00    60.00 
  2024 12  2.530012 23  0 41.0459 -08 36 22.517 345.1710247  -8.6062548 345.1709989  -8.6062576    0.0917    0.0102    0.0439 12 43 13.00    60.00 
  2024 12  2.530833 23  0 41.0470 -08 36 22.488 345.1710291  -8.6062465 345.1710160  -8.6062477    0.0468    0.0040    0.0333 12 44 24.00    60.00 
  2024 12  2.531644 23  0 41.0536 -08 36 22.477 345.1710565  -8.6062437 345.1710327  -8.6062378    0.0847   -0.0212    0.0707 12 45 34.00    60.00 
  2024 12  2.532465 23  0 41.0527 -08 36 22.424 345.1710530  -8.6062290 345.1710497  -8.6062278    0.0117   -0.0041    0.0588 12 46 45.00    60.00 
  2024 12  2.533275 23  0 41.0564 -08 36 22.385 345.1710682  -8.6062180 345.1710665  -8.6062180    0.0058    0.0002    0.0267 12 47 55.00    60.00 
  2024 12  2.534097 23  0 41.0614 -08 36 22.403 345.1710892  -8.6062231 345.1710835  -8.6062080    0.0203   -0.0544    0.0716 12 49  6.00    60.00 
  2024 12  2.534907 23  0 41.0635 -08 36 22.320 345.1710980  -8.6062000 345.1711003  -8.6061982   -0.0083   -0.0067    0.0652 12 50 16.00    60.00 
  2024 12  2.535729 23  0 41.0719 -08 36 22.297 345.1711330  -8.6061937 345.1711174  -8.6061882    0.0556   -0.0197    0.0748 12 51 27.00    60.00 
  2024 12  2.536539 23  0 41.0718 -08 36 22.214 345.1711327  -8.6061706 345.1711342  -8.6061783   -0.0052    0.0278    0.0553 12 52 37.00    60.00 
  2024 12  2.537361 23  0 41.0749 -08 36 22.231 345.1711453  -8.6061752 345.1711512  -8.6061684   -0.0210   -0.0246    0.0615 12 53 48.00    60.00 
  2024 12  2.538171 23  0 41.0813 -08 36 22.193 345.1711720  -8.6061648 345.1711680  -8.6061585    0.0142   -0.0227    0.0608 12 54 58.00    60.00 
  2024 12  2.538993 23  0 41.0848 -08 36 22.151 345.1711866  -8.6061532 345.1711850  -8.6061485    0.0056   -0.0167    0.0679 12 56  9.00    60.00 
  2024 12  2.539803 23  0 41.0975 -08 36 22.111 345.1712398  -8.6061419 345.1712018  -8.6061387    0.1350   -0.0117    0.0567 12 57 19.00    60.00 
  2024 12  2.540625 23  0 41.0942 -08 36 22.083 345.1712258  -8.6061342 345.1712189  -8.6061287    0.0245   -0.0197    0.0551 12 58 30.00    60.00 
  2024 12  2.541435 23  0 41.1008 -08 36 21.996 345.1712534  -8.6061101 345.1712357  -8.6061188    0.0629    0.0315    0.0563 12 59 40.00    60.00 
  2024 12  2.542257 23  0 41.0972 -08 36 21.938 345.1712384  -8.6060939 345.1712528  -8.6061088   -0.0511    0.0536    0.0886 13  0 51.00    60.00 
  2024 12  2.543067 23  0 41.1096 -08 36 22.022 345.1712898  -8.6061171 345.1712696  -8.6060990    0.0720   -0.0652    0.1100 13  2  1.00    60.00 
  2024 12  2.543889 23  0 41.1023 -08 36 21.912 345.1712594  -8.6060867 345.1712866  -8.6060890   -0.0970    0.0082    0.0998 13  3 12.00    60.00 
  2024 12  2.544699 23  0 41.1141 -08 36 21.931 345.1713086  -8.6060919 345.1713035  -8.6060791    0.0183   -0.0460    0.1035 13  4 22.00    60.00 
  2024 12  2.545521 23  0 41.1191 -08 36 21.822 345.1713297  -8.6060616 345.1713205  -8.6060691    0.0328    0.0270    0.0747 13  5 33.00    60.00 
  2024 12  2.546331 23  0 41.1199 -08 36 21.857 345.1713327  -8.6060713 345.1713374  -8.6060593   -0.0166   -0.0433    0.0733 13  6 43.00    60.00 
  2024 12  2.547153 23  0 41.1249 -08 36 21.786 345.1713538  -8.6060517 345.1713544  -8.6060493   -0.0022   -0.0089    0.0851 13  7 54.00    60.00 
  2024 12  2.547975 23  0 41.1273 -08 36 21.725 345.1713638  -8.6060348 345.1713715  -8.6060393   -0.0276    0.0162    0.0704 13  9  5.00    60.00 
  2024 12  2.548785 23  0 41.1342 -08 36 21.634 345.1713923  -8.6060096 345.1713884  -8.6060294    0.0141    0.0714    0.0631 13 10 15.00    60.00 
  2024 12  2.549606 23  0 41.1321 -08 36 21.641 345.1713839  -8.6060114 345.1714055  -8.6060194   -0.0769    0.0289    0.0836 13 11 26.00    60.00 
  2024 12  2.550417 23  0 41.1456 -08 36 21.702 345.1714400  -8.6060282 345.1714223  -8.6060095    0.0629   -0.0672    0.0770 13 12 36.00    60.00 
  2024 12  2.517350 23  0 40.9772 -08 36 23.097 345.1707384  -8.6064160 345.1707373  -8.6064112    0.0041   -0.0172    0.0277 12 24 59.00    60.00 
  2024 12  2.518160 23  0 40.9757 -08 36 23.056 345.1707320  -8.6064044 345.1707540  -8.6064014   -0.0783   -0.0109    0.0545 12 26  9.00    60.00 
  2024 12  2.518981 23  0 40.9837 -08 36 23.015 345.1707654  -8.6063930 345.1707709  -8.6063914   -0.0197   -0.0059    0.0639 12 27 20.00    60.00 
  2024 12  2.519792 23  0 40.9924 -08 36 22.935 345.1708017  -8.6063709 345.1707877  -8.6063816    0.0499    0.0384    0.0665 12 28 30.00    60.00 
  2024 12  2.520613 23  0 40.9917 -08 36 22.995 345.1707987  -8.6063875 345.1708046  -8.6063716   -0.0210   -0.0571    0.0770 12 29 41.00    60.00 
  2024 12  2.521424 23  0 40.9995 -08 36 22.873 345.1708312  -8.6063536 345.1708214  -8.6063618    0.0350    0.0296    0.0369 12 30 51.00    60.00 
  2024 12  2.522245 23  0 41.0035 -08 36 22.842 345.1708479  -8.6063449 345.1708384  -8.6063518    0.0341    0.0250    0.0190 12 32  2.00    60.00 
  2024 12  2.523056 23  0 41.0036 -08 36 22.855 345.1708485  -8.6063486 345.1708551  -8.6063420   -0.0234   -0.0236    0.0583 12 33 12.00    60.00 
  2024 12  2.523877 23  0 41.0105 -08 36 22.837 345.1708772  -8.6063435 345.1708721  -8.6063321    0.0181   -0.0411    0.0668 12 34 23.00    60.00 
  2024 12  2.524687 23  0 41.0175 -08 36 22.760 345.1709061  -8.6063222 345.1708888  -8.6063222    0.0613    0.0002    0.0635 12 35 33.00    60.00 
  2024 12  2.525509 23  0 41.0200 -08 36 22.744 345.1709165  -8.6063177 345.1709058  -8.6063123    0.0382   -0.0197    0.0645 12 36 44.00    60.00 
  2024 12  2.526319 23  0 41.0253 -08 36 22.638 345.1709388  -8.6062884 345.1709226  -8.6063024    0.0578    0.0504    0.0466 12 37 54.00    60.00 
  2024 12  2.528380 23  0 41.0281 -08 36 22.577 345.1709505  -8.6062713 345.1709652  -8.6062774   -0.0523    0.0222    0.0439 12 40 52.00    60.00 
  2024 12  2.529190 23  0 41.0354 -08 36 22.530 345.1709807  -8.6062583 345.1709819  -8.6062676   -0.0043    0.0335    0.0437 12 42  2.00    60.00 
  2024 12  2.530012 23  0 41.0459 -08 36 22.517 345.1710247  -8.6062548 345.1709989  -8.6062576    0.0917    0.0102    0.0439 12 43 13.00    60.00 
  2024 12  2.530833 23  0 41.0470 -08 36 22.488 345.1710291  -8.6062465 345.1710160  -8.6062477    0.0468    0.0040    0.0333 12 44 24.00    60.00 
  2024 12  2.531644 23  0 41.0536 -08 36 22.477 345.1710565  -8.6062437 345.1710327  -8.6062378    0.0847   -0.0212    0.0707 12 45 34.00    60.00 
  2024 12  2.532465 23  0 41.0527 -08 36 22.424 345.1710530  -8.6062290 345.1710497  -8.6062278    0.0117   -0.0041    0.0588 12 46 45.00    60.00 
  2024 12  2.533275 23  0 41.0564 -08 36 22.385 345.1710682  -8.6062180 345.1710665  -8.6062180    0.0058    0.0002    0.0267 12 47 55.00    60.00 
  2024 12  2.534097 23  0 41.0614 -08 36 22.403 345.1710892  -8.6062231 345.1710835  -8.6062080    0.0203   -0.0544    0.0716 12 49  6.00    60.00 
  2024 12  2.534907 23  0 41.0635 -08 36 22.320 345.1710980  -8.6062000 345.1711003  -8.6061982   -0.0083   -0.0067    0.0652 12 50 16.00    60.00 
  2024 12  2.535729 23  0 41.0719 -08 36 22.297 345.1711330  -8.6061937 345.1711174  -8.6061882    0.0556   -0.0197    0.0748 12 51 27.00    60.00 
  2024 12  2.536539 23  0 41.0718 -08 36 22.214 345.1711327  -8.6061706 345.1711342  -8.6061783   -0.0052    0.0278    0.0553 12 52 37.00    60.00 
  2024 12  2.537361 23  0 41.0749 -08 36 22.231 345.1711453  -8.6061752 345.1711512  -8.6061684   -0.0210   -0.0246    0.0615 12 53 48.00    60.00 
  2024 12  2.538171 23  0 41.0813 -08 36 22.193 345.1711720  -8.6061648 345.1711680  -8.6061585    0.0142   -0.0227    0.0608 12 54 58.00    60.00 
  2024 12  2.538993 23  0 41.0848 -08 36 22.151 345.1711866  -8.6061532 345.1711850  -8.6061485    0.0056   -0.0167    0.0679 12 56  9.00    60.00 
  2024 12  2.539803 23  0 41.0975 -08 36 22.111 345.1712398  -8.6061419 345.1712018  -8.6061387    0.1350   -0.0117    0.0567 12 57 19.00    60.00 
  2024 12  2.540625 23  0 41.0942 -08 36 22.083 345.1712258  -8.6061342 345.1712189  -8.6061287    0.0245   -0.0197    0.0551 12 58 30.00    60.00 
  2024 12  2.541435 23  0 41.1008 -08 36 21.996 345.1712534  -8.6061101 345.1712357  -8.6061188    0.0629    0.0315    0.0563 12 59 40.00    60.00 
  2024 12  2.542257 23  0 41.0972 -08 36 21.938 345.1712384  -8.6060939 345.1712528  -8.6061088   -0.0511    0.0536    0.0886 13  0 51.00    60.00 
  2024 12  2.543067 23  0 41.1096 -08 36 22.022 345.1712898  -8.6061171 345.1712696  -8.6060990    0.0720   -0.0652    0.1100 13  2  1.00    60.00 
  2024 12  2.543889 23  0 41.1023 -08 36 21.912 345.1712594  -8.6060867 345.1712866  -8.6060890   -0.0970    0.0082    0.0998 13  3 12.00    60.00 
  2024 12  2.544699 23  0 41.1141 -08 36 21.931 345.1713086  -8.6060919 345.1713035  -8.6060791    0.0183   -0.0460    0.1035 13  4 22.00    60.00 
  2024 12  2.545521 23  0 41.1191 -08 36 21.822 345.1713297  -8.6060616 345.1713205  -8.6060691    0.0328    0.0270    0.0747 13  5 33.00    60.00 
  2024 12  2.546331 23  0 41.1199 -08 36 21.857 345.1713327  -8.6060713 345.1713374  -8.6060593   -0.0166   -0.0433    0.0733 13  6 43.00    60.00 
  2024 12  2.547153 23  0 41.1249 -08 36 21.786 345.1713538  -8.6060517 345.1713544  -8.6060493   -0.0022   -0.0089    0.0851 13  7 54.00    60.00 
  2024 12  2.547975 23  0 41.1273 -08 36 21.725 345.1713638  -8.6060348 345.1713715  -8.6060393   -0.0276    0.0162    0.0704 13  9  5.00    60.00 
  2024 12  2.548785 23  0 41.1342 -08 36 21.634 345.1713923  -8.6060096 345.1713884  -8.6060294    0.0141    0.0714    0.0631 13 10 15.00    60.00 
  2024 12  2.549606 23  0 41.1321 -08 36 21.641 345.1713839  -8.6060114 345.1714055  -8.6060194   -0.0769    0.0289    0.0836 13 11 26.00    60.00 
  2024 12  2.550417 23  0 41.1456 -08 36 21.702 345.1714400  -8.6060282 345.1714223  -8.6060095    0.0629   -0.0672    0.0770 13 12 36.00    60.00 
  2024 12  2.517350 23  0 40.9772 -08 36 23.097 345.1707384  -8.6064160 345.1707373  -8.6064112    0.0041   -0.0172    0.0277 12 24 59.00    60.00 
  2024 12  2.518160 23  0 40.9757 -08 36 23.056 345.1707320  -8.6064044 345.1707540  -8.6064014   -0.0783   -0.0109    0.0545 12 26  9.00    60.00 
  2024 12  2.518981 23  0 40.9837 -08 36 23.015 345.1707654  -8.6063930 345.1707709  -8.6063914   -0.0197   -0.0059    0.0639 12 27 20.00    60.00 
  2024 12  2.519792 23  0 40.9924 -08 36 22.935 345.1708017  -8.6063709 345.1707877  -8.6063816    0.0499    0.0384    0.0665 12 28 30.00    60.00 
  2024 12  2.520613 23  0 40.9917 -08 36 22.995 345.1707987  -8.6063875 345.1708046  -8.6063716   -0.0210   -0.0571    0.0770 12 29 41.00    60.00 
  2024 12  2.521424 23  0 40.9995 -08 36 22.873 345.1708312  -8.6063536 345.1708214  -8.6063618    0.0350    0.0296    0.0369 12 30 51.00    60.00 
  2024 12  2.522245 23  0 41.0035 -08 36 22.842 345.1708479  -8.6063449 345.1708384  -8.6063518    0.0341    0.0250    0.0190 12 32  2.00    60.00 
  2024 12  2.523056 23  0 41.0036 -08 36 22.855 345.1708485  -8.6063486 345.1708551  -8.6063420   -0.0234   -0.0236    0.0583 12 33 12.00    60.00 
  2024 12  2.523877 23  0 41.0105 -08 36 22.837 345.1708772  -8.6063435 345.1708721  -8.6063321    0.0181   -0.0411    0.0668 12 34 23.00    60.00 
  2024 12  2.524687 23  0 41.0175 -08 36 22.760 345.1709061  -8.6063222 345.1708888  -8.6063222    0.0613    0.0002    0.0635 12 35 33.00    60.00 
  2024 12  2.525509 23  0 41.0200 -08 36 22.744 345.1709165  -8.6063177 345.1709058  -8.6063123    0.0382   -0.0197    0.0645 12 36 44.00    60.00 
  2024 12  2.526319 23  0 41.0253 -08 36 22.638 345.1709388  -8.6062884 345.1709226  -8.6063024    0.0578    0.0504    0.0466 12 37 54.00    60.00 
  2024 12  2.528380 23  0 41.0281 -08 36 22.577 345.1709505  -8.6062713 345.1709652  -8.6062774   -0.0523    0.0222    0.0439 12 40 52.00    60.00 
  2024 12  2.529190 23  0 41.0354 -08 36 22.530 345.1709807  -8.6062583 345.1709819  -8.6062676   -0.0043    0.0335    0.0437 12 42  2.00    60.00 
  2024 12  2.530012 23  0 41.0459 -08 36 22.517 345.1710247  -8.6062548 345.1709989  -8.6062576    0.0917    0.0102    0.0439 12 43 13.00    60.00 
  2024 12  2.530833 23  0 41.0470 -08 36 22.488 345.1710291  -8.6062465 345.1710160  -8.6062477    0.0468    0.0040    0.0333 12 44 24.00    60.00 
  2024 12  2.531644 23  0 41.0536 -08 36 22.477 345.1710565  -8.6062437 345.1710327  -8.6062378    0.0847   -0.0212    0.0707 12 45 34.00    60.00 
  2024 12  2.532465 23  0 41.0527 -08 36 22.424 345.1710530  -8.6062290 345.1710497  -8.6062278    0.0117   -0.0041    0.0588 12 46 45.00    60.00 
  2024 12  2.533275 23  0 41.0564 -08 36 22.385 345.1710682  -8.6062180 345.1710665  -8.6062180    0.0058    0.0002    0.0267 12 47 55.00    60.00 
  2024 12  2.534097 23  0 41.0614 -08 36 22.403 345.1710892  -8.6062231 345.1710835  -8.6062080    0.0203   -0.0544    0.0716 12 49  6.00    60.00 
  2024 12  2.534907 23  0 41.0635 -08 36 22.320 345.1710980  -8.6062000 345.1711003  -8.6061982   -0.0083   -0.0067    0.0652 12 50 16.00    60.00 
  2024 12  2.535729 23  0 41.0719 -08 36 22.297 345.1711330  -8.6061937 345.1711174  -8.6061882    0.0556   -0.0197    0.0748 12 51 27.00    60.00 
  2024 12  2.536539 23  0 41.0718 -08 36 22.214 345.1711327  -8.6061706 345.1711342  -8.6061783   -0.0052    0.0278    0.0553 12 52 37.00    60.00 
  2024 12  2.537361 23  0 41.0749 -08 36 22.231 345.1711453  -8.6061752 345.1711512  -8.6061684   -0.0210   -0.0246    0.0615 12 53 48.00    60.00 
  2024 12  2.538171 23  0 41.0813 -08 36 22.193 345.1711720  -8.6061648 345.1711680  -8.6061585    0.0142   -0.0227    0.0608 12 54 58.00    60.00 
  2024 12  2.538993 23  0 41.0848 -08 36 22.151 345.1711866  -8.6061532 345.1711850  -8.6061485    0.0056   -0.0167    0.0679 12 56  9.00    60.00 
  2024 12  2.539803 23  0 41.0975 -08 36 22.111 345.1712398  -8.6061419 345.1712018  -8.6061387    0.1350   -0.0117    0.0567 12 57 19.00    60.00 
  2024 12  2.540625 23  0 41.0942 -08 36 22.083 345.1712258  -8.6061342 345.1712189  -8.6061287    0.0245   -0.0197    0.0551 12 58 30.00    60.00 
  2024 12  2.541435 23  0 41.1008 -08 36 21.996 345.1712534  -8.6061101 345.1712357  -8.6061188    0.0629    0.0315    0.0563 12 59 40.00    60.00 
  2024 12  2.542257 23  0 41.0972 -08 36 21.938 345.1712384  -8.6060939 345.1712528  -8.6061088   -0.0511    0.0536    0.0886 13  0 51.00    60.00 
  2024 12  2.543067 23  0 41.1096 -08 36 22.022 345.1712898  -8.6061171 345.1712696  -8.6060990    0.0720   -0.0652    0.1100 13  2  1.00    60.00 
  2024 12  2.543889 23  0 41.1023 -08 36 21.912 345.1712594  -8.6060867 345.1712866  -8.6060890   -0.0970    0.0082    0.0998 13  3 12.00    60.00 
  2024 12  2.544699 23  0 41.1141 -08 36 21.931 345.1713086  -8.6060919 345.1713035  -8.6060791    0.0183   -0.0460    0.1035 13  4 22.00    60.00 
  2024 12  2.545521 23  0 41.1191 -08 36 21.822 345.1713297  -8.6060616 345.1713205  -8.6060691    0.0328    0.0270    0.0747 13  5 33.00    60.00 
  2024 12  2.546331 23  0 41.1199 -08 36 21.857 345.1713327  -8.6060713 345.1713374  -8.6060593   -0.0166   -0.0433    0.0733 13  6 43.00    60.00 
  2024 12  2.547153 23  0 41.1249 -08 36 21.786 345.1713538  -8.6060517 345.1713544  -8.6060493   -0.0022   -0.0089    0.0851 13  7 54.00    60.00 
  2024 12  2.547975 23  0 41.1273 -08 36 21.725 345.1713638  -8.6060348 345.1713715  -8.6060393   -0.0276    0.0162    0.0704 13  9  5.00    60.00 
  2024 12  2.548785 23  0 41.1342 -08 36 21.634 345.1713923  -8.6060096 345.1713884  -8.6060294    0.0141    0.0714    0.0631 13 10 15.00    60.00 
  2024 12  2.549606 23  0 41.1321 -08 36 21.641 345.1713839  -8.6060114 345.1714055  -8.6060194   -0.0769    0.0289    0.0836 13 11 26.00    60.00 
  2024 12  2.550417 23  0 41.1456 -08 36 21.702 345.1714400  -8.6060282 345.1714223  -8.6060095    0.0629   -0.0672    0.0770 13 12 36.00    60.00 
  2024 12  2.517350 23  0 40.9772 -08 36 23.097 345.1707384  -8.6064160 345.1707373  -8.6064112    0.0041   -0.0172    0.0277 12 24 59.00    60.00 
  2024 12  2.518160 23  0 40.9757 -08 36 23.056 345.1707320  -8.6064044 345.1707540  -8.6064014   -0.0783   -0.0109    0.0545 12 26  9.00    60.00 
  2024 12  2.518981 23  0 40.9837 -08 36 23.015 345.1707654  -8.6063930 345.1707709  -8.6063914   -0.0197   -0.0059    0.0639 12 27 20.00    60.00 
  2024 12  2.519792 23  0 40.9924 -08 36 22.935 345.1708017  -8.6063709 345.1707877  -8.6063816    0.0499    0.0384    0.0665 12 28 30.00    60.00 
  2024 12  2.520613 23  0 40.9917 -08 36 22.995 345.1707987  -8.6063875 345.1708046  -8.6063716   -0.0210   -0.0571    0.0770 12 29 41.00    60.00 
  2024 12  2.521424 23  0 40.9995 -08 36 22.873 345.1708312  -8.6063536 345.1708214  -8.6063618    0.0350    0.0296    0.0369 12 30 51.00    60.00 
  2024 12  2.522245 23  0 41.0035 -08 36 22.842 345.1708479  -8.6063449 345.1708384  -8.6063518    0.0341    0.0250    0.0190 12 32  2.00    60.00 
  2024 12  2.523056 23  0 41.0036 -08 36 22.855 345.1708485  -8.6063486 345.1708551  -8.6063420   -0.0234   -0.0236    0.0583 12 33 12.00    60.00 
  2024 12  2.523877 23  0 41.0105 -08 36 22.837 345.1708772  -8.6063435 345.1708721  -8.6063321    0.0181   -0.0411    0.0668 12 34 23.00    60.00 
  2024 12  2.524687 23  0 41.0175 -08 36 22.760 345.1709061  -8.6063222 345.1708888  -8.6063222    0.0613    0.0002    0.0635 12 35 33.00    60.00 
  2024 12  2.525509 23  0 41.0200 -08 36 22.744 345.1709165  -8.6063177 345.1709058  -8.6063123    0.0382   -0.0197    0.0645 12 36 44.00    60.00 
  2024 12  2.526319 23  0 41.0253 -08 36 22.638 345.1709388  -8.6062884 345.1709226  -8.6063024    0.0578    0.0504    0.0466 12 37 54.00    60.00 
  2024 12  2.528380 23  0 41.0281 -08 36 22.577 345.1709505  -8.6062713 345.1709652  -8.6062774   -0.0523    0.0222    0.0439 12 40 52.00    60.00 
  2024 12  2.529190 23  0 41.0354 -08 36 22.530 345.1709807  -8.6062583 345.1709819  -8.6062676   -0.0043    0.0335    0.0437 12 42  2.00    60.00 
  2024 12  2.530012 23  0 41.0459 -08 36 22.517 345.1710247  -8.6062548 345.1709989  -8.6062576    0.0917    0.0102    0.0439 12 43 13.00    60.00 
  2024 12  2.530833 23  0 41.0470 -08 36 22.488 345.1710291  -8.6062465 345.1710160  -8.6062477    0.0468    0.0040    0.0333 12 44 24.00    60.00 
  2024 12  2.531644 23  0 41.0536 -08 36 22.477 345.1710565  -8.6062437 345.1710327  -8.6062378    0.0847   -0.0212    0.0707 12 45 34.00    60.00 
  2024 12  2.532465 23  0 41.0527 -08 36 22.424 345.1710530  -8.6062290 345.1710497  -8.6062278    0.0117   -0.0041    0.0588 12 46 45.00    60.00 
  2024 12  2.533275 23  0 41.0564 -08 36 22.385 345.1710682  -8.6062180 345.1710665  -8.6062180    0.0058    0.0002    0.0267 12 47 55.00    60.00 
  2024 12  2.534097 23  0 41.0614 -08 36 22.403 345.1710892  -8.6062231 345.1710835  -8.6062080    0.0203   -0.0544    0.0716 12 49  6.00    60.00 
  2024 12  2.534907 23  0 41.0635 -08 36 22.320 345.1710980  -8.6062000 345.1711003  -8.6061982   -0.0083   -0.0067    0.0652 12 50 16.00    60.00 
  2024 12  2.535729 23  0 41.0719 -08 36 22.297 345.1711330  -8.6061937 345.1711174  -8.6061882    0.0556   -0.0197    0.0748 12 51 27.00    60.00 
  2024 12  2.536539 23  0 41.0718 -08 36 22.214 345.1711327  -8.6061706 345.1711342  -8.6061783   -0.0052    0.0278    0.0553 12 52 37.00    60.00 
  2024 12  2.537361 23  0 41.0749 -08 36 22.231 345.1711453  -8.6061752 345.1711512  -8.6061684   -0.0210   -0.0246    0.0615 12 53 48.00    60.00 
  2024 12  2.538171 23  0 41.0813 -08 36 22.193 345.1711720  -8.6061648 345.1711680  -8.6061585    0.0142   -0.0227    0.0608 12 54 58.00    60.00 
  2024 12  2.538993 23  0 41.0848 -08 36 22.151 345.1711866  -8.6061532 345.1711850  -8.6061485    0.0056   -0.0167    0.0679 12 56  9.00    60.00 
  2024 12  2.539803 23  0 41.0975 -08 36 22.111 345.1712398  -8.6061419 345.1712018  -8.6061387    0.1350   -0.0117    0.0567 12 57 19.00    60.00 
  2024 12  2.540625 23  0 41.0942 -08 36 22.083 345.1712258  -8.6061342 345.1712189  -8.6061287    0.0245   -0.0197    0.0551 12 58 30.00    60.00 
  2024 12  2.541435 23  0 41.1008 -08 36 21.996 345.1712534  -8.6061101 345.1712357  -8.6061188    0.0629    0.0315    0.0563 12 59 40.00    60.00 
  2024 12  2.542257 23  0 41.0972 -08 36 21.938 345.1712384  -8.6060939 345.1712528  -8.6061088   -0.0511    0.0536    0.0886 13  0 51.00    60.00 
  2024 12  2.543067 23  0 41.1096 -08 36 22.022 345.1712898  -8.6061171 345.1712696  -8.6060990    0.0720   -0.0652    0.1100 13  2  1.00    60.00 
  2024 12  2.543889 23  0 41.1023 -08 36 21.912 345.1712594  -8.6060867 345.1712866  -8.6060890   -0.0970    0.0082    0.0998 13  3 12.00    60.00 
  2024 12  2.544699 23  0 41.1141 -08 36 21.931 345.1713086  -8.6060919 345.1713035  -8.6060791    0.0183   -0.0460    0.1035 13  4 22.00    60.00 
  2024 12  2.545521 23  0 41.1191 -08 36 21.822 345.1713297  -8.6060616 345.1713205  -8.6060691    0.0328    0.0270    0.0747 13  5 33.00    60.00 
  2024 12  2.546331 23  0 41.1199 -08 36 21.857 345.1713327  -8.6060713 345.1713374  -8.6060593   -0.0166   -0.0433    0.0733 13  6 43.00    60.00 
  2024 12  2.547153 23  0 41.1249 -08 36 21.786 345.1713538  -8.6060517 345.1713544  -8.6060493   -0.0022   -0.0089    0.0851 13  7 54.00    60.00 
  2024 12  2.547975 23  0 41.1273 -08 36 21.725 345.1713638  -8.6060348 345.1713715  -8.6060393   -0.0276    0.0162    0.0704 13  9  5.00    60.00 
  2024 12  2.548785 23  0 41.1342 -08 36 21.634 345.1713923  -8.6060096 345.1713884  -8.6060294    0.0141    0.0714    0.0631 13 10 15.00    60.00 
  2024 12  2.549606 23  0 41.1321 -08 36 21.641 345.1713839  -8.6060114 345.1714055  -8.6060194   -0.0769    0.0289    0.0836 13 11 26.00    60.00 
  2024 12  2.550417 23  0 41.1456 -08 36 21.702 345.1714400  -8.6060282 345.1714223  -8.6060095    0.0629   -0.0672    0.0770 13 12 36.00    60.00 
  2024 12  2.517350 23  0 40.9772 -08 36 23.097 345.1707384  -8.6064160 345.1707373  -8.6064112    0.0041   -0.0172    0.0277 12 24 59.00    60.00 
  2024 12  2.518160 23  0 40.9757 -08 36 23.056 345.1707320  -8.6064044 345.1707540  -8.6064014   -0.0783   -0.0109    0.0545 12 26  9.00    60.00 
  2024 12  2.518981 23  0 40.9837 -08 36 23.015 345.1707654  -8.6063930 345.1707709  -8.6063914   -0.0197   -0.0059    0.0639 12 27 20.00    60.00 
  2024 12  2.519792 23  0 40.9924 -08 36 22.935 345.1708017  -8.6063709 345.1707877  -8.6063816    0.0499    0.0384    0.0665 12 28 30.00    60.00 
  2024 12  2.520613 23  0 40.9917 -08 36 22.995 345.1707987  -8.6063875 345.1708046  -8.6063716   -0.0210   -0.0571    0.0770 12 29 41.00    60.00 
  2024 12  2.521424 23  0 40.9995 -08 36 22.873 345.1708312  -8.6063536 345.1708214  -8.6063618    0.0350    0.0296    0.0369 12 30 51.00    60.00 
  2024 12  2.522245 23  0 41.0035 -08 36 22.842 345.1708479  -8.6063449 345.1708384  -8.6063518    0.0341    0.0250    0.0190 12 32  2.00    60.00 
  2024 12  2.523056 23  0 41.0036 -08 36 22.855 345.1708485  -8.6063486 345.1708551  -8.6063420   -0.0234   -0.0236    0.0583 12 33 12.00    60.00 
  2024 12  2.523877 23  0 41.0105 -08 36 22.837 345.1708772  -8.6063435 345.1708721  -8.6063321    0.0181   -0.0411    0.0668 12 34 23.00    60.00 
  2024 12  2.524687 23  0 41.0175 -08 36 22.760 345.1709061  -8.6063222 345.1708888  -8.6063222    0.0613    0.0002    0.0635 12 35 33.00    60.00 
  2024 12  2.525509 23  0 41.0200 -08 36 22.744 345.1709165  -8.6063177 345.1709058  -8.6063123    0.0382   -0.0197    0.0645 12 36 44.00    60.00 
  2024 12  2.526319 23  0 41.0253 -08 36 22.638 345.1709388  -8.6062884 345.1709226  -8.6063024    0.0578    0.0504    0.0466 12 37 54.00    60.00 
  2024 12  2.528380 23  0 41.0281 -08 36 22.577 345.1709505  -8.6062713 345.1709652  -8.6062774   -0.0523    0.0222    0.0439 12 40 52.00    60.00 
  2024 12  2.529190 23  0 41.0354 -08 36 22.530 345.1709807  -8.6062583 345.1709819  -8.6062676   -0.0043    0.0335    0.0437 12 42  2.00    60.00 
  2024 12  2.530012 23  0 41.0459 -08 36 22.517 345.1710247  -8.6062548 345.1709989  -8.6062576    0.0917    0.0102    0.0439 12 43 13.00    60.00 
  2024 12  2.530833 23  0 41.0470 -08 36 22.488 345.1710291  -8.6062465 345.1710160  -8.6062477    0.0468    0.0040    0.0333 12 44 24.00    60.00 
  2024 12  2.531644 23  0 41.0536 -08 36 22.477 345.1710565  -8.6062437 345.1710327  -8.6062378    0.0847   -0.0212    0.0707 12 45 34.00    60.00 
  2024 12  2.532465 23  0 41.0527 -08 36 22.424 345.1710530  -8.6062290 345.1710497  -8.6062278    0.0117   -0.0041    0.0588 12 46 45.00    60.00 
  2024 12  2.533275 23  0 41.0564 -08 36 22.385 345.1710682  -8.6062180 345.1710665  -8.6062180    0.0058    0.0002    0.0267 12 47 55.00    60.00 
  2024 12  2.534097 23  0 41.0614 -08 36 22.403 345.1710892  -8.6062231 345.1710835  -8.6062080    0.0203   -0.0544    0.0716 12 49  6.00    60.00 
  2024 12  2.534907 23  0 41.0635 -08 36 22.320 345.1710980  -8.6062000 345.1711003  -8.6061982   -0.0083   -0.0067    0.0652 12 50 16.00    60.00 
  2024 12  2.535729 23  0 41.0719 -08 36 22.297 345.1711330  -8.6061937 345.1711174  -8.6061882    0.0556   -0.0197    0.0748 12 51 27.00    60.00 
  2024 12  2.536539 23  0 41.0718 -08 36 22.214 345.1711327  -8.6061706 345.1711342  -8.6061783   -0.0052    0.0278    0.0553 12 52 37.00    60.00 
  2024 12  2.537361 23  0 41.0749 -08 36 22.231 345.1711453  -8.6061752 345.1711512  -8.6061684   -0.0210   -0.0246    0.0615 12 53 48.00    60.00 
  2024 12  2.538171 23  0 41.0813 -08 36 22.193 345.1711720  -8.6061648 345.1711680  -8.6061585    0.0142   -0.0227    0.0608 12 54 58.00    60.00 
  2024 12  2.538993 23  0 41.0848 -08 36 22.151 345.1711866  -8.6061532 345.1711850  -8.6061485    0.0056   -0.0167    0.0679 12 56  9.00    60.00 
  2024 12  2.539803 23  0 41.0975 -08 36 22.111 345.1712398  -8.6061419 345.1712018  -8.6061387    0.1350   -0.0117    0.0567 12 57 19.00    60.00 
  2024 12  2.540625 23  0 41.0942 -08 36 22.083 345.1712258  -8.6061342 345.1712189  -8.6061287    0.0245   -0.0197    0.0551 12 58 30.00    60.00 
  2024 12  2.541435 23  0 41.1008 -08 36 21.996 345.1712534  -8.6061101 345.1712357  -8.6061188    0.0629    0.0315    0.0563 12 59 40.00    60.00 
  2024 12  2.542257 23  0 41.0972 -08 36 21.938 345.1712384  -8.6060939 345.1712528  -8.6061088   -0.0511    0.0536    0.0886 13  0 51.00    60.00 
  2024 12  2.543067 23  0 41.1096 -08 36 22.022 345.1712898  -8.6061171 345.1712696  -8.6060990    0.0720   -0.0652    0.1100 13  2  1.00    60.00 
  2024 12  2.543889 23  0 41.1023 -08 36 21.912 345.1712594  -8.6060867 345.1712866  -8.6060890   -0.0970    0.0082    0.0998 13  3 12.00    60.00 
  2024 12  2.544699 23  0 41.1141 -08 36 21.931 345.1713086  -8.6060919 345.1713035  -8.6060791    0.0183   -0.0460    0.1035 13  4 22.00    60.00 
  2024 12  2.545521 23  0 41.1191 -08 36 21.822 345.1713297  -8.6060616 345.1713205  -8.6060691    0.0328    0.0270    0.0747 13  5 33.00    60.00 
  2024 12  2.546331 23  0 41.1199 -08 36 21.857 345.1713327  -8.6060713 345.1713374  -8.6060593   -0.0166   -0.0433    0.0733 13  6 43.00    60.00 
  2024 12  2.547153 23  0 41.1249 -08 36 21.786 345.1713538  -8.6060517 345.1713544  -8.6060493   -0.0022   -0.0089    0.0851 13  7 54.00    60.00 
  2024 12  2.547975 23  0 41.1273 -08 36 21.725 345.1713638  -8.6060348 345.1713715  -8.6060393   -0.0276    0.0162    0.0704 13  9  5.00    60.00 
  2024 12  2.548785 23  0 41.1342 -08 36 21.634 345.1713923  -8.6060096 345.1713884  -8.6060294    0.0141    0.0714    0.0631 13 10 15.00    60.00 
  2024 12  2.549606 23  0 41.1321 -08 36 21.641 345.1713839  -8.6060114 345.1714055  -8.6060194   -0.0769    0.0289    0.0836 13 11 26.00    60.00 
  2024 12  2.550417 23  0 41.1456 -08 36 21.702 345.1714400  -8.6060282 345.1714223  -8.6060095    0.0629   -0.0672    0.0770 13 12 36.00    60.00 
  2024 12  2.517350 23  0 40.9792 -08 36 23.156 345.1707467  -8.6064323 345.1707373  -8.6064112    0.0336   -0.0762    0.2082 12 24 59.00    60.00 
  2024 12  2.518160 23  0 40.9779 -08 36 23.095 345.1707414  -8.6064153 345.1707540  -8.6064014   -0.0447   -0.0501    0.1217 12 26  9.00    60.00 
  2024 12  2.518981 23  0 40.9835 -08 36 23.013 345.1707647  -8.6063924 345.1707709  -8.6063914   -0.0222   -0.0037    0.0738 12 27 20.00    60.00 
  2024 12  2.519792 23  0 40.9949 -08 36 22.927 345.1708121  -8.6063687 345.1707877  -8.6063816    0.0870    0.0465    0.0706 12 28 30.00    60.00 
  2024 12  2.520613 23  0 40.9931 -08 36 22.964 345.1708045  -8.6063789 345.1708046  -8.6063716   -0.0005   -0.0263    0.0927 12 29 41.00    60.00 
  2024 12  2.521424 23  0 40.9970 -08 36 22.870 345.1708208  -8.6063528 345.1708214  -8.6063618   -0.0019    0.0326    0.0310 12 30 51.00    60.00 
  2024 12  2.522245 23  0 41.0055 -08 36 22.852 345.1708562  -8.6063477 345.1708384  -8.6063518    0.0634    0.0149    0.0247 12 32  2.00    60.00 
  2024 12  2.523056 23  0 41.0040 -08 36 22.850 345.1708498  -8.6063473 345.1708551  -8.6063420   -0.0188   -0.0191    0.0804 12 33 12.00    60.00 
  2024 12  2.523877 23  0 41.0077 -08 36 22.881 345.1708655  -8.6063559 345.1708721  -8.6063321   -0.0233   -0.0860    0.0679 12 34 23.00    60.00 
  2024 12  2.524687 23  0 41.0191 -08 36 22.731 345.1709128  -8.6063140 345.1708888  -8.6063222    0.0853    0.0295    0.0954 12 35 33.00    60.00 
  2024 12  2.525509 23  0 41.0211 -08 36 22.722 345.1709211  -8.6063116 345.1709058  -8.6063123    0.0542    0.0025    0.0646 12 36 44.00    60.00 
  2024 12  2.526319 23  0 41.0260 -08 36 22.665 345.1709416  -8.6062957 345.1709226  -8.6063024    0.0676    0.0242    0.0635 12 37 54.00    60.00 
  2024 12  2.528380 23  0 41.0289 -08 36 22.596 345.1709539  -8.6062767 345.1709652  -8.6062774   -0.0401    0.0026    0.0417 12 40 52.00    60.00 
  2024 12  2.529190 23  0 41.0356 -08 36 22.495 345.1709816  -8.6062487 345.1709819  -8.6062676   -0.0012    0.0679    0.1066 12 42  2.00    60.00 
  2024 12  2.530012 23  0 41.0473 -08 36 22.565 345.1710304  -8.6062680 345.1709989  -8.6062576    0.1119   -0.0374    0.0208 12 43 13.00    60.00 
  2024 12  2.530833 23  0 41.0454 -08 36 22.516 345.1710224  -8.6062544 345.1710160  -8.6062477    0.0231   -0.0242    0.0368 12 44 24.00    60.00 
  2024 12  2.531644 23  0 41.0585 -08 36 22.465 345.1710771  -8.6062403 345.1710327  -8.6062378    0.1581   -0.0090    0.0697 12 45 34.00    60.00 
  2024 12  2.532465 23  0 41.0521 -08 36 22.407 345.1710506  -8.6062241 345.1710497  -8.6062278    0.0031    0.0135    0.0592 12 46 45.00    60.00 
  2024 12  2.533275 23  0 41.0575 -08 36 22.383 345.1710728  -8.6062174 345.1710665  -8.6062180    0.0224    0.0021    0.0541 12 47 55.00    60.00 
  2024 12  2.534097 23  0 41.0698 -08 36 22.426 345.1711241  -8.6062295 345.1710835  -8.6062080    0.1444   -0.0772    0.1596 12 49  6.00    60.00 
  2024 12  2.534907 23  0 41.0662 -08 36 22.316 345.1711090  -8.6061989 345.1711003  -8.6061982    0.0308   -0.0025    0.1294 12 50 16.00    60.00 
  2024 12  2.535729 23  0 41.0713 -08 36 22.284 345.1711304  -8.6061899 345.1711174  -8.6061882    0.0464   -0.0061    0.0899 12 51 27.00    60.00 
  2024 12  2.536539 23  0 41.0720 -08 36 22.213 345.1711334  -8.6061703 345.1711342  -8.6061783   -0.0027    0.0291    0.1049 12 52 37.00    60.00 
  2024 12  2.537361 23  0 41.0763 -08 36 22.236 345.1711512  -8.6061766 345.1711512  -8.6061684    0.0002   -0.0297    0.0886 12 53 48.00    60.00 
  2024 12  2.538171 23  0 41.0837 -08 36 22.188 345.1711821  -8.6061635 345.1711680  -8.6061585    0.0501   -0.0178    0.0641 12 54 58.00    60.00 
  2024 12  2.538993 23  0 41.0849 -08 36 22.167 345.1711872  -8.6061576 345.1711850  -8.6061485    0.0077   -0.0325    0.0904 12 56  9.00    60.00 
  2024 12  2.539803 23  0 41.0991 -08 36 22.116 345.1712462  -8.6061434 345.1712018  -8.6061387    0.1580   -0.0169    0.0823 12 57 19.00    60.00 
  2024 12  2.540625 23  0 41.0939 -08 36 22.067 345.1712245  -8.6061298 345.1712189  -8.6061287    0.0198   -0.0042    0.0731 12 58 30.00    60.00 
  2024 12  2.541435 23  0 41.0995 -08 36 22.050 345.1712478  -8.6061249 345.1712357  -8.6061188    0.0430   -0.0220    0.0692 12 59 40.00    60.00 
  2024 12  2.543067 23  0 41.1087 -08 36 22.059 345.1712862  -8.6061274 345.1712696  -8.6060990    0.0591   -0.1022    0.1314 13  2  1.00    60.00 
  2024 12  2.543889 23  0 41.1008 -08 36 21.927 345.1712533  -8.6060908 345.1712866  -8.6060890   -0.1186   -0.0063    0.2172 13  3 12.00    60.00 
  2024 12  2.546331 23  0 41.1226 -08 36 21.791 345.1713444  -8.6060531 345.1713374  -8.6060593    0.0249    0.0221    0.2312 13  6 43.00    60.00 
  2024 12  2.547153 23  0 41.1245 -08 36 21.753 345.1713520  -8.6060424 345.1713544  -8.6060493   -0.0087    0.0247    0.0594 13  7 54.00    60.00 
  2024 12  2.547975 23  0 41.1282 -08 36 21.721 345.1713675  -8.6060336 345.1713715  -8.6060393   -0.0144    0.0203    0.0647 13  9  5.00    60.00 
  2024 12  2.548785 23  0 41.1367 -08 36 21.674 345.1714029  -8.6060205 345.1713884  -8.6060294    0.0517    0.0320    0.0661 13 10 15.00    60.00 
  2024 12  2.550417 23  0 41.1477 -08 36 21.716 345.1714485  -8.6060323 345.1714223  -8.6060095    0.0934   -0.0819    0.1094 13 12 36.00    60.00 
  2024 12  2.518160 23  0 40.9766 -08 36 23.082 345.1707360  -8.6064117 345.1707540  -8.6064014   -0.0641   -0.0373    0.1059 12 26  9.00    60.00 
  2024 12  2.519792 23  0 40.9892 -08 36 22.937 345.1707884  -8.6063713 345.1707877  -8.6063816    0.0025    0.0371    0.1049 12 28 30.00    60.00 
  2024 12  2.520613 23  0 40.9920 -08 36 22.997 345.1708001  -8.6063881 345.1708046  -8.6063716   -0.0161   -0.0592    0.0702 12 29 41.00    60.00 
  2024 12  2.521424 23  0 40.9975 -08 36 22.879 345.1708229  -8.6063554 345.1708214  -8.6063618    0.0053    0.0231    0.0198 12 30 51.00    60.00 
  2024 12  2.522245 23  0 41.0034 -08 36 22.845 345.1708476  -8.6063458 345.1708384  -8.6063518    0.0331    0.0218    0.0377 12 32  2.00    60.00 
  2024 12  2.523056 23  0 41.0018 -08 36 22.879 345.1708406  -8.6063553 345.1708551  -8.6063420   -0.0515   -0.0477    0.0725 12 33 12.00    60.00 
  2024 12  2.525509 23  0 41.0174 -08 36 22.723 345.1709057  -8.6063118 345.1709058  -8.6063123   -0.0005    0.0016    0.0719 12 36 44.00    60.00 
  2024 12  2.526319 23  0 41.0245 -08 36 22.656 345.1709352  -8.6062932 345.1709226  -8.6063024    0.0451    0.0331    0.0704 12 37 54.00    60.00 
  2024 12  2.529190 23  0 41.0359 -08 36 22.515 345.1709831  -8.6062542 345.1709819  -8.6062676    0.0042    0.0484    0.0390 12 42  2.00    60.00 
  2024 12  2.530012 23  0 41.0453 -08 36 22.555 345.1710220  -8.6062652 345.1709989  -8.6062576    0.0819   -0.0272    0.0262 12 43 13.00    60.00 
  2024 12  2.531644 23  0 41.0551 -08 36 22.473 345.1710628  -8.6062425 345.1710327  -8.6062378    0.1069   -0.0170    0.0738 12 45 34.00    60.00 
  2024 12  2.532465 23  0 41.0521 -08 36 22.441 345.1710504  -8.6062337 345.1710497  -8.6062278    0.0022   -0.0210    0.0753 12 46 45.00    60.00 
  2024 12  2.533275 23  0 41.0567 -08 36 22.388 345.1710696  -8.6062190 345.1710665  -8.6062180    0.0109   -0.0037    0.0258 12 47 55.00    60.00 
  2024 12  2.537361 23  0 41.0719 -08 36 22.251 345.1711331  -8.6061808 345.1711512  -8.6061684   -0.0645   -0.0448    0.1180 12 53 48.00    60.00 
  2024 12  2.538171 23  0 41.0784 -08 36 22.199 345.1711602  -8.6061664 345.1711680  -8.6061585   -0.0277   -0.0284    0.0889 12 54 58.00    60.00 
  2024 12  2.540625 23  0 41.0907 -08 36 22.114 345.1712113  -8.6061428 345.1712189  -8.6061287   -0.0270   -0.0509    0.0848 12 58 30.00    60.00 
  2024 12  2.543889 23  0 41.0995 -08 36 21.912 345.1712480  -8.6060867 345.1712866  -8.6060890   -0.1374    0.0081    0.0990 13  3 12.00    60.00 
  2024 12  2.517350 23  0 40.9772 -08 36 23.097 345.1707384  -8.6064160 345.1707373  -8.6064112    0.0041   -0.0172    0.0277 12 24 59.00    60.00 
  2024 12  2.518160 23  0 40.9757 -08 36 23.056 345.1707320  -8.6064044 345.1707540  -8.6064014   -0.0783   -0.0109    0.0545 12 26  9.00    60.00 
  2024 12  2.518981 23  0 40.9837 -08 36 23.015 345.1707654  -8.6063930 345.1707709  -8.6063914   -0.0197   -0.0059    0.0639 12 27 20.00    60.00 
  2024 12  2.519792 23  0 40.9924 -08 36 22.935 345.1708017  -8.6063709 345.1707877  -8.6063816    0.0499    0.0384    0.0665 12 28 30.00    60.00 
  2024 12  2.520613 23  0 40.9917 -08 36 22.995 345.1707987  -8.6063875 345.1708046  -8.6063716   -0.0210   -0.0571    0.0770 12 29 41.00    60.00 
  2024 12  2.521424 23  0 40.9995 -08 36 22.873 345.1708312  -8.6063536 345.1708214  -8.6063618    0.0350    0.0296    0.0369 12 30 51.00    60.00 
  2024 12  2.522245 23  0 41.0035 -08 36 22.842 345.1708479  -8.6063449 345.1708384  -8.6063518    0.0341    0.0250    0.0190 12 32  2.00    60.00 
  2024 12  2.523056 23  0 41.0036 -08 36 22.855 345.1708485  -8.6063486 345.1708551  -8.6063420   -0.0234   -0.0236    0.0583 12 33 12.00    60.00 
  2024 12  2.523877 23  0 41.0105 -08 36 22.837 345.1708772  -8.6063435 345.1708721  -8.6063321    0.0181   -0.0411    0.0668 12 34 23.00    60.00 
  2024 12  2.524687 23  0 41.0175 -08 36 22.760 345.1709061  -8.6063222 345.1708888  -8.6063222    0.0613    0.0002    0.0635 12 35 33.00    60.00 
  2024 12  2.525509 23  0 41.0200 -08 36 22.744 345.1709165  -8.6063177 345.1709058  -8.6063123    0.0382   -0.0197    0.0645 12 36 44.00    60.00 
  2024 12  2.526319 23  0 41.0253 -08 36 22.638 345.1709388  -8.6062884 345.1709226  -8.6063024    0.0578    0.0504    0.0466 12 37 54.00    60.00 
  2024 12  2.528380 23  0 41.0281 -08 36 22.577 345.1709505  -8.6062713 345.1709652  -8.6062774   -0.0523    0.0222    0.0439 12 40 52.00    60.00 
  2024 12  2.529190 23  0 41.0354 -08 36 22.530 345.1709807  -8.6062583 345.1709819  -8.6062676   -0.0043    0.0335    0.0437 12 42  2.00    60.00 
  2024 12  2.530012 23  0 41.0459 -08 36 22.517 345.1710247  -8.6062548 345.1709989  -8.6062576    0.0917    0.0102    0.0439 12 43 13.00    60.00 
  2024 12  2.530833 23  0 41.0470 -08 36 22.488 345.1710291  -8.6062465 345.1710160  -8.6062477    0.0468    0.0040    0.0333 12 44 24.00    60.00 
  2024 12  2.531644 23  0 41.0536 -08 36 22.477 345.1710565  -8.6062437 345.1710327  -8.6062378    0.0847   -0.0212    0.0707 12 45 34.00    60.00 
  2024 12  2.532465 23  0 41.0527 -08 36 22.424 345.1710530  -8.6062290 345.1710497  -8.6062278    0.0117   -0.0041    0.0588 12 46 45.00    60.00 
  2024 12  2.533275 23  0 41.0564 -08 36 22.385 345.1710682  -8.6062180 345.1710665  -8.6062180    0.0058    0.0002    0.0267 12 47 55.00    60.00 
  2024 12  2.534097 23  0 41.0614 -08 36 22.403 345.1710892  -8.6062231 345.1710835  -8.6062080    0.0203   -0.0544    0.0716 12 49  6.00    60.00 
  2024 12  2.534907 23  0 41.0635 -08 36 22.320 345.1710980  -8.6062000 345.1711003  -8.6061982   -0.0083   -0.0067    0.0652 12 50 16.00    60.00 
  2024 12  2.535729 23  0 41.0719 -08 36 22.297 345.1711330  -8.6061937 345.1711174  -8.6061882    0.0556   -0.0197    0.0748 12 51 27.00    60.00 
  2024 12  2.536539 23  0 41.0718 -08 36 22.214 345.1711327  -8.6061706 345.1711342  -8.6061783   -0.0052    0.0278    0.0553 12 52 37.00    60.00 
  2024 12  2.537361 23  0 41.0749 -08 36 22.231 345.1711453  -8.6061752 345.1711512  -8.6061684   -0.0210   -0.0246    0.0615 12 53 48.00    60.00 
  2024 12  2.538171 23  0 41.0813 -08 36 22.193 345.1711720  -8.6061648 345.1711680  -8.6061585    0.0142   -0.0227    0.0608 12 54 58.00    60.00 
  2024 12  2.538993 23  0 41.0848 -08 36 22.151 345.1711866  -8.6061532 345.1711850  -8.6061485    0.0056   -0.0167    0.0679 12 56  9.00    60.00 
  2024 12  2.539803 23  0 41.0975 -08 36 22.111 345.1712398  -8.6061419 345.1712018  -8.6061387    0.1350   -0.0117    0.0567 12 57 19.00    60.00 
  2024 12  2.540625 23  0 41.0942 -08 36 22.083 345.1712258  -8.6061342 345.1712189  -8.6061287    0.0245   -0.0197    0.0551 12 58 30.00    60.00 
  2024 12  2.541435 23  0 41.1008 -08 36 21.996 345.1712534  -8.6061101 345.1712357  -8.6061188    0.0629    0.0315    0.0563 12 59 40.00    60.00 
  2024 12  2.542257 23  0 41.0972 -08 36 21.938 345.1712384  -8.6060939 345.1712528  -8.6061088   -0.0511    0.0536    0.0886 13  0 51.00    60.00 
  2024 12  2.543067 23  0 41.1096 -08 36 22.022 345.1712898  -8.6061171 345.1712696  -8.6060990    0.0720   -0.0652    0.1100 13  2  1.00    60.00 
  2024 12  2.543889 23  0 41.1023 -08 36 21.912 345.1712594  -8.6060867 345.1712866  -8.6060890   -0.0970    0.0082    0.0998 13  3 12.00    60.00 
  2024 12  2.544699 23  0 41.1141 -08 36 21.931 345.1713086  -8.6060919 345.1713035  -8.6060791    0.0183   -0.0460    0.1035 13  4 22.00    60.00 
  2024 12  2.545521 23  0 41.1191 -08 36 21.822 345.1713297  -8.6060616 345.1713205  -8.6060691    0.0328    0.0270    0.0747 13  5 33.00    60.00 
  2024 12  2.546331 23  0 41.1199 -08 36 21.857 345.1713327  -8.6060713 345.1713374  -8.6060593   -0.0166   -0.0433    0.0733 13  6 43.00    60.00 
  2024 12  2.547153 23  0 41.1249 -08 36 21.786 345.1713538  -8.6060517 345.1713544  -8.6060493   -0.0022   -0.0089    0.0851 13  7 54.00    60.00 
  2024 12  2.547975 23  0 41.1273 -08 36 21.725 345.1713638  -8.6060348 345.1713715  -8.6060393   -0.0276    0.0162    0.0704 13  9  5.00    60.00 
  2024 12  2.548785 23  0 41.1342 -08 36 21.634 345.1713923  -8.6060096 345.1713884  -8.6060294    0.0141    0.0714    0.0631 13 10 15.00    60.00 
  2024 12  2.549606 23  0 41.1321 -08 36 21.641 345.1713839  -8.6060114 345.1714055  -8.6060194   -0.0769    0.0289    0.0836 13 11 26.00    60.00 
  2024 12  2.550417 23  0 41.1456 -08 36 21.702 345.1714400  -8.6060282 345.1714223  -8.6060095    0.0629   -0.0672    0.0770 13 12 36.00    60.00 
  2024 12  2.517350 23  0 40.9772 -08 36 23.097 345.1707384  -8.6064160 345.1707373  -8.6064112    0.0041   -0.0172    0.0277 12 24 59.00    60.00 
  2024 12  2.518160 23  0 40.9757 -08 36 23.056 345.1707320  -8.6064044 345.1707540  -8.6064014   -0.0783   -0.0109    0.0545 12 26  9.00    60.00 
  2024 12  2.518981 23  0 40.9837 -08 36 23.015 345.1707654  -8.6063930 345.1707709  -8.6063914   -0.0197   -0.0059    0.0639 12 27 20.00    60.00 
  2024 12  2.519792 23  0 40.9924 -08 36 22.935 345.1708017  -8.6063709 345.1707877  -8.6063816    0.0499    0.0384    0.0665 12 28 30.00    60.00 
  2024 12  2.520613 23  0 40.9917 -08 36 22.995 345.1707987  -8.6063875 345.1708046  -8.6063716   -0.0210   -0.0571    0.0770 12 29 41.00    60.00 
  2024 12  2.521424 23  0 40.9995 -08 36 22.873 345.1708312  -8.6063536 345.1708214  -8.6063618    0.0350    0.0296    0.0369 12 30 51.00    60.00 
  2024 12  2.522245 23  0 41.0035 -08 36 22.842 345.1708479  -8.6063449 345.1708384  -8.6063518    0.0341    0.0250    0.0190 12 32  2.00    60.00 
  2024 12  2.523056 23  0 41.0036 -08 36 22.855 345.1708485  -8.6063486 345.1708551  -8.6063420   -0.0234   -0.0236    0.0583 12 33 12.00    60.00 
  2024 12  2.523877 23  0 41.0105 -08 36 22.837 345.1708772  -8.6063435 345.1708721  -8.6063321    0.0181   -0.0411    0.0668 12 34 23.00    60.00 
  2024 12  2.524687 23  0 41.0175 -08 36 22.760 345.1709061  -8.6063222 345.1708888  -8.6063222    0.0613    0.0002    0.0635 12 35 33.00    60.00 
  2024 12  2.525509 23  0 41.0200 -08 36 22.744 345.1709165  -8.6063177 345.1709058  -8.6063123    0.0382   -0.0197    0.0645 12 36 44.00    60.00 
  2024 12  2.526319 23  0 41.0253 -08 36 22.638 345.1709388  -8.6062884 345.1709226  -8.6063024    0.0578    0.0504    0.0466 12 37 54.00    60.00 
  2024 12  2.528380 23  0 41.0281 -08 36 22.577 345.1709505  -8.6062713 345.1709652  -8.6062774   -0.0523    0.0222    0.0439 12 40 52.00    60.00 
  2024 12  2.529190 23  0 41.0354 -08 36 22.530 345.1709807  -8.6062583 345.1709819  -8.6062676   -0.0043    0.0335    0.0437 12 42  2.00    60.00 
  2024 12  2.530012 23  0 41.0459 -08 36 22.517 345.1710247  -8.6062548 345.1709989  -8.6062576    0.0917    0.0102    0.0439 12 43 13.00    60.00 
  2024 12  2.530833 23  0 41.0470 -08 36 22.488 345.1710291  -8.6062465 345.1710160  -8.6062477    0.0468    0.0040    0.0333 12 44 24.00    60.00 
  2024 12  2.531644 23  0 41.0536 -08 36 22.477 345.1710565  -8.6062437 345.1710327  -8.6062378    0.0847   -0.0212    0.0707 12 45 34.00    60.00 
  2024 12  2.532465 23  0 41.0527 -08 36 22.424 345.1710530  -8.6062290 345.1710497  -8.6062278    0.0117   -0.0041    0.0588 12 46 45.00    60.00 
  2024 12  2.533275 23  0 41.0564 -08 36 22.385 345.1710682  -8.6062180 345.1710665  -8.6062180    0.0058    0.0002    0.0267 12 47 55.00    60.00 
  2024 12  2.534097 23  0 41.0614 -08 36 22.403 345.1710892  -8.6062231 345.1710835  -8.6062080    0.0203   -0.0544    0.0716 12 49  6.00    60.00 
  2024 12  2.534907 23  0 41.0635 -08 36 22.320 345.1710980  -8.6062000 345.1711003  -8.6061982   -0.0083   -0.0067    0.0652 12 50 16.00    60.00 
  2024 12  2.535729 23  0 41.0719 -08 36 22.297 345.1711330  -8.6061937 345.1711174  -8.6061882    0.0556   -0.0197    0.0748 12 51 27.00    60.00 
  2024 12  2.536539 23  0 41.0718 -08 36 22.214 345.1711327  -8.6061706 345.1711342  -8.6061783   -0.0052    0.0278    0.0553 12 52 37.00    60.00 
  2024 12  2.537361 23  0 41.0749 -08 36 22.231 345.1711453  -8.6061752 345.1711512  -8.6061684   -0.0210   -0.0246    0.0615 12 53 48.00    60.00 
  2024 12  2.538171 23  0 41.0813 -08 36 22.193 345.1711720  -8.6061648 345.1711680  -8.6061585    0.0142   -0.0227    0.0608 12 54 58.00    60.00 
  2024 12  2.538993 23  0 41.0848 -08 36 22.151 345.1711866  -8.6061532 345.1711850  -8.6061485    0.0056   -0.0167    0.0679 12 56  9.00    60.00 
  2024 12  2.539803 23  0 41.0975 -08 36 22.111 345.1712398  -8.6061419 345.1712018  -8.6061387    0.1350   -0.0117    0.0567 12 57 19.00    60.00 
  2024 12  2.540625 23  0 41.0942 -08 36 22.083 345.1712258  -8.6061342 345.1712189  -8.6061287    0.0245   -0.0197    0.0551 12 58 30.00    60.00 
  2024 12  2.541435 23  0 41.1008 -08 36 21.996 345.1712534  -8.6061101 345.1712357  -8.6061188    0.0629    0.0315    0.0563 12 59 40.00    60.00 
  2024 12  2.542257 23  0 41.0972 -08 36 21.938 345.1712384  -8.6060939 345.1712528  -8.6061088   -0.0511    0.0536    0.0886 13  0 51.00    60.00 
  2024 12  2.543067 23  0 41.1096 -08 36 22.022 345.1712898  -8.6061171 345.1712696  -8.6060990    0.0720   -0.0652    0.1100 13  2  1.00    60.00 
  2024 12  2.543889 23  0 41.1023 -08 36 21.912 345.1712594  -8.6060867 345.1712866  -8.6060890   -0.0970    0.0082    0.0998 13  3 12.00    60.00 
  2024 12  2.544699 23  0 41.1141 -08 36 21.931 345.1713086  -8.6060919 345.1713035  -8.6060791    0.0183   -0.0460    0.1035 13  4 22.00    60.00 
  2024 12  2.545521 23  0 41.1191 -08 36 21.822 345.1713297  -8.6060616 345.1713205  -8.6060691    0.0328    0.0270    0.0747 13  5 33.00    60.00 
  2024 12  2.546331 23  0 41.1199 -08 36 21.857 345.1713327  -8.6060713 345.1713374  -8.6060593   -0.0166   -0.0433    0.0733 13  6 43.00    60.00 
  2024 12  2.547153 23  0 41.1249 -08 36 21.786 345.1713538  -8.6060517 345.1713544  -8.6060493   -0.0022   -0.0089    0.0851 13  7 54.00    60.00 
  2024 12  2.547975 23  0 41.1273 -08 36 21.725 345.1713638  -8.6060348 345.1713715  -8.6060393   -0.0276    0.0162    0.0704 13  9  5.00    60.00 
  2024 12  2.548785 23  0 41.1342 -08 36 21.634 345.1713923  -8.6060096 345.1713884  -8.6060294    0.0141    0.0714    0.0631 13 10 15.00    60.00 
  2024 12  2.549606 23  0 41.1321 -08 36 21.641 345.1713839  -8.6060114 345.1714055  -8.6060194   -0.0769    0.0289    0.0836 13 11 26.00    60.00 
  2024 12  2.550417 23  0 41.1456 -08 36 21.702 345.1714400  -8.6060282 345.1714223  -8.6060095    0.0629   -0.0672    0.0770 13 12 36.00    60.00 
  2024 12  2.517350 23  0 40.9772 -08 36 23.097 345.1707384  -8.6064160 345.1707373  -8.6064112    0.0041   -0.0172    0.0277 12 24 59.00    60.00 
  2024 12  2.518160 23  0 40.9757 -08 36 23.056 345.1707320  -8.6064044 345.1707540  -8.6064014   -0.0783   -0.0109    0.0545 12 26  9.00    60.00 
  2024 12  2.518981 23  0 40.9837 -08 36 23.015 345.1707654  -8.6063930 345.1707709  -8.6063914   -0.0197   -0.0059    0.0639 12 27 20.00    60.00 
  2024 12  2.519792 23  0 40.9924 -08 36 22.935 345.1708017  -8.6063709 345.1707877  -8.6063816    0.0499    0.0384    0.0665 12 28 30.00    60.00 
  2024 12  2.520613 23  0 40.9917 -08 36 22.995 345.1707987  -8.6063875 345.1708046  -8.6063716   -0.0210   -0.0571    0.0770 12 29 41.00    60.00 
  2024 12  2.521424 23  0 40.9995 -08 36 22.873 345.1708312  -8.6063536 345.1708214  -8.6063618    0.0350    0.0296    0.0369 12 30 51.00    60.00 
  2024 12  2.522245 23  0 41.0035 -08 36 22.842 345.1708479  -8.6063449 345.1708384  -8.6063518    0.0341    0.0250    0.0190 12 32  2.00    60.00 
  2024 12  2.523056 23  0 41.0036 -08 36 22.855 345.1708485  -8.6063486 345.1708551  -8.6063420   -0.0234   -0.0236    0.0583 12 33 12.00    60.00 
  2024 12  2.523877 23  0 41.0105 -08 36 22.837 345.1708772  -8.6063435 345.1708721  -8.6063321    0.0181   -0.0411    0.0668 12 34 23.00    60.00 
  2024 12  2.524687 23  0 41.0175 -08 36 22.760 345.1709061  -8.6063222 345.1708888  -8.6063222    0.0613    0.0002    0.0635 12 35 33.00    60.00 
  2024 12  2.525509 23  0 41.0200 -08 36 22.744 345.1709165  -8.6063177 345.1709058  -8.6063123    0.0382   -0.0197    0.0645 12 36 44.00    60.00 
  2024 12  2.526319 23  0 41.0253 -08 36 22.638 345.1709388  -8.6062884 345.1709226  -8.6063024    0.0578    0.0504    0.0466 12 37 54.00    60.00 
  2024 12  2.528380 23  0 41.0281 -08 36 22.577 345.1709505  -8.6062713 345.1709652  -8.6062774   -0.0523    0.0222    0.0439 12 40 52.00    60.00 
  2024 12  2.529190 23  0 41.0354 -08 36 22.530 345.1709807  -8.6062583 345.1709819  -8.6062676   -0.0043    0.0335    0.0437 12 42  2.00    60.00 
  2024 12  2.530012 23  0 41.0459 -08 36 22.517 345.1710247  -8.6062548 345.1709989  -8.6062576    0.0917    0.0102    0.0439 12 43 13.00    60.00 
  2024 12  2.530833 23  0 41.0470 -08 36 22.488 345.1710291  -8.6062465 345.1710160  -8.6062477    0.0468    0.0040    0.0333 12 44 24.00    60.00 
  2024 12  2.531644 23  0 41.0536 -08 36 22.477 345.1710565  -8.6062437 345.1710327  -8.6062378    0.0847   -0.0212    0.0707 12 45 34.00    60.00 
  2024 12  2.532465 23  0 41.0527 -08 36 22.424 345.1710530  -8.6062290 345.1710497  -8.6062278    0.0117   -0.0041    0.0588 12 46 45.00    60.00 
  2024 12  2.533275 23  0 41.0564 -08 36 22.385 345.1710682  -8.6062180 345.1710665  -8.6062180    0.0058    0.0002    0.0267 12 47 55.00    60.00 
  2024 12  2.534097 23  0 41.0614 -08 36 22.403 345.1710892  -8.6062231 345.1710835  -8.6062080    0.0203   -0.0544    0.0716 12 49  6.00    60.00 
  2024 12  2.534907 23  0 41.0635 -08 36 22.320 345.1710980  -8.6062000 345.1711003  -8.6061982   -0.0083   -0.0067    0.0652 12 50 16.00    60.00 
  2024 12  2.535729 23  0 41.0719 -08 36 22.297 345.1711330  -8.6061937 345.1711174  -8.6061882    0.0556   -0.0197    0.0748 12 51 27.00    60.00 
  2024 12  2.536539 23  0 41.0718 -08 36 22.214 345.1711327  -8.6061706 345.1711342  -8.6061783   -0.0052    0.0278    0.0553 12 52 37.00    60.00 
  2024 12  2.537361 23  0 41.0749 -08 36 22.231 345.1711453  -8.6061752 345.1711512  -8.6061684   -0.0210   -0.0246    0.0615 12 53 48.00    60.00 
  2024 12  2.538171 23  0 41.0813 -08 36 22.193 345.1711720  -8.6061648 345.1711680  -8.6061585    0.0142   -0.0227    0.0608 12 54 58.00    60.00 
  2024 12  2.538993 23  0 41.0848 -08 36 22.151 345.1711866  -8.6061532 345.1711850  -8.6061485    0.0056   -0.0167    0.0679 12 56  9.00    60.00 
  2024 12  2.539803 23  0 41.0975 -08 36 22.111 345.1712398  -8.6061419 345.1712018  -8.6061387    0.1350   -0.0117    0.0567 12 57 19.00    60.00 
  2024 12  2.540625 23  0 41.0942 -08 36 22.083 345.1712258  -8.6061342 345.1712189  -8.6061287    0.0245   -0.0197    0.0551 12 58 30.00    60.00 
  2024 12  2.541435 23  0 41.1008 -08 36 21.996 345.1712534  -8.6061101 345.1712357  -8.6061188    0.0629    0.0315    0.0563 12 59 40.00    60.00 
  2024 12  2.542257 23  0 41.0972 -08 36 21.938 345.1712384  -8.6060939 345.1712528  -8.6061088   -0.0511    0.0536    0.0886 13  0 51.00    60.00 
  2024 12  2.543067 23  0 41.1096 -08 36 22.022 345.1712898  -8.6061171 345.1712696  -8.6060990    0.0720   -0.0652    0.1100 13  2  1.00    60.00 
  2024 12  2.543889 23  0 41.1023 -08 36 21.912 345.1712594  -8.6060867 345.1712866  -8.6060890   -0.0970    0.0082    0.0998 13  3 12.00    60.00 
  2024 12  2.544699 23  0 41.1141 -08 36 21.931 345.1713086  -8.6060919 345.1713035  -8.6060791    0.0183   -0.0460    0.1035 13  4 22.00    60.00 
  2024 12  2.545521 23  0 41.1191 -08 36 21.822 345.1713297  -8.6060616 345.1713205  -8.6060691    0.0328    0.0270    0.0747 13  5 33.00    60.00 
  2024 12  2.546331 23  0 41.1199 -08 36 21.857 345.1713327  -8.6060713 345.1713374  -8.6060593   -0.0166   -0.0433    0.0733 13  6 43.00    60.00 
  2024 12  2.547153 23  0 41.1249 -08 36 21.786 345.1713538  -8.6060517 345.1713544  -8.6060493   -0.0022   -0.0089    0.0851 13  7 54.00    60.00 
  2024 12  2.547975 23  0 41.1273 -08 36 21.725 345.1713638  -8.6060348 345.1713715  -8.6060393   -0.0276    0.0162    0.0704 13  9  5.00    60.00 
  2024 12  2.548785 23  0 41.1342 -08 36 21.634 345.1713923  -8.6060096 345.1713884  -8.6060294    0.0141    0.0714    0.0631 13 10 15.00    60.00 
  2024 12  2.549606 23  0 41.1321 -08 36 21.641 345.1713839  -8.6060114 345.1714055  -8.6060194   -0.0769    0.0289    0.0836 13 11 26.00    60.00 
  2024 12  2.550417 23  0 41.1456 -08 36 21.702 345.1714400  -8.6060282 345.1714223  -8.6060095    0.0629   -0.0672    0.0770 13 12 36.00    60.00 
  2024 12  2.517350 23  0 40.9772 -08 36 23.097 345.1707384  -8.6064160 345.1707373  -8.6064112    0.0041   -0.0172    0.0277 12 24 59.00    60.00 
  2024 12  2.518160 23  0 40.9757 -08 36 23.056 345.1707320  -8.6064044 345.1707540  -8.6064014   -0.0783   -0.0109    0.0545 12 26  9.00    60.00 
  2024 12  2.518981 23  0 40.9837 -08 36 23.015 345.1707654  -8.6063930 345.1707709  -8.6063914   -0.0197   -0.0059    0.0639 12 27 20.00    60.00 
  2024 12  2.519792 23  0 40.9924 -08 36 22.935 345.1708017  -8.6063709 345.1707877  -8.6063816    0.0499    0.0384    0.0665 12 28 30.00    60.00 
  2024 12  2.520613 23  0 40.9917 -08 36 22.995 345.1707987  -8.6063875 345.1708046  -8.6063716   -0.0210   -0.0571    0.0770 12 29 41.00    60.00 
  2024 12  2.521424 23  0 40.9995 -08 36 22.873 345.1708312  -8.6063536 345.1708214  -8.6063618    0.0350    0.0296    0.0369 12 30 51.00    60.00 
  2024 12  2.522245 23  0 41.0035 -08 36 22.842 345.1708479  -8.6063449 345.1708384  -8.6063518    0.0341    0.0250    0.0190 12 32  2.00    60.00 
  2024 12  2.523056 23  0 41.0036 -08 36 22.855 345.1708485  -8.6063486 345.1708551  -8.6063420   -0.0234   -0.0236    0.0583 12 33 12.00    60.00 
  2024 12  2.523877 23  0 41.0105 -08 36 22.837 345.1708772  -8.6063435 345.1708721  -8.6063321    0.0181   -0.0411    0.0668 12 34 23.00    60.00 
  2024 12  2.524687 23  0 41.0175 -08 36 22.760 345.1709061  -8.6063222 345.1708888  -8.6063222    0.0613    0.0002    0.0635 12 35 33.00    60.00 
  2024 12  2.525509 23  0 41.0200 -08 36 22.744 345.1709165  -8.6063177 345.1709058  -8.6063123    0.0382   -0.0197    0.0645 12 36 44.00    60.00 
  2024 12  2.526319 23  0 41.0253 -08 36 22.638 345.1709388  -8.6062884 345.1709226  -8.6063024    0.0578    0.0504    0.0466 12 37 54.00    60.00 
  2024 12  2.528380 23  0 41.0281 -08 36 22.577 345.1709505  -8.6062713 345.1709652  -8.6062774   -0.0523    0.0222    0.0439 12 40 52.00    60.00 
  2024 12  2.529190 23  0 41.0354 -08 36 22.530 345.1709807  -8.6062583 345.1709819  -8.6062676   -0.0043    0.0335    0.0437 12 42  2.00    60.00 
  2024 12  2.530012 23  0 41.0459 -08 36 22.517 345.1710247  -8.6062548 345.1709989  -8.6062576    0.0917    0.0102    0.0439 12 43 13.00    60.00 
  2024 12  2.530833 23  0 41.0470 -08 36 22.488 345.1710291  -8.6062465 345.1710160  -8.6062477    0.0468    0.0040    0.0333 12 44 24.00    60.00 
  2024 12  2.531644 23  0 41.0536 -08 36 22.477 345.1710565  -8.6062437 345.1710327  -8.6062378    0.0847   -0.0212    0.0707 12 45 34.00    60.00 
  2024 12  2.532465 23  0 41.0527 -08 36 22.424 345.1710530  -8.6062290 345.1710497  -8.6062278    0.0117   -0.0041    0.0588 12 46 45.00    60.00 
  2024 12  2.533275 23  0 41.0564 -08 36 22.385 345.1710682  -8.6062180 345.1710665  -8.6062180    0.0058    0.0002    0.0267 12 47 55.00    60.00 
  2024 12  2.534097 23  0 41.0614 -08 36 22.403 345.1710892  -8.6062231 345.1710835  -8.6062080    0.0203   -0.0544    0.0716 12 49  6.00    60.00 
  2024 12  2.534907 23  0 41.0635 -08 36 22.320 345.1710980  -8.6062000 345.1711003  -8.6061982   -0.0083   -0.0067    0.0652 12 50 16.00    60.00 
  2024 12  2.535729 23  0 41.0719 -08 36 22.297 345.1711330  -8.6061937 345.1711174  -8.6061882    0.0556   -0.0197    0.0748 12 51 27.00    60.00 
  2024 12  2.536539 23  0 41.0718 -08 36 22.214 345.1711327  -8.6061706 345.1711342  -8.6061783   -0.0052    0.0278    0.0553 12 52 37.00    60.00 
  2024 12  2.537361 23  0 41.0749 -08 36 22.231 345.1711453  -8.6061752 345.1711512  -8.6061684   -0.0210   -0.0246    0.0615 12 53 48.00    60.00 
  2024 12  2.538171 23  0 41.0813 -08 36 22.193 345.1711720  -8.6061648 345.1711680  -8.6061585    0.0142   -0.0227    0.0608 12 54 58.00    60.00 
  2024 12  2.538993 23  0 41.0848 -08 36 22.151 345.1711866  -8.6061532 345.1711850  -8.6061485    0.0056   -0.0167    0.0679 12 56  9.00    60.00 
  2024 12  2.539803 23  0 41.0975 -08 36 22.111 345.1712398  -8.6061419 345.1712018  -8.6061387    0.1350   -0.0117    0.0567 12 57 19.00    60.00 
  2024 12  2.540625 23  0 41.0942 -08 36 22.083 345.1712258  -8.6061342 345.1712189  -8.6061287    0.0245   -0.0197    0.0551 12 58 30.00    60.00 
  2024 12  2.541435 23  0 41.1008 -08 36 21.996 345.1712534  -8.6061101 345.1712357  -8.6061188    0.0629    0.0315    0.0563 12 59 40.00    60.00 
  2024 12  2.542257 23  0 41.0972 -08 36 21.938 345.1712384  -8.6060939 345.1712528  -8.6061088   -0.0511    0.0536    0.0886 13  0 51.00    60.00 
  2024 12  2.543067 23  0 41.1096 -08 36 22.022 345.1712898  -8.6061171 345.1712696  -8.6060990    0.0720   -0.0652    0.1100 13  2  1.00    60.00 
  2024 12  2.543889 23  0 41.1023 -08 36 21.912 345.1712594  -8.6060867 345.1712866  -8.6060890   -0.0970    0.0082    0.0998 13  3 12.00    60.00 
  2024 12  2.544699 23  0 41.1141 -08 36 21.931 345.1713086  -8.6060919 345.1713035  -8.6060791    0.0183   -0.0460    0.1035 13  4 22.00    60.00 
  2024 12  2.545521 23  0 41.1191 -08 36 21.822 345.1713297  -8.6060616 345.1713205  -8.6060691    0.0328    0.0270    0.0747 13  5 33.00    60.00 
  2024 12  2.546331 23  0 41.1199 -08 36 21.857 345.1713327  -8.6060713 345.1713374  -8.6060593   -0.0166   -0.0433    0.0733 13  6 43.00    60.00 
  2024 12  2.547153 23  0 41.1249 -08 36 21.786 345.1713538  -8.6060517 345.1713544  -8.6060493   -0.0022   -0.0089    0.0851 13  7 54.00    60.00 
  2024 12  2.547975 23  0 41.1273 -08 36 21.725 345.1713638  -8.6060348 345.1713715  -8.6060393   -0.0276    0.0162    0.0704 13  9  5.00    60.00 
  2024 12  2.548785 23  0 41.1342 -08 36 21.634 345.1713923  -8.6060096 345.1713884  -8.6060294    0.0141    0.0714    0.0631 13 10 15.00    60.00 
  2024 12  2.549606 23  0 41.1321 -08 36 21.641 345.1713839  -8.6060114 345.1714055  -8.6060194   -0.0769    0.0289    0.0836 13 11 26.00    60.00 
  2024 12  2.550417 23  0 41.1456 -08 36 21.702 345.1714400  -8.6060282 345.1714223  -8.6060095    0.0629   -0.0672    0.0770 13 12 36.00    60.00 
  2024 12  2.517350 23  0 40.9772 -08 36 23.098 345.1707384  -8.6064160 345.1707373  -8.6064112    0.0042   -0.0175    0.0273 12 24 59.00    60.00 
  2024 12  2.518160 23  0 40.9757 -08 36 23.056 345.1707320  -8.6064045 345.1707540  -8.6064014   -0.0782   -0.0112    0.0543 12 26  9.00    60.00 
  2024 12  2.518981 23  0 40.9837 -08 36 23.015 345.1707654  -8.6063931 345.1707709  -8.6063914   -0.0198   -0.0062    0.0638 12 27 20.00    60.00 
  2024 12  2.519792 23  0 40.9924 -08 36 22.935 345.1708017  -8.6063709 345.1707877  -8.6063816    0.0501    0.0384    0.0664 12 28 30.00    60.00 
  2024 12  2.520613 23  0 40.9917 -08 36 22.995 345.1707988  -8.6063875 345.1708046  -8.6063716   -0.0210   -0.0572    0.0770 12 29 41.00    60.00 
  2024 12  2.521424 23  0 40.9995 -08 36 22.873 345.1708312  -8.6063536 345.1708214  -8.6063618    0.0348    0.0295    0.0369 12 30 51.00    60.00 
  2024 12  2.522245 23  0 41.0035 -08 36 22.842 345.1708480  -8.6063449 345.1708384  -8.6063518    0.0342    0.0249    0.0190 12 32  2.00    60.00 
  2024 12  2.523056 23  0 41.0036 -08 36 22.855 345.1708484  -8.6063485 345.1708551  -8.6063420   -0.0240   -0.0234    0.0583 12 33 12.00    60.00 
  2024 12  2.523877 23  0 41.0105 -08 36 22.836 345.1708772  -8.6063435 345.1708721  -8.6063321    0.0182   -0.0410    0.0667 12 34 23.00    60.00 
  2024 12  2.524687 23  0 41.0175 -08 36 22.760 345.1709061  -8.6063222 345.1708888  -8.6063222    0.0614    0.0002    0.0635 12 35 33.00    60.00 
  2024 12  2.525509 23  0 41.0200 -08 36 22.744 345.1709165  -8.6063177 345.1709058  -8.6063123    0.0381   -0.0197    0.0645 12 36 44.00    60.00 
  2024 12  2.526319 23  0 41.0253 -08 36 22.638 345.1709388  -8.6062884 345.1709226  -8.6063024    0.0578    0.0505    0.0466 12 37 54.00    60.00 
  2024 12  2.528380 23  0 41.0281 -08 36 22.577 345.1709505  -8.6062713 345.1709652  -8.6062774   -0.0524    0.0222    0.0439 12 40 52.00    60.00 
  2024 12  2.529190 23  0 41.0354 -08 36 22.530 345.1709808  -8.6062583 345.1709819  -8.6062676   -0.0041    0.0335    0.0436 12 42  2.00    60.00 
  2024 12  2.530012 23  0 41.0459 -08 36 22.517 345.1710247  -8.6062548 345.1709989  -8.6062576    0.0917    0.0101    0.0439 12 43 13.00    60.00 
  2024 12  2.530833 23  0 41.0470 -08 36 22.488 345.1710290  -8.6062466 345.1710160  -8.6062477    0.0465    0.0037    0.0325 12 44 24.00    60.00 
  2024 12  2.531644 23  0 41.0535 -08 36 22.478 345.1710565  -8.6062438 345.1710327  -8.6062378    0.0844   -0.0215    0.0702 12 45 34.00    60.00 
  2024 12  2.532465 23  0 41.0527 -08 36 22.424 345.1710531  -8.6062290 345.1710497  -8.6062278    0.0119   -0.0042    0.0588 12 46 45.00    60.00 
  2024 12  2.533275 23  0 41.0564 -08 36 22.385 345.1710682  -8.6062180 345.1710665  -8.6062180    0.0058    0.0002    0.0268 12 47 55.00    60.00 
  2024 12  2.534097 23  0 41.0614 -08 36 22.403 345.1710891  -8.6062231 345.1710835  -8.6062080    0.0198   -0.0544    0.0715 12 49  6.00    60.00 
  2024 12  2.534907 23  0 41.0635 -08 36 22.320 345.1710980  -8.6062000 345.1711003  -8.6061982   -0.0084   -0.0066    0.0652 12 50 16.00    60.00 
  2024 12  2.535729 23  0 41.0720 -08 36 22.297 345.1711332  -8.6061935 345.1711174  -8.6061882    0.0563   -0.0191    0.0757 12 51 27.00    60.00 
  2024 12  2.536539 23  0 41.0718 -08 36 22.214 345.1711327  -8.6061706 345.1711342  -8.6061783   -0.0052    0.0279    0.0553 12 52 37.00    60.00 
  2024 12  2.537361 23  0 41.0749 -08 36 22.231 345.1711453  -8.6061752 345.1711512  -8.6061684   -0.0210   -0.0246    0.0615 12 53 48.00    60.00 
  2024 12  2.538171 23  0 41.0813 -08 36 22.193 345.1711720  -8.6061648 345.1711680  -8.6061585    0.0142   -0.0227    0.0608 12 54 58.00    60.00 
  2024 12  2.538993 23  0 41.0848 -08 36 22.151 345.1711866  -8.6061532 345.1711850  -8.6061485    0.0056   -0.0167    0.0679 12 56  9.00    60.00 
  2024 12  2.539803 23  0 41.0975 -08 36 22.111 345.1712398  -8.6061419 345.1712018  -8.6061387    0.1350   -0.0117    0.0567 12 57 19.00    60.00 
  2024 12  2.540625 23  0 41.0942 -08 36 22.083 345.1712258  -8.6061342 345.1712189  -8.6061287    0.0245   -0.0197    0.0551 12 58 30.00    60.00 
  2024 12  2.541435 23  0 41.1008 -08 36 21.996 345.1712534  -8.6061101 345.1712357  -8.6061188    0.0629    0.0315    0.0563 12 59 40.00    60.00 
  2024 12  2.542257 23  0 41.0972 -08 36 21.938 345.1712384  -8.6060939 345.1712528  -8.6061088   -0.0511    0.0540    0.0896 13  0 51.00    60.00 
  2024 12  2.543067 23  0 41.1096 -08 36 22.021 345.1712898  -8.6061170 345.1712696  -8.6060990    0.0720   -0.0648    0.1111 13  2  1.00    60.00 
  2024 12  2.543889 23  0 41.1023 -08 36 21.912 345.1712594  -8.6060867 345.1712866  -8.6060890   -0.0970    0.0084    0.1007 13  3 12.00    60.00 
  2024 12  2.544699 23  0 41.1141 -08 36 21.931 345.1713086  -8.6060919 345.1713035  -8.6060791    0.0183   -0.0458    0.1040 13  4 22.00    60.00 
  2024 12  2.545521 23  0 41.1191 -08 36 21.822 345.1713297  -8.6060616 345.1713205  -8.6060691    0.0328    0.0272    0.0752 13  5 33.00    60.00 
  2024 12  2.546331 23  0 41.1199 -08 36 21.857 345.1713327  -8.6060713 345.1713374  -8.6060593   -0.0166   -0.0432    0.0736 13  6 43.00    60.00 
  2024 12  2.547153 23  0 41.1249 -08 36 21.786 345.1713538  -8.6060517 345.1713544  -8.6060493   -0.0022   -0.0088    0.0853 13  7 54.00    60.00 
  2024 12  2.547975 23  0 41.1273 -08 36 21.725 345.1713638  -8.6060348 345.1713715  -8.6060393   -0.0276    0.0161    0.0704 13  9  5.00    60.00 
  2024 12  2.548785 23  0 41.1342 -08 36 21.634 345.1713923  -8.6060096 345.1713884  -8.6060294    0.0141    0.0714    0.0631 13 10 15.00    60.00 
  2024 12  2.549606 23  0 41.1321 -08 36 21.641 345.1713839  -8.6060114 345.1714055  -8.6060194   -0.0768    0.0289    0.0835 13 11 26.00    60.00 
  2024 12  2.550417 23  0 41.1456 -08 36 21.702 345.1714400  -8.6060282 345.1714223  -8.6060095    0.0629   -0.0673    0.0767 13 12 36.00    60.00 
  2024 12  2.517350 23  0 40.9772 -08 36 23.097 345.1707384  -8.6064160 345.1707373  -8.6064112    0.0041   -0.0172    0.0277 12 24 59.00    60.00 
  2024 12  2.518160 23  0 40.9757 -08 36 23.056 345.1707320  -8.6064044 345.1707540  -8.6064014   -0.0783   -0.0109    0.0545 12 26  9.00    60.00 
  2024 12  2.518981 23  0 40.9837 -08 36 23.015 345.1707654  -8.6063930 345.1707709  -8.6063914   -0.0197   -0.0059    0.0639 12 27 20.00    60.00 
  2024 12  2.519792 23  0 40.9924 -08 36 22.935 345.1708017  -8.6063709 345.1707877  -8.6063816    0.0499    0.0384    0.0665 12 28 30.00    60.00 
  2024 12  2.520613 23  0 40.9917 -08 36 22.995 345.1707987  -8.6063875 345.1708046  -8.6063716   -0.0210   -0.0571    0.0770 12 29 41.00    60.00 
  2024 12  2.521424 23  0 40.9995 -08 36 22.873 345.1708312  -8.6063536 345.1708214  -8.6063618    0.0350    0.0296    0.0369 12 30 51.00    60.00 
  2024 12  2.522245 23  0 41.0035 -08 36 22.842 345.1708479  -8.6063449 345.1708384  -8.6063518    0.0341    0.0250    0.0190 12 32  2.00    60.00 
  2024 12  2.523056 23  0 41.0036 -08 36 22.855 345.1708485  -8.6063486 345.1708551  -8.6063420   -0.0234   -0.0236    0.0583 12 33 12.00    60.00 
  2024 12  2.523877 23  0 41.0105 -08 36 22.837 345.1708772  -8.6063435 345.1708721  -8.6063321    0.0181   -0.0411    0.0668 12 34 23.00    60.00 
  2024 12  2.524687 23  0 41.0175 -08 36 22.760 345.1709061  -8.6063222 345.1708888  -8.6063222    0.0613    0.0002    0.0635 12 35 33.00    60.00 
  2024 12  2.525509 23  0 41.0200 -08 36 22.744 345.1709165  -8.6063177 345.1709058  -8.6063123    0.0382   -0.0197    0.0645 12 36 44.00    60.00 
  2024 12  2.526319 23  0 41.0253 -08 36 22.638 345.1709388  -8.6062884 345.1709226  -8.6063024    0.0578    0.0504    0.0466 12 37 54.00    60.00 
  2024 12  2.528380 23  0 41.0281 -08 36 22.577 345.1709505  -8.6062713 345.1709652  -8.6062774   -0.0523    0.0222    0.0439 12 40 52.00    60.00 
  2024 12  2.529190 23  0 41.0354 -08 36 22.530 345.1709807  -8.6062583 345.1709819  -8.6062676   -0.0043    0.0335    0.0437 12 42  2.00    60.00 
  2024 12  2.530012 23  0 41.0459 -08 36 22.517 345.1710247  -8.6062548 345.1709989  -8.6062576    0.0917    0.0102    0.0439 12 43 13.00    60.00 
  2024 12  2.530833 23  0 41.0470 -08 36 22.488 345.1710291  -8.6062465 345.1710160  -8.6062477    0.0468    0.0040    0.0333 12 44 24.00    60.00 
  2024 12  2.531644 23  0 41.0536 -08 36 22.477 345.1710565  -8.6062437 345.1710327  -8.6062378    0.0847   -0.0212    0.0707 12 45 34.00    60.00 
  2024 12  2.532465 23  0 41.0527 -08 36 22.424 345.1710530  -8.6062290 345.1710497  -8.6062278    0.0117   -0.0041    0.0588 12 46 45.00    60.00 
  2024 12  2.533275 23  0 41.0564 -08 36 22.385 345.1710682  -8.6062180 345.1710665  -8.6062180    0.0058    0.0002    0.0267 12 47 55.00    60.00 
  2024 12  2.534097 23  0 41.0614 -08 36 22.403 345.1710892  -8.6062231 345.1710835  -8.6062080    0.0203   -0.0544    0.0716 12 49  6.00    60.00 
  2024 12  2.534907 23  0 41.0635 -08 36 22.320 345.1710980  -8.6062000 345.1711003  -8.6061982   -0.0083   -0.0067    0.0652 12 50 16.00    60.00 
  2024 12  2.535729 23  0 41.0719 -08 36 22.297 345.1711330  -8.6061937 345.1711174  -8.6061882    0.0556   -0.0197    0.0748 12 51 27.00    60.00 
  2024 12  2.536539 23  0 41.0718 -08 36 22.214 345.1711327  -8.6061706 345.1711342  -8.6061783   -0.0052    0.0278    0.0553 12 52 37.00    60.00 
  2024 12  2.537361 23  0 41.0749 -08 36 22.231 345.1711453  -8.6061752 345.1711512  -8.6061684   -0.0210   -0.0246    0.0615 12 53 48.00    60.00 
  2024 12  2.538171 23  0 41.0813 -08 36 22.193 345.1711720  -8.6061648 345.1711680  -8.6061585    0.0142   -0.0227    0.0608 12 54 58.00    60.00 
  2024 12  2.538993 23  0 41.0848 -08 36 22.151 345.1711866  -8.6061532 345.1711850  -8.6061485    0.0056   -0.0167    0.0679 12 56  9.00    60.00 
  2024 12  2.539803 23  0 41.0975 -08 36 22.111 345.1712398  -8.6061419 345.1712018  -8.6061387    0.1350   -0.0117    0.0567 12 57 19.00    60.00 
  2024 12  2.540625 23  0 41.0942 -08 36 22.083 345.1712258  -8.6061342 345.1712189  -8.6061287    0.0245   -0.0197    0.0551 12 58 30.00    60.00 
  2024 12  2.541435 23  0 41.1008 -08 36 21.996 345.1712534  -8.6061101 345.1712357  -8.6061188    0.0629    0.0315    0.0563 12 59 40.00    60.00 
  2024 12  2.542257 23  0 41.0972 -08 36 21.938 345.1712384  -8.6060939 345.1712528  -8.6061088   -0.0511    0.0536    0.0886 13  0 51.00    60.00 
  2024 12  2.543067 23  0 41.1096 -08 36 22.022 345.1712898  -8.6061171 345.1712696  -8.6060990    0.0720   -0.0652    0.1100 13  2  1.00    60.00 
  2024 12  2.543889 23  0 41.1023 -08 36 21.912 345.1712594  -8.6060867 345.1712866  -8.6060890   -0.0970    0.0082    0.0998 13  3 12.00    60.00 
  2024 12  2.544699 23  0 41.1141 -08 36 21.931 345.1713086  -8.6060919 345.1713035  -8.6060791    0.0183   -0.0460    0.1035 13  4 22.00    60.00 
  2024 12  2.545521 23  0 41.1191 -08 36 21.822 345.1713297  -8.6060616 345.1713205  -8.6060691    0.0328    0.0270    0.0747 13  5 33.00    60.00 
  2024 12  2.546331 23  0 41.1199 -08 36 21.857 345.1713327  -8.6060713 345.1713374  -8.6060593   -0.0166   -0.0433    0.0733 13  6 43.00    60.00 
  2024 12  2.547153 23  0 41.1249 -08 36 21.786 345.1713538  -8.6060517 345.1713544  -8.6060493   -0.0022   -0.0089    0.0851 13  7 54.00    60.00 
  2024 12  2.547975 23  0 41.1273 -08 36 21.725 345.1713638  -8.6060348 345.1713715  -8.6060393   -0.0276    0.0162    0.0704 13  9  5.00    60.00 
  2024 12  2.548785 23  0 41.1342 -08 36 21.634 345.1713923  -8.6060096 345.1713884  -8.6060294    0.0141    0.0714    0.0631 13 10 15.00    60.00 
  2024 12  2.549606 23  0 41.1321 -08 36 21.641 345.1713839  -8.6060114 345.1714055  -8.6060194   -0.0769    0.0289    0.0836 13 11 26.00    60.00 
  2024 12  2.550417 23  0 41.1456 -08 36 21.702 345.1714400  -8.6060282 345.1714223  -8.6060095    0.0629   -0.0672    0.0770 13 12 36.00    60.00 
  2024 12  2.517350 23  0 40.9772 -08 36 23.097 345.1707384  -8.6064160 345.1707373  -8.6064112    0.0041   -0.0172    0.0277 12 24 59.00    60.00 
  2024 12  2.518160 23  0 40.9757 -08 36 23.056 345.1707320  -8.6064044 345.1707540  -8.6064014   -0.0783   -0.0109    0.0545 12 26  9.00    60.00 
  2024 12  2.518981 23  0 40.9837 -08 36 23.015 345.1707654  -8.6063930 345.1707709  -8.6063914   -0.0197   -0.0059    0.0639 12 27 20.00    60.00 
  2024 12  2.519792 23  0 40.9924 -08 36 22.935 345.1708017  -8.6063709 345.1707877  -8.6063816    0.0499    0.0384    0.0665 12 28 30.00    60.00 
  2024 12  2.520613 23  0 40.9917 -08 36 22.995 345.1707987  -8.6063875 345.1708046  -8.6063716   -0.0210   -0.0571    0.0770 12 29 41.00    60.00 
  2024 12  2.521424 23  0 40.9995 -08 36 22.873 345.1708312  -8.6063536 345.1708214  -8.6063618    0.0350    0.0296    0.0369 12 30 51.00    60.00 
  2024 12  2.522245 23  0 41.0035 -08 36 22.842 345.1708479  -8.6063449 345.1708384  -8.6063518    0.0341    0.0250    0.0190 12 32  2.00    60.00 
  2024 12  2.523056 23  0 41.0036 -08 36 22.855 345.1708485  -8.6063486 345.1708551  -8.6063420   -0.0234   -0.0236    0.0583 12 33 12.00    60.00 
  2024 12  2.523877 23  0 41.0105 -08 36 22.837 345.1708772  -8.6063435 345.1708721  -8.6063321    0.0181   -0.0411    0.0668 12 34 23.00    60.00 
  2024 12  2.524687 23  0 41.0175 -08 36 22.760 345.1709061  -8.6063222 345.1708888  -8.6063222    0.0613    0.0002    0.0635 12 35 33.00    60.00 
  2024 12  2.525509 23  0 41.0200 -08 36 22.744 345.1709165  -8.6063177 345.1709058  -8.6063123    0.0382   -0.0197    0.0645 12 36 44.00    60.00 
  2024 12  2.526319 23  0 41.0253 -08 36 22.638 345.1709388  -8.6062884 345.1709226  -8.6063024    0.0578    0.0504    0.0466 12 37 54.00    60.00 
  2024 12  2.528380 23  0 41.0281 -08 36 22.577 345.1709505  -8.6062713 345.1709652  -8.6062774   -0.0523    0.0222    0.0439 12 40 52.00    60.00 
  2024 12  2.529190 23  0 41.0354 -08 36 22.530 345.1709807  -8.6062583 345.1709819  -8.6062676   -0.0043    0.0335    0.0437 12 42  2.00    60.00 
  2024 12  2.530012 23  0 41.0459 -08 36 22.517 345.1710247  -8.6062548 345.1709989  -8.6062576    0.0917    0.0102    0.0439 12 43 13.00    60.00 
  2024 12  2.530833 23  0 41.0470 -08 36 22.488 345.1710291  -8.6062465 345.1710160  -8.6062477    0.0468    0.0040    0.0333 12 44 24.00    60.00 
  2024 12  2.531644 23  0 41.0536 -08 36 22.477 345.1710565  -8.6062437 345.1710327  -8.6062378    0.0847   -0.0212    0.0707 12 45 34.00    60.00 
  2024 12  2.532465 23  0 41.0527 -08 36 22.424 345.1710530  -8.6062290 345.1710497  -8.6062278    0.0117   -0.0041    0.0588 12 46 45.00    60.00 
  2024 12  2.533275 23  0 41.0564 -08 36 22.385 345.1710682  -8.6062180 345.1710665  -8.6062180    0.0058    0.0002    0.0267 12 47 55.00    60.00 
  2024 12  2.534097 23  0 41.0614 -08 36 22.403 345.1710892  -8.6062231 345.1710835  -8.6062080    0.0203   -0.0544    0.0716 12 49  6.00    60.00 
  2024 12  2.534907 23  0 41.0635 -08 36 22.320 345.1710980  -8.6062000 345.1711003  -8.6061982   -0.0083   -0.0067    0.0652 12 50 16.00    60.00 
  2024 12  2.535729 23  0 41.0719 -08 36 22.297 345.1711330  -8.6061937 345.1711174  -8.6061882    0.0556   -0.0197    0.0748 12 51 27.00    60.00 
  2024 12  2.536539 23  0 41.0718 -08 36 22.214 345.1711327  -8.6061706 345.1711342  -8.6061783   -0.0052    0.0278    0.0553 12 52 37.00    60.00 
  2024 12  2.537361 23  0 41.0749 -08 36 22.231 345.1711453  -8.6061752 345.1711512  -8.6061684   -0.0210   -0.0246    0.0615 12 53 48.00    60.00 
  2024 12  2.538171 23  0 41.0813 -08 36 22.193 345.1711720  -8.6061648 345.1711680  -8.6061585    0.0142   -0.0227    0.0608 12 54 58.00    60.00 
  2024 12  2.538993 23  0 41.0848 -08 36 22.151 345.1711866  -8.6061532 345.1711850  -8.6061485    0.0056   -0.0167    0.0679 12 56  9.00    60.00 
  2024 12  2.539803 23  0 41.0975 -08 36 22.111 345.1712398  -8.6061419 345.1712018  -8.6061387    0.1350   -0.0117    0.0567 12 57 19.00    60.00 
  2024 12  2.540625 23  0 41.0942 -08 36 22.083 345.1712258  -8.6061342 345.1712189  -8.6061287    0.0245   -0.0197    0.0551 12 58 30.00    60.00 
  2024 12  2.541435 23  0 41.1008 -08 36 21.996 345.1712534  -8.6061101 345.1712357  -8.6061188    0.0629    0.0315    0.0563 12 59 40.00    60.00 
  2024 12  2.542257 23  0 41.0972 -08 36 21.938 345.1712384  -8.6060939 345.1712528  -8.6061088   -0.0511    0.0536    0.0886 13  0 51.00    60.00 
  2024 12  2.543067 23  0 41.1096 -08 36 22.022 345.1712898  -8.6061171 345.1712696  -8.6060990    0.0720   -0.0652    0.1100 13  2  1.00    60.00 
  2024 12  2.543889 23  0 41.1023 -08 36 21.912 345.1712594  -8.6060867 345.1712866  -8.6060890   -0.0970    0.0082    0.0998 13  3 12.00    60.00 
  2024 12  2.544699 23  0 41.1141 -08 36 21.931 345.1713086  -8.6060919 345.1713035  -8.6060791    0.0183   -0.0460    0.1035 13  4 22.00    60.00 
  2024 12  2.545521 23  0 41.1191 -08 36 21.822 345.1713297  -8.6060616 345.1713205  -8.6060691    0.0328    0.0270    0.0747 13  5 33.00    60.00 
  2024 12  2.546331 23  0 41.1199 -08 36 21.857 345.1713327  -8.6060713 345.1713374  -8.6060593   -0.0166   -0.0433    0.0733 13  6 43.00    60.00 
  2024 12  2.547153 23  0 41.1249 -08 36 21.786 345.1713538  -8.6060517 345.1713544  -8.6060493   -0.0022   -0.0089    0.0851 13  7 54.00    60.00 
  2024 12  2.547975 23  0 41.1273 -08 36 21.725 345.1713638  -8.6060348 345.1713715  -8.6060393   -0.0276    0.0162    0.0704 13  9  5.00    60.00 
  2024 12  2.548785 23  0 41.1342 -08 36 21.634 345.1713923  -8.6060096 345.1713884  -8.6060294    0.0141    0.0714    0.0631 13 10 15.00    60.00 
  2024 12  2.549606 23  0 41.1321 -08 36 21.641 345.1713839  -8.6060114 345.1714055  -8.6060194   -0.0769    0.0289    0.0836 13 11 26.00    60.00 
  2024 12  2.550417 23  0 41.1456 -08 36 21.702 345.1714400  -8.6060282 345.1714223  -8.6060095    0.0629   -0.0672    0.0770 13 12 36.00    60.00 
  2024 12  2.517350 23  0 40.9772 -08 36 23.098 345.1707384  -8.6064160 345.1707373  -8.6064112    0.0042   -0.0175    0.0273 12 24 59.00    60.00 
  2024 12  2.518160 23  0 40.9757 -08 36 23.056 345.1707320  -8.6064045 345.1707540  -8.6064014   -0.0782   -0.0112    0.0543 12 26  9.00    60.00 
  2024 12  2.518981 23  0 40.9837 -08 36 23.015 345.1707654  -8.6063931 345.1707709  -8.6063914   -0.0198   -0.0062    0.0638 12 27 20.00    60.00 
  2024 12  2.519792 23  0 40.9924 -08 36 22.935 345.1708017  -8.6063709 345.1707877  -8.6063816    0.0501    0.0384    0.0664 12 28 30.00    60.00 
  2024 12  2.520613 23  0 40.9917 -08 36 22.995 345.1707988  -8.6063875 345.1708046  -8.6063716   -0.0210   -0.0572    0.0770 12 29 41.00    60.00 
  2024 12  2.521424 23  0 40.9995 -08 36 22.873 345.1708312  -8.6063536 345.1708214  -8.6063618    0.0348    0.0295    0.0369 12 30 51.00    60.00 
  2024 12  2.522245 23  0 41.0035 -08 36 22.842 345.1708480  -8.6063449 345.1708384  -8.6063518    0.0342    0.0249    0.0190 12 32  2.00    60.00 
  2024 12  2.523056 23  0 41.0036 -08 36 22.855 345.1708484  -8.6063485 345.1708551  -8.6063420   -0.0240   -0.0234    0.0583 12 33 12.00    60.00 
  2024 12  2.523877 23  0 41.0105 -08 36 22.836 345.1708772  -8.6063435 345.1708721  -8.6063321    0.0182   -0.0410    0.0667 12 34 23.00    60.00 
  2024 12  2.524687 23  0 41.0175 -08 36 22.760 345.1709061  -8.6063222 345.1708888  -8.6063222    0.0614    0.0002    0.0635 12 35 33.00    60.00 
  2024 12  2.525509 23  0 41.0200 -08 36 22.744 345.1709165  -8.6063177 345.1709058  -8.6063123    0.0381   -0.0197    0.0645 12 36 44.00    60.00 
  2024 12  2.526319 23  0 41.0253 -08 36 22.638 345.1709388  -8.6062884 345.1709226  -8.6063024    0.0578    0.0505    0.0466 12 37 54.00    60.00 
  2024 12  2.528380 23  0 41.0281 -08 36 22.577 345.1709505  -8.6062713 345.1709652  -8.6062774   -0.0524    0.0222    0.0439 12 40 52.00    60.00 
  2024 12  2.529190 23  0 41.0354 -08 36 22.530 345.1709808  -8.6062583 345.1709819  -8.6062676   -0.0041    0.0335    0.0436 12 42  2.00    60.00 
  2024 12  2.530012 23  0 41.0459 -08 36 22.517 345.1710247  -8.6062548 345.1709989  -8.6062576    0.0917    0.0101    0.0439 12 43 13.00    60.00 
  2024 12  2.530833 23  0 41.0470 -08 36 22.488 345.1710290  -8.6062466 345.1710160  -8.6062477    0.0465    0.0037    0.0325 12 44 24.00    60.00 
  2024 12  2.531644 23  0 41.0535 -08 36 22.478 345.1710565  -8.6062438 345.1710327  -8.6062378    0.0844   -0.0215    0.0702 12 45 34.00    60.00 
  2024 12  2.532465 23  0 41.0527 -08 36 22.424 345.1710531  -8.6062290 345.1710497  -8.6062278    0.0119   -0.0042    0.0588 12 46 45.00    60.00 
  2024 12  2.533275 23  0 41.0564 -08 36 22.385 345.1710682  -8.6062180 345.1710665  -8.6062180    0.0058    0.0002    0.0268 12 47 55.00    60.00 
  2024 12  2.534097 23  0 41.0614 -08 36 22.403 345.1710891  -8.6062231 345.1710835  -8.6062080    0.0198   -0.0544    0.0715 12 49  6.00    60.00 
  2024 12  2.534907 23  0 41.0635 -08 36 22.320 345.1710980  -8.6062000 345.1711003  -8.6061982   -0.0084   -0.0066    0.0652 12 50 16.00    60.00 
  2024 12  2.535729 23  0 41.0720 -08 36 22.297 345.1711332  -8.6061935 345.1711174  -8.6061882    0.0563   -0.0191    0.0757 12 51 27.00    60.00 
  2024 12  2.536539 23  0 41.0718 -08 36 22.214 345.1711327  -8.6061706 345.1711342  -8.6061783   -0.0052    0.0279    0.0553 12 52 37.00    60.00 
  2024 12  2.537361 23  0 41.0749 -08 36 22.231 345.1711453  -8.6061752 345.1711512  -8.6061684   -0.0210   -0.0246    0.0615 12 53 48.00    60.00 
  2024 12  2.538171 23  0 41.0813 -08 36 22.193 345.1711720  -8.6061648 345.1711680  -8.6061585    0.0142   -0.0227    0.0608 12 54 58.00    60.00 
  2024 12  2.538993 23  0 41.0848 -08 36 22.151 345.1711866  -8.6061532 345.1711850  -8.6061485    0.0056   -0.0167    0.0679 12 56  9.00    60.00 
  2024 12  2.539803 23  0 41.0975 -08 36 22.111 345.1712398  -8.6061419 345.1712018  -8.6061387    0.1350   -0.0117    0.0567 12 57 19.00    60.00 
  2024 12  2.540625 23  0 41.0942 -08 36 22.083 345.1712258  -8.6061342 345.1712189  -8.6061287    0.0245   -0.0197    0.0551 12 58 30.00    60.00 
  2024 12  2.541435 23  0 41.1008 -08 36 21.996 345.1712534  -8.6061101 345.1712357  -8.6061188    0.0629    0.0315    0.0563 12 59 40.00    60.00 
  2024 12  2.542257 23  0 41.0972 -08 36 21.938 345.1712384  -8.6060939 345.1712528  -8.6061088   -0.0511    0.0540    0.0896 13  0 51.00    60.00 
  2024 12  2.543067 23  0 41.1096 -08 36 22.021 345.1712898  -8.6061170 345.1712696  -8.6060990    0.0720   -0.0648    0.1111 13  2  1.00    60.00 
  2024 12  2.543889 23  0 41.1023 -08 36 21.912 345.1712594  -8.6060867 345.1712866  -8.6060890   -0.0970    0.0084    0.1007 13  3 12.00    60.00 
  2024 12  2.544699 23  0 41.1141 -08 36 21.931 345.1713086  -8.6060919 345.1713035  -8.6060791    0.0183   -0.0458    0.1040 13  4 22.00    60.00 
  2024 12  2.545521 23  0 41.1191 -08 36 21.822 345.1713297  -8.6060616 345.1713205  -8.6060691    0.0328    0.0272    0.0752 13  5 33.00    60.00 
  2024 12  2.546331 23  0 41.1199 -08 36 21.857 345.1713327  -8.6060713 345.1713374  -8.6060593   -0.0166   -0.0432    0.0736 13  6 43.00    60.00 
  2024 12  2.547153 23  0 41.1249 -08 36 21.786 345.1713538  -8.6060517 345.1713544  -8.6060493   -0.0022   -0.0088    0.0853 13  7 54.00    60.00 
  2024 12  2.547975 23  0 41.1273 -08 36 21.725 345.1713638  -8.6060348 345.1713715  -8.6060393   -0.0276    0.0161    0.0704 13  9  5.00    60.00 
  2024 12  2.548785 23  0 41.1342 -08 36 21.634 345.1713923  -8.6060096 345.1713884  -8.6060294    0.0141    0.0714    0.0631 13 10 15.00    60.00 
  2024 12  2.549606 23  0 41.1321 -08 36 21.641 345.1713839  -8.6060114 345.1714055  -8.6060194   -0.0768    0.0289    0.0835 13 11 26.00    60.00 
  2024 12  2.550417 23  0 41.1456 -08 36 21.702 345.1714400  -8.6060282 345.1714223  -8.6060095    0.0629   -0.0673    0.0767 13 12 36.00    60.00 
  2024 11  3.550666 23  0 47.9483 -08 40 34.039 345.1997844  -8.6761219 345.1997877  -8.6761332   -0.0116    0.0408    0.0761 13 12 57.50    45.00 
  2024 11  3.551476 23  0 47.9480 -08 40 34.060 345.1997835  -8.6761279 345.1997672  -8.6761392    0.0581    0.0406    0.0368 13 14  7.50    45.00 
  2024 11  3.552297 23  0 47.9441 -08 40 34.122 345.1997672  -8.6761451 345.1997463  -8.6761452    0.0741    0.0004    0.0273 13 15 18.50    45.00 
  2024 11  3.553108 23  0 47.9316 -08 40 34.165 345.1997150  -8.6761571 345.1997258  -8.6761511   -0.0385   -0.0214    0.0312 13 16 28.50    45.00 
  2024 11  3.553929 23  0 47.9313 -08 40 34.168 345.1997138  -8.6761579 345.1997050  -8.6761571    0.0313   -0.0026    0.0523 13 17 39.50    45.00 
  2024 11  3.554740 23  0 47.9223 -08 40 34.194 345.1996760  -8.6761650 345.1996845  -8.6761631   -0.0300   -0.0069    0.0344 13 18 49.50    45.00 
  2024 11  3.555561 23  0 47.9211 -08 40 34.173 345.1996711  -8.6761592 345.1996637  -8.6761691    0.0266    0.0357    0.0553 13 20  0.50    45.00 
  2024 11  3.556372 23  0 47.9111 -08 40 34.217 345.1996295  -8.6761713 345.1996432  -8.6761750   -0.0486    0.0133    0.0640 13 21 10.50    45.00 
  2024 11  3.571360 23  0 47.8261 -08 40 34.593 345.1992754  -8.6762757 345.1992638  -8.6762844    0.0414    0.0313    0.0527 13 42 45.50    45.00 
  2024 11  3.572182 23  0 47.8194 -08 40 34.499 345.1992477  -8.6762498 345.1992430  -8.6762904    0.0167    0.1462    0.0411 13 43 56.50    45.00 
  2024 11  3.572992 23  0 47.8156 -08 40 34.706 345.1992315  -8.6763073 345.1992225  -8.6762963    0.0321   -0.0397    0.0541 13 45  6.50    45.00 
  2024 11  3.550666 23  0 47.9483 -08 40 34.039 345.1997844  -8.6761219 345.1997877  -8.6761332   -0.0116    0.0408    0.0761 13 12 57.50    45.00 
  2024 11  3.551476 23  0 47.9480 -08 40 34.060 345.1997835  -8.6761279 345.1997672  -8.6761392    0.0581    0.0406    0.0368 13 14  7.50    45.00 
  2024 11  3.552297 23  0 47.9441 -08 40 34.122 345.1997672  -8.6761451 345.1997463  -8.6761452    0.0741    0.0004    0.0273 13 15 18.50    45.00 
  2024 11  3.553108 23  0 47.9316 -08 40 34.165 345.1997150  -8.6761571 345.1997258  -8.6761511   -0.0385   -0.0214    0.0312 13 16 28.50    45.00 
  2024 11  3.553929 23  0 47.9313 -08 40 34.168 345.1997138  -8.6761579 345.1997050  -8.6761571    0.0313   -0.0026    0.0523 13 17 39.50    45.00 
  2024 11  3.554740 23  0 47.9223 -08 40 34.194 345.1996760  -8.6761650 345.1996845  -8.6761631   -0.0300   -0.0069    0.0344 13 18 49.50    45.00 
  2024 11  3.555561 23  0 47.9211 -08 40 34.173 345.1996711  -8.6761592 345.1996637  -8.6761691    0.0266    0.0357    0.0553 13 20  0.50    45.00 
  2024 11  3.556372 23  0 47.9111 -08 40 34.217 345.1996295  -8.6761713 345.1996432  -8.6761750   -0.0486    0.0133    0.0640 13 21 10.50    45.00 
  2024 11  3.571360 23  0 47.8261 -08 40 34.593 345.1992754  -8.6762757 345.1992638  -8.6762844    0.0414    0.0313    0.0527 13 42 45.50    45.00 
  2024 11  3.572182 23  0 47.8194 -08 40 34.499 345.1992477  -8.6762498 345.1992430  -8.6762904    0.0167    0.1462    0.0411 13 43 56.50    45.00 
  2024 11  3.572992 23  0 47.8156 -08 40 34.706 345.1992315  -8.6763073 345.1992225  -8.6762963    0.0321   -0.0397    0.0541 13 45  6.50    45.00 
