  2020 11 13.634543  2 22 37.0934 +13 41 39.584  35.6545558  13.6943289  35.6545672  13.6943342   -0.0399   -0.0191    0.0386 15 13 44.50     5.00 
  2020 11 13.635006  2 22 37.0944 +13 41 39.573  35.6545600  13.6943257  35.6545468  13.6943273    0.0464   -0.0056    0.0629 15 14 24.50     5.00 
  2020 11 13.635469  2 22 37.0827 +13 41 39.529  35.6545111  13.6943137  35.6545264  13.6943203   -0.0535   -0.0239    0.0435 15 15  4.50     5.00 
  2020 11 13.636007  2 22 37.0802 +13 41 39.539  35.6545010  13.6943163  35.6545027  13.6943123   -0.0058    0.0147    0.0185 15 15 51.00    10.00 
  2020 11 13.636528  2 22 37.0744 +13 41 39.494  35.6544765  13.6943040  35.6544797  13.6943044   -0.0112   -0.0017    0.0239 15 16 36.00    10.00 
  2020 11 13.637049  2 22 37.0686 +13 41 39.490  35.6544527  13.6943028  35.6544568  13.6942966   -0.0144    0.0223    0.0317 15 17 21.00    10.00 
  2020 11 13.637569  2 22 37.0613 +13 41 39.449  35.6544220  13.6942914  35.6544338  13.6942888   -0.0413    0.0093    0.0218 15 18  6.00    10.00 
  2020 11 13.638090  2 22 37.0579 +13 41 39.450  35.6544080  13.6942918  35.6544109  13.6942810   -0.0102    0.0388    0.0228 15 18 51.00    10.00 
  2020 11 13.638611  2 22 37.0502 +13 41 39.377  35.6543758  13.6942714  35.6543879  13.6942732   -0.0426   -0.0066    0.0423 15 19 36.00    10.00 
  2020 11 13.639641  2 22 37.0399 +13 41 39.326  35.6543328  13.6942573  35.6543426  13.6942577   -0.0343   -0.0013    0.0180 15 21  5.00    10.00 
  2020 11 13.640683  2 22 37.0316 +13 41 39.281  35.6542985  13.6942447  35.6542967  13.6942421    0.0063    0.0093    0.0174 15 22 35.00    10.00 
  2020 11 13.641204  2 22 37.0254 +13 41 39.194  35.6542725  13.6942207  35.6542737  13.6942342   -0.0045   -0.0489    0.0141 15 23 20.00    10.00 
  2020 11 13.641725  2 22 37.0164 +13 41 39.202  35.6542349  13.6942229  35.6542508  13.6942264   -0.0554   -0.0126    0.0187 15 24  5.00    10.00 
  2020 11 13.642245  2 22 37.0132 +13 41 39.217  35.6542216  13.6942268  35.6542278  13.6942186   -0.0218    0.0297    0.0209 15 24 50.00    10.00 
  2020 11 13.642766  2 22 37.0044 +13 41 39.121  35.6541850  13.6942003  35.6542049  13.6942108   -0.0696   -0.0375    0.0341 15 25 35.00    10.00 
  2020 11 13.643287  2 22 37.0018 +13 41 39.124  35.6541743  13.6942012  35.6541820  13.6942029   -0.0268   -0.0064    0.0188 15 26 20.00    10.00 
  2020 11 13.644329  2 22 36.9900 +13 41 39.084  35.6541250  13.6941900  35.6541361  13.6941873   -0.0386    0.0100    0.0187 15 27 50.00    10.00 
  2020 11 13.644850  2 22 36.9832 +13 41 39.060  35.6540968  13.6941834  35.6541131  13.6941794   -0.0573    0.0142    0.0194 15 28 35.00    10.00 
  2020 11 13.645370  2 22 36.9812 +13 41 39.033  35.6540885  13.6941758  35.6540902  13.6941716   -0.0060    0.0151    0.0162 15 29 20.00    10.00 
  2020 11 13.645891  2 22 36.9757 +13 41 38.993  35.6540653  13.6941648  35.6540673  13.6941637   -0.0070    0.0037    0.0235 15 30  5.00    10.00 
  2020 11 13.646933  2 22 36.9623 +13 41 38.937  35.6540095  13.6941491  35.6540214  13.6941481   -0.0416    0.0036    0.0132 15 31 35.00    10.00 
  2020 11 13.647454  2 22 36.9578 +13 41 38.874  35.6539909  13.6941317  35.6539984  13.6941402   -0.0264   -0.0306    0.0188 15 32 20.00    10.00 
  2020 11 13.647975  2 22 36.9536 +13 41 38.945  35.6539734  13.6941515  35.6539755  13.6941324   -0.0074    0.0689    0.0336 15 33  5.00    10.00 
  2020 11 13.648484  2 22 36.9470 +13 41 38.875  35.6539460  13.6941321  35.6539531  13.6941247   -0.0246    0.0264    0.0221 15 33 49.00    10.00 
  2020 11 13.649005  2 22 36.9408 +13 41 38.805  35.6539198  13.6941125  35.6539301  13.6941169   -0.0361   -0.0156    0.0254 15 34 34.00    10.00 
  2020 11 13.649525  2 22 36.9378 +13 41 38.799  35.6539073  13.6941107  35.6539072  13.6941090    0.0004    0.0061    0.0191 15 35 19.00    10.00 
  2020 11 13.650046  2 22 36.9337 +13 41 38.782  35.6538903  13.6941062  35.6538843  13.6941012    0.0211    0.0180    0.0202 15 36  4.00    10.00 
  2020 11 13.650567  2 22 36.9288 +13 41 38.750  35.6538699  13.6940973  35.6538613  13.6940933    0.0300    0.0142    0.0245 15 36 49.00    10.00 
  2020 11 13.651088  2 22 36.9173 +13 41 38.687  35.6538220  13.6940797  35.6538384  13.6940855   -0.0573   -0.0206    0.0176 15 37 34.00    10.00 
  2020 11 13.651609  2 22 36.9119 +13 41 38.610  35.6537994  13.6940584  35.6538154  13.6940776   -0.0561   -0.0693    0.0383 15 38 19.00    10.00 
  2020 11 13.652650  2 22 36.9065 +13 41 38.655  35.6537772  13.6940708  35.6537696  13.6940619    0.0267    0.0319    0.0223 15 39 49.00    10.00 
  2020 11 13.653171  2 22 36.8961 +13 41 38.608  35.6537337  13.6940577  35.6537466  13.6940540   -0.0454    0.0131    0.0140 15 40 34.00    10.00 
  2020 11 13.653692  2 22 36.8925 +13 41 38.583  35.6537187  13.6940508  35.6537237  13.6940462   -0.0176    0.0167    0.0180 15 41 19.00    10.00 
  2020 11 13.654734  2 22 36.8848 +13 41 38.526  35.6536865  13.6940351  35.6536778  13.6940305    0.0303    0.0167    0.0228 15 42 49.00    10.00 
  2020 11 13.655243  2 22 36.8754 +13 41 38.474  35.6536475  13.6940206  35.6536554  13.6940228   -0.0276   -0.0078    0.0124 15 43 33.00    10.00 
  2020 11 13.655764  2 22 36.8687 +13 41 38.437  35.6536194  13.6940102  35.6536325  13.6940149   -0.0456   -0.0171    0.0153 15 44 18.00    10.00 
  2020 11 13.656285  2 22 36.8672 +13 41 38.406  35.6536132  13.6940016  35.6536095  13.6940070    0.0129   -0.0194    0.0148 15 45  3.00    10.00 
  2020 11 13.656806  2 22 36.8605 +13 41 38.352  35.6535854  13.6939866  35.6535866  13.6939992   -0.0041   -0.0452    0.0254 15 45 48.00    10.00 
  2020 11 13.657326  2 22 36.8547 +13 41 38.399  35.6535613  13.6939998  35.6535637  13.6939913   -0.0082    0.0307    0.0360 15 46 33.00    10.00 
  2020 11 13.657847  2 22 36.8484 +13 41 38.370  35.6535348  13.6939918  35.6535407  13.6939834   -0.0206    0.0301    0.0250 15 47 18.00    10.00 
  2020 11 13.658368  2 22 36.8436 +13 41 38.326  35.6535150  13.6939795  35.6535178  13.6939756   -0.0098    0.0144    0.0203 15 48  3.00    10.00 
  2020 11 13.658889  2 22 36.8379 +13 41 38.282  35.6534914  13.6939671  35.6534949  13.6939677   -0.0121   -0.0019    0.0299 15 48 48.00    10.00 
  2020 11 13.659931  2 22 36.8243 +13 41 38.196  35.6534346  13.6939432  35.6534490  13.6939519   -0.0506   -0.0313    0.0256 15 50 18.00    10.00 
  2020 11 13.660451  2 22 36.8249 +13 41 38.240  35.6534369  13.6939555  35.6534261  13.6939440    0.0379    0.0411    0.0479 15 51  3.00    10.00 
  2020 11 13.660972  2 22 36.8160 +13 41 38.167  35.6534002  13.6939354  35.6534032  13.6939362   -0.0103   -0.0028    0.0243 15 51 48.00    10.00 
  2020 11 13.661493  2 22 36.8071 +13 41 38.147  35.6533629  13.6939298  35.6533802  13.6939283   -0.0607    0.0055    0.0152 15 52 33.00    10.00 
  2020 11 13.662014  2 22 36.8046 +13 41 38.109  35.6533525  13.6939191  35.6533573  13.6939204   -0.0169   -0.0048    0.0160 15 53 18.00    10.00 
  2020 11 13.662535  2 22 36.7959 +13 41 38.077  35.6533161  13.6939103  35.6533344  13.6939125   -0.0639   -0.0081    0.0233 15 54  3.00    10.00 
  2020 11 13.663056  2 22 36.7924 +13 41 38.066  35.6533015  13.6939073  35.6533114  13.6939046   -0.0348    0.0097    0.0181 15 54 48.00    10.00 
  2020 11 13.678137  2 22 36.6351 +13 41 37.188  35.6526463  13.6936634  35.6526478  13.6936757   -0.0054   -0.0443    0.0186 16 16 31.00    10.00 
  2020 11 13.679699  2 22 36.6167 +13 41 37.110  35.6525696  13.6936416  35.6525791  13.6936519   -0.0330   -0.0372    0.0204 16 18 46.00    10.00 
  2020 11 13.680220  2 22 36.6166 +13 41 37.088  35.6525693  13.6936356  35.6525562  13.6936440    0.0460   -0.0301    0.0279 16 19 31.00    10.00 
  2020 11 13.680741  2 22 36.6063 +13 41 37.089  35.6525261  13.6936357  35.6525333  13.6936360   -0.0250   -0.0011    0.0228 16 20 16.00    10.00 
  2020 11 13.681262  2 22 36.6019 +13 41 37.038  35.6525080  13.6936216  35.6525103  13.6936281   -0.0083   -0.0235    0.0169 16 21  1.00    10.00 
  2020 11 13.681782  2 22 36.5923 +13 41 37.054  35.6524681  13.6936261  35.6524874  13.6936202   -0.0678    0.0213    0.0297 16 21 46.00    10.00 
  2020 11 13.682303  2 22 36.5914 +13 41 37.037  35.6524642  13.6936213  35.6524645  13.6936122   -0.0013    0.0326    0.0065 16 22 31.00    10.00 
  2020 11 13.683345  2 22 36.5794 +13 41 36.977  35.6524143  13.6936048  35.6524187  13.6935964   -0.0156    0.0305    0.0225 16 24  1.00    10.00 
  2020 11 13.683866  2 22 36.5724 +13 41 36.886  35.6523850  13.6935793  35.6523958  13.6935884   -0.0377   -0.0327    0.0239 16 24 46.00    10.00 
  2020 11 13.684907  2 22 36.5627 +13 41 36.822  35.6523446  13.6935616  35.6523500  13.6935725   -0.0190   -0.0391    0.0185 16 26 16.00    10.00 
  2020 11 13.685428  2 22 36.5569 +13 41 36.853  35.6523205  13.6935703  35.6523271  13.6935646   -0.0231    0.0208    0.0204 16 27  1.00    10.00 
  2020 11 13.685937  2 22 36.5513 +13 41 36.804  35.6522970  13.6935566  35.6523047  13.6935568   -0.0271   -0.0007    0.0101 16 27 45.00    10.00 
  2020 11 13.686458  2 22 36.5492 +13 41 36.751  35.6522884  13.6935419  35.6522818  13.6935489    0.0230   -0.0249    0.0097 16 28 30.00    10.00 
  2020 11 13.686979  2 22 36.5371 +13 41 36.745  35.6522380  13.6935402  35.6522589  13.6935409   -0.0732   -0.0026    0.0178 16 29 15.00    10.00 
  2020 11 13.687500  2 22 36.5373 +13 41 36.700  35.6522388  13.6935277  35.6522360  13.6935330    0.0096   -0.0188    0.0472 16 30  0.00    10.00 
  2020 11 13.688021  2 22 36.5315 +13 41 36.675  35.6522147  13.6935210  35.6522131  13.6935250    0.0056   -0.0145    0.0055 16 30 45.00    10.00 
  2020 11 13.688542  2 22 36.5239 +13 41 36.611  35.6521829  13.6935030  35.6521902  13.6935170   -0.0255   -0.0506    0.0317 16 31 30.00    10.00 
  2020 11 13.689063  2 22 36.5133 +13 41 36.631  35.6521386  13.6935085  35.6521673  13.6935091   -0.1006   -0.0020    0.0357 16 32 15.00    10.00 
  2020 11 13.689583  2 22 36.5141 +13 41 36.595  35.6521421  13.6934987  35.6521444  13.6935011   -0.0080   -0.0087    0.0178 16 33  0.00    10.00 
  2020 11 13.690104  2 22 36.5064 +13 41 36.601  35.6521098  13.6935003  35.6521215  13.6934932   -0.0410    0.0255    0.0364 16 33 45.00    10.00 
  2020 11 13.690625  2 22 36.5044 +13 41 36.540  35.6521016  13.6934835  35.6520986  13.6934852    0.0103   -0.0063    0.0151 16 34 30.00    10.00 
  2020 11 13.691146  2 22 36.4977 +13 41 36.521  35.6520737  13.6934779  35.6520757  13.6934773   -0.0072    0.0025    0.0212 16 35 15.00    10.00 
  2020 11 13.691667  2 22 36.4945 +13 41 36.465  35.6520605  13.6934626  35.6520529  13.6934693    0.0266   -0.0242    0.0242 16 36  0.00    10.00 
  2020 11 13.692708  2 22 36.4835 +13 41 36.443  35.6520144  13.6934563  35.6520071  13.6934534    0.0258    0.0107    0.0297 16 37 30.00    10.00 
  2020 11 13.693229  2 22 36.4783 +13 41 36.412  35.6519928  13.6934477  35.6519842  13.6934454    0.0302    0.0082    0.0289 16 38 15.00    10.00 
  2020 11 13.693750  2 22 36.4719 +13 41 36.405  35.6519664  13.6934457  35.6519613  13.6934374    0.0181    0.0298    0.0288 16 39  0.00    10.00 
  2020 11 13.694780  2 22 36.4579 +13 41 36.257  35.6519077  13.6934048  35.6519160  13.6934217   -0.0289   -0.0607    0.0234 16 40 29.00    10.00 
  2020 11 13.695822  2 22 36.4453 +13 41 36.211  35.6518553  13.6933919  35.6518702  13.6934057   -0.0522   -0.0499    0.0276 16 41 59.00    10.00 
  2020 11 13.696343  2 22 36.4416 +13 41 36.202  35.6518400  13.6933894  35.6518474  13.6933977   -0.0257   -0.0299    0.0192 16 42 44.00    10.00 
  2020 11 13.696863  2 22 36.4355 +13 41 36.193  35.6518145  13.6933869  35.6518245  13.6933898   -0.0350   -0.0104    0.0206 16 43 29.00    10.00 
  2020 11 13.697384  2 22 36.4323 +13 41 36.186  35.6518014  13.6933849  35.6518016  13.6933818   -0.0008    0.0114    0.0223 16 44 14.00    10.00 
  2020 11 13.697905  2 22 36.4253 +13 41 36.129  35.6517722  13.6933692  35.6517787  13.6933738   -0.0229   -0.0165    0.0194 16 44 59.00    10.00 
  2020 11 13.698426  2 22 36.4236 +13 41 36.144  35.6517651  13.6933733  35.6517558  13.6933658    0.0324    0.0268    0.0274 16 45 44.00    10.00 
  2020 11 13.698947  2 22 36.4193 +13 41 36.098  35.6517471  13.6933605  35.6517329  13.6933578    0.0496    0.0097    0.0249 16 46 29.00    10.00 
  2020 11 13.699468  2 22 36.4069 +13 41 36.095  35.6516953  13.6933597  35.6517100  13.6933498   -0.0516    0.0355    0.0250 16 47 14.00    10.00 
  2020 11 13.699988  2 22 36.4059 +13 41 36.037  35.6516914  13.6933437  35.6516872  13.6933419    0.0147    0.0068    0.0310 16 47 59.00    10.00 
  2020 11 13.700509  2 22 36.4005 +13 41 36.022  35.6516688  13.6933395  35.6516643  13.6933339    0.0159    0.0203    0.0212 16 48 44.00    10.00 
  2020 11 13.701030  2 22 36.3920 +13 41 36.003  35.6516333  13.6933341  35.6516414  13.6933259   -0.0283    0.0297    0.0288 16 49 29.00    10.00 
  2020 11 13.701551  2 22 36.3847 +13 41 35.953  35.6516030  13.6933202  35.6516185  13.6933179   -0.0544    0.0083    0.0223 16 50 14.00    10.00 
  2020 11 13.702072  2 22 36.3819 +13 41 35.870  35.6515914  13.6932973  35.6515957  13.6933099   -0.0148   -0.0453    0.0119 16 50 59.00    10.00 
  2020 11 13.702402  2 22 36.3774 +13 41 35.860  35.6515726  13.6932943  35.6515812  13.6933048   -0.0300   -0.0379    0.0100 16 51 27.50    15.00 
  2020 11 13.702980  2 22 36.3688 +13 41 35.844  35.6515369  13.6932901  35.6515557  13.6932960   -0.0660   -0.0210    0.0193 16 52 17.50    15.00 
  2020 11 13.703559  2 22 36.3636 +13 41 35.861  35.6515151  13.6932947  35.6515303  13.6932871   -0.0534    0.0274    0.0166 16 53  7.50    15.00 
  2020 11 13.704138  2 22 36.3604 +13 41 35.793  35.6515018  13.6932758  35.6515049  13.6932782   -0.0108   -0.0086    0.0164 16 53 57.50    15.00 
  2020 11 13.704716  2 22 36.3536 +13 41 35.794  35.6514734  13.6932761  35.6514795  13.6932693   -0.0213    0.0246    0.0275 16 54 47.50    15.00 
  2020 11 13.705295  2 22 36.3482 +13 41 35.717  35.6514508  13.6932548  35.6514541  13.6932604   -0.0115   -0.0201    0.0174 16 55 37.50    15.00 
  2020 11 13.705874  2 22 36.3448 +13 41 35.732  35.6514366  13.6932589  35.6514287  13.6932515    0.0277    0.0265    0.0162 16 56 27.50    15.00 
  2020 11 13.706453  2 22 36.3330 +13 41 35.649  35.6513873  13.6932358  35.6514033  13.6932426   -0.0557   -0.0245    0.0080 16 57 17.50    15.00 
  2020 11 13.707031  2 22 36.3359 +13 41 35.661  35.6513994  13.6932390  35.6513778  13.6932337    0.0755    0.0191    0.0277 16 58  7.50    15.00 
  2020 11 13.707610  2 22 36.3251 +13 41 35.607  35.6513548  13.6932241  35.6513524  13.6932248    0.0082   -0.0027    0.0164 16 58 57.50    15.00 
  2020 11 13.708189  2 22 36.3134 +13 41 35.508  35.6513058  13.6931966  35.6513270  13.6932159   -0.0742   -0.0698    0.0444 16 59 47.50    15.00 
  2020 11 13.708767  2 22 36.3151 +13 41 35.634  35.6513128  13.6932317  35.6513016  13.6932070    0.0390    0.0886    0.0442 17  0 37.50    15.00 
  2020 11 13.709346  2 22 36.3060 +13 41 35.491  35.6512749  13.6931920  35.6512762  13.6931981   -0.0048   -0.0220    0.0307 17  1 27.50    15.00 
  2020 11 13.709925  2 22 36.2946 +13 41 35.403  35.6512275  13.6931676  35.6512508  13.6931892   -0.0815   -0.0778    0.0291 17  2 17.50    15.00 
  2020 11 13.710503  2 22 36.2955 +13 41 35.441  35.6512313  13.6931781  35.6512254  13.6931803    0.0207   -0.0082    0.0366 17  3  7.50    15.00 
  2020 11 13.711082  2 22 36.2838 +13 41 35.332  35.6511827  13.6931479  35.6512000  13.6931714   -0.0606   -0.0847    0.0447 17  3 57.50    15.00 
  2020 11 13.711661  2 22 36.2834 +13 41 35.371  35.6511810  13.6931585  35.6511746  13.6931625    0.0223   -0.0145    0.0471 17  4 47.50    15.00 
  2020 11 13.712240  2 22 36.2779 +13 41 35.391  35.6511579  13.6931641  35.6511492  13.6931536    0.0305    0.0377    0.0322 17  5 37.50    15.00 
  2020 11 13.712818  2 22 36.2712 +13 41 35.371  35.6511299  13.6931587  35.6511238  13.6931447    0.0214    0.0504    0.0258 17  6 27.50    15.00 
  2020 11 13.713397  2 22 36.2586 +13 41 35.262  35.6510775  13.6931284  35.6510984  13.6931358   -0.0733   -0.0266    0.0270 17  7 17.50    15.00 
  2020 11 13.713976  2 22 36.2553 +13 41 35.257  35.6510638  13.6931268  35.6510730  13.6931269   -0.0323   -0.0002    0.0152 17  8  7.50    15.00 
  2020 11 13.714554  2 22 36.2517 +13 41 35.204  35.6510488  13.6931121  35.6510476  13.6931180    0.0041   -0.0210    0.0352 17  8 57.50    15.00 
  2020 11 13.715133  2 22 36.2415 +13 41 35.254  35.6510063  13.6931261  35.6510222  13.6931090   -0.0556    0.0615    0.0278 17  9 47.50    15.00 
  2020 11 13.715712  2 22 36.2394 +13 41 35.120  35.6509975  13.6930888  35.6509968  13.6931001    0.0023   -0.0406    0.0270 17 10 37.50    15.00 
  2020 11 13.716291  2 22 36.2281 +13 41 35.081  35.6509506  13.6930781  35.6509714  13.6930912   -0.0730   -0.0472    0.0273 17 11 27.50    15.00 
  2020 11 13.716858  2 22 36.2231 +13 41 35.150  35.6509297  13.6930971  35.6509465  13.6930825   -0.0588    0.0527    0.0430 17 12 16.50    15.00 
  2020 11 13.717436  2 22 36.2176 +13 41 35.112  35.6509067  13.6930866  35.6509211  13.6930735   -0.0507    0.0469    0.0716 17 13  6.50    15.00 
  2020 11 13.718015  2 22 36.2127 +13 41 34.982  35.6508862  13.6930506  35.6508958  13.6930646   -0.0335   -0.0505    0.0292 17 13 56.50    15.00 
  2020 11 13.718594  2 22 36.2066 +13 41 35.029  35.6508608  13.6930637  35.6508704  13.6930557   -0.0335    0.0290    0.0247 17 14 46.50    15.00 
  2020 11 13.719172  2 22 36.2018 +13 41 34.958  35.6508409  13.6930440  35.6508450  13.6930467   -0.0142   -0.0099    0.0155 17 15 36.50    15.00 
  2020 11 13.719751  2 22 36.1960 +13 41 34.891  35.6508166  13.6930253  35.6508196  13.6930378   -0.0105   -0.0449    0.0264 17 16 26.50    15.00 
  2020 11 13.720330  2 22 36.1891 +13 41 34.900  35.6507880  13.6930277  35.6507942  13.6930289   -0.0218   -0.0041    0.0482 17 17 16.50    15.00 
  2020 11 13.723223  2 22 36.1554 +13 41 34.661  35.6506474  13.6929614  35.6506673  13.6929842   -0.0697   -0.0820    0.0249 17 21 26.50    15.00 
  2020 11 14.662604  2 22 26.7283 +13 40 37.193  35.6113680  13.6769980  35.6113680  13.6769999   -0.0001   -0.0069    0.0183 15 54  9.00    10.00 
  2020 11 14.663646  2 22 26.7157 +13 40 37.085  35.6113156  13.6769679  35.6113252  13.6769808   -0.0336   -0.0463    0.0232 15 55 39.00    10.00 
  2020 11 14.739549  2 22 25.9748 +13 40 32.092  35.6082283  13.6755811  35.6082159  13.6755828    0.0434   -0.0062    0.0460 17 44 57.00    10.00 
  2020 11 15.628738  2 22 17.7965 +13 39 32.108  35.5741522  13.6589190  35.5741682  13.6589051   -0.0562    0.0500    0.0703 15  5 23.00    10.00 
  2020 11 15.629259  2 22 17.7933 +13 39 32.042  35.5741389  13.6589005  35.5741487  13.6588954   -0.0345    0.0182    0.0568 15  6  8.00    10.00 
  2020 11 15.629780  2 22 17.7912 +13 39 31.950  35.5741302  13.6588750  35.5741292  13.6588857    0.0032   -0.0385    0.0507 15  6 53.00    10.00 
  2020 11 15.630301  2 22 17.7863 +13 39 31.981  35.5741095  13.6588836  35.5741098  13.6588760   -0.0011    0.0271    0.0456 15  7 38.00    10.00 
  2020 11 15.630822  2 22 17.7802 +13 39 31.960  35.5740840  13.6588776  35.5740903  13.6588663   -0.0220    0.0407    0.0466 15  8 23.00    10.00 
  2020 11 15.631343  2 22 17.7751 +13 39 31.869  35.5740629  13.6588524  35.5740708  13.6588566   -0.0278   -0.0152    0.0542 15  9  8.00    10.00 
  2020 11 15.631863  2 22 17.7716 +13 39 31.844  35.5740482  13.6588455  35.5740513  13.6588469   -0.0110   -0.0054    0.0542 15  9 53.00    10.00 
  2020 11 15.632384  2 22 17.7664 +13 39 31.729  35.5740266  13.6588137  35.5740318  13.6588373   -0.0182   -0.0847    0.1143 15 10 38.00    10.00 
  2020 11 15.632905  2 22 17.7607 +13 39 31.724  35.5740028  13.6588123  35.5740123  13.6588276   -0.0333   -0.0550    0.0301 15 11 23.00    10.00 
  2020 11 15.633426  2 22 17.7570 +13 39 31.714  35.5739874  13.6588094  35.5739929  13.6588179   -0.0193   -0.0305    0.0301 15 12  8.00    10.00 
  2020 11 15.633947  2 22 17.7506 +13 39 31.716  35.5739607  13.6588099  35.5739734  13.6588082   -0.0442    0.0062    0.0382 15 12 53.00    10.00 
  2020 11 15.634468  2 22 17.7460 +13 39 31.671  35.5739418  13.6587976  35.5739539  13.6587985   -0.0423   -0.0032    0.0542 15 13 38.00    10.00 
  2020 11 15.634988  2 22 17.7407 +13 39 31.593  35.5739197  13.6587757  35.5739344  13.6587888   -0.0515   -0.0471    0.0418 15 14 23.00    10.00 
  2020 11 15.635509  2 22 17.7375 +13 39 31.612  35.5739063  13.6587812  35.5739149  13.6587791   -0.0303    0.0074    0.0254 15 15  8.00    10.00 
  2020 11 15.636030  2 22 17.7362 +13 39 31.491  35.5739008  13.6587476  35.5738955  13.6587694    0.0188   -0.0786    0.0384 15 15 53.00    10.00 
  2020 11 15.636551  2 22 17.7330 +13 39 31.468  35.5738875  13.6587412  35.5738760  13.6587597    0.0404   -0.0667    0.0436 15 16 38.00    10.00 
  2020 11 15.637072  2 22 17.7242 +13 39 31.499  35.5738510  13.6587496  35.5738565  13.6587500   -0.0194   -0.0015    0.0286 15 17 23.00    10.00 
  2020 11 15.637593  2 22 17.7179 +13 39 31.455  35.5738246  13.6587375  35.5738370  13.6587403   -0.0436   -0.0104    0.0811 15 18  8.00    10.00 
  2020 11 15.638113  2 22 17.7157 +13 39 31.407  35.5738156  13.6587242  35.5738176  13.6587306   -0.0069   -0.0233    0.0270 15 18 53.00    10.00 
  2020 11 15.638634  2 22 17.7117 +13 39 31.348  35.5737988  13.6587077  35.5737981  13.6587210    0.0025   -0.0478    0.0424 15 19 38.00    10.00 
  2020 11 15.639155  2 22 17.7056 +13 39 31.331  35.5737734  13.6587029  35.5737786  13.6587113   -0.0181   -0.0300    0.0293 15 20 23.00    10.00 
  2020 11 15.639676  2 22 17.7025 +13 39 31.244  35.5737603  13.6586789  35.5737591  13.6587016    0.0041   -0.0817    0.0454 15 21  8.00    10.00 
  2020 11 15.640185  2 22 17.7017 +13 39 31.182  35.5737570  13.6586615  35.5737401  13.6586921    0.0592   -0.1100    0.1438 15 21 52.00    10.00 
  2020 11 15.640706  2 22 17.6907 +13 39 31.249  35.5737114  13.6586803  35.5737206  13.6586824   -0.0323   -0.0075    0.0414 15 22 37.00    10.00 
  2020 11 15.641227  2 22 17.6869 +13 39 31.270  35.5736953  13.6586862  35.5737012  13.6586727   -0.0207    0.0486    0.0383 15 23 22.00    10.00 
  2020 11 15.641748  2 22 17.6822 +13 39 31.166  35.5736760  13.6586573  35.5736817  13.6586630   -0.0199   -0.0207    0.0910 15 24  7.00    10.00 
  2020 11 15.642269  2 22 17.6770 +13 39 31.155  35.5736541  13.6586541  35.5736622  13.6586533   -0.0285    0.0026    0.0609 15 24 52.00    10.00 
  2020 11 15.642789  2 22 17.6713 +13 39 31.119  35.5736303  13.6586441  35.5736428  13.6586436   -0.0435    0.0017    0.1205 15 25 37.00    10.00 
  2020 11 15.646435  2 22 17.6388 +13 39 30.845  35.5734951  13.6585682  35.5735065  13.6585758   -0.0399   -0.0275    0.0458 15 30 52.00    10.00 
  2020 11 15.646956  2 22 17.6358 +13 39 30.823  35.5734823  13.6585619  35.5734871  13.6585661   -0.0165   -0.0152    0.1248 15 31 37.00    10.00 
  2020 11 15.647998  2 22 17.6246 +13 39 30.763  35.5734360  13.6585452  35.5734481  13.6585467   -0.0426   -0.0057    0.0567 15 33  7.00    10.00 
  2020 11 15.649039  2 22 17.6166 +13 39 30.708  35.5734025  13.6585301  35.5734092  13.6585274   -0.0236    0.0100    0.1245 15 34 37.00    10.00 
  2020 11 15.649560  2 22 17.6159 +13 39 30.622  35.5733995  13.6585062  35.5733898  13.6585177    0.0339   -0.0413    0.0681 15 35 22.00    10.00 
  2020 11 15.650081  2 22 17.6075 +13 39 30.586  35.5733645  13.6584961  35.5733703  13.6585080   -0.0204   -0.0428    0.0212 15 36  7.00    10.00 
  2020 11 15.650602  2 22 17.6066 +13 39 30.478  35.5733608  13.6584661  35.5733509  13.6584983    0.0349   -0.1160    0.1408 15 36 52.00    10.00 
  2020 11 15.658403  2 22 17.5336 +13 39 30.047  35.5730565  13.6583464  35.5730596  13.6583532   -0.0109   -0.0242    0.0288 15 48  6.00    10.00 
  2020 11 15.658924  2 22 17.5289 +13 39 29.994  35.5730371  13.6583317  35.5730402  13.6583435   -0.0108   -0.0425    0.0265 15 48 51.00    10.00 
  2020 11 16.626713  2 22  9.4098 +13 38 29.155  35.5392074  13.6414319  35.5392247  13.6414172   -0.0603    0.0528    0.0553 15  2 28.00    10.00 
  2020 11 16.627234  2 22  9.4058 +13 38 29.065  35.5391907  13.6414071  35.5392068  13.6414089   -0.0562   -0.0067    0.0365 15  3 13.00    10.00 
  2020 11 16.627755  2 22  9.4060 +13 38 29.014  35.5391916  13.6413927  35.5391888  13.6414006    0.0095   -0.0285    0.0230 15  3 58.00    10.00 
  2020 11 16.628275  2 22  9.4017 +13 38 29.019  35.5391739  13.6413942  35.5391709  13.6413924    0.0105    0.0066    0.0249 15  4 43.00    10.00 
  2020 11 16.628796  2 22  9.3950 +13 38 29.014  35.5391458  13.6413927  35.5391530  13.6413841   -0.0254    0.0312    0.0240 15  5 28.00    10.00 
  2020 11 16.629317  2 22  9.3884 +13 38 29.010  35.5391183  13.6413918  35.5391351  13.6413758   -0.0591    0.0576    0.0313 15  6 13.00    10.00 
  2020 11 16.629838  2 22  9.3877 +13 38 28.940  35.5391153  13.6413722  35.5391172  13.6413675   -0.0068    0.0169    0.0317 15  6 58.00    10.00 
  2020 11 16.630359  2 22  9.3843 +13 38 28.879  35.5391013  13.6413554  35.5390993  13.6413592    0.0070   -0.0138    0.0180 15  7 43.00    10.00 
  2020 11 16.630880  2 22  9.3793 +13 38 28.842  35.5390805  13.6413450  35.5390814  13.6413509   -0.0031   -0.0215    0.0249 15  8 28.00    10.00 
  2020 11 16.631400  2 22  9.3739 +13 38 28.800  35.5390577  13.6413333  35.5390635  13.6413426   -0.0202   -0.0336    0.0299 15  9 13.00    10.00 
  2020 11 16.631921  2 22  9.3710 +13 38 28.825  35.5390456  13.6413402  35.5390456  13.6413343    0.0001    0.0210    0.0370 15  9 58.00    10.00 
  2020 11 16.632442  2 22  9.3678 +13 38 28.784  35.5390325  13.6413289  35.5390277  13.6413261    0.0168    0.0104    0.0291 15 10 43.00    10.00 
  2020 11 16.632963  2 22  9.3605 +13 38 28.768  35.5390023  13.6413243  35.5390098  13.6413178   -0.0265    0.0236    0.0395 15 11 28.00    10.00 
  2020 11 16.633484  2 22  9.3583 +13 38 28.725  35.5389931  13.6413124  35.5389919  13.6413095    0.0041    0.0106    0.0284 15 12 13.00    10.00 
  2020 11 16.634005  2 22  9.3521 +13 38 28.684  35.5389669  13.6413011  35.5389740  13.6413012   -0.0247   -0.0003    0.0457 15 12 58.00    10.00 
  2020 11 16.634525  2 22  9.3513 +13 38 28.629  35.5389638  13.6412857  35.5389561  13.6412929    0.0269   -0.0259    0.0279 15 13 43.00    10.00 
  2020 11 16.635046  2 22  9.3453 +13 38 28.631  35.5389387  13.6412863  35.5389382  13.6412847    0.0016    0.0060    0.0239 15 14 28.00    10.00 
  2020 11 16.635567  2 22  9.3404 +13 38 28.586  35.5389185  13.6412738  35.5389203  13.6412764   -0.0063   -0.0093    0.0522 15 15 13.00    10.00 
  2020 11 16.636088  2 22  9.3322 +13 38 28.601  35.5388841  13.6412780  35.5389024  13.6412681   -0.0642    0.0357    0.0759 15 15 58.00    10.00 
  2020 11 16.636609  2 22  9.3292 +13 38 28.530  35.5388716  13.6412583  35.5388845  13.6412598   -0.0452   -0.0053    0.0429 15 16 43.00    10.00 
  2020 11 16.637118  2 22  9.3276 +13 38 28.470  35.5388648  13.6412417  35.5388670  13.6412517   -0.0077   -0.0361    0.0677 15 17 27.00    10.00 
  2020 11 16.637639  2 22  9.3245 +13 38 28.419  35.5388519  13.6412274  35.5388491  13.6412435    0.0097   -0.0577    0.0718 15 18 12.00    10.00 
  2020 11 16.638160  2 22  9.3211 +13 38 28.427  35.5388380  13.6412297  35.5388312  13.6412352    0.0238   -0.0197    0.1041 15 18 57.00    10.00 
  2020 11 16.638681  2 22  9.3174 +13 38 28.458  35.5388225  13.6412382  35.5388133  13.6412269    0.0319    0.0408    0.0940 15 19 42.00    10.00 
  2020 11 16.639201  2 22  9.3104 +13 38 28.386  35.5387933  13.6412183  35.5387954  13.6412186   -0.0074   -0.0012    0.0537 15 20 27.00    10.00 
  2020 11 16.639722  2 22  9.3030 +13 38 28.361  35.5387626  13.6412114  35.5387775  13.6412104   -0.0521    0.0038    0.0290 15 21 12.00    10.00 
  2020 11 16.640243  2 22  9.2988 +13 38 28.321  35.5387450  13.6412002  35.5387596  13.6412021   -0.0511   -0.0068    0.0406 15 21 57.00    10.00 
  2020 11 16.640764  2 22  9.2957 +13 38 28.311  35.5387321  13.6411976  35.5387417  13.6411938   -0.0339    0.0137    0.0357 15 22 42.00    10.00 
  2020 11 16.641285  2 22  9.2947 +13 38 28.256  35.5387281  13.6411822  35.5387239  13.6411855    0.0147   -0.0120    0.0375 15 23 27.00    10.00 
  2020 11 16.641806  2 22  9.2871 +13 38 28.301  35.5386960  13.6411947  35.5387060  13.6411773   -0.0347    0.0629    0.0412 15 24 12.00    10.00 
  2020 11 16.642326  2 22  9.2842 +13 38 28.239  35.5386843  13.6411776  35.5386881  13.6411690   -0.0133    0.0309    0.0312 15 24 57.00    10.00 
  2020 11 16.642847  2 22  9.2807 +13 38 28.133  35.5386697  13.6411481  35.5386702  13.6411607   -0.0016   -0.0454    0.0293 15 25 42.00    10.00 
  2020 11 16.643368  2 22  9.2777 +13 38 28.128  35.5386572  13.6411466  35.5386523  13.6411525    0.0173   -0.0212    0.0391 15 26 27.00    10.00 
  2020 11 16.643889  2 22  9.2715 +13 38 28.131  35.5386312  13.6411474  35.5386344  13.6411442   -0.0111    0.0115    0.0280 15 27 12.00    10.00 
  2020 11 16.644410  2 22  9.2672 +13 38 28.093  35.5386133  13.6411368  35.5386165  13.6411359   -0.0111    0.0032    0.0260 15 27 57.00    10.00 
  2020 11 16.644931  2 22  9.2615 +13 38 28.061  35.5385894  13.6411279  35.5385986  13.6411277   -0.0320    0.0010    0.0297 15 28 42.00    10.00 
  2020 11 16.645451  2 22  9.2577 +13 38 28.047  35.5385739  13.6411242  35.5385807  13.6411194   -0.0240    0.0171    0.0174 15 29 27.00    10.00 
  2020 11 16.645961  2 22  9.2541 +13 38 27.984  35.5385587  13.6411067  35.5385632  13.6411113   -0.0157   -0.0165    0.0251 15 30 11.00    10.00 
  2020 11 16.646481  2 22  9.2462 +13 38 27.996  35.5385258  13.6411101  35.5385453  13.6411031   -0.0684    0.0253    0.0264 15 30 56.00    10.00 
  2020 11 16.647002  2 22  9.2444 +13 38 27.986  35.5385184  13.6411071  35.5385274  13.6410948   -0.0314    0.0444    0.0278 15 31 41.00    10.00 
  2020 11 16.647523  2 22  9.2404 +13 38 27.912  35.5385016  13.6410867  35.5385095  13.6410865   -0.0280    0.0005    0.0264 15 32 26.00    10.00 
  2020 11 16.648044  2 22  9.2373 +13 38 27.884  35.5384886  13.6410788  35.5384917  13.6410783   -0.0109    0.0019    0.0378 15 33 11.00    10.00 
  2020 11 16.648565  2 22  9.2350 +13 38 27.816  35.5384791  13.6410599  35.5384738  13.6410700    0.0187   -0.0365    0.0432 15 33 56.00    10.00 
  2020 11 16.649086  2 22  9.2273 +13 38 27.817  35.5384471  13.6410604  35.5384559  13.6410618   -0.0307   -0.0050    0.0221 15 34 41.00    10.00 
  2020 11 16.649606  2 22  9.2227 +13 38 27.792  35.5384277  13.6410533  35.5384380  13.6410535   -0.0359   -0.0007    0.0363 15 35 26.00    10.00 
  2020 11 16.650127  2 22  9.2215 +13 38 27.737  35.5384231  13.6410381  35.5384201  13.6410452    0.0104   -0.0259    0.0386 15 36 11.00    10.00 
  2020 11 16.650648  2 22  9.2133 +13 38 27.749  35.5383885  13.6410413  35.5384022  13.6410370   -0.0479    0.0156    0.0354 15 36 56.00    10.00 
  2020 11 16.651169  2 22  9.2098 +13 38 27.717  35.5383741  13.6410324  35.5383843  13.6410287   -0.0357    0.0133    0.0242 15 37 41.00    10.00 
  2020 11 16.651690  2 22  9.2049 +13 38 27.681  35.5383538  13.6410224  35.5383665  13.6410205   -0.0441    0.0069    0.0532 15 38 26.00    10.00 
  2020 11 16.652211  2 22  9.2028 +13 38 27.632  35.5383448  13.6410090  35.5383486  13.6410122   -0.0132   -0.0116    0.0292 15 39 11.00    10.00 
  2020 11 16.652731  2 22  9.1997 +13 38 27.623  35.5383322  13.6410065  35.5383307  13.6410040    0.0054    0.0091    0.0414 15 39 56.00    10.00 
  2020 11 16.653252  2 22  9.1942 +13 38 27.617  35.5383091  13.6410048  35.5383128  13.6409957   -0.0130    0.0326    0.0262 15 40 41.00    10.00 
  2020 11 16.654294  2 22  9.1848 +13 38 27.525  35.5382698  13.6409791  35.5382770  13.6409792   -0.0252   -0.0006    0.0398 15 42 11.00    10.00 
  2020 11 16.654815  2 22  9.1812 +13 38 27.505  35.5382550  13.6409737  35.5382591  13.6409710   -0.0147    0.0099    0.0300 15 42 56.00    10.00 
  2020 11 16.655324  2 22  9.1784 +13 38 27.467  35.5382432  13.6409631  35.5382417  13.6409629    0.0054    0.0007    0.0213 15 43 40.00    10.00 
  2020 11 16.655845  2 22  9.1733 +13 38 27.430  35.5382220  13.6409529  35.5382238  13.6409547   -0.0062   -0.0064    0.0253 15 44 25.00    10.00 
  2020 11 16.656366  2 22  9.1705 +13 38 27.385  35.5382102  13.6409404  35.5382059  13.6409464    0.0152   -0.0216    0.0369 15 45 10.00    10.00 
  2020 11 16.656887  2 22  9.1630 +13 38 27.389  35.5381793  13.6409415  35.5381880  13.6409382   -0.0305    0.0119    0.0372 15 45 55.00    10.00 
  2020 11 16.657407  2 22  9.1625 +13 38 27.347  35.5381770  13.6409298  35.5381701  13.6409299    0.0241   -0.0005    0.0482 15 46 40.00    10.00 
  2020 11 16.657928  2 22  9.1551 +13 38 27.319  35.5381464  13.6409219  35.5381523  13.6409217   -0.0206    0.0008    0.0174 15 47 25.00    10.00 
  2020 11 16.658449  2 22  9.1514 +13 38 27.249  35.5381308  13.6409025  35.5381344  13.6409134   -0.0126   -0.0395    0.0309 15 48 10.00    10.00 
  2020 11 16.658970  2 22  9.1485 +13 38 27.269  35.5381187  13.6409079  35.5381165  13.6409052    0.0075    0.0100    0.0336 15 48 55.00    10.00 
  2020 11 16.659491  2 22  9.1427 +13 38 27.234  35.5380946  13.6408983  35.5380986  13.6408969   -0.0141    0.0048    0.0280 15 49 40.00    10.00 
  2020 11 16.660012  2 22  9.1373 +13 38 27.226  35.5380719  13.6408960  35.5380808  13.6408887   -0.0310    0.0263    0.0293 15 50 25.00    10.00 
  2020 11 16.660532  2 22  9.1339 +13 38 27.227  35.5380581  13.6408965  35.5380629  13.6408805   -0.0169    0.0578    0.0615 15 51 10.00    10.00 
  2020 11 16.661053  2 22  9.1309 +13 38 27.123  35.5380453  13.6408675  35.5380450  13.6408722    0.0011   -0.0168    0.0320 15 51 55.00    10.00 
  2020 11 16.661574  2 22  9.1275 +13 38 27.114  35.5380313  13.6408649  35.5380271  13.6408640    0.0145    0.0033    0.0402 15 52 40.00    10.00 
  2020 11 16.662083  2 22  9.1225 +13 38 27.093  35.5380105  13.6408592  35.5380096  13.6408559    0.0031    0.0119    0.0542 15 53 24.00    10.00 
  2020 11 16.662604  2 22  9.1169 +13 38 27.027  35.5379869  13.6408409  35.5379918  13.6408477   -0.0169   -0.0244    0.0290 15 54  9.00    10.00 
  2020 11 16.663125  2 22  9.1120 +13 38 27.068  35.5379669  13.6408523  35.5379739  13.6408394   -0.0246    0.0464    0.0649 15 54 54.00    10.00 
  2020 11 16.663646  2 22  9.1089 +13 38 27.003  35.5379539  13.6408343  35.5379560  13.6408312   -0.0073    0.0111    0.0402 15 55 39.00    10.00 
  2020 11 16.664167  2 22  9.1029 +13 38 26.966  35.5379286  13.6408240  35.5379382  13.6408230   -0.0335    0.0037    0.0322 15 56 24.00    10.00 
  2020 11 16.664687  2 22  9.0993 +13 38 26.951  35.5379138  13.6408197  35.5379203  13.6408147   -0.0226    0.0180    0.0246 15 57  9.00    10.00 
  2020 11 16.665208  2 22  9.0932 +13 38 26.939  35.5378885  13.6408165  35.5379024  13.6408065   -0.0487    0.0359    0.0518 15 57 54.00    10.00 
  2020 11 16.665729  2 22  9.0918 +13 38 26.860  35.5378826  13.6407944  35.5378845  13.6407983   -0.0068   -0.0137    0.0217 15 58 39.00    10.00 
  2020 11 16.666250  2 22  9.0871 +13 38 26.857  35.5378628  13.6407936  35.5378667  13.6407900   -0.0136    0.0128    0.0306 15 59 24.00    10.00 
  2020 11 16.666771  2 22  9.0841 +13 38 26.792  35.5378503  13.6407755  35.5378488  13.6407818    0.0053   -0.0227    0.0278 16  0  9.00    10.00 
  2020 11 16.667292  2 22  9.0773 +13 38 26.820  35.5378223  13.6407834  35.5378309  13.6407736   -0.0304    0.0355    0.0205 16  0 54.00    10.00 
  2020 11 16.667813  2 22  9.0725 +13 38 26.737  35.5378023  13.6407602  35.5378131  13.6407653   -0.0377   -0.0184    0.0335 16  1 39.00    10.00 
  2020 11 16.668333  2 22  9.0715 +13 38 26.697  35.5377978  13.6407492  35.5377952  13.6407571    0.0090   -0.0286    0.0419 16  2 24.00    10.00 
  2020 11 16.668854  2 22  9.0635 +13 38 26.697  35.5377647  13.6407491  35.5377773  13.6407489   -0.0443    0.0007    0.0308 16  3  9.00    10.00 
  2020 11 16.669375  2 22  9.0618 +13 38 26.653  35.5377577  13.6407369  35.5377595  13.6407406   -0.0063   -0.0134    0.0321 16  3 54.00    10.00 
  2020 11 16.669896  2 22  9.0575 +13 38 26.597  35.5377396  13.6407215  35.5377416  13.6407324   -0.0070   -0.0392    0.0309 16  4 39.00    10.00 
  2020 11 16.670417  2 22  9.0535 +13 38 26.570  35.5377231  13.6407139  35.5377237  13.6407242   -0.0022   -0.0371    0.0420 16  5 24.00    10.00 
  2020 11 16.670938  2 22  9.0494 +13 38 26.544  35.5377060  13.6407067  35.5377059  13.6407160    0.0005   -0.0334    0.0343 16  6  9.00    10.00 
  2020 11 16.671458  2 22  9.0452 +13 38 26.514  35.5376882  13.6406985  35.5376880  13.6407077    0.0006   -0.0334    0.0304 16  6 54.00    10.00 
  2020 11 16.671979  2 22  9.0373 +13 38 26.516  35.5376556  13.6406990  35.5376701  13.6406995   -0.0511   -0.0020    0.0361 16  7 39.00    10.00 
  2020 11 16.672500  2 22  9.0375 +13 38 26.474  35.5376561  13.6406873  35.5376523  13.6406913    0.0132   -0.0145    0.0429 16  8 24.00    10.00 
  2020 11 16.673021  2 22  9.0306 +13 38 26.476  35.5376276  13.6406877  35.5376344  13.6406831   -0.0238    0.0166    0.0396 16  9  9.00    10.00 
  2020 11 16.673542  2 22  9.0285 +13 38 26.400  35.5376186  13.6406667  35.5376166  13.6406748    0.0071   -0.0293    0.0309 16  9 54.00    10.00 
  2020 11 16.674051  2 22  9.0222 +13 38 26.400  35.5375926  13.6406666  35.5375991  13.6406668   -0.0227   -0.0008    0.0259 16 10 38.00    10.00 
  2020 11 16.674572  2 22  9.0172 +13 38 26.397  35.5375718  13.6406658  35.5375812  13.6406586   -0.0331    0.0261    0.0282 16 11 23.00    10.00 
  2020 11 16.675093  2 22  9.0139 +13 38 26.333  35.5375580  13.6406479  35.5375634  13.6406504   -0.0190   -0.0088    0.0555 16 12  8.00    10.00 
  2020 11 16.675613  2 22  9.0104 +13 38 26.288  35.5375432  13.6406354  35.5375455  13.6406421   -0.0080   -0.0241    0.0357 16 12 53.00    10.00 
  2020 11 16.676134  2 22  9.0049 +13 38 26.257  35.5375202  13.6406269  35.5375277  13.6406339   -0.0261   -0.0253    0.0280 16 13 38.00    10.00 
  2020 11 16.676655  2 22  9.0013 +13 38 26.271  35.5375055  13.6406308  35.5375098  13.6406257   -0.0152    0.0181    0.0260 16 14 23.00    10.00 
  2020 11 16.677176  2 22  8.9993 +13 38 26.200  35.5374971  13.6406110  35.5374920  13.6406175    0.0179   -0.0232    0.0385 16 15  8.00    10.00 
  2020 11 16.677697  2 22  8.9932 +13 38 26.191  35.5374718  13.6406087  35.5374741  13.6406093   -0.0081   -0.0021    0.0415 16 15 53.00    10.00 
  2020 11 16.678218  2 22  8.9859 +13 38 26.171  35.5374414  13.6406031  35.5374562  13.6406011   -0.0521    0.0073    0.0441 16 16 38.00    10.00 
  2020 11 16.678738  2 22  8.9841 +13 38 26.162  35.5374337  13.6406005  35.5374384  13.6405929   -0.0165    0.0277    0.0308 16 17 23.00    10.00 
  2020 11 16.679259  2 22  8.9772 +13 38 26.048  35.5374050  13.6405689  35.5374205  13.6405846   -0.0544   -0.0568    0.0409 16 18  8.00    10.00 
  2020 11 16.679780  2 22  8.9779 +13 38 26.092  35.5374080  13.6405812  35.5374027  13.6405764    0.0186    0.0171    0.0437 16 18 53.00    10.00 
  2020 11 16.680301  2 22  8.9721 +13 38 26.047  35.5373838  13.6405687  35.5373848  13.6405682   -0.0036    0.0019    0.0205 16 19 38.00    10.00 
  2020 11 16.680822  2 22  8.9695 +13 38 26.039  35.5373730  13.6405664  35.5373670  13.6405600    0.0211    0.0230    0.0351 16 20 23.00    10.00 
  2020 11 16.681331  2 22  8.9654 +13 38 25.970  35.5373558  13.6405472  35.5373495  13.6405520    0.0219   -0.0174    0.0324 16 21  7.00    10.00 
  2020 11 16.681852  2 22  8.9577 +13 38 25.973  35.5373236  13.6405481  35.5373317  13.6405438   -0.0283    0.0156    0.0252 16 21 52.00    10.00 
  2020 11 16.682373  2 22  8.9550 +13 38 25.939  35.5373123  13.6405386  35.5373138  13.6405356   -0.0053    0.0110    0.0342 16 22 37.00    10.00 
  2020 11 16.682894  2 22  8.9489 +13 38 25.900  35.5372872  13.6405277  35.5372960  13.6405273   -0.0307    0.0014    0.0193 16 23 22.00    10.00 
  2020 11 16.683414  2 22  8.9453 +13 38 25.912  35.5372722  13.6405312  35.5372781  13.6405191   -0.0208    0.0435    0.0330 16 24  7.00    10.00 
  2020 11 16.683935  2 22  8.9418 +13 38 25.871  35.5372574  13.6405198  35.5372603  13.6405109   -0.0101    0.0318    0.0324 16 24 52.00    10.00 
  2020 11 16.684456  2 22  8.9383 +13 38 25.813  35.5372431  13.6405036  35.5372424  13.6405027    0.0023    0.0031    0.0465 16 25 37.00    10.00 
  2020 11 16.684977  2 22  8.9330 +13 38 25.814  35.5372208  13.6405039  35.5372246  13.6404945   -0.0134    0.0337    0.0254 16 26 22.00    10.00 
  2020 11 16.685498  2 22  8.9288 +13 38 25.773  35.5372032  13.6404925  35.5372068  13.6404863   -0.0125    0.0222    0.0272 16 27  7.00    10.00 
  2020 11 16.686019  2 22  8.9250 +13 38 25.719  35.5371874  13.6404775  35.5371889  13.6404781   -0.0053   -0.0024    0.0377 16 27 52.00    10.00 
  2020 11 16.686539  2 22  8.9213 +13 38 25.687  35.5371719  13.6404686  35.5371711  13.6404699    0.0030   -0.0046    0.0307 16 28 37.00    10.00 
  2020 11 16.687060  2 22  8.9153 +13 38 25.668  35.5371473  13.6404633  35.5371532  13.6404617   -0.0209    0.0058    0.0245 16 29 22.00    10.00 
  2020 11 16.687581  2 22  8.9119 +13 38 25.648  35.5371328  13.6404579  35.5371354  13.6404535   -0.0089    0.0156    0.0149 16 30  7.00    10.00 
  2020 11 16.688090  2 22  8.9065 +13 38 25.620  35.5371103  13.6404499  35.5371179  13.6404455   -0.0267    0.0158    0.0238 16 30 51.00    10.00 
  2020 11 16.688611  2 22  8.9029 +13 38 25.567  35.5370955  13.6404353  35.5371001  13.6404373   -0.0162   -0.0073    0.0359 16 31 36.00    10.00 
  2020 11 16.689132  2 22  8.8978 +13 38 25.522  35.5370740  13.6404228  35.5370823  13.6404291   -0.0290   -0.0226    0.0319 16 32 21.00    10.00 
  2020 11 16.689653  2 22  8.8953 +13 38 25.518  35.5370638  13.6404215  35.5370644  13.6404209   -0.0021    0.0023    0.0282 16 33  6.00    10.00 
  2020 11 16.690174  2 22  8.8890 +13 38 25.518  35.5370375  13.6404217  35.5370466  13.6404127   -0.0318    0.0325    0.0486 16 33 51.00    10.00 
  2020 11 16.690694  2 22  8.8852 +13 38 25.463  35.5370219  13.6404065  35.5370287  13.6404045   -0.0241    0.0072    0.0246 16 34 36.00    10.00 
  2020 11 16.691215  2 22  8.8856 +13 38 25.410  35.5370235  13.6403916  35.5370109  13.6403963    0.0439   -0.0168    0.0384 16 35 21.00    10.00 
  2020 11 16.691736  2 22  8.8763 +13 38 25.414  35.5369844  13.6403926  35.5369931  13.6403881   -0.0304    0.0163    0.0350 16 36  6.00    10.00 
  2020 11 16.692257  2 22  8.8721 +13 38 25.370  35.5369671  13.6403807  35.5369752  13.6403799   -0.0285    0.0027    0.0366 16 36 51.00    10.00 
  2020 11 16.692778  2 22  8.8676 +13 38 25.337  35.5369483  13.6403713  35.5369574  13.6403717   -0.0318   -0.0016    0.0307 16 37 36.00    10.00 
  2020 11 16.693299  2 22  8.8626 +13 38 25.318  35.5369274  13.6403662  35.5369396  13.6403635   -0.0426    0.0096    0.0195 16 38 21.00    10.00 
  2020 11 16.693819  2 22  8.8604 +13 38 25.291  35.5369183  13.6403585  35.5369217  13.6403553   -0.0119    0.0114    0.0161 16 39  6.00    10.00 
  2020 11 16.694329  2 22  8.8559 +13 38 25.230  35.5368997  13.6403416  35.5369043  13.6403473   -0.0160   -0.0206    0.0238 16 39 50.00    10.00 
  2020 11 16.694850  2 22  8.8522 +13 38 25.230  35.5368840  13.6403416  35.5368865  13.6403392   -0.0086    0.0088    0.0216 16 40 35.00    10.00 
  2020 11 16.695370  2 22  8.8471 +13 38 25.220  35.5368628  13.6403388  35.5368687  13.6403310   -0.0203    0.0281    0.0208 16 41 20.00    10.00 
  2020 11 16.695891  2 22  8.8436 +13 38 25.140  35.5368484  13.6403166  35.5368508  13.6403228   -0.0086   -0.0223    0.0299 16 42  5.00    10.00 
  2020 11 16.696412  2 22  8.8387 +13 38 25.124  35.5368278  13.6403122  35.5368330  13.6403146   -0.0182   -0.0086    0.0240 16 42 50.00    10.00 
  2020 11 16.696933  2 22  8.8349 +13 38 25.122  35.5368119  13.6403118  35.5368152  13.6403064   -0.0113    0.0194    0.0236 16 43 35.00    10.00 
  2020 11 16.697454  2 22  8.8306 +13 38 25.077  35.5367944  13.6402992  35.5367973  13.6402982   -0.0105    0.0037    0.0296 16 44 20.00    10.00 
  2020 11 16.697975  2 22  8.8258 +13 38 25.055  35.5367741  13.6402931  35.5367795  13.6402900   -0.0190    0.0112    0.0247 16 45  5.00    10.00 
  2020 11 16.698495  2 22  8.8216 +13 38 25.012  35.5367567  13.6402811  35.5367617  13.6402818   -0.0174   -0.0029    0.0319 16 45 50.00    10.00 
  2020 11 16.699016  2 22  8.8158 +13 38 25.018  35.5367327  13.6402827  35.5367439  13.6402737   -0.0392    0.0327    0.0372 16 46 35.00    10.00 
  2020 11 16.699537  2 22  8.8142 +13 38 24.979  35.5367259  13.6402720  35.5367260  13.6402655   -0.0006    0.0236    0.0377 16 47 20.00    10.00 
  2020 11 16.700058  2 22  8.8097 +13 38 24.912  35.5367070  13.6402535  35.5367082  13.6402573   -0.0042   -0.0138    0.0796 16 48  5.00    10.00 
  2020 11 16.701100  2 22  8.8006 +13 38 24.825  35.5366691  13.6402292  35.5366726  13.6402409   -0.0120   -0.0424    0.0903 16 49 35.00    10.00 
  2020 11 16.701620  2 22  8.7936 +13 38 24.892  35.5366400  13.6402479  35.5366548  13.6402328   -0.0518    0.0544    0.0332 16 50 20.00    10.00 
  2020 11 16.702141  2 22  8.7905 +13 38 24.796  35.5366271  13.6402212  35.5366369  13.6402246   -0.0346   -0.0122    0.0514 16 51  5.00    10.00 
  2020 11 16.702662  2 22  8.7880 +13 38 24.784  35.5366165  13.6402177  35.5366191  13.6402164   -0.0090    0.0046    0.0363 16 51 50.00    10.00 
  2020 11 16.703183  2 22  8.7799 +13 38 24.754  35.5365828  13.6402094  35.5366013  13.6402082   -0.0646    0.0041    0.0598 16 52 35.00    10.00 
  2020 11 16.703704  2 22  8.7782 +13 38 24.686  35.5365759  13.6401905  35.5365835  13.6402001   -0.0265   -0.0345    0.0724 16 53 20.00    10.00 
  2020 11 16.704213  2 22  8.7741 +13 38 24.719  35.5365587  13.6401996  35.5365661  13.6401921   -0.0258    0.0272    0.0555 16 54  4.00    10.00 
  2020 11 16.704734  2 22  8.7726 +13 38 24.642  35.5365523  13.6401783  35.5365483  13.6401839    0.0142   -0.0201    0.0963 16 54 49.00    10.00 
  2020 11 16.705255  2 22  8.7660 +13 38 24.636  35.5365249  13.6401765  35.5365305  13.6401757   -0.0194    0.0030    0.0485 16 55 34.00    10.00 
  2020 11 16.705775  2 22  8.7619 +13 38 24.617  35.5365078  13.6401713  35.5365126  13.6401675   -0.0168    0.0134    0.1294 16 56 19.00    10.00 
  2020 11 16.706296  2 22  8.7585 +13 38 24.586  35.5364938  13.6401627  35.5364948  13.6401594   -0.0038    0.0120    0.0305 16 57  4.00    10.00 
  2020 11 16.706817  2 22  8.7575 +13 38 24.524  35.5364897  13.6401457  35.5364770  13.6401512    0.0444   -0.0199    0.0359 16 57 49.00    10.00 
  2020 11 16.707338  2 22  8.7502 +13 38 24.511  35.5364594  13.6401420  35.5364592  13.6401430    0.0005   -0.0039    0.0277 16 58 34.00    10.00 
  2020 11 16.707859  2 22  8.7425 +13 38 24.518  35.5364271  13.6401439  35.5364414  13.6401349   -0.0500    0.0327    0.0308 16 59 19.00    10.00 
  2020 11 16.708380  2 22  8.7407 +13 38 24.461  35.5364195  13.6401280  35.5364236  13.6401267   -0.0144    0.0048    0.0168 17  0  4.00    10.00 
  2020 11 16.708900  2 22  8.7361 +13 38 24.449  35.5364003  13.6401247  35.5364058  13.6401185   -0.0192    0.0221    0.0211 17  0 49.00    10.00 
  2020 11 16.709421  2 22  8.7326 +13 38 24.391  35.5363858  13.6401086  35.5363880  13.6401104   -0.0076   -0.0064    0.0222 17  1 34.00    10.00 
  2020 11 16.709942  2 22  8.7290 +13 38 24.366  35.5363706  13.6401016  35.5363702  13.6401022    0.0016   -0.0020    0.0290 17  2 19.00    10.00 
  2020 11 16.710463  2 22  8.7231 +13 38 24.328  35.5363464  13.6400911  35.5363524  13.6400940   -0.0208   -0.0106    0.0246 17  3  4.00    10.00 
  2020 11 16.710984  2 22  8.7196 +13 38 24.304  35.5363316  13.6400844  35.5363346  13.6400859   -0.0105   -0.0051    0.0173 17  3 49.00    10.00 
  2020 11 16.711505  2 22  8.7162 +13 38 24.305  35.5363174  13.6400846  35.5363168  13.6400777    0.0022    0.0248    0.0306 17  4 34.00    10.00 
  2020 11 16.712025  2 22  8.7095 +13 38 24.235  35.5362896  13.6400652  35.5362990  13.6400695   -0.0327   -0.0155    0.0168 17  5 19.00    10.00 
  2020 11 16.712535  2 22  8.7071 +13 38 24.209  35.5362795  13.6400582  35.5362816  13.6400616   -0.0071   -0.0122    0.0278 17  6  3.00    10.00 
  2020 11 16.713056  2 22  8.7035 +13 38 24.189  35.5362645  13.6400526  35.5362638  13.6400534    0.0025   -0.0028    0.0269 17  6 48.00    10.00 
  2020 11 16.713576  2 22  8.6981 +13 38 24.177  35.5362419  13.6400490  35.5362460  13.6400452   -0.0142    0.0137    0.0282 17  7 33.00    10.00 
  2020 11 16.714097  2 22  8.6927 +13 38 24.118  35.5362194  13.6400327  35.5362282  13.6400371   -0.0306   -0.0158    0.0265 17  8 18.00    10.00 
  2020 11 16.714618  2 22  8.6894 +13 38 24.112  35.5362058  13.6400310  35.5362104  13.6400289   -0.0162    0.0076    0.0156 17  9  3.00    10.00 
  2020 11 16.715139  2 22  8.6863 +13 38 24.085  35.5361931  13.6400235  35.5361926  13.6400208    0.0019    0.0099    0.0212 17  9 48.00    10.00 
  2020 11 16.715660  2 22  8.6790 +13 38 24.073  35.5361623  13.6400203  35.5361748  13.6400126   -0.0436    0.0276    0.0331 17 10 33.00    10.00 
  2020 11 16.716181  2 22  8.6779 +13 38 23.984  35.5361579  13.6399957  35.5361570  13.6400044    0.0031   -0.0316    0.0483 17 11 18.00    10.00 
  2020 11 16.716701  2 22  8.6726 +13 38 23.971  35.5361356  13.6399919  35.5361392  13.6399963   -0.0125   -0.0159    0.0324 17 12  3.00    10.00 
  2020 11 16.717222  2 22  8.6678 +13 38 23.982  35.5361158  13.6399950  35.5361214  13.6399881   -0.0196    0.0248    0.0270 17 12 48.00    10.00 
  2020 11 16.717743  2 22  8.6625 +13 38 23.920  35.5360937  13.6399779  35.5361036  13.6399800   -0.0346   -0.0075    0.0240 17 13 33.00    10.00 
  2020 11 16.718264  2 22  8.6603 +13 38 23.912  35.5360848  13.6399756  35.5360858  13.6399718   -0.0037    0.0135    0.0327 17 14 18.00    10.00 
  2020 11 16.718785  2 22  8.6561 +13 38 23.890  35.5360671  13.6399694  35.5360680  13.6399637   -0.0032    0.0206    0.0167 17 15  3.00    10.00 
  2020 11 16.719306  2 22  8.6513 +13 38 23.821  35.5360469  13.6399502  35.5360503  13.6399555   -0.0116   -0.0192    0.0243 17 15 48.00    10.00 
  2020 11 16.719815  2 22  8.6469 +13 38 23.812  35.5360289  13.6399477  35.5360329  13.6399476   -0.0138    0.0005    0.0348 17 16 32.00    10.00 
  2020 11 16.720336  2 22  8.6438 +13 38 23.757  35.5360157  13.6399325  35.5360151  13.6399394    0.0022   -0.0250    0.0244 17 17 17.00    10.00 
  2020 11 16.720856  2 22  8.6390 +13 38 23.756  35.5359958  13.6399324  35.5359973  13.6399313   -0.0054    0.0040    0.0304 17 18  2.00    10.00 
  2020 11 16.721377  2 22  8.6339 +13 38 23.720  35.5359745  13.6399223  35.5359795  13.6399231   -0.0177   -0.0031    0.0345 17 18 47.00    10.00 
  2020 11 16.721898  2 22  8.6275 +13 38 23.711  35.5359478  13.6399198  35.5359617  13.6399150   -0.0487    0.0175    0.0289 17 19 32.00    10.00 
  2020 11 16.722419  2 22  8.6263 +13 38 23.625  35.5359429  13.6398959  35.5359440  13.6399068   -0.0038   -0.0392    0.0475 17 20 17.00    10.00 
  2020 11 16.722940  2 22  8.6208 +13 38 23.617  35.5359201  13.6398935  35.5359262  13.6398987   -0.0213   -0.0186    0.0348 17 21  2.00    10.00 
  2020 11 16.723461  2 22  8.6170 +13 38 23.612  35.5359042  13.6398922  35.5359084  13.6398905   -0.0146    0.0061    0.0288 17 21 47.00    10.00 
  2020 11 16.723981  2 22  8.6116 +13 38 23.560  35.5358818  13.6398777  35.5358906  13.6398824   -0.0309   -0.0170    0.0258 17 22 32.00    10.00 
  2020 11 16.724502  2 22  8.6079 +13 38 23.525  35.5358662  13.6398680  35.5358728  13.6398742   -0.0232   -0.0225    0.0374 17 23 17.00    10.00 
  2020 11 16.725023  2 22  8.6037 +13 38 23.526  35.5358486  13.6398683  35.5358551  13.6398661   -0.0227    0.0080    0.0368 17 24  2.00    10.00 
  2020 11 16.725544  2 22  8.5999 +13 38 23.511  35.5358330  13.6398640  35.5358373  13.6398580   -0.0151    0.0219    0.0432 17 24 47.00    10.00 
  2020 11 16.726065  2 22  8.5962 +13 38 23.439  35.5358174  13.6398443  35.5358195  13.6398498   -0.0073   -0.0199    0.0356 17 25 32.00    10.00 
  2020 11 16.726586  2 22  8.5901 +13 38 23.407  35.5357920  13.6398352  35.5358017  13.6398417   -0.0339   -0.0232    0.0293 17 26 17.00    10.00 
  2020 11 16.727106  2 22  8.5853 +13 38 23.386  35.5357722  13.6398294  35.5357840  13.6398335   -0.0411   -0.0149    0.0319 17 27  2.00    10.00 
  2020 11 16.727627  2 22  8.5834 +13 38 23.404  35.5357643  13.6398344  35.5357662  13.6398254   -0.0066    0.0324    0.0360 17 27 47.00    10.00 
  2020 11 16.728148  2 22  8.5820 +13 38 23.301  35.5357583  13.6398059  35.5357484  13.6398173    0.0345   -0.0408    0.0424 17 28 32.00    10.00 
  2020 11 16.728657  2 22  8.5745 +13 38 23.294  35.5357272  13.6398038  35.5357311  13.6398093   -0.0135   -0.0200    0.0362 17 29 16.00    10.00 
  2020 11 16.729178  2 22  8.5713 +13 38 23.291  35.5357139  13.6398031  35.5357133  13.6398012    0.0019    0.0071    0.0222 17 30  1.00    10.00 
  2020 11 16.730220  2 22  8.5621 +13 38 23.238  35.5356753  13.6397884  35.5356778  13.6397849   -0.0087    0.0124    0.0317 17 31 31.00    10.00 
  2020 11 16.730741  2 22  8.5592 +13 38 23.172  35.5356635  13.6397700  35.5356600  13.6397768    0.0122   -0.0243    0.0338 17 32 16.00    10.00 
  2020 11 16.731262  2 22  8.5523 +13 38 23.158  35.5356344  13.6397660  35.5356422  13.6397686   -0.0273   -0.0095    0.0342 17 33  1.00    10.00 
  2020 11 16.731782  2 22  8.5496 +13 38 23.150  35.5356233  13.6397640  35.5356245  13.6397605   -0.0043    0.0125    0.0364 17 33 46.00    10.00 
  2020 11 16.732303  2 22  8.5457 +13 38 23.096  35.5356073  13.6397490  35.5356067  13.6397524    0.0019   -0.0121    0.0335 17 34 31.00    10.00 
  2020 11 16.732824  2 22  8.5410 +13 38 23.077  35.5355874  13.6397435  35.5355890  13.6397443   -0.0056   -0.0027    0.0391 17 35 16.00    10.00 
  2020 11 16.733345  2 22  8.5366 +13 38 23.016  35.5355692  13.6397266  35.5355712  13.6397361   -0.0070   -0.0343    0.0306 17 36  1.00    10.00 
  2020 11 16.733866  2 22  8.5311 +13 38 22.997  35.5355461  13.6397213  35.5355534  13.6397280   -0.0256   -0.0242    0.0633 17 36 46.00    10.00 
  2020 11 16.734387  2 22  8.5265 +13 38 23.009  35.5355273  13.6397246  35.5355357  13.6397199   -0.0294    0.0170    0.0260 17 37 31.00    10.00 
  2020 11 16.734907  2 22  8.5218 +13 38 22.972  35.5355074  13.6397145  35.5355179  13.6397117   -0.0369    0.0100    0.0347 17 38 16.00    10.00 
  2020 11 16.735428  2 22  8.5211 +13 38 22.934  35.5355044  13.6397040  35.5355002  13.6397036    0.0149    0.0015    0.0309 17 39  1.00    10.00 
  2020 11 16.735937  2 22  8.5145 +13 38 22.918  35.5354769  13.6396994  35.5354828  13.6396957   -0.0206    0.0135    0.0279 17 39 45.00    10.00 
  2020 11 16.736458  2 22  8.5132 +13 38 22.872  35.5354716  13.6396866  35.5354651  13.6396876    0.0228   -0.0034    0.0464 17 40 30.00    10.00 
  2020 11 16.736979  2 22  8.5069 +13 38 22.821  35.5354453  13.6396725  35.5354473  13.6396794   -0.0069   -0.0249    0.0461 17 41 15.00    10.00 
  2020 11 16.737500  2 22  8.5025 +13 38 22.799  35.5354271  13.6396665  35.5354296  13.6396713   -0.0086   -0.0175    0.0324 17 42  0.00    10.00 
  2020 11 16.738021  2 22  8.4979 +13 38 22.781  35.5354078  13.6396613  35.5354118  13.6396632   -0.0139   -0.0066    0.0405 17 42 45.00    10.00 
  2020 11 16.738542  2 22  8.4953 +13 38 22.777  35.5353973  13.6396602  35.5353941  13.6396551    0.0112    0.0184    0.0440 17 43 30.00    10.00 
  2020 11 16.739062  2 22  8.4912 +13 38 22.763  35.5353800  13.6396565  35.5353763  13.6396469    0.0129    0.0344    0.0409 17 44 15.00    10.00 
  2020 11 16.739583  2 22  8.4854 +13 38 22.717  35.5353559  13.6396435  35.5353586  13.6396388   -0.0093    0.0168    0.0429 17 45  0.00    10.00 
  2020 11 16.740104  2 22  8.4789 +13 38 22.666  35.5353287  13.6396294  35.5353408  13.6396307   -0.0426   -0.0048    0.0521 17 45 45.00    10.00 
  2020 11 16.740625  2 22  8.4793 +13 38 22.655  35.5353305  13.6396264  35.5353231  13.6396226    0.0259    0.0138    0.0691 17 46 30.00    10.00 
  2020 11 16.741146  2 22  8.4720 +13 38 22.595  35.5353002  13.6396096  35.5353053  13.6396145   -0.0180   -0.0176    0.0418 17 47 15.00    10.00 
  2020 11 16.741667  2 22  8.4684 +13 38 22.632  35.5352850  13.6396199  35.5352876  13.6396064   -0.0093    0.0487    0.0306 17 48  0.00    10.00 
  2020 11 16.742188  2 22  8.4609 +13 38 22.571  35.5352537  13.6396032  35.5352699  13.6395983   -0.0565    0.0177    0.0455 17 48 45.00    10.00 
  2020 11 16.742708  2 22  8.4568 +13 38 22.527  35.5352368  13.6395909  35.5352521  13.6395901   -0.0535    0.0028    0.0334 17 49 30.00    10.00 
  2020 11 16.743229  2 22  8.4542 +13 38 22.508  35.5352259  13.6395856  35.5352344  13.6395820   -0.0296    0.0127    0.0308 17 50 15.00    10.00 
  2020 11 16.743750  2 22  8.4506 +13 38 22.443  35.5352108  13.6395676  35.5352167  13.6395739   -0.0205   -0.0228    0.0307 17 51  0.00    10.00 
  2020 11 16.744271  2 22  8.4488 +13 38 22.433  35.5352032  13.6395647  35.5351989  13.6395658    0.0150   -0.0040    0.0376 17 51 45.00    10.00 
  2020 11 16.744792  2 22  8.4419 +13 38 22.391  35.5351745  13.6395532  35.5351812  13.6395577   -0.0234   -0.0162    0.0234 17 52 30.00    10.00 
  2020 11 16.745822  2 22  8.4354 +13 38 22.328  35.5351475  13.6395355  35.5351461  13.6395417    0.0049   -0.0222    0.0548 17 53 59.00    10.00 
  2020 11 16.746343  2 22  8.4303 +13 38 22.321  35.5351261  13.6395337  35.5351284  13.6395336   -0.0081    0.0005    0.0220 17 54 44.00    10.00 
  2020 11 16.746863  2 22  8.4284 +13 38 22.293  35.5351182  13.6395259  35.5351107  13.6395254    0.0263    0.0016    0.0385 17 55 29.00    10.00 
  2020 11 16.747940  2 22  8.4185 +13 38 22.246  35.5350770  13.6395127  35.5350740  13.6395087    0.0104    0.0146    0.0272 17 57  2.00    10.00 
  2020 11 16.748461  2 22  8.4131 +13 38 22.158  35.5350546  13.6394883  35.5350563  13.6395006   -0.0061   -0.0442    0.0372 17 57 47.00    10.00 
  2020 11 16.748981  2 22  8.4074 +13 38 22.150  35.5350307  13.6394860  35.5350386  13.6394925   -0.0277   -0.0235    0.0484 17 58 32.00    10.00 
  2020 11 16.749491  2 22  8.4047 +13 38 22.135  35.5350197  13.6394821  35.5350212  13.6394846   -0.0055   -0.0090    0.0298 17 59 16.00    10.00 
  2020 11 16.750012  2 22  8.4026 +13 38 22.097  35.5350107  13.6394714  35.5350035  13.6394765    0.0250   -0.0183    0.0437 18  0  1.00    10.00 
  2020 11 16.750532  2 22  8.3945 +13 38 22.092  35.5349771  13.6394700  35.5349858  13.6394684   -0.0305    0.0059    0.0329 18  0 46.00    10.00 
  2020 11 16.751053  2 22  8.3910 +13 38 22.056  35.5349624  13.6394599  35.5349681  13.6394603   -0.0200   -0.0014    0.0415 18  1 31.00    10.00 
  2020 11 16.751574  2 22  8.3876 +13 38 22.020  35.5349483  13.6394501  35.5349504  13.6394522   -0.0071   -0.0075    0.0290 18  2 16.00    10.00 
  2020 11 16.752095  2 22  8.3819 +13 38 22.024  35.5349247  13.6394511  35.5349327  13.6394441   -0.0280    0.0251    0.0261 18  3  1.00    10.00 
  2020 11 16.752616  2 22  8.3801 +13 38 21.935  35.5349170  13.6394265  35.5349149  13.6394360    0.0071   -0.0342    0.0364 18  3 46.00    10.00 
  2020 11 16.753137  2 22  8.3731 +13 38 21.953  35.5348878  13.6394313  35.5348972  13.6394279   -0.0329    0.0122    0.0377 18  4 31.00    10.00 
  2020 11 16.753657  2 22  8.3691 +13 38 21.937  35.5348714  13.6394268  35.5348795  13.6394198   -0.0284    0.0253    0.0244 18  5 16.00    10.00 
  2020 11 16.754178  2 22  8.3665 +13 38 21.887  35.5348603  13.6394129  35.5348618  13.6394117   -0.0051    0.0045    0.0390 18  6  1.00    10.00 
  2020 11 16.754699  2 22  8.3643 +13 38 21.894  35.5348512  13.6394149  35.5348441  13.6394036    0.0249    0.0407    0.0271 18  6 46.00    10.00 
  2020 11 16.755220  2 22  8.3588 +13 38 21.814  35.5348284  13.6393927  35.5348264  13.6393955    0.0070   -0.0102    0.0363 18  7 31.00    10.00 
  2020 11 16.755741  2 22  8.3504 +13 38 21.789  35.5347933  13.6393858  35.5348087  13.6393874   -0.0537   -0.0059    0.0285 18  8 16.00    10.00 
  2020 11 16.756262  2 22  8.3492 +13 38 21.731  35.5347883  13.6393698  35.5347910  13.6393793   -0.0094   -0.0342    0.0246 18  9  1.00    10.00 
  2020 11 16.756771  2 22  8.3449 +13 38 21.765  35.5347704  13.6393790  35.5347737  13.6393714   -0.0113    0.0275    0.0439 18  9 45.00    10.00 
  2020 11 17.614236  2 22  1.5998 +13 37 40.032  35.5066658  13.6277866  35.5066586  13.6277939    0.0249   -0.0262    0.0265 14 44 30.00    10.00 
  2020 11 17.614757  2 22  1.5930 +13 37 40.066  35.5066377  13.6277961  35.5066412  13.6277879   -0.0122    0.0293    0.0221 14 45 15.00    10.00 
  2020 11 17.615278  2 22  1.5895 +13 37 40.045  35.5066229  13.6277902  35.5066238  13.6277820   -0.0031    0.0296    0.0276 14 46  0.00    10.00 
  2020 11 17.615799  2 22  1.5852 +13 37 39.939  35.5066051  13.6277608  35.5066063  13.6277760   -0.0041   -0.0548    0.0343 14 46 45.00    10.00 
  2020 11 17.616319  2 22  1.5803 +13 37 40.008  35.5065844  13.6277799  35.5065889  13.6277700   -0.0155    0.0355    0.0198 14 47 30.00    10.00 
  2020 11 17.616840  2 22  1.5778 +13 37 39.943  35.5065741  13.6277619  35.5065714  13.6277641    0.0093   -0.0079    0.0192 14 48 15.00    10.00 
  2020 11 17.617361  2 22  1.5705 +13 37 39.927  35.5065439  13.6277576  35.5065540  13.6277581   -0.0350   -0.0018    0.0300 14 49  0.00    10.00 
  2020 11 17.617882  2 22  1.5662 +13 37 39.948  35.5065257  13.6277634  35.5065365  13.6277521   -0.0378    0.0406    0.0430 14 49 45.00    10.00 
  2020 11 17.618403  2 22  1.5622 +13 37 39.874  35.5065093  13.6277427  35.5065191  13.6277462   -0.0342   -0.0125    0.0632 14 50 30.00    10.00 
  2020 11 17.618924  2 22  1.5618 +13 37 39.899  35.5065074  13.6277496  35.5065016  13.6277402    0.0203    0.0340    0.0627 14 51 15.00    10.00 
  2020 11 17.619444  2 22  1.5517 +13 37 39.862  35.5064656  13.6277396  35.5064842  13.6277342   -0.0650    0.0192    0.0745 14 52  0.00    10.00 
  2020 11 17.619965  2 22  1.5508 +13 37 39.780  35.5064617  13.6277167  35.5064667  13.6277283   -0.0177   -0.0416    0.0433 14 52 45.00    10.00 
  2020 11 17.620486  2 22  1.5489 +13 37 39.726  35.5064537  13.6277018  35.5064493  13.6277223    0.0154   -0.0740    0.0371 14 53 30.00    10.00 
  2020 11 17.621007  2 22  1.5429 +13 37 39.771  35.5064288  13.6277143  35.5064318  13.6277164   -0.0104   -0.0075    0.0240 14 54 15.00    10.00 
  2020 11 17.621528  2 22  1.5387 +13 37 39.765  35.5064114  13.6277126  35.5064144  13.6277104   -0.0104    0.0079    0.0272 14 55  0.00    10.00 
  2020 11 17.622049  2 22  1.5337 +13 37 39.746  35.5063903  13.6277071  35.5063969  13.6277044   -0.0230    0.0097    0.0284 14 55 45.00    10.00 
  2020 11 17.622558  2 22  1.5307 +13 37 39.721  35.5063780  13.6277003  35.5063799  13.6276986   -0.0065    0.0059    0.0422 14 56 29.00    10.00 
  2020 11 17.624120  2 22  1.5173 +13 37 39.621  35.5063221  13.6276726  35.5063275  13.6276808   -0.0187   -0.0295    0.0390 14 58 44.00    10.00 
  2020 11 17.624641  2 22  1.5150 +13 37 39.601  35.5063127  13.6276670  35.5063100  13.6276748    0.0092   -0.0280    0.0349 14 59 29.00    10.00 
  2020 11 17.625162  2 22  1.5103 +13 37 39.639  35.5062930  13.6276774  35.5062926  13.6276689    0.0014    0.0307    0.0268 15  0 14.00    10.00 
  2020 11 17.626725  2 22  1.4952 +13 37 39.623  35.5062299  13.6276730  35.5062402  13.6276510   -0.0360    0.0793    0.0666 15  2 29.00    10.00 
  2020 11 17.627245  2 22  1.4939 +13 37 39.484  35.5062247  13.6276345  35.5062228  13.6276451    0.0068   -0.0379    0.0331 15  3 14.00    10.00 
  2020 11 17.627766  2 22  1.4857 +13 37 39.519  35.5061903  13.6276443  35.5062053  13.6276391   -0.0524    0.0186    0.0239 15  3 59.00    10.00 
  2020 11 17.628287  2 22  1.4833 +13 37 39.524  35.5061804  13.6276455  35.5061879  13.6276332   -0.0261    0.0444    0.0218 15  4 44.00    10.00 
  2020 11 17.629850  2 22  1.4726 +13 37 39.416  35.5061359  13.6276157  35.5061355  13.6276153    0.0016    0.0012    0.0264 15  6 59.00    10.00 
  2020 11 17.630370  2 22  1.4644 +13 37 39.419  35.5061017  13.6276163  35.5061180  13.6276094   -0.0570    0.0250    0.0349 15  7 44.00    10.00 
  2020 11 17.630891  2 22  1.4612 +13 37 39.355  35.5060882  13.6275987  35.5061006  13.6276035   -0.0431   -0.0173    0.0341 15  8 29.00    10.00 
  2020 11 17.631400  2 22  1.4614 +13 37 39.340  35.5060890  13.6275945  35.5060835  13.6275976    0.0191   -0.0114    0.0318 15  9 13.00    10.00 
  2020 11 17.631921  2 22  1.4548 +13 37 39.392  35.5060617  13.6276090  35.5060660  13.6275917   -0.0152    0.0623    0.0471 15  9 58.00    10.00 
  2020 11 17.632442  2 22  1.4512 +13 37 39.286  35.5060466  13.6275796  35.5060486  13.6275858   -0.0071   -0.0223    0.0283 15 10 43.00    10.00 
  2020 11 17.632963  2 22  1.4462 +13 37 39.325  35.5060259  13.6275903  35.5060311  13.6275798   -0.0184    0.0376    0.0259 15 11 28.00    10.00 
  2020 11 17.633484  2 22  1.4433 +13 37 39.297  35.5060135  13.6275826  35.5060137  13.6275739   -0.0004    0.0315    0.0465 15 12 13.00    10.00 
  2020 11 17.634005  2 22  1.4355 +13 37 39.252  35.5059812  13.6275701  35.5059962  13.6275680   -0.0525    0.0075    0.0265 15 12 58.00    10.00 
  2020 11 17.634525  2 22  1.4321 +13 37 39.235  35.5059672  13.6275652  35.5059787  13.6275620   -0.0403    0.0116    0.0584 15 13 43.00    10.00 
  2020 11 17.635046  2 22  1.4287 +13 37 39.197  35.5059529  13.6275546  35.5059613  13.6275561   -0.0293   -0.0054    0.0284 15 14 28.00    10.00 
  2020 11 17.636088  2 22  1.4245 +13 37 39.201  35.5059354  13.6275559  35.5059264  13.6275442    0.0314    0.0422    0.1141 15 15 58.00    10.00 
  2020 11 17.637130  2 22  1.4127 +13 37 39.042  35.5058864  13.6275116  35.5058914  13.6275324   -0.0175   -0.0746    0.0992 15 17 28.00    10.00 
  2020 11 17.637650  2 22  1.4125 +13 37 39.142  35.5058853  13.6275394  35.5058740  13.6275264    0.0398    0.0467    0.1134 15 18 13.00    10.00 
  2020 11 17.638171  2 22  1.4007 +13 37 39.050  35.5058362  13.6275139  35.5058565  13.6275205   -0.0711   -0.0238    0.0517 15 18 58.00    10.00 
  2020 11 17.638692  2 22  1.3979 +13 37 39.131  35.5058245  13.6275364  35.5058391  13.6275146   -0.0510    0.0786    0.0597 15 19 43.00    10.00 
  2020 11 17.639734  2 22  1.3953 +13 37 39.013  35.5058136  13.6275037  35.5058041  13.6275027    0.0331    0.0035    0.0896 15 21 13.00    10.00 
  2020 11 17.640775  2 22  1.3814 +13 37 38.993  35.5057559  13.6274981  35.5057692  13.6274909   -0.0466    0.0261    0.0428 15 22 43.00    10.00 
  2020 11 17.641296  2 22  1.3791 +13 37 38.948  35.5057461  13.6274856  35.5057517  13.6274850   -0.0198    0.0022    0.0766 15 23 28.00    10.00 
  2020 11 17.641806  2 22  1.3726 +13 37 38.880  35.5057192  13.6274666  35.5057347  13.6274792   -0.0541   -0.0453    0.0484 15 24 12.00    10.00 
  2020 11 17.642326  2 22  1.3696 +13 37 38.881  35.5057068  13.6274671  35.5057172  13.6274733   -0.0364   -0.0224    0.0345 15 24 57.00    10.00 
  2020 11 17.642847  2 22  1.3701 +13 37 38.905  35.5057088  13.6274737  35.5056997  13.6274674    0.0318    0.0227    0.0296 15 25 42.00    10.00 
  2020 11 17.643368  2 22  1.3630 +13 37 38.869  35.5056790  13.6274636  35.5056823  13.6274614   -0.0114    0.0080    0.0304 15 26 27.00    10.00 
  2020 11 17.643889  2 22  1.3583 +13 37 38.824  35.5056594  13.6274510  35.5056648  13.6274555   -0.0190   -0.0162    0.0395 15 27 12.00    10.00 
  2020 11 17.644410  2 22  1.3547 +13 37 38.829  35.5056444  13.6274526  35.5056473  13.6274496   -0.0103    0.0107    0.0326 15 27 57.00    10.00 
  2020 11 17.644931  2 22  1.3512 +13 37 38.759  35.5056300  13.6274331  35.5056299  13.6274437    0.0004   -0.0380    0.0461 15 28 42.00    10.00 
  2020 11 17.645451  2 22  1.3440 +13 37 38.777  35.5056000  13.6274380  35.5056124  13.6274378   -0.0435    0.0006    0.0244 15 29 27.00    10.00 
  2020 11 17.645972  2 22  1.3415 +13 37 38.746  35.5055894  13.6274294  35.5055950  13.6274319   -0.0194   -0.0089    0.0159 15 30 12.00    10.00 
  2020 11 17.646493  2 22  1.3372 +13 37 38.729  35.5055718  13.6274249  35.5055775  13.6274260   -0.0200   -0.0040    0.0266 15 30 57.00    10.00 
  2020 11 17.647014  2 22  1.3347 +13 37 38.667  35.5055612  13.6274075  35.5055600  13.6274200    0.0042   -0.0450    0.0399 15 31 42.00    10.00 
  2020 11 17.647535  2 22  1.3271 +13 37 38.664  35.5055295  13.6274065  35.5055426  13.6274141   -0.0458   -0.0274    0.0357 15 32 27.00    10.00 
  2020 11 17.648056  2 22  1.3231 +13 37 38.676  35.5055131  13.6274099  35.5055251  13.6274082   -0.0419    0.0061    0.0541 15 33 12.00    10.00 
  2020 11 17.648576  2 22  1.3193 +13 37 38.652  35.5054972  13.6274034  35.5055076  13.6274023   -0.0365    0.0041    0.0458 15 33 57.00    10.00 
  2020 11 17.649097  2 22  1.3195 +13 37 38.594  35.5054977  13.6273873  35.5054902  13.6273964    0.0265   -0.0329    0.0779 15 34 42.00    10.00 
  2020 11 17.650660  2 22  1.3038 +13 37 38.597  35.5054324  13.6273881  35.5054378  13.6273787   -0.0186    0.0338    0.0260 15 36 57.00    10.00 
  2020 11 17.651181  2 22  1.3020 +13 37 38.523  35.5054251  13.6273676  35.5054203  13.6273728    0.0169   -0.0186    0.0356 15 37 42.00    10.00 
  2020 11 17.651701  2 22  1.2977 +13 37 38.563  35.5054072  13.6273787  35.5054028  13.6273669    0.0154    0.0424    0.0334 15 38 27.00    10.00 
  2020 11 17.652222  2 22  1.2916 +13 37 38.519  35.5053818  13.6273664  35.5053854  13.6273610   -0.0123    0.0194    0.0344 15 39 12.00    10.00 
  2020 11 17.652743  2 22  1.2883 +13 37 38.477  35.5053680  13.6273547  35.5053679  13.6273551    0.0003   -0.0013    0.0335 15 39 57.00    10.00 
  2020 11 17.653252  2 22  1.2831 +13 37 38.465  35.5053463  13.6273513  35.5053508  13.6273493   -0.0157    0.0072    0.0282 15 40 41.00    10.00 
  2020 11 17.653773  2 22  1.2787 +13 37 38.472  35.5053281  13.6273534  35.5053333  13.6273434   -0.0184    0.0359    0.0289 15 41 26.00    10.00 
  2020 11 17.654294  2 22  1.2772 +13 37 38.376  35.5053216  13.6273268  35.5053159  13.6273375    0.0202   -0.0387    0.0536 15 42 11.00    10.00 
  2020 11 17.654815  2 22  1.2717 +13 37 38.384  35.5052987  13.6273290  35.5052984  13.6273316    0.0010   -0.0094    0.0707 15 42 56.00    10.00 
  2020 11 17.655336  2 22  1.2689 +13 37 38.380  35.5052871  13.6273277  35.5052809  13.6273257    0.0215    0.0069    0.0437 15 43 41.00    10.00 
  2020 11 17.655856  2 22  1.2618 +13 37 38.377  35.5052575  13.6273271  35.5052635  13.6273198   -0.0208    0.0259    0.0356 15 44 26.00    10.00 
  2020 11 17.656377  2 22  1.2567 +13 37 38.298  35.5052362  13.6273050  35.5052460  13.6273139   -0.0344   -0.0321    0.0178 15 45 11.00    10.00 
  2020 11 17.656898  2 22  1.2543 +13 37 38.318  35.5052261  13.6273105  35.5052285  13.6273081   -0.0085    0.0087    0.0237 15 45 56.00    10.00 
  2020 11 17.657419  2 22  1.2492 +13 37 38.279  35.5052049  13.6272998  35.5052111  13.6273022   -0.0215   -0.0086    0.0183 15 46 41.00    10.00 
  2020 11 17.657940  2 22  1.2471 +13 37 38.233  35.5051961  13.6272869  35.5051936  13.6272963    0.0088   -0.0338    0.0556 15 47 26.00    10.00 
  2020 11 17.658461  2 22  1.2418 +13 37 38.238  35.5051744  13.6272882  35.5051761  13.6272904   -0.0062   -0.0078    0.0298 15 48 11.00    10.00 
  2020 11 17.658981  2 22  1.2351 +13 37 38.216  35.5051463  13.6272822  35.5051587  13.6272845   -0.0433   -0.0084    0.0338 15 48 56.00    10.00 
  2020 11 17.659502  2 22  1.2331 +13 37 38.181  35.5051380  13.6272725  35.5051412  13.6272786   -0.0113   -0.0220    0.0233 15 49 41.00    10.00 
  2020 11 17.660023  2 22  1.2271 +13 37 38.160  35.5051128  13.6272665  35.5051237  13.6272727   -0.0383   -0.0223    0.0262 15 50 26.00    10.00 
  2020 11 17.660544  2 22  1.2241 +13 37 38.148  35.5051005  13.6272633  35.5051062  13.6272668   -0.0200   -0.0128    0.0259 15 51 11.00    10.00 
  2020 11 17.661065  2 22  1.2214 +13 37 38.108  35.5050892  13.6272524  35.5050888  13.6272610    0.0014   -0.0309    0.0298 15 51 56.00    10.00 
  2020 11 17.661586  2 22  1.2149 +13 37 38.037  35.5050620  13.6272324  35.5050713  13.6272551   -0.0324   -0.0816    0.0321 15 52 41.00    10.00 
  2020 11 17.662106  2 22  1.2146 +13 37 38.034  35.5050609  13.6272318  35.5050538  13.6272492    0.0246   -0.0626    0.0234 15 53 26.00    10.00 
  2020 11 17.662627  2 22  1.2089 +13 37 38.061  35.5050371  13.6272390  35.5050364  13.6272433    0.0025   -0.0154    0.0347 15 54 11.00    10.00 
  2020 11 17.663148  2 22  1.2037 +13 37 38.075  35.5050154  13.6272431  35.5050189  13.6272374   -0.0123    0.0203    0.0204 15 54 56.00    10.00 
  2020 11 17.663657  2 22  1.2005 +13 37 38.002  35.5050020  13.6272227  35.5050018  13.6272317    0.0006   -0.0322    0.0205 15 55 40.00    10.00 
  2020 11 17.664178  2 22  1.1954 +13 37 38.000  35.5049808  13.6272222  35.5049843  13.6272258   -0.0124   -0.0128    0.0249 15 56 25.00    10.00 
  2020 11 17.664699  2 22  1.1897 +13 37 37.987  35.5049571  13.6272186  35.5049669  13.6272199   -0.0343   -0.0047    0.0240 15 57 10.00    10.00 
  2020 11 17.665220  2 22  1.1862 +13 37 37.984  35.5049426  13.6272179  35.5049494  13.6272140   -0.0239    0.0139    0.0219 15 57 55.00    10.00 
  2020 11 17.665741  2 22  1.1839 +13 37 37.948  35.5049329  13.6272078  35.5049319  13.6272082    0.0032   -0.0015    0.0226 15 58 40.00    10.00 
  2020 11 17.666262  2 22  1.1773 +13 37 37.936  35.5049054  13.6272045  35.5049145  13.6272023   -0.0317    0.0079    0.0278 15 59 25.00    10.00 
  2020 11 17.666782  2 22  1.1744 +13 37 37.888  35.5048935  13.6271911  35.5048970  13.6271964   -0.0121   -0.0190    0.0215 16  0 10.00    10.00 
  2020 11 17.667303  2 22  1.1700 +13 37 37.869  35.5048749  13.6271857  35.5048795  13.6271906   -0.0162   -0.0173    0.0263 16  0 55.00    10.00 
  2020 11 17.667824  2 22  1.1661 +13 37 37.867  35.5048589  13.6271852  35.5048621  13.6271847   -0.0111    0.0019    0.0248 16  1 40.00    10.00 
  2020 11 17.668345  2 22  1.1622 +13 37 37.781  35.5048426  13.6271614  35.5048446  13.6271788   -0.0070   -0.0627    0.0214 16  2 25.00    10.00 
  2020 11 17.668866  2 22  1.1587 +13 37 37.832  35.5048280  13.6271755  35.5048271  13.6271729    0.0032    0.0092    0.0260 16  3 10.00    10.00 
  2020 11 17.669387  2 22  1.1525 +13 37 37.773  35.5048019  13.6271593  35.5048096  13.6271671   -0.0270   -0.0281    0.0209 16  3 55.00    10.00 
  2020 11 17.669907  2 22  1.1497 +13 37 37.769  35.5047906  13.6271580  35.5047922  13.6271612   -0.0056   -0.0116    0.0243 16  4 40.00    10.00 
  2020 11 17.670428  2 22  1.1451 +13 37 37.773  35.5047711  13.6271591  35.5047747  13.6271553   -0.0126    0.0135    0.0368 16  5 25.00    10.00 
  2020 11 17.670949  2 22  1.1425 +13 37 37.700  35.5047605  13.6271390  35.5047572  13.6271495    0.0115   -0.0376    0.0303 16  6 10.00    10.00 
  2020 11 17.671470  2 22  1.1382 +13 37 37.693  35.5047423  13.6271370  35.5047398  13.6271436    0.0090   -0.0238    0.0322 16  6 55.00    10.00 
  2020 11 17.671991  2 22  1.1325 +13 37 37.695  35.5047186  13.6271375  35.5047223  13.6271377   -0.0129   -0.0009    0.0238 16  7 40.00    10.00 
  2020 11 17.672512  2 22  1.1280 +13 37 37.707  35.5047001  13.6271408  35.5047048  13.6271319   -0.0165    0.0321    0.0276 16  8 25.00    10.00 
  2020 11 17.673032  2 22  1.1246 +13 37 37.651  35.5046858  13.6271253  35.5046873  13.6271260   -0.0054   -0.0027    0.0244 16  9 10.00    10.00 
  2020 11 17.673553  2 22  1.1212 +13 37 37.600  35.5046718  13.6271111  35.5046699  13.6271202    0.0069   -0.0326    0.0193 16  9 55.00    10.00 
  2020 11 17.674074  2 22  1.1164 +13 37 37.634  35.5046516  13.6271204  35.5046524  13.6271143   -0.0029    0.0221    0.0234 16 10 40.00    10.00 
  2020 11 17.674583  2 22  1.1117 +13 37 37.609  35.5046322  13.6271137  35.5046353  13.6271086   -0.0111    0.0184    0.0221 16 11 24.00    10.00 
  2020 11 17.675104  2 22  1.1072 +13 37 37.567  35.5046132  13.6271020  35.5046179  13.6271027   -0.0163   -0.0024    0.0124 16 12  9.00    10.00 
  2020 11 17.675625  2 22  1.1008 +13 37 37.557  35.5045868  13.6270992  35.5046004  13.6270968   -0.0477    0.0085    0.0204 16 12 54.00    10.00 
  2020 11 17.676146  2 22  1.1001 +13 37 37.488  35.5045836  13.6270799  35.5045829  13.6270910    0.0023   -0.0400    0.0264 16 13 39.00    10.00 
  2020 11 17.676667  2 22  1.0964 +13 37 37.486  35.5045683  13.6270794  35.5045654  13.6270851    0.0100   -0.0207    0.0254 16 14 24.00    10.00 
  2020 11 17.677187  2 22  1.0915 +13 37 37.458  35.5045477  13.6270717  35.5045480  13.6270793   -0.0009   -0.0272    0.0248 16 15  9.00    10.00 
  2020 11 17.677697  2 22  1.0885 +13 37 37.474  35.5045355  13.6270760  35.5045309  13.6270736    0.0161    0.0088    0.0258 16 15 53.00    10.00 
  2020 11 17.678206  2 22  1.0839 +13 37 37.452  35.5045164  13.6270699  35.5045138  13.6270678    0.0089    0.0074    0.0320 16 16 37.00    10.00 
  2020 11 17.678727  2 22  1.0794 +13 37 37.399  35.5044976  13.6270554  35.5044963  13.6270620    0.0044   -0.0237    0.0302 16 17 22.00    10.00 
  2020 11 17.679248  2 22  1.0740 +13 37 37.375  35.5044749  13.6270485  35.5044789  13.6270561   -0.0139   -0.0274    0.0297 16 18  7.00    10.00 
  2020 11 17.679769  2 22  1.0682 +13 37 37.408  35.5044509  13.6270579  35.5044614  13.6270503   -0.0367    0.0272    0.0166 16 18 52.00    10.00 
  2020 11 17.680289  2 22  1.0660 +13 37 37.381  35.5044416  13.6270503  35.5044439  13.6270444   -0.0083    0.0213    0.0187 16 19 37.00    10.00 
  2020 11 17.680810  2 22  1.0619 +13 37 37.305  35.5044247  13.6270292  35.5044265  13.6270386   -0.0062   -0.0339    0.0287 16 20 22.00    10.00 
  2020 11 17.681331  2 22  1.0582 +13 37 37.304  35.5044090  13.6270290  35.5044090  13.6270327   -0.0000   -0.0136    0.0226 16 21  7.00    10.00 
  2020 11 17.681852  2 22  1.0521 +13 37 37.299  35.5043837  13.6270274  35.5043915  13.6270269   -0.0274    0.0018    0.0246 16 21 52.00    10.00 
  2020 11 17.682373  2 22  1.0491 +13 37 37.250  35.5043712  13.6270138  35.5043740  13.6270211   -0.0100   -0.0262    0.0207 16 22 37.00    10.00 
  2020 11 17.682894  2 22  1.0451 +13 37 37.222  35.5043548  13.6270060  35.5043566  13.6270152   -0.0063   -0.0331    0.0335 16 23 22.00    10.00 
  2020 11 17.683414  2 22  1.0419 +13 37 37.221  35.5043411  13.6270058  35.5043391  13.6270094    0.0070   -0.0127    0.0322 16 24  7.00    10.00 
  2020 11 17.683935  2 22  1.0354 +13 37 37.244  35.5043141  13.6270123  35.5043216  13.6270035   -0.0263    0.0315    0.0366 16 24 52.00    10.00 
  2020 11 17.684456  2 22  1.0312 +13 37 37.202  35.5042965  13.6270007  35.5043042  13.6269977   -0.0269    0.0108    0.0249 16 25 37.00    10.00 
  2020 11 17.684977  2 22  1.0274 +13 37 37.148  35.5042810  13.6269855  35.5042867  13.6269918   -0.0198   -0.0227    0.0145 16 26 22.00    10.00 
  2020 11 17.685498  2 22  1.0248 +13 37 37.148  35.5042698  13.6269855  35.5042692  13.6269860    0.0021   -0.0019    0.0278 16 27  7.00    10.00 
  2020 11 17.686019  2 22  1.0182 +13 37 37.178  35.5042425  13.6269938  35.5042518  13.6269802   -0.0324    0.0490    0.0253 16 27 52.00    10.00 
  2020 11 17.686539  2 22  1.0165 +13 37 37.084  35.5042353  13.6269677  35.5042343  13.6269743    0.0034   -0.0238    0.0267 16 28 37.00    10.00 
  2020 11 17.687060  2 22  1.0113 +13 37 37.138  35.5042136  13.6269828  35.5042168  13.6269685   -0.0114    0.0516    0.0322 16 29 22.00    10.00 
  2020 11 17.687581  2 22  1.0077 +13 37 37.065  35.5041986  13.6269624  35.5041993  13.6269627   -0.0026   -0.0008    0.0342 16 30  7.00    10.00 
  2020 11 17.688102  2 22  1.0035 +13 37 37.032  35.5041812  13.6269534  35.5041819  13.6269568   -0.0025   -0.0124    0.0254 16 30 52.00    10.00 
  2020 11 17.688611  2 22  0.9981 +13 37 37.045  35.5041588  13.6269570  35.5041648  13.6269511   -0.0210    0.0213    0.0240 16 31 36.00    10.00 
  2020 11 17.689132  2 22  0.9931 +13 37 37.008  35.5041379  13.6269468  35.5041473  13.6269453   -0.0330    0.0053    0.0430 16 32 21.00    10.00 
  2020 11 17.689653  2 22  0.9908 +13 37 36.930  35.5041285  13.6269249  35.5041299  13.6269395   -0.0048   -0.0525    0.0317 16 33  6.00    10.00 
  2020 11 17.690174  2 22  0.9858 +13 37 36.953  35.5041074  13.6269314  35.5041124  13.6269336   -0.0174   -0.0079    0.0410 16 33 51.00    10.00 
  2020 11 17.690694  2 22  0.9798 +13 37 36.931  35.5040826  13.6269253  35.5040949  13.6269278   -0.0432   -0.0090    0.0449 16 34 36.00    10.00 
  2020 11 17.691215  2 22  0.9782 +13 37 36.912  35.5040760  13.6269201  35.5040775  13.6269220   -0.0050   -0.0068    0.0210 16 35 21.00    10.00 
  2020 11 17.691736  2 22  0.9711 +13 37 36.898  35.5040462  13.6269162  35.5040600  13.6269161   -0.0482    0.0002    0.0270 16 36  6.00    10.00 
  2020 11 17.692257  2 22  0.9691 +13 37 36.845  35.5040377  13.6269013  35.5040425  13.6269103   -0.0168   -0.0324    0.0253 16 36 51.00    10.00 
  2020 11 17.692778  2 22  0.9655 +13 37 36.860  35.5040228  13.6269055  35.5040250  13.6269045   -0.0079    0.0038    0.0264 16 37 36.00    10.00 
  2020 11 17.693299  2 22  0.9609 +13 37 36.807  35.5040038  13.6268908  35.5040076  13.6268987   -0.0131   -0.0283    0.0227 16 38 21.00    10.00 
  2020 11 17.693819  2 22  0.9557 +13 37 36.819  35.5039821  13.6268943  35.5039901  13.6268928   -0.0282    0.0051    0.0207 16 39  6.00    10.00 
  2020 11 17.694340  2 22  0.9533 +13 37 36.816  35.5039720  13.6268932  35.5039726  13.6268870   -0.0024    0.0223    0.0216 16 39 51.00    10.00 
  2020 11 17.694861  2 22  0.9473 +13 37 36.788  35.5039470  13.6268855  35.5039552  13.6268812   -0.0286    0.0153    0.0172 16 40 36.00    10.00 
  2020 11 17.695382  2 22  0.9442 +13 37 36.761  35.5039341  13.6268781  35.5039377  13.6268754   -0.0128    0.0099    0.0209 16 41 21.00    10.00 
  2020 11 17.695903  2 22  0.9389 +13 37 36.758  35.5039120  13.6268772  35.5039202  13.6268696   -0.0288    0.0274    0.0268 16 42  6.00    10.00 
  2020 11 17.696424  2 22  0.9377 +13 37 36.665  35.5039071  13.6268513  35.5039028  13.6268637    0.0150   -0.0447    0.0162 16 42 51.00    10.00 
  2020 11 17.696944  2 22  0.9315 +13 37 36.695  35.5038813  13.6268597  35.5038853  13.6268579   -0.0139    0.0063    0.0276 16 43 36.00    10.00 
  2020 11 17.697454  2 22  0.9265 +13 37 36.680  35.5038606  13.6268557  35.5038682  13.6268522   -0.0268    0.0124    0.0194 16 44 20.00    10.00 
  2020 11 17.697975  2 22  0.9237 +13 37 36.620  35.5038488  13.6268390  35.5038508  13.6268464   -0.0069   -0.0269    0.0275 16 45  5.00    10.00 
  2020 11 17.698495  2 22  0.9184 +13 37 36.609  35.5038266  13.6268358  35.5038333  13.6268406   -0.0234   -0.0174    0.0269 16 45 50.00    10.00 
  2020 11 17.699016  2 22  0.9163 +13 37 36.602  35.5038178  13.6268339  35.5038158  13.6268348    0.0070   -0.0033    0.0277 16 46 35.00    10.00 
  2020 11 17.699537  2 22  0.9097 +13 37 36.619  35.5037905  13.6268387  35.5037984  13.6268290   -0.0274    0.0351    0.0236 16 47 20.00    10.00 
  2020 11 17.700058  2 22  0.9064 +13 37 36.577  35.5037766  13.6268270  35.5037809  13.6268232   -0.0150    0.0137    0.0246 16 48  5.00    10.00 
  2020 11 17.700579  2 22  0.9022 +13 37 36.545  35.5037593  13.6268181  35.5037634  13.6268174   -0.0143    0.0027    0.0170 16 48 50.00    10.00 
  2020 11 17.701100  2 22  0.8964 +13 37 36.525  35.5037351  13.6268124  35.5037460  13.6268115   -0.0379    0.0032    0.0289 16 49 35.00    10.00 
  2020 11 17.701620  2 22  0.8951 +13 37 36.521  35.5037297  13.6268113  35.5037285  13.6268057    0.0043    0.0201    0.0388 16 50 20.00    10.00 
  2020 11 17.702141  2 22  0.8911 +13 37 36.432  35.5037131  13.6267866  35.5037110  13.6267999    0.0072   -0.0480    0.0197 16 51  5.00    10.00 
  2020 11 17.702662  2 22  0.8852 +13 37 36.468  35.5036884  13.6267967  35.5036936  13.6267941   -0.0180    0.0094    0.0259 16 51 50.00    10.00 
  2020 11 17.703183  2 22  0.8812 +13 37 36.380  35.5036718  13.6267722  35.5036761  13.6267883   -0.0150   -0.0578    0.0396 16 52 35.00    10.00 
  2020 11 17.703704  2 22  0.8772 +13 37 36.375  35.5036548  13.6267708  35.5036586  13.6267825   -0.0134   -0.0423    0.0235 16 53 20.00    10.00 
  2020 11 17.704225  2 22  0.8728 +13 37 36.322  35.5036367  13.6267560  35.5036412  13.6267767   -0.0157   -0.0745    0.0397 16 54  5.00    10.00 
  2020 11 17.704745  2 22  0.8690 +13 37 36.356  35.5036210  13.6267656  35.5036237  13.6267709   -0.0095   -0.0192    0.0296 16 54 50.00    10.00 
  2020 11 17.705266  2 22  0.8667 +13 37 36.360  35.5036113  13.6267666  35.5036063  13.6267651    0.0176    0.0055    0.0238 16 55 35.00    10.00 
  2020 11 17.705775  2 22  0.8596 +13 37 36.332  35.5035815  13.6267588  35.5035892  13.6267594   -0.0270   -0.0021    0.0157 16 56 19.00    10.00 
  2020 11 17.706296  2 22  0.8546 +13 37 36.292  35.5035610  13.6267477  35.5035717  13.6267536   -0.0375   -0.0214    0.0307 16 57  4.00    10.00 
  2020 11 17.706817  2 22  0.8497 +13 37 36.282  35.5035403  13.6267450  35.5035543  13.6267478   -0.0489   -0.0103    0.0393 16 57 49.00    10.00 
  2020 11 17.707338  2 22  0.8484 +13 37 36.267  35.5035349  13.6267409  35.5035368  13.6267420   -0.0065   -0.0040    0.0242 16 58 34.00    10.00 
  2020 11 17.707859  2 22  0.8419 +13 37 36.246  35.5035080  13.6267350  35.5035193  13.6267362   -0.0395   -0.0044    0.0291 16 59 19.00    10.00 
  2020 11 17.708380  2 22  0.8417 +13 37 36.224  35.5035069  13.6267288  35.5035019  13.6267304    0.0178   -0.0057    0.0556 17  0  4.00    10.00 
  2020 11 17.708900  2 22  0.8369 +13 37 36.169  35.5034872  13.6267136  35.5034844  13.6267246    0.0098   -0.0397    0.0319 17  0 49.00    10.00 
  2020 11 17.709421  2 22  0.8288 +13 37 36.239  35.5034532  13.6267330  35.5034669  13.6267189   -0.0481    0.0509    0.0214 17  1 34.00    10.00 
  2020 11 17.709942  2 22  0.8273 +13 37 36.129  35.5034469  13.6267025  35.5034495  13.6267131   -0.0090   -0.0381    0.0314 17  2 19.00    10.00 
  2020 11 17.710463  2 22  0.8234 +13 37 36.118  35.5034310  13.6266995  35.5034320  13.6267073   -0.0035   -0.0281    0.0177 17  3  4.00    10.00 
  2020 11 18.589421  2 21 53.7985 +13 37  7.140  35.4741606  13.6186499  35.4741625  13.6186515   -0.0065   -0.0058    0.0532 14  8 46.00    10.00 
  2020 11 18.589942  2 21 53.7959 +13 37  7.194  35.4741496  13.6186650  35.4741443  13.6186476    0.0188    0.0625    0.0546 14  9 31.00    10.00 
  2020 11 18.590463  2 21 53.7898 +13 37  7.129  35.4741242  13.6186469  35.4741260  13.6186437   -0.0066    0.0114    0.0282 14 10 16.00    10.00 
  2020 11 18.590984  2 21 53.7841 +13 37  7.077  35.4741004  13.6186325  35.4741078  13.6186399   -0.0261   -0.0267    0.0296 14 11  1.00    10.00 
  2020 11 18.591505  2 21 53.7801 +13 37  7.079  35.4740836  13.6186330  35.4740896  13.6186360   -0.0211   -0.0110    0.0292 14 11 46.00    10.00 
  2020 11 18.592025  2 21 53.7751 +13 37  7.068  35.4740628  13.6186299  35.4740714  13.6186322   -0.0301   -0.0083    0.0313 14 12 31.00    10.00 
  2020 11 18.592546  2 21 53.7718 +13 37  7.093  35.4740494  13.6186369  35.4740532  13.6186283   -0.0133    0.0310    0.0505 14 13 16.00    10.00 
  2020 11 18.593067  2 21 53.7695 +13 37  7.058  35.4740395  13.6186272  35.4740349  13.6186245    0.0158    0.0100    0.0391 14 14  1.00    10.00 
  2020 11 18.593588  2 21 53.7611 +13 37  7.058  35.4740045  13.6186273  35.4740167  13.6186206   -0.0428    0.0241    0.0414 14 14 46.00    10.00 
  2020 11 18.594109  2 21 53.7592 +13 37  7.026  35.4739965  13.6186184  35.4739985  13.6186167   -0.0070    0.0061    0.0317 14 15 31.00    10.00 
  2020 11 18.594630  2 21 53.7542 +13 37  6.981  35.4739757  13.6186057  35.4739803  13.6186129   -0.0158   -0.0258    0.0362 14 16 16.00    10.00 
  2020 11 18.595150  2 21 53.7482 +13 37  6.992  35.4739510  13.6186088  35.4739620  13.6186090   -0.0385   -0.0010    0.0228 14 17  1.00    10.00 
  2020 11 18.595671  2 21 53.7446 +13 37  6.959  35.4739356  13.6185997  35.4739438  13.6186052   -0.0285   -0.0198    0.0200 14 17 46.00    10.00 
  2020 11 18.596181  2 21 53.7399 +13 37  6.980  35.4739161  13.6186055  35.4739260  13.6186014   -0.0346    0.0146    0.0276 14 18 30.00    10.00 
  2020 11 18.596701  2 21 53.7358 +13 37  6.961  35.4738992  13.6186004  35.4739077  13.6185976   -0.0300    0.0101    0.0182 14 19 15.00    10.00 
  2020 11 18.597222  2 21 53.7292 +13 37  6.928  35.4738716  13.6185910  35.4738895  13.6185937   -0.0628   -0.0097    0.0504 14 20  0.00    10.00 
  2020 11 18.597743  2 21 53.7267 +13 37  6.917  35.4738612  13.6185881  35.4738713  13.6185899   -0.0351   -0.0065    0.0628 14 20 45.00    10.00 
  2020 11 18.598264  2 21 53.7225 +13 37  6.909  35.4738436  13.6185858  35.4738530  13.6185860   -0.0329   -0.0009    0.0410 14 21 30.00    10.00 
  2020 11 18.598785  2 21 53.7182 +13 37  6.860  35.4738257  13.6185722  35.4738348  13.6185822   -0.0318   -0.0360    0.0618 14 22 15.00    10.00 
  2020 11 18.599306  2 21 53.7158 +13 37  6.874  35.4738158  13.6185760  35.4738166  13.6185783   -0.0025   -0.0084    0.0307 14 23  0.00    10.00 
  2020 11 18.599826  2 21 53.7075 +13 37  6.823  35.4737811  13.6185618  35.4737983  13.6185745   -0.0604   -0.0455    0.0330 14 23 45.00    10.00 
  2020 11 18.600347  2 21 53.7046 +13 37  6.901  35.4737691  13.6185836  35.4737801  13.6185706   -0.0386    0.0466    0.0510 14 24 30.00    10.00 
  2020 11 18.600868  2 21 53.7011 +13 37  6.847  35.4737546  13.6185685  35.4737618  13.6185668   -0.0255    0.0063    0.0247 14 25 15.00    10.00 
  2020 11 18.601389  2 21 53.6985 +13 37  6.806  35.4737436  13.6185571  35.4737436  13.6185629   -0.0002   -0.0208    0.0309 14 26  0.00    10.00 
  2020 11 18.601910  2 21 53.6933 +13 37  6.821  35.4737223  13.6185614  35.4737254  13.6185591   -0.0108    0.0085    0.0251 14 26 45.00    10.00 
  2020 11 18.602431  2 21 53.6893 +13 37  6.783  35.4737056  13.6185509  35.4737071  13.6185552   -0.0055   -0.0154    0.0486 14 27 30.00    10.00 
  2020 11 18.602951  2 21 53.6843 +13 37  6.768  35.4736844  13.6185465  35.4736889  13.6185514   -0.0157   -0.0175    0.0361 14 28 15.00    10.00 
  2020 11 18.603461  2 21 53.6796 +13 37  6.772  35.4736648  13.6185477  35.4736710  13.6185476   -0.0217    0.0004    0.0615 14 28 59.00    10.00 
  2020 11 18.603981  2 21 53.6733 +13 37  6.741  35.4736389  13.6185393  35.4736528  13.6185438   -0.0484   -0.0162    0.0381 14 29 44.00    10.00 
  2020 11 18.604502  2 21 53.6737 +13 37  6.735  35.4736403  13.6185376  35.4736345  13.6185399    0.0202   -0.0084    0.0316 14 30 29.00    10.00 
  2020 11 18.605023  2 21 53.6658 +13 37  6.717  35.4736073  13.6185326  35.4736163  13.6185361   -0.0313   -0.0127    0.0340 14 31 14.00    10.00 
  2020 11 18.605544  2 21 53.6639 +13 37  6.714  35.4735995  13.6185316  35.4735980  13.6185322    0.0051   -0.0025    0.0282 14 31 59.00    10.00 
  2020 11 18.606065  2 21 53.6579 +13 37  6.718  35.4735745  13.6185328  35.4735798  13.6185284   -0.0184    0.0157    0.0260 14 32 44.00    10.00 
  2020 11 18.606586  2 21 53.6531 +13 37  6.696  35.4735548  13.6185267  35.4735615  13.6185246   -0.0237    0.0076    0.0746 14 33 29.00    10.00 
  2020 11 18.607106  2 21 53.6501 +13 37  6.666  35.4735423  13.6185183  35.4735433  13.6185207   -0.0034   -0.0086    0.0257 14 34 14.00    10.00 
  2020 11 18.607627  2 21 53.6441 +13 37  6.700  35.4735172  13.6185277  35.4735250  13.6185169   -0.0274    0.0390    0.0137 14 34 59.00    10.00 
  2020 11 18.608148  2 21 53.6408 +13 37  6.657  35.4735035  13.6185158  35.4735068  13.6185130   -0.0114    0.0099    0.0627 14 35 44.00    10.00 
  2020 11 18.608669  2 21 53.6354 +13 37  6.651  35.4734807  13.6185141  35.4734885  13.6185092   -0.0274    0.0177    0.0390 14 36 29.00    10.00 
  2020 11 18.609190  2 21 53.6307 +13 37  6.638  35.4734613  13.6185105  35.4734702  13.6185054   -0.0313    0.0186    0.0221 14 37 14.00    10.00 
  2020 11 18.609711  2 21 53.6279 +13 37  6.595  35.4734494  13.6184987  35.4734520  13.6185015   -0.0090   -0.0103    0.0211 14 37 59.00    10.00 
  2020 11 18.610231  2 21 53.6249 +13 37  6.622  35.4734372  13.6185061  35.4734337  13.6184977    0.0120    0.0304    0.0394 14 38 44.00    10.00 
  2020 11 18.610752  2 21 53.6196 +13 37  6.581  35.4734149  13.6184948  35.4734155  13.6184939   -0.0020    0.0033    0.0248 14 39 29.00    10.00 
  2020 11 18.611273  2 21 53.6140 +13 37  6.544  35.4733918  13.6184844  35.4733972  13.6184900   -0.0189   -0.0203    0.0369 14 40 14.00    10.00 
  2020 11 18.611794  2 21 53.6108 +13 37  6.531  35.4733782  13.6184807  35.4733789  13.6184862   -0.0026   -0.0196    0.0220 14 40 59.00    10.00 
  2020 11 18.612315  2 21 53.6070 +13 37  6.535  35.4733627  13.6184820  35.4733607  13.6184823    0.0069   -0.0012    0.0311 14 41 44.00    10.00 
  2020 11 18.612836  2 21 53.6008 +13 37  6.535  35.4733368  13.6184818  35.4733424  13.6184785   -0.0196    0.0119    0.0270 14 42 29.00    10.00 
  2020 11 18.613356  2 21 53.5977 +13 37  6.528  35.4733239  13.6184800  35.4733241  13.6184747   -0.0009    0.0191    0.0139 14 43 14.00    10.00 
  2020 11 18.613877  2 21 53.5929 +13 37  6.506  35.4733036  13.6184739  35.4733059  13.6184708   -0.0079    0.0109    0.0231 14 43 59.00    10.00 
  2020 11 18.614398  2 21 53.5864 +13 37  6.468  35.4732766  13.6184633  35.4732876  13.6184670   -0.0386   -0.0135    0.0392 14 44 44.00    10.00 
  2020 11 18.614919  2 21 53.5853 +13 37  6.428  35.4732722  13.6184521  35.4732693  13.6184632    0.0100   -0.0398    0.0381 14 45 29.00    10.00 
  2020 11 18.615440  2 21 53.5784 +13 37  6.398  35.4732434  13.6184440  35.4732511  13.6184594   -0.0267   -0.0553    0.0336 14 46 14.00    10.00 
  2020 11 18.615961  2 21 53.5751 +13 37  6.446  35.4732296  13.6184573  35.4732328  13.6184555   -0.0110    0.0063    0.0338 14 46 59.00    10.00 
  2020 11 18.616481  2 21 53.5707 +13 37  6.413  35.4732113  13.6184480  35.4732145  13.6184517   -0.0112   -0.0132    0.0237 14 47 44.00    10.00 
  2020 11 18.617002  2 21 53.5668 +13 37  6.396  35.4731948  13.6184432  35.4731962  13.6184479   -0.0050   -0.0167    0.0372 14 48 29.00    10.00 
  2020 11 18.617523  2 21 53.5614 +13 37  6.381  35.4731726  13.6184392  35.4731780  13.6184440   -0.0186   -0.0175    0.0265 14 49 14.00    10.00 
  2020 11 18.618044  2 21 53.5563 +13 37  6.369  35.4731512  13.6184359  35.4731597  13.6184402   -0.0296   -0.0154    0.0248 14 49 59.00    10.00 
  2020 11 18.618565  2 21 53.5528 +13 37  6.344  35.4731369  13.6184288  35.4731414  13.6184364   -0.0159   -0.0271    0.0292 14 50 44.00    10.00 
  2020 11 18.619086  2 21 53.5478 +13 37  6.316  35.4731157  13.6184210  35.4731231  13.6184325   -0.0259   -0.0414    0.0121 14 51 29.00    10.00 
  2020 11 18.620127  2 21 53.5399 +13 37  6.357  35.4730830  13.6184324  35.4730866  13.6184249   -0.0124    0.0271    0.0218 14 52 59.00    10.00 
  2020 11 18.620648  2 21 53.5345 +13 37  6.311  35.4730604  13.6184198  35.4730683  13.6184211   -0.0276   -0.0045    0.0388 14 53 44.00    10.00 
  2020 11 18.621169  2 21 53.5303 +13 37  6.271  35.4730428  13.6184087  35.4730500  13.6184172   -0.0251   -0.0307    0.0309 14 54 29.00    10.00 
  2020 11 18.621690  2 21 53.5275 +13 37  6.294  35.4730313  13.6184151  35.4730317  13.6184134   -0.0015    0.0059    0.0314 14 55 14.00    10.00 
  2020 11 18.622211  2 21 53.5227 +13 37  6.284  35.4730111  13.6184122  35.4730135  13.6184096   -0.0083    0.0094    0.0346 14 55 59.00    10.00 
  2020 11 18.622731  2 21 53.5181 +13 37  6.310  35.4729921  13.6184195  35.4729952  13.6184058   -0.0108    0.0495    0.0240 14 56 44.00    10.00 
  2020 11 18.623252  2 21 53.5144 +13 37  6.248  35.4729766  13.6184023  35.4729769  13.6184019   -0.0011    0.0013    0.0300 14 57 29.00    10.00 
  2020 11 18.623773  2 21 53.5106 +13 37  6.242  35.4729609  13.6184005  35.4729586  13.6183981    0.0079    0.0085    0.0374 14 58 14.00    10.00 
  2020 11 18.624294  2 21 53.5062 +13 37  6.241  35.4729426  13.6184004  35.4729403  13.6183943    0.0081    0.0219    0.0181 14 58 59.00    10.00 
  2020 11 18.624815  2 21 53.4996 +13 37  6.229  35.4729152  13.6183970  35.4729220  13.6183905   -0.0239    0.0234    0.0308 14 59 44.00    10.00 
  2020 11 18.625324  2 21 53.4961 +13 37  6.203  35.4729005  13.6183898  35.4729041  13.6183867   -0.0128    0.0111    0.0183 15  0 28.00    10.00 
  2020 11 18.625845  2 21 53.4903 +13 37  6.159  35.4728761  13.6183774  35.4728858  13.6183829   -0.0340   -0.0198    0.0215 15  1 13.00    10.00 
  2020 11 18.626366  2 21 53.4851 +13 37  6.169  35.4728547  13.6183804  35.4728676  13.6183791   -0.0451    0.0046    0.0218 15  1 58.00    10.00 
  2020 11 18.626887  2 21 53.4834 +13 37  6.136  35.4728474  13.6183711  35.4728493  13.6183753   -0.0067   -0.0149    0.0307 15  2 43.00    10.00 
  2020 11 18.627407  2 21 53.4773 +13 37  6.102  35.4728219  13.6183617  35.4728310  13.6183715   -0.0317   -0.0351    0.0422 15  3 28.00    10.00 
  2020 11 18.627928  2 21 53.4760 +13 37  6.122  35.4728167  13.6183671  35.4728127  13.6183676    0.0141   -0.0019    0.0390 15  4 13.00    10.00 
  2020 11 18.628449  2 21 53.4681 +13 37  6.125  35.4727837  13.6183681  35.4727944  13.6183638   -0.0375    0.0152    0.0305 15  4 58.00    10.00 
  2020 11 18.628970  2 21 53.4640 +13 37  6.054  35.4727669  13.6183484  35.4727761  13.6183600   -0.0323   -0.0416    0.0396 15  5 43.00    10.00 
  2020 11 18.629491  2 21 53.4593 +13 37  6.127  35.4727470  13.6183687  35.4727578  13.6183562   -0.0377    0.0452    0.0630 15  6 28.00    10.00 
  2020 11 18.630012  2 21 53.4564 +13 37  6.065  35.4727351  13.6183514  35.4727395  13.6183524   -0.0155   -0.0036    0.0266 15  7 13.00    10.00 
  2020 11 18.630532  2 21 53.4528 +13 37  5.987  35.4727199  13.6183297  35.4727212  13.6183486   -0.0045   -0.0681    0.0362 15  7 58.00    10.00 
  2020 11 18.631053  2 21 53.4463 +13 37  5.999  35.4726929  13.6183330  35.4727029  13.6183448   -0.0348   -0.0421    0.0455 15  8 43.00    10.00 
  2020 11 18.631574  2 21 53.4432 +13 37  6.016  35.4726798  13.6183379  35.4726846  13.6183409   -0.0166   -0.0110    0.0287 15  9 28.00    10.00 
  2020 11 18.632095  2 21 53.4390 +13 37  5.994  35.4726623  13.6183316  35.4726663  13.6183371   -0.0139   -0.0200    0.0276 15 10 13.00    10.00 
  2020 11 18.632616  2 21 53.4359 +13 37  5.959  35.4726497  13.6183220  35.4726480  13.6183333    0.0061   -0.0406    0.0376 15 10 58.00    10.00 
  2020 11 18.633137  2 21 53.4300 +13 37  5.966  35.4726249  13.6183238  35.4726297  13.6183295   -0.0167   -0.0207    0.0378 15 11 43.00    10.00 
  2020 11 18.633657  2 21 53.4243 +13 37  5.892  35.4726012  13.6183033  35.4726114  13.6183257   -0.0358   -0.0807    0.0749 15 12 28.00    10.00 
  2020 11 18.634167  2 21 53.4218 +13 37  5.942  35.4725908  13.6183171  35.4725935  13.6183220   -0.0093   -0.0175    0.0290 15 13 12.00    10.00 
  2020 11 18.634687  2 21 53.4153 +13 37  5.941  35.4725638  13.6183168  35.4725752  13.6183181   -0.0399   -0.0048    0.0327 15 13 57.00    10.00 
  2020 11 18.635208  2 21 53.4102 +13 37  5.889  35.4725427  13.6183024  35.4725569  13.6183143   -0.0496   -0.0429    0.0317 15 14 42.00    10.00 
  2020 11 18.635729  2 21 53.4064 +13 37  5.914  35.4725265  13.6183095  35.4725386  13.6183105   -0.0422   -0.0036    0.0225 15 15 27.00    10.00 
  2020 11 18.636250  2 21 53.4044 +13 37  5.903  35.4725185  13.6183065  35.4725203  13.6183067   -0.0062   -0.0009    0.0237 15 16 12.00    10.00 
  2020 11 18.636771  2 21 53.3974 +13 37  5.895  35.4724891  13.6183042  35.4725020  13.6183029   -0.0449    0.0046    0.0593 15 16 57.00    10.00 
  2020 11 18.637292  2 21 53.3958 +13 37  5.832  35.4724824  13.6182867  35.4724837  13.6182991   -0.0044   -0.0446    0.0236 15 17 42.00    10.00 
  2020 11 18.637812  2 21 53.3906 +13 37  5.853  35.4724607  13.6182926  35.4724653  13.6182953   -0.0163   -0.0099    0.0515 15 18 27.00    10.00 
  2020 11 18.638333  2 21 53.3843 +13 37  5.807  35.4724344  13.6182796  35.4724470  13.6182915   -0.0441   -0.0428    0.0246 15 19 12.00    10.00 
  2020 11 18.638854  2 21 53.3802 +13 37  5.846  35.4724175  13.6182906  35.4724287  13.6182877   -0.0394    0.0105    0.0336 15 19 57.00    10.00 
  2020 11 18.639375  2 21 53.3794 +13 37  5.830  35.4724143  13.6182861  35.4724104  13.6182839    0.0137    0.0081    0.0247 15 20 42.00    10.00 
  2020 11 18.639896  2 21 53.3720 +13 37  5.752  35.4723834  13.6182644  35.4723921  13.6182801   -0.0305   -0.0563    0.0418 15 21 27.00    10.00 
  2020 11 18.640417  2 21 53.3674 +13 37  5.796  35.4723643  13.6182765  35.4723738  13.6182763   -0.0330    0.0010    0.0202 15 22 12.00    10.00 
  2020 11 18.640937  2 21 53.3643 +13 37  5.760  35.4723513  13.6182665  35.4723555  13.6182725   -0.0145   -0.0213    0.0213 15 22 57.00    10.00 
  2020 11 18.641458  2 21 53.3602 +13 37  5.731  35.4723341  13.6182586  35.4723371  13.6182687   -0.0106   -0.0362    0.0412 15 23 42.00    10.00 
  2020 11 18.641979  2 21 53.3545 +13 37  5.751  35.4723104  13.6182641  35.4723188  13.6182649   -0.0295   -0.0027    0.0322 15 24 27.00    10.00 
  2020 11 18.642500  2 21 53.3497 +13 37  5.720  35.4722904  13.6182555  35.4723005  13.6182610   -0.0353   -0.0199    0.0277 15 25 12.00    10.00 
  2020 11 18.643009  2 21 53.3468 +13 37  5.763  35.4722783  13.6182675  35.4722826  13.6182573   -0.0151    0.0368    0.0227 15 25 56.00    10.00 
  2020 11 18.643530  2 21 53.3427 +13 37  5.700  35.4722611  13.6182501  35.4722643  13.6182535   -0.0113   -0.0123    0.0210 15 26 41.00    10.00 
  2020 11 18.644051  2 21 53.3366 +13 37  5.696  35.4722358  13.6182490  35.4722460  13.6182497   -0.0354   -0.0028    0.0238 15 27 26.00    10.00 
  2020 11 18.644572  2 21 53.3308 +13 37  5.666  35.4722117  13.6182407  35.4722276  13.6182459   -0.0558   -0.0189    0.0482 15 28 11.00    10.00 
  2020 11 18.645093  2 21 53.3277 +13 37  5.647  35.4721989  13.6182352  35.4722093  13.6182421   -0.0363   -0.0248    0.0303 15 28 56.00    10.00 
  2020 11 18.645613  2 21 53.3239 +13 37  5.653  35.4721827  13.6182369  35.4721910  13.6182383   -0.0290   -0.0052    0.0517 15 29 41.00    10.00 
  2020 11 18.646134  2 21 53.3199 +13 37  5.607  35.4721662  13.6182242  35.4721727  13.6182345   -0.0225   -0.0372    0.0456 15 30 26.00    10.00 
  2020 11 18.646655  2 21 53.3146 +13 37  5.585  35.4721442  13.6182181  35.4721544  13.6182307   -0.0357   -0.0456    0.0219 15 31 11.00    10.00 
  2020 11 18.647176  2 21 53.3132 +13 37  5.597  35.4721382  13.6182214  35.4721360  13.6182269    0.0076   -0.0201    0.0259 15 31 56.00    10.00 
  2020 11 18.647697  2 21 53.3064 +13 37  5.556  35.4721100  13.6182099  35.4721177  13.6182231   -0.0270   -0.0477    0.0216 15 32 41.00    10.00 
  2020 11 18.648738  2 21 53.2966 +13 37  5.562  35.4720690  13.6182117  35.4720811  13.6182155   -0.0420   -0.0139    0.0288 15 34 11.00    10.00 
  2020 11 18.649259  2 21 53.2922 +13 37  5.560  35.4720509  13.6182111  35.4720627  13.6182117   -0.0414   -0.0023    0.0335 15 34 56.00    10.00 
  2020 11 18.649780  2 21 53.2894 +13 37  5.527  35.4720393  13.6182019  35.4720444  13.6182079   -0.0178   -0.0218    0.0219 15 35 41.00    10.00 
  2020 11 18.650301  2 21 53.2853 +13 37  5.540  35.4720220  13.6182055  35.4720261  13.6182042   -0.0143    0.0050    0.0274 15 36 26.00    10.00 
  2020 11 18.650822  2 21 53.2792 +13 37  5.505  35.4719966  13.6181957  35.4720077  13.6182004   -0.0390   -0.0168    0.0447 15 37 11.00    10.00 
  2020 11 18.651343  2 21 53.2766 +13 37  5.477  35.4719857  13.6181882  35.4719894  13.6181966   -0.0129   -0.0302    0.0256 15 37 56.00    10.00 
  2020 11 18.651863  2 21 53.2716 +13 37  5.516  35.4719649  13.6181989  35.4719711  13.6181928   -0.0217    0.0221    0.0222 15 38 41.00    10.00 
  2020 11 18.652384  2 21 53.2675 +13 37  5.444  35.4719481  13.6181789  35.4719527  13.6181890   -0.0163   -0.0363    0.0306 15 39 26.00    10.00 
  2020 11 18.652905  2 21 53.2640 +13 37  5.458  35.4719332  13.6181828  35.4719344  13.6181852   -0.0043   -0.0085    0.0394 15 40 11.00    10.00 
  2020 11 18.653414  2 21 53.2603 +13 37  5.454  35.4719179  13.6181816  35.4719165  13.6181815    0.0049    0.0003    0.0219 15 40 55.00    10.00 
  2020 11 18.653935  2 21 53.2523 +13 37  5.450  35.4718844  13.6181807  35.4718982  13.6181777   -0.0482    0.0107    0.0258 15 41 40.00    10.00 
  2020 11 18.654456  2 21 53.2505 +13 37  5.413  35.4718770  13.6181702  35.4718798  13.6181739   -0.0097   -0.0134    0.0295 15 42 25.00    10.00 
  2020 11 18.654977  2 21 53.2439 +13 37  5.372  35.4718497  13.6181589  35.4718615  13.6181701   -0.0412   -0.0404    0.0402 15 43 10.00    10.00 
  2020 11 18.655498  2 21 53.2395 +13 37  5.332  35.4718314  13.6181478  35.4718431  13.6181663   -0.0409   -0.0668    0.0332 15 43 55.00    10.00 
  2020 11 18.656019  2 21 53.2355 +13 37  5.343  35.4718146  13.6181509  35.4718248  13.6181625   -0.0358   -0.0420    0.0321 15 44 40.00    10.00 
  2020 11 18.656539  2 21 53.2333 +13 37  5.346  35.4718055  13.6181515  35.4718065  13.6181587   -0.0033   -0.0259    0.0307 15 45 25.00    10.00 
  2020 11 18.657060  2 21 53.2282 +13 37  5.312  35.4717842  13.6181422  35.4717881  13.6181550   -0.0137   -0.0459    0.0327 15 46 10.00    10.00 
  2020 11 18.657581  2 21 53.2231 +13 37  5.344  35.4717629  13.6181512  35.4717698  13.6181512   -0.0242    0.0002    0.0489 15 46 55.00    10.00 
  2020 11 18.658102  2 21 53.2177 +13 37  5.325  35.4717405  13.6181458  35.4717515  13.6181474   -0.0383   -0.0057    0.0346 15 47 40.00    10.00 
  2020 11 18.658623  2 21 53.2151 +13 37  5.322  35.4717295  13.6181451  35.4717331  13.6181436   -0.0125    0.0054    0.0286 15 48 25.00    10.00 
  2020 11 18.659144  2 21 53.2095 +13 37  5.320  35.4717061  13.6181444  35.4717148  13.6181398   -0.0303    0.0166    0.0358 15 49 10.00    10.00 
  2020 11 18.659664  2 21 53.2064 +13 37  5.278  35.4716935  13.6181328  35.4716964  13.6181360   -0.0103   -0.0116    0.0278 15 49 55.00    10.00 
  2020 11 18.660185  2 21 53.2004 +13 37  5.228  35.4716685  13.6181189  35.4716781  13.6181322   -0.0334   -0.0481    0.0331 15 50 40.00    10.00 
  2020 11 18.660706  2 21 53.1953 +13 37  5.305  35.4716471  13.6181402  35.4716597  13.6181285   -0.0441    0.0424    0.0174 15 51 25.00    10.00 
  2020 11 18.661227  2 21 53.1941 +13 37  5.188  35.4716420  13.6181079  35.4716414  13.6181247    0.0020   -0.0604    0.0222 15 52 10.00    10.00 
  2020 11 18.661736  2 21 53.1879 +13 37  5.205  35.4716161  13.6181124  35.4716235  13.6181210   -0.0259   -0.0309    0.0290 15 52 54.00    10.00 
  2020 11 18.662257  2 21 53.1841 +13 37  5.198  35.4716004  13.6181106  35.4716051  13.6181172   -0.0166   -0.0237    0.0359 15 53 39.00    10.00 
  2020 11 18.662778  2 21 53.1818 +13 37  5.207  35.4715907  13.6181130  35.4715868  13.6181134    0.0138   -0.0014    0.0454 15 54 24.00    10.00 
  2020 11 18.663819  2 21 53.1697 +13 37  5.151  35.4715405  13.6180976  35.4715501  13.6181058   -0.0337   -0.0298    0.0292 15 55 54.00    10.00 
  2020 11 18.664340  2 21 53.1679 +13 37  5.165  35.4715331  13.6181014  35.4715317  13.6181021    0.0047   -0.0025    0.0346 15 56 39.00    10.00 
  2020 11 18.664861  2 21 53.1610 +13 37  5.131  35.4715040  13.6180920  35.4715134  13.6180983   -0.0330   -0.0227    0.0281 15 57 24.00    10.00 
  2020 11 18.665382  2 21 53.1578 +13 37  5.111  35.4714908  13.6180865  35.4714950  13.6180945   -0.0147   -0.0288    0.0348 15 58  9.00    10.00 
  2020 11 18.665903  2 21 53.1532 +13 37  5.113  35.4714716  13.6180868  35.4714767  13.6180907   -0.0178   -0.0141    0.0360 15 58 54.00    10.00 
  2020 11 18.666424  2 21 53.1488 +13 37  5.119  35.4714533  13.6180885  35.4714583  13.6180869   -0.0175    0.0057    0.0353 15 59 39.00    10.00 
  2020 11 18.666944  2 21 53.1440 +13 37  5.092  35.4714332  13.6180811  35.4714400  13.6180832   -0.0238   -0.0073    0.0309 16  0 24.00    10.00 
  2020 11 18.667465  2 21 53.1388 +13 37  5.080  35.4714116  13.6180778  35.4714216  13.6180794   -0.0351   -0.0059    0.0272 16  1  9.00    10.00 
  2020 11 18.667986  2 21 53.1350 +13 37  5.085  35.4713958  13.6180791  35.4714033  13.6180756   -0.0262    0.0125    0.0281 16  1 54.00    10.00 
  2020 11 18.668507  2 21 53.1294 +13 37  5.051  35.4713726  13.6180697  35.4713849  13.6180718   -0.0432   -0.0078    0.0271 16  2 39.00    10.00 
  2020 11 18.669016  2 21 53.1256 +13 37  5.039  35.4713567  13.6180665  35.4713670  13.6180681   -0.0359   -0.0059    0.0332 16  3 23.00    10.00 
  2020 11 18.669537  2 21 53.1222 +13 37  5.013  35.4713425  13.6180592  35.4713486  13.6180644   -0.0215   -0.0185    0.0241 16  4  8.00    10.00 
  2020 11 18.670058  2 21 53.1157 +13 37  4.999  35.4713156  13.6180551  35.4713303  13.6180606   -0.0515   -0.0196    0.0310 16  4 53.00    10.00 
