v5.22.02i     Planet: Uranus  (DE441)
        Satellite: U5 Miranda  ( Lainey et al. (2015))
                               - ephemerides on 1847/01/00.5-2143/09/03.0
    Observatory N: 286 - Yunnan Observatory
        Timescale: UTC
Mean equator and equinox of J2000.  ICRF. 
Coordinates astrometric 
Year  M  D   H  M  S       alpha (h)          delta (?)  Precision,"
2020 11 13  12  0  0.00     2.3775436480      13.690421357  
2020 11 13  12  1  0.00     2.3775414281      13.690413748  
2020 11 13  12  2  0.00     2.3775392080      13.690406113  
2020 11 13  12  3  0.00     2.3775369876      13.690398453  
2020 11 13  12  4  0.00     2.3775347669      13.690390768  
2020 11 13  12  5  0.00     2.3775325461      13.690383058  
2020 11 13  12  6  0.00     2.3775303250      13.690375322  
2020 11 13  12  7  0.00     2.3775281036      13.690367562  
2020 11 13  12  8  0.00     2.3775258821      13.690359776  
2020 11 13  12  9  0.00     2.3775236603      13.690351965  
2020 11 13  12 10  0.00     2.3775214383      13.690344128  
2020 11 13  12 11  0.00     2.3775192161      13.690336267  
2020 11 13  12 12  0.00     2.3775169937      13.690328380  
2020 11 13  12 13  0.00     2.3775147710      13.690320467  
2020 11 13  12 14  0.00     2.3775125482      13.690312530  
2020 11 13  12 15  0.00     2.3775103252      13.690304567  
2020 11 13  12 16  0.00     2.3775081020      13.690296579  
2020 11 13  12 17  0.00     2.3775058786      13.690288565  
2020 11 13  12 18  0.00     2.3775036550      13.690280527  
2020 11 13  12 19  0.00     2.3775014313      13.690272463  
2020 11 13  12 20  0.00     2.3774992073      13.690264373  
2020 11 13  12 21  0.00     2.3774969832      13.690256258  
2020 11 13  12 22  0.00     2.3774947590      13.690248118  
2020 11 13  12 23  0.00     2.3774925345      13.690239953  
2020 11 13  12 24  0.00     2.3774903100      13.690231762  
2020 11 13  12 25  0.00     2.3774880852      13.690223546  
2020 11 13  12 26  0.00     2.3774858603      13.690215304  
2020 11 13  12 27  0.00     2.3774836353      13.690207037  
2020 11 13  12 28  0.00     2.3774814101      13.690198745  
2020 11 13  12 29  0.00     2.3774791848      13.690190427  
2020 11 13  12 30  0.00     2.3774769594      13.690182084  
2020 11 13  12 31  0.00     2.3774747338      13.690173715  
2020 11 13  12 32  0.00     2.3774725081      13.690165321  
2020 11 13  12 33  0.00     2.3774702823      13.690156902  
2020 11 13  12 34  0.00     2.3774680564      13.690148457  
2020 11 13  12 35  0.00     2.3774658304      13.690139986  
2020 11 13  12 36  0.00     2.3774636042      13.690131491  
2020 11 13  12 37  0.00     2.3774613780      13.690122970  
2020 11 13  12 38  0.00     2.3774591517      13.690114423  
2020 11 13  12 39  0.00     2.3774569252      13.690105851  
2020 11 13  12 40  0.00     2.3774546987      13.690097254  
2020 11 13  12 41  0.00     2.3774524721      13.690088631  
2020 11 13  12 42  0.00     2.3774502454      13.690079982  
2020 11 13  12 43  0.00     2.3774480187      13.690071309  
2020 11 13  12 44  0.00     2.3774457918      13.690062610  
2020 11 13  12 45  0.00     2.3774435649      13.690053885  
2020 11 13  12 46  0.00     2.3774413380      13.690045135  
2020 11 13  12 47  0.00     2.3774391110      13.690036359  
2020 11 13  12 48  0.00     2.3774368839      13.690027558  
2020 11 13  12 49  0.00     2.3774346568      13.690018732  
2020 11 13  12 50  0.00     2.3774324296      13.690009880  
2020 11 13  12 51  0.00     2.3774302024      13.690001003  
2020 11 13  12 52  0.00     2.3774279751      13.689992100  
2020 11 13  12 53  0.00     2.3774257479      13.689983172  
2020 11 13  12 54  0.00     2.3774235206      13.689974218  
2020 11 13  12 55  0.00     2.3774212932      13.689965239  
2020 11 13  12 56  0.00     2.3774190659      13.689956234  
2020 11 13  12 57  0.00     2.3774168385      13.689947204  
2020 11 13  12 58  0.00     2.3774146112      13.689938149  
2020 11 13  12 59  0.00     2.3774123838      13.689929068  
2020 11 13  13  0  0.00     2.3774101564      13.689919962  
2020 11 13  13  1  0.00     2.3774079290      13.689910830  
2020 11 13  13  2  0.00     2.3774057016      13.689901673  
2020 11 13  13  3  0.00     2.3774034743      13.689892490  
2020 11 13  13  4  0.00     2.3774012469      13.689883282  
2020 11 13  13  5  0.00     2.3773990196      13.689874048  
2020 11 13  13  6  0.00     2.3773967923      13.689864789  
2020 11 13  13  7  0.00     2.3773945650      13.689855505  
2020 11 13  13  8  0.00     2.3773923378      13.689846195  
2020 11 13  13  9  0.00     2.3773901106      13.689836860  
2020 11 13  13 10  0.00     2.3773878834      13.689827500  
2020 11 13  13 11  0.00     2.3773856563      13.689818114  
2020 11 13  13 12  0.00     2.3773834292      13.689808703  
2020 11 13  13 13  0.00     2.3773812022      13.689799266  
2020 11 13  13 14  0.00     2.3773789752      13.689789804  
2020 11 13  13 15  0.00     2.3773767483      13.689780316  
2020 11 13  13 16  0.00     2.3773745215      13.689770804  
2020 11 13  13 17  0.00     2.3773722948      13.689761265  
2020 11 13  13 18  0.00     2.3773700681      13.689751702  
2020 11 13  13 19  0.00     2.3773678415      13.689742113  
2020 11 13  13 20  0.00     2.3773656150      13.689732499  
2020 11 13  13 21  0.00     2.3773633885      13.689722859  
2020 11 13  13 22  0.00     2.3773611622      13.689713194  
2020 11 13  13 23  0.00     2.3773589360      13.689703504  
2020 11 13  13 24  0.00     2.3773567098      13.689693789  
2020 11 13  13 25  0.00     2.3773544838      13.689684048  
2020 11 13  13 26  0.00     2.3773522579      13.689674282  
2020 11 13  13 27  0.00     2.3773500321      13.689664491  
2020 11 13  13 28  0.00     2.3773478064      13.689654674  
2020 11 13  13 29  0.00     2.3773455809      13.689644832  
2020 11 13  13 30  0.00     2.3773433554      13.689634965  
2020 11 13  13 31  0.00     2.3773411301      13.689625072  
2020 11 13  13 32  0.00     2.3773389050      13.689615155  
2020 11 13  13 33  0.00     2.3773366800      13.689605212  
2020 11 13  13 34  0.00     2.3773344551      13.689595244  
2020 11 13  13 35  0.00     2.3773322304      13.689585251  
2020 11 13  13 36  0.00     2.3773300058      13.689575232  
2020 11 13  13 37  0.00     2.3773277814      13.689565189  
2020 11 13  13 38  0.00     2.3773255572      13.689555120  
2020 11 13  13 39  0.00     2.3773233331      13.689545026  
2020 11 13  13 40  0.00     2.3773211092      13.689534907  
2020 11 13  13 41  0.00     2.3773188855      13.689524763  
2020 11 13  13 42  0.00     2.3773166619      13.689514593  
2020 11 13  13 43  0.00     2.3773144385      13.689504399  
2020 11 13  13 44  0.00     2.3773122154      13.689494179  
2020 11 13  13 45  0.00     2.3773099924      13.689483935  
2020 11 13  13 46  0.00     2.3773077696      13.689473665  
2020 11 13  13 47  0.00     2.3773055470      13.689463370  
2020 11 13  13 48  0.00     2.3773033246      13.689453050  
2020 11 13  13 49  0.00     2.3773011025      13.689442706  
2020 11 13  13 50  0.00     2.3772988805      13.689432336  
2020 11 13  13 51  0.00     2.3772966588      13.689421941  
2020 11 13  13 52  0.00     2.3772944373      13.689411521  
2020 11 13  13 53  0.00     2.3772922160      13.689401077  
2020 11 13  13 54  0.00     2.3772899950      13.689390607  
2020 11 13  13 55  0.00     2.3772877742      13.689380112  
2020 11 13  13 56  0.00     2.3772855536      13.689369593  
2020 11 13  13 57  0.00     2.3772833333      13.689359048  
2020 11 13  13 58  0.00     2.3772811132      13.689348479  
2020 11 13  13 59  0.00     2.3772788934      13.689337885  
2020 11 13  14  0  0.00     2.3772766738      13.689327266  
2020 11 13  14  1  0.00     2.3772744545      13.689316622  
2020 11 13  14  2  0.00     2.3772722355      13.689305953  
2020 11 13  14  3  0.00     2.3772700167      13.689295260  
2020 11 13  14  4  0.00     2.3772677982      13.689284541  
2020 11 13  14  5  0.00     2.3772655800      13.689273798  
2020 11 13  14  6  0.00     2.3772633621      13.689263031  
2020 11 13  14  7  0.00     2.3772611445      13.689252238  
2020 11 13  14  8  0.00     2.3772589271      13.689241421  
2020 11 13  14  9  0.00     2.3772567101      13.689230579  
2020 11 13  14 10  0.00     2.3772544934      13.689219712  
2020 11 13  14 11  0.00     2.3772522769      13.689208821  
2020 11 13  14 12  0.00     2.3772500608      13.689197905  
2020 11 13  14 13  0.00     2.3772478450      13.689186965  
2020 11 13  14 14  0.00     2.3772456295      13.689176000  
2020 11 13  14 15  0.00     2.3772434143      13.689165010  
2020 11 13  14 16  0.00     2.3772411995      13.689153996  
2020 11 13  14 17  0.00     2.3772389850      13.689142958  
2020 11 13  14 18  0.00     2.3772367708      13.689131894  
2020 11 13  14 19  0.00     2.3772345570      13.689120807  
2020 11 13  14 20  0.00     2.3772323435      13.689109695  
2020 11 13  14 21  0.00     2.3772301303      13.689098558  
2020 11 13  14 22  0.00     2.3772279176      13.689087397  
2020 11 13  14 23  0.00     2.3772257051      13.689076212  
2020 11 13  14 24  0.00     2.3772234931      13.689065002  
2020 11 13  14 25  0.00     2.3772212814      13.689053768  
2020 11 13  14 26  0.00     2.3772190700      13.689042509  
2020 11 13  14 27  0.00     2.3772168591      13.689031227  
2020 11 13  14 28  0.00     2.3772146485      13.689019920  
2020 11 13  14 29  0.00     2.3772124383      13.689008588  
2020 11 13  14 30  0.00     2.3772102285      13.688997233  
2020 11 13  14 31  0.00     2.3772080191      13.688985853  
2020 11 13  14 32  0.00     2.3772058100      13.688974449  
2020 11 13  14 33  0.00     2.3772036014      13.688963021  
2020 11 13  14 34  0.00     2.3772013932      13.688951569  
2020 11 13  14 35  0.00     2.3771991854      13.688940093  
2020 11 13  14 36  0.00     2.3771969780      13.688928593  
2020 11 13  14 37  0.00     2.3771947710      13.688917068  
2020 11 13  14 38  0.00     2.3771925644      13.688905520  
2020 11 13  14 39  0.00     2.3771903583      13.688893947  
2020 11 13  14 40  0.00     2.3771881526      13.688882351  
2020 11 13  14 41  0.00     2.3771859473      13.688870730  
2020 11 13  14 42  0.00     2.3771837425      13.688859086  
2020 11 13  14 43  0.00     2.3771815381      13.688847418  
2020 11 13  14 44  0.00     2.3771793341      13.688835726  
2020 11 13  14 45  0.00     2.3771771306      13.688824010  
2020 11 13  14 46  0.00     2.3771749276      13.688812270  
2020 11 13  14 47  0.00     2.3771727250      13.688800507  
2020 11 13  14 48  0.00     2.3771705229      13.688788719  
2020 11 13  14 49  0.00     2.3771683212      13.688776908  
2020 11 13  14 50  0.00     2.3771661200      13.688765074  
2020 11 13  14 51  0.00     2.3771639193      13.688753215  
2020 11 13  14 52  0.00     2.3771617191      13.688741333  
2020 11 13  14 53  0.00     2.3771595194      13.688729428  
2020 11 13  14 54  0.00     2.3771573201      13.688717498  
2020 11 13  14 55  0.00     2.3771551213      13.688705546  
2020 11 13  14 56  0.00     2.3771529231      13.688693569  
2020 11 13  14 57  0.00     2.3771507253      13.688681570  
2020 11 13  14 58  0.00     2.3771485280      13.688669546  
2020 11 13  14 59  0.00     2.3771463313      13.688657500  
2020 11 13  15  0  0.00     2.3771441350      13.688645429  
2020 11 13  15  1  0.00     2.3771419393      13.688633336  
2020 11 13  15  2  0.00     2.3771397441      13.688621219  
2020 11 13  15  3  0.00     2.3771375494      13.688609079  
2020 11 13  15  4  0.00     2.3771353553      13.688596916  
2020 11 13  15  5  0.00     2.3771331617      13.688584729  
2020 11 13  15  6  0.00     2.3771309686      13.688572519  
2020 11 13  15  7  0.00     2.3771287760      13.688560286  
2020 11 13  15  8  0.00     2.3771265840      13.688548030  
2020 11 13  15  9  0.00     2.3771243926      13.688535751  
2020 11 13  15 10  0.00     2.3771222017      13.688523448  
2020 11 13  15 11  0.00     2.3771200114      13.688511123  
2020 11 13  15 12  0.00     2.3771178216      13.688498774  
2020 11 13  15 13  0.00     2.3771156324      13.688486403  
2020 11 13  15 14  0.00     2.3771134438      13.688474009  
2020 11 13  15 15  0.00     2.3771112557      13.688461591  
2020 11 13  15 16  0.00     2.3771090683      13.688449151  
2020 11 13  15 17  0.00     2.3771068814      13.688436688  
2020 11 13  15 18  0.00     2.3771046950      13.688424203  
2020 11 13  15 19  0.00     2.3771025093      13.688411694  
2020 11 13  15 20  0.00     2.3771003242      13.688399163  
2020 11 13  15 21  0.00     2.3770981397      13.688386609  
2020 11 13  15 22  0.00     2.3770959558      13.688374032  
2020 11 13  15 23  0.00     2.3770937724      13.688361433  
2020 11 13  15 24  0.00     2.3770915897      13.688348811  
2020 11 13  15 25  0.00     2.3770894076      13.688336166  
2020 11 13  15 26  0.00     2.3770872262      13.688323499  
2020 11 13  15 27  0.00     2.3770850453      13.688310810  
2020 11 13  15 28  0.00     2.3770828651      13.688298098  
2020 11 13  15 29  0.00     2.3770806855      13.688285364  
2020 11 13  15 30  0.00     2.3770785065      13.688272607  
2020 11 13  15 31  0.00     2.3770763282      13.688259828  
2020 11 13  15 32  0.00     2.3770741506      13.688247027  
2020 11 13  15 33  0.00     2.3770719735      13.688234203  
2020 11 13  15 34  0.00     2.3770697971      13.688221358  
2020 11 13  15 35  0.00     2.3770676214      13.688208490  
2020 11 13  15 36  0.00     2.3770654464      13.688195600  
2020 11 13  15 37  0.00     2.3770632720      13.688182687  
2020 11 13  15 38  0.00     2.3770610982      13.688169753  
2020 11 13  15 39  0.00     2.3770589251      13.688156797  
2020 11 13  15 40  0.00     2.3770567528      13.688143819  
2020 11 13  15 41  0.00     2.3770545810      13.688130819  
2020 11 13  15 42  0.00     2.3770524100      13.688117796  
2020 11 13  15 43  0.00     2.3770502397      13.688104753  
2020 11 13  15 44  0.00     2.3770480700      13.688091687  
2020 11 13  15 45  0.00     2.3770459010      13.688078599  
2020 11 13  15 46  0.00     2.3770437328      13.688065490  
2020 11 13  15 47  0.00     2.3770415652      13.688052359  
2020 11 13  15 48  0.00     2.3770393984      13.688039206  
2020 11 13  15 49  0.00     2.3770372322      13.688026032  
2020 11 13  15 50  0.00     2.3770350668      13.688012836  
2020 11 13  15 51  0.00     2.3770329021      13.687999619  
2020 11 13  15 52  0.00     2.3770307381      13.687986380  
2020 11 13  15 53  0.00     2.3770285748      13.687973120  
2020 11 13  15 54  0.00     2.3770264122      13.687959838  
2020 11 13  15 55  0.00     2.3770242504      13.687946535  
2020 11 13  15 56  0.00     2.3770220893      13.687933211  
2020 11 13  15 57  0.00     2.3770199290      13.687919865  
2020 11 13  15 58  0.00     2.3770177694      13.687906498  
2020 11 13  15 59  0.00     2.3770156106      13.687893110  
2020 11 13  16  0  0.00     2.3770134525      13.687879701  
2020 11 13  16  1  0.00     2.3770112951      13.687866271  
2020 11 13  16  2  0.00     2.3770091386      13.687852819  
2020 11 13  16  3  0.00     2.3770069828      13.687839347  
2020 11 13  16  4  0.00     2.3770048277      13.687825854  
2020 11 13  16  5  0.00     2.3770026734      13.687812339  
2020 11 13  16  6  0.00     2.3770005199      13.687798804  
2020 11 13  16  7  0.00     2.3769983672      13.687785248  
2020 11 13  16  8  0.00     2.3769962152      13.687771672  
2020 11 13  16  9  0.00     2.3769940641      13.687758074  
2020 11 13  16 10  0.00     2.3769919137      13.687744456  
2020 11 13  16 11  0.00     2.3769897641      13.687730817  
2020 11 13  16 12  0.00     2.3769876153      13.687717158  
2020 11 13  16 13  0.00     2.3769854674      13.687703478  
2020 11 13  16 14  0.00     2.3769833202      13.687689778  
2020 11 13  16 15  0.00     2.3769811738      13.687676057  
2020 11 13  16 16  0.00     2.3769790282      13.687662315  
2020 11 13  16 17  0.00     2.3769768835      13.687648554  
2020 11 13  16 18  0.00     2.3769747396      13.687634772  
2020 11 13  16 19  0.00     2.3769725965      13.687620969  
2020 11 13  16 20  0.00     2.3769704542      13.687607147  
2020 11 13  16 21  0.00     2.3769683127      13.687593304  
2020 11 13  16 22  0.00     2.3769661721      13.687579441  
2020 11 13  16 23  0.00     2.3769640323      13.687565559  
2020 11 13  16 24  0.00     2.3769618934      13.687551656  
2020 11 13  16 25  0.00     2.3769597553      13.687537733  
2020 11 13  16 26  0.00     2.3769576180      13.687523790  
2020 11 13  16 27  0.00     2.3769554817      13.687509827  
2020 11 13  16 28  0.00     2.3769533461      13.687495845  
2020 11 13  16 29  0.00     2.3769512114      13.687481843  
2020 11 13  16 30  0.00     2.3769490776      13.687467821  
2020 11 13  16 31  0.00     2.3769469446      13.687453779  
2020 11 13  16 32  0.00     2.3769448125      13.687439718  
2020 11 13  16 33  0.00     2.3769426813      13.687425637  
2020 11 13  16 34  0.00     2.3769405510      13.687411536  
2020 11 13  16 35  0.00     2.3769384215      13.687397417  
2020 11 13  16 36  0.00     2.3769362929      13.687383277  
2020 11 13  16 37  0.00     2.3769341653      13.687369118  
2020 11 13  16 38  0.00     2.3769320385      13.687354940  
2020 11 13  16 39  0.00     2.3769299125      13.687340743  
2020 11 13  16 40  0.00     2.3769277875      13.687326527  
2020 11 13  16 41  0.00     2.3769256634      13.687312291  
2020 11 13  16 42  0.00     2.3769235402      13.687298036  
2020 11 13  16 43  0.00     2.3769214179      13.687283762  
2020 11 13  16 44  0.00     2.3769192965      13.687269470  
2020 11 13  16 45  0.00     2.3769171760      13.687255158  
2020 11 13  16 46  0.00     2.3769150565      13.687240827  
2020 11 13  16 47  0.00     2.3769129378      13.687226477  
2020 11 13  16 48  0.00     2.3769108201      13.687212109  
2020 11 13  16 49  0.00     2.3769087033      13.687197722  
2020 11 13  16 50  0.00     2.3769065875      13.687183316  
2020 11 13  16 51  0.00     2.3769044726      13.687168892  
2020 11 13  16 52  0.00     2.3769023586      13.687154449  
2020 11 13  16 53  0.00     2.3769002456      13.687139987  
2020 11 13  16 54  0.00     2.3768981335      13.687125507  
2020 11 13  16 55  0.00     2.3768960223      13.687111009  
2020 11 13  16 56  0.00     2.3768939121      13.687096492  
2020 11 13  16 57  0.00     2.3768918029      13.687081957  
2020 11 13  16 58  0.00     2.3768896946      13.687067403  
2020 11 13  16 59  0.00     2.3768875873      13.687052832  
2020 11 13  17  0  0.00     2.3768854809      13.687038242  
2020 11 13  17  1  0.00     2.3768833755      13.687023634  
2020 11 13  17  2  0.00     2.3768812711      13.687009008  
2020 11 13  17  3  0.00     2.3768791677      13.686994364  
2020 11 13  17  4  0.00     2.3768770652      13.686979703  
2020 11 13  17  5  0.00     2.3768749637      13.686965023  
2020 11 13  17  6  0.00     2.3768728632      13.686950326  
2020 11 13  17  7  0.00     2.3768707637      13.686935610  
2020 11 13  17  8  0.00     2.3768686652      13.686920877  
2020 11 13  17  9  0.00     2.3768665676      13.686906127  
2020 11 13  17 10  0.00     2.3768644711      13.686891359  
2020 11 13  17 11  0.00     2.3768623756      13.686876573  
2020 11 13  17 12  0.00     2.3768602810      13.686861770  
2020 11 13  17 13  0.00     2.3768581875      13.686846950  
2020 11 13  17 14  0.00     2.3768560950      13.686832112  
2020 11 13  17 15  0.00     2.3768540035      13.686817257  
2020 11 13  17 16  0.00     2.3768519130      13.686802384  
2020 11 13  17 17  0.00     2.3768498236      13.686787495  
2020 11 13  17 18  0.00     2.3768477351      13.686772588  
2020 11 13  17 19  0.00     2.3768456477      13.686757664  
2020 11 13  17 20  0.00     2.3768435613      13.686742724  
2020 11 13  17 21  0.00     2.3768414760      13.686727766  
2020 11 13  17 22  0.00     2.3768393917      13.686712792  
2020 11 13  17 23  0.00     2.3768373084      13.686697800  
2020 11 13  17 24  0.00     2.3768352261      13.686682792  
2020 11 13  17 25  0.00     2.3768331449      13.686667767  
2020 11 13  17 26  0.00     2.3768310648      13.686652726  
2020 11 13  17 27  0.00     2.3768289857      13.686637668  
2020 11 13  17 28  0.00     2.3768269076      13.686622593  
2020 11 13  17 29  0.00     2.3768248306      13.686607502  
2020 11 13  17 30  0.00     2.3768227547      13.686592395  
2020 11 13  17 31  0.00     2.3768206798      13.686577271  
2020 11 13  17 32  0.00     2.3768186060      13.686562131  
2020 11 13  17 33  0.00     2.3768165333      13.686546975  
2020 11 13  17 34  0.00     2.3768144616      13.686531802  
2020 11 13  17 35  0.00     2.3768123910      13.686516614  
2020 11 13  17 36  0.00     2.3768103215      13.686501409  
2020 11 13  17 37  0.00     2.3768082531      13.686486189  
2020 11 13  17 38  0.00     2.3768061857      13.686470952  
2020 11 13  17 39  0.00     2.3768041195      13.686455700  
2020 11 13  17 40  0.00     2.3768020543      13.686440432  
2020 11 13  17 41  0.00     2.3767999902      13.686425148  
2020 11 13  17 42  0.00     2.3767979272      13.686409849  
2020 11 13  17 43  0.00     2.3767958653      13.686394533  
2020 11 13  17 44  0.00     2.3767938045      13.686379203  
2020 11 13  17 45  0.00     2.3767917448      13.686363857  
2020 11 13  17 46  0.00     2.3767896862      13.686348495  
2020 11 13  17 47  0.00     2.3767876287      13.686333119  
2020 11 13  17 48  0.00     2.3767855724      13.686317726  
2020 11 13  17 49  0.00     2.3767835171      13.686302319  
2020 11 13  17 50  0.00     2.3767814630      13.686286897  
2020 11 13  17 51  0.00     2.3767794099      13.686271459  
2020 11 13  17 52  0.00     2.3767773580      13.686256006  
2020 11 13  17 53  0.00     2.3767753073      13.686240539  
2020 11 13  17 54  0.00     2.3767732576      13.686225056  
2020 11 13  17 55  0.00     2.3767712091      13.686209559  
2020 11 13  17 56  0.00     2.3767691617      13.686194047  
2020 11 13  17 57  0.00     2.3767671155      13.686178520  
2020 11 13  17 58  0.00     2.3767650704      13.686162979  
2020 11 13  17 59  0.00     2.3767630264      13.686147423  
2020 11 13  18  0  0.00     2.3767609836      13.686131852  
2020 11 13  18  1  0.00     2.3767589419      13.686116267  
2020 11 13  18  2  0.00     2.3767569014      13.686100668  
2020 11 13  18  3  0.00     2.3767548620      13.686085054  
2020 11 13  18  4  0.00     2.3767528238      13.686069426  
2020 11 13  18  5  0.00     2.3767507868      13.686053784  
2020 11 13  18  6  0.00     2.3767487509      13.686038128  
2020 11 13  18  7  0.00     2.3767467161      13.686022458  
2020 11 13  18  8  0.00     2.3767446825      13.686006773  
2020 11 13  18  9  0.00     2.3767426501      13.685991075  
2020 11 13  18 10  0.00     2.3767406189      13.685975363  
2020 11 13  18 11  0.00     2.3767385888      13.685959637  
2020 11 13  18 12  0.00     2.3767365599      13.685943898  
2020 11 13  18 13  0.00     2.3767345322      13.685928144  
2020 11 13  18 14  0.00     2.3767325057      13.685912378  
2020 11 13  18 15  0.00     2.3767304804      13.685896597  
2020 11 13  18 16  0.00     2.3767284562      13.685880803  
2020 11 13  18 17  0.00     2.3767264332      13.685864996  
2020 11 13  18 18  0.00     2.3767244114      13.685849176  
2020 11 13  18 19  0.00     2.3767223908      13.685833342  
2020 11 13  18 20  0.00     2.3767203714      13.685817495  
2020 11 13  18 21  0.00     2.3767183532      13.685801635  
2020 11 13  18 22  0.00     2.3767163362      13.685785762  
2020 11 13  18 23  0.00     2.3767143204      13.685769876  
2020 11 13  18 24  0.00     2.3767123058      13.685753977  
2020 11 13  18 25  0.00     2.3767102925      13.685738065  
2020 11 13  18 26  0.00     2.3767082803      13.685722141  
2020 11 13  18 27  0.00     2.3767062693      13.685706203  
2020 11 13  18 28  0.00     2.3767042596      13.685690254  
2020 11 13  18 29  0.00     2.3767022510      13.685674291  
2020 11 13  18 30  0.00     2.3767002437      13.685658316  
2020 11 13  18 31  0.00     2.3766982376      13.685642329  
2020 11 13  18 32  0.00     2.3766962327      13.685626329  
2020 11 13  18 33  0.00     2.3766942291      13.685610317  
2020 11 13  18 34  0.00     2.3766922267      13.685594293  
2020 11 13  18 35  0.00     2.3766902255      13.685578256  
2020 11 13  18 36  0.00     2.3766882255      13.685562208  
2020 11 13  18 37  0.00     2.3766862268      13.685546147  
2020 11 13  18 38  0.00     2.3766842293      13.685530075  
2020 11 13  18 39  0.00     2.3766822331      13.685513990  
2020 11 13  18 40  0.00     2.3766802380      13.685497894  
2020 11 13  18 41  0.00     2.3766782443      13.685481786  
2020 11 13  18 42  0.00     2.3766762518      13.685465667  
2020 11 13  18 43  0.00     2.3766742605      13.685449536  
2020 11 13  18 44  0.00     2.3766722705      13.685433393  
2020 11 13  18 45  0.00     2.3766702817      13.685417239  
2020 11 13  18 46  0.00     2.3766682942      13.685401074  
2020 11 13  18 47  0.00     2.3766663079      13.685384897  
2020 11 13  18 48  0.00     2.3766643229      13.685368709  
2020 11 13  18 49  0.00     2.3766623392      13.685352510  
2020 11 13  18 50  0.00     2.3766603567      13.685336300  
2020 11 13  18 51  0.00     2.3766583755      13.685320078  
2020 11 13  18 52  0.00     2.3766563955      13.685303846  
2020 11 13  18 53  0.00     2.3766544169      13.685287603  
2020 11 13  18 54  0.00     2.3766524394      13.685271349  
2020 11 13  18 55  0.00     2.3766504633      13.685255085  
2020 11 13  18 56  0.00     2.3766484884      13.685238809  
2020 11 13  18 57  0.00     2.3766465149      13.685222523  
2020 11 13  18 58  0.00     2.3766445425      13.685206227  
2020 11 13  18 59  0.00     2.3766425715      13.685189920  
2020 11 13  19  0  0.00     2.3766406018      13.685173603  
2020 11 13  19  1  0.00     2.3766386333      13.685157276  
2020 11 13  19  2  0.00     2.3766366661      13.685140938  
2020 11 13  19  3  0.00     2.3766347002      13.685124590  
2020 11 13  19  4  0.00     2.3766327356      13.685108232  
2020 11 13  19  5  0.00     2.3766307723      13.685091864  
2020 11 13  19  6  0.00     2.3766288103      13.685075486  
2020 11 13  19  7  0.00     2.3766268496      13.685059099  
2020 11 13  19  8  0.00     2.3766248902      13.685042701  
2020 11 13  19  9  0.00     2.3766229320      13.685026294  
2020 11 13  19 10  0.00     2.3766209752      13.685009877  
2020 11 13  19 11  0.00     2.3766190197      13.684993450  
2020 11 13  19 12  0.00     2.3766170655      13.684977015  
2020 11 13  19 13  0.00     2.3766151126      13.684960569  
2020 11 13  19 14  0.00     2.3766131610      13.684944114  
2020 11 13  19 15  0.00     2.3766112107      13.684927650  
2020 11 13  19 16  0.00     2.3766092617      13.684911177  
2020 11 13  19 17  0.00     2.3766073140      13.684894695  
2020 11 13  19 18  0.00     2.3766053677      13.684878204  
2020 11 13  19 19  0.00     2.3766034226      13.684861703  
2020 11 13  19 20  0.00     2.3766014789      13.684845194  
2020 11 13  19 21  0.00     2.3765995365      13.684828676  
2020 11 13  19 22  0.00     2.3765975954      13.684812149  
2020 11 13  19 23  0.00     2.3765956557      13.684795614  
2020 11 13  19 24  0.00     2.3765937173      13.684779070  
2020 11 13  19 25  0.00     2.3765917801      13.684762517  
2020 11 13  19 26  0.00     2.3765898444      13.684745956  
2020 11 13  19 27  0.00     2.3765879099      13.684729387  
2020 11 13  19 28  0.00     2.3765859768      13.684712809  
2020 11 13  19 29  0.00     2.3765840450      13.684696223  
2020 11 13  19 30  0.00     2.3765821146      13.684679629  
2020 11 13  19 31  0.00     2.3765801854      13.684663027  
2020 11 13  19 32  0.00     2.3765782577      13.684646416  
2020 11 13  19 33  0.00     2.3765763312      13.684629798  
2020 11 13  19 34  0.00     2.3765744061      13.684613172  
2020 11 13  19 35  0.00     2.3765724824      13.684596538  
2020 11 13  19 36  0.00     2.3765705599      13.684579897  
2020 11 13  19 37  0.00     2.3765686389      13.684563248  
2020 11 13  19 38  0.00     2.3765667191      13.684546591  
2020 11 13  19 39  0.00     2.3765648008      13.684529927  
2020 11 13  19 40  0.00     2.3765628837      13.684513256  
2020 11 13  19 41  0.00     2.3765609680      13.684496577  
2020 11 13  19 42  0.00     2.3765590537      13.684479891  
2020 11 13  19 43  0.00     2.3765571407      13.684463198  
2020 11 13  19 44  0.00     2.3765552291      13.684446497  
2020 11 13  19 45  0.00     2.3765533188      13.684429790  
2020 11 13  19 46  0.00     2.3765514099      13.684413076  
2020 11 13  19 47  0.00     2.3765495024      13.684396355  
2020 11 13  19 48  0.00     2.3765475962      13.684379627  
2020 11 13  19 49  0.00     2.3765456913      13.684362892  
2020 11 13  19 50  0.00     2.3765437878      13.684346151  
2020 11 13  19 51  0.00     2.3765418857      13.684329403  
2020 11 13  19 52  0.00     2.3765399850      13.684312649  
2020 11 13  19 53  0.00     2.3765380856      13.684295888  
2020 11 13  19 54  0.00     2.3765361876      13.684279121  
2020 11 13  19 55  0.00     2.3765342909      13.684262348  
2020 11 13  19 56  0.00     2.3765323956      13.684245569  
2020 11 13  19 57  0.00     2.3765305017      13.684228783  
2020 11 13  19 58  0.00     2.3765286092      13.684211992  
2020 11 13  19 59  0.00     2.3765267180      13.684195194  
2020 11 13  20  0  0.00     2.3765248282      13.684178391  
2020 11 13  20  1  0.00     2.3765229398      13.684161582  
2020 11 13  20  2  0.00     2.3765210528      13.684144767  
2020 11 13  20  3  0.00     2.3765191671      13.684127946  
2020 11 13  20  4  0.00     2.3765172828      13.684111120  
2020 11 13  20  5  0.00     2.3765153999      13.684094289  
2020 11 13  20  6  0.00     2.3765135183      13.684077452  
2020 11 13  20  7  0.00     2.3765116382      13.684060610  
2020 11 13  20  8  0.00     2.3765097594      13.684043763  
2020 11 13  20  9  0.00     2.3765078820      13.684026910  
2020 11 13  20 10  0.00     2.3765060060      13.684010052  
2020 11 13  20 11  0.00     2.3765041314      13.683993190  
2020 11 13  20 12  0.00     2.3765022582      13.683976322  
2020 11 13  20 13  0.00     2.3765003863      13.683959450  
2020 11 13  20 14  0.00     2.3764985159      13.683942573  
2020 11 13  20 15  0.00     2.3764966468      13.683925691  
2020 11 13  20 16  0.00     2.3764947791      13.683908804  
2020 11 13  20 17  0.00     2.3764929128      13.683891913  
2020 11 13  20 18  0.00     2.3764910479      13.683875018  
2020 11 13  20 19  0.00     2.3764891844      13.683858118  
2020 11 13  20 20  0.00     2.3764873223      13.683841214  
2020 11 13  20 21  0.00     2.3764854615      13.683824305  
2020 11 13  20 22  0.00     2.3764836022      13.683807393  
2020 11 13  20 23  0.00     2.3764817443      13.683790476  
2020 11 13  20 24  0.00     2.3764798877      13.683773555  
2020 11 13  20 25  0.00     2.3764780326      13.683756631  
2020 11 13  20 26  0.00     2.3764761788      13.683739702  
2020 11 13  20 27  0.00     2.3764743265      13.683722770  
2020 11 13  20 28  0.00     2.3764724755      13.683705835  
2020 11 13  20 29  0.00     2.3764706259      13.683688895  
2020 11 13  20 30  0.00     2.3764687778      13.683671952  
2020 11 13  20 31  0.00     2.3764669310      13.683655006  
2020 11 13  20 32  0.00     2.3764650857      13.683638056  
2020 11 13  20 33  0.00     2.3764632417      13.683621103  
2020 11 13  20 34  0.00     2.3764613992      13.683604147  
2020 11 13  20 35  0.00     2.3764595580      13.683587188  
2020 11 13  20 36  0.00     2.3764577183      13.683570226  
2020 11 13  20 37  0.00     2.3764558799      13.683553260  
2020 11 13  20 38  0.00     2.3764540430      13.683536292  
2020 11 13  20 39  0.00     2.3764522075      13.683519321  
2020 11 13  20 40  0.00     2.3764503734      13.683502348  
2020 11 13  20 41  0.00     2.3764485406      13.683485371  
2020 11 13  20 42  0.00     2.3764467093      13.683468392  
2020 11 13  20 43  0.00     2.3764448794      13.683451411  
2020 11 13  20 44  0.00     2.3764430509      13.683434427  
2020 11 13  20 45  0.00     2.3764412238      13.683417441  
2020 11 13  20 46  0.00     2.3764393982      13.683400453  
2020 11 13  20 47  0.00     2.3764375739      13.683383462  
2020 11 13  20 48  0.00     2.3764357510      13.683366470  
2020 11 13  20 49  0.00     2.3764339296      13.683349475  
2020 11 13  20 50  0.00     2.3764321095      13.683332478  
2020 11 13  20 51  0.00     2.3764302909      13.683315480  
2020 11 13  20 52  0.00     2.3764284737      13.683298480  
2020 11 13  20 53  0.00     2.3764266579      13.683281478  
2020 11 13  20 54  0.00     2.3764248435      13.683264474  
2020 11 13  20 55  0.00     2.3764230305      13.683247469  
---
2020 11 14  11  1  0.00     2.3751690808      13.674265104  
2020 11 14  11  2  0.00     2.3751674986      13.674263330  
2020 11 14  11  3  0.00     2.3751659151      13.674261569  
2020 11 14  11  4  0.00     2.3751643305      13.674259821  
2020 11 14  11  5  0.00     2.3751627446      13.674258087  
2020 11 14  11  6  0.00     2.3751611575      13.674256367  
2020 11 14  11  7  0.00     2.3751595692      13.674254660  
2020 11 14  11  8  0.00     2.3751579797      13.674252966  
2020 11 14  11  9  0.00     2.3751563889      13.674251286  
2020 11 14  11 10  0.00     2.3751547969      13.674249619  
2020 11 14  11 11  0.00     2.3751532037      13.674247965  
2020 11 14  11 12  0.00     2.3751516092      13.674246324  
2020 11 14  11 13  0.00     2.3751500135      13.674244696  
2020 11 14  11 14  0.00     2.3751484166      13.674243081  
2020 11 14  11 15  0.00     2.3751468184      13.674241479  
2020 11 14  11 16  0.00     2.3751452190      13.674239890  
2020 11 14  11 17  0.00     2.3751436184      13.674238313  
2020 11 14  11 18  0.00     2.3751420165      13.674236749  
2020 11 14  11 19  0.00     2.3751404133      13.674235198  
2020 11 14  11 20  0.00     2.3751388089      13.674233659  
2020 11 14  11 21  0.00     2.3751372033      13.674232132  
2020 11 14  11 22  0.00     2.3751355964      13.674230618  
2020 11 14  11 23  0.00     2.3751339883      13.674229117  
2020 11 14  11 24  0.00     2.3751323789      13.674227627  
2020 11 14  11 25  0.00     2.3751307683      13.674226150  
2020 11 14  11 26  0.00     2.3751291564      13.674224684  
2020 11 14  11 27  0.00     2.3751275432      13.674223231  
2020 11 14  11 28  0.00     2.3751259288      13.674221790  
2020 11 14  11 29  0.00     2.3751243132      13.674220361  
2020 11 14  11 30  0.00     2.3751226962      13.674218943  
2020 11 14  11 31  0.00     2.3751210780      13.674217537  
2020 11 14  11 32  0.00     2.3751194586      13.674216143  
2020 11 14  11 33  0.00     2.3751178379      13.674214761  
2020 11 14  11 34  0.00     2.3751162159      13.674213390  
2020 11 14  11 35  0.00     2.3751145926      13.674212030  
2020 11 14  11 36  0.00     2.3751129681      13.674210682  
2020 11 14  11 37  0.00     2.3751113423      13.674209345  
2020 11 14  11 38  0.00     2.3751097152      13.674208019  
2020 11 14  11 39  0.00     2.3751080869      13.674206705  
2020 11 14  11 40  0.00     2.3751064572      13.674205401  
2020 11 14  11 41  0.00     2.3751048263      13.674204109  
2020 11 14  11 42  0.00     2.3751031942      13.674202828  
2020 11 14  11 43  0.00     2.3751015607      13.674201557  
2020 11 14  11 44  0.00     2.3750999260      13.674200298  
2020 11 14  11 45  0.00     2.3750982899      13.674199049  
2020 11 14  11 46  0.00     2.3750966526      13.674197810  
2020 11 14  11 47  0.00     2.3750950140      13.674196583  
2020 11 14  11 48  0.00     2.3750933742      13.674195366  
2020 11 14  11 49  0.00     2.3750917330      13.674194159  
2020 11 14  11 50  0.00     2.3750900906      13.674192962  
2020 11 14  11 51  0.00     2.3750884468      13.674191776  
2020 11 14  11 52  0.00     2.3750868018      13.674190601  
2020 11 14  11 53  0.00     2.3750851555      13.674189435  
2020 11 14  11 54  0.00     2.3750835078      13.674188279  
2020 11 14  11 55  0.00     2.3750818589      13.674187134  
2020 11 14  11 56  0.00     2.3750802087      13.674185998  
2020 11 14  11 57  0.00     2.3750785572      13.674184872  
2020 11 14  11 58  0.00     2.3750769044      13.674183756  
2020 11 14  11 59  0.00     2.3750752503      13.674182650  
2020 11 14  12  0  0.00     2.3750735949      13.674181553  
2020 11 14  12  1  0.00     2.3750719382      13.674180466  
2020 11 14  12  2  0.00     2.3750702802      13.674179389  
2020 11 14  12  3  0.00     2.3750686209      13.674178321  
2020 11 14  12  4  0.00     2.3750669603      13.674177262  
2020 11 14  12  5  0.00     2.3750652984      13.674176212  
2020 11 14  12  6  0.00     2.3750636352      13.674175172  
2020 11 14  12  7  0.00     2.3750619706      13.674174140  
2020 11 14  12  8  0.00     2.3750603048      13.674173118  
2020 11 14  12  9  0.00     2.3750586376      13.674172105  
2020 11 14  12 10  0.00     2.3750569692      13.674171101  
2020 11 14  12 11  0.00     2.3750552994      13.674170105  
2020 11 14  12 12  0.00     2.3750536283      13.674169118  
2020 11 14  12 13  0.00     2.3750519559      13.674168140  
2020 11 14  12 14  0.00     2.3750502822      13.674167171  
2020 11 14  12 15  0.00     2.3750486072      13.674166210  
2020 11 14  12 16  0.00     2.3750469309      13.674165257  
2020 11 14  12 17  0.00     2.3750452532      13.674164313  
2020 11 14  12 18  0.00     2.3750435743      13.674163377  
2020 11 14  12 19  0.00     2.3750418940      13.674162450  
2020 11 14  12 20  0.00     2.3750402124      13.674161530  
2020 11 14  12 21  0.00     2.3750385295      13.674160619  
2020 11 14  12 22  0.00     2.3750368452      13.674159715  
2020 11 14  12 23  0.00     2.3750351596      13.674158820  
2020 11 14  12 24  0.00     2.3750334728      13.674157932  
2020 11 14  12 25  0.00     2.3750317845      13.674157052  
2020 11 14  12 26  0.00     2.3750300950      13.674156180  
2020 11 14  12 27  0.00     2.3750284042      13.674155315  
2020 11 14  12 28  0.00     2.3750267120      13.674154458  
2020 11 14  12 29  0.00     2.3750250185      13.674153608  
2020 11 14  12 30  0.00     2.3750233236      13.674152766  
2020 11 14  12 31  0.00     2.3750216275      13.674151931  
2020 11 14  12 32  0.00     2.3750199300      13.674151103  
2020 11 14  12 33  0.00     2.3750182312      13.674150283  
2020 11 14  12 34  0.00     2.3750165310      13.674149469  
2020 11 14  12 35  0.00     2.3750148296      13.674148663  
2020 11 14  12 36  0.00     2.3750131268      13.674147863  
2020 11 14  12 37  0.00     2.3750114226      13.674147071  
2020 11 14  12 38  0.00     2.3750097172      13.674146285  
2020 11 14  12 39  0.00     2.3750080104      13.674145506  
2020 11 14  12 40  0.00     2.3750063023      13.674144733  
2020 11 14  12 41  0.00     2.3750045928      13.674143967  
2020 11 14  12 42  0.00     2.3750028820      13.674143207  
2020 11 14  12 43  0.00     2.3750011699      13.674142454  
2020 11 14  12 44  0.00     2.3749994564      13.674141707  
2020 11 14  12 45  0.00     2.3749977416      13.674140967  
2020 11 14  12 46  0.00     2.3749960255      13.674140232  
2020 11 14  12 47  0.00     2.3749943080      13.674139504  
2020 11 14  12 48  0.00     2.3749925893      13.674138781  
2020 11 14  12 49  0.00     2.3749908691      13.674138065  
2020 11 14  12 50  0.00     2.3749891477      13.674137354  
2020 11 14  12 51  0.00     2.3749874249      13.674136649  
2020 11 14  12 52  0.00     2.3749857007      13.674135950  
2020 11 14  12 53  0.00     2.3749839752      13.674135256  
2020 11 14  12 54  0.00     2.3749822484      13.674134568  
2020 11 14  12 55  0.00     2.3749805203      13.674133886  
2020 11 14  12 56  0.00     2.3749787908      13.674133209  
2020 11 14  12 57  0.00     2.3749770599      13.674132537  
2020 11 14  12 58  0.00     2.3749753278      13.674131870  
2020 11 14  12 59  0.00     2.3749735943      13.674131209  
2020 11 14  13  0  0.00     2.3749718594      13.674130552  
2020 11 14  13  1  0.00     2.3749701232      13.674129901  
2020 11 14  13  2  0.00     2.3749683857      13.674129254  
2020 11 14  13  3  0.00     2.3749666468      13.674128613  
2020 11 14  13  4  0.00     2.3749649066      13.674127976  
2020 11 14  13  5  0.00     2.3749631651      13.674127343  
2020 11 14  13  6  0.00     2.3749614222      13.674126716  
2020 11 14  13  7  0.00     2.3749596779      13.674126093  
2020 11 14  13  8  0.00     2.3749579324      13.674125474  
2020 11 14  13  9  0.00     2.3749561855      13.674124860  
2020 11 14  13 10  0.00     2.3749544372      13.674124250  
2020 11 14  13 11  0.00     2.3749526876      13.674123644  
2020 11 14  13 12  0.00     2.3749509367      13.674123042  
2020 11 14  13 13  0.00     2.3749491844      13.674122445  
2020 11 14  13 14  0.00     2.3749474308      13.674121851  
2020 11 14  13 15  0.00     2.3749456758      13.674121261  
2020 11 14  13 16  0.00     2.3749439195      13.674120675  
2020 11 14  13 17  0.00     2.3749421619      13.674120093  
2020 11 14  13 18  0.00     2.3749404029      13.674119515  
2020 11 14  13 19  0.00     2.3749386426      13.674118940  
2020 11 14  13 20  0.00     2.3749368809      13.674118368  
2020 11 14  13 21  0.00     2.3749351179      13.674117800  
2020 11 14  13 22  0.00     2.3749333536      13.674117236  
2020 11 14  13 23  0.00     2.3749315879      13.674116674  
2020 11 14  13 24  0.00     2.3749298209      13.674116116  
2020 11 14  13 25  0.00     2.3749280525      13.674115561  
2020 11 14  13 26  0.00     2.3749262828      13.674115009  
2020 11 14  13 27  0.00     2.3749245117      13.674114460  
2020 11 14  13 28  0.00     2.3749227393      13.674113913  
2020 11 14  13 29  0.00     2.3749209656      13.674113370  
2020 11 14  13 30  0.00     2.3749191905      13.674112829  
2020 11 14  13 31  0.00     2.3749174141      13.674112291  
2020 11 14  13 32  0.00     2.3749156364      13.674111756  
2020 11 14  13 33  0.00     2.3749138573      13.674111223  
2020 11 14  13 34  0.00     2.3749120769      13.674110692  
2020 11 14  13 35  0.00     2.3749102951      13.674110164  
2020 11 14  13 36  0.00     2.3749085120      13.674109638  
2020 11 14  13 37  0.00     2.3749067275      13.674109114  
2020 11 14  13 38  0.00     2.3749049418      13.674108592  
2020 11 14  13 39  0.00     2.3749031546      13.674108072  
2020 11 14  13 40  0.00     2.3749013662      13.674107554  
2020 11 14  13 41  0.00     2.3748995764      13.674107038  
2020 11 14  13 42  0.00     2.3748977852      13.674106524  
2020 11 14  13 43  0.00     2.3748959928      13.674106012  
2020 11 14  13 44  0.00     2.3748941990      13.674105501  
2020 11 14  13 45  0.00     2.3748924038      13.674104991  
2020 11 14  13 46  0.00     2.3748906073      13.674104483  
2020 11 14  13 47  0.00     2.3748888095      13.674103977  
2020 11 14  13 48  0.00     2.3748870104      13.674103472  
2020 11 14  13 49  0.00     2.3748852099      13.674102967  
2020 11 14  13 50  0.00     2.3748834081      13.674102465  
2020 11 14  13 51  0.00     2.3748816049      13.674101963  
2020 11 14  13 52  0.00     2.3748798005      13.674101462  
2020 11 14  13 53  0.00     2.3748779946      13.674100962  
2020 11 14  13 54  0.00     2.3748761875      13.674100463  
2020 11 14  13 55  0.00     2.3748743790      13.674099964  
2020 11 14  13 56  0.00     2.3748725692      13.674099466  
2020 11 14  13 57  0.00     2.3748707581      13.674098969  
2020 11 14  13 58  0.00     2.3748689456      13.674098473  
2020 11 14  13 59  0.00     2.3748671318      13.674097976  
2020 11 14  14  0  0.00     2.3748653167      13.674097481  
2020 11 14  14  1  0.00     2.3748635002      13.674096985  
2020 11 14  14  2  0.00     2.3748616824      13.674096489  
2020 11 14  14  3  0.00     2.3748598633      13.674095994  
2020 11 14  14  4  0.00     2.3748580429      13.674095499  
2020 11 14  14  5  0.00     2.3748562211      13.674095003  
2020 11 14  14  6  0.00     2.3748543980      13.674094508  
2020 11 14  14  7  0.00     2.3748525736      13.674094012  
2020 11 14  14  8  0.00     2.3748507479      13.674093516  
2020 11 14  14  9  0.00     2.3748489208      13.674093020  
2020 11 14  14 10  0.00     2.3748470925      13.674092523  
2020 11 14  14 11  0.00     2.3748452628      13.674092026  
2020 11 14  14 12  0.00     2.3748434318      13.674091528  
2020 11 14  14 13  0.00     2.3748415994      13.674091029  
2020 11 14  14 14  0.00     2.3748397658      13.674090530  
2020 11 14  14 15  0.00     2.3748379308      13.674090030  
2020 11 14  14 16  0.00     2.3748360945      13.674089529  
2020 11 14  14 17  0.00     2.3748342569      13.674089027  
2020 11 14  14 18  0.00     2.3748324180      13.674088524  
2020 11 14  14 19  0.00     2.3748305777      13.674088019  
2020 11 14  14 20  0.00     2.3748287362      13.674087514  
2020 11 14  14 21  0.00     2.3748268933      13.674087007  
2020 11 14  14 22  0.00     2.3748250491      13.674086498  
2020 11 14  14 23  0.00     2.3748232036      13.674085989  
2020 11 14  14 24  0.00     2.3748213568      13.674085477  
2020 11 14  14 25  0.00     2.3748195087      13.674084965  
2020 11 14  14 26  0.00     2.3748176593      13.674084450  
2020 11 14  14 27  0.00     2.3748158086      13.674083933  
2020 11 14  14 28  0.00     2.3748139565      13.674083415  
2020 11 14  14 29  0.00     2.3748121032      13.674082895  
2020 11 14  14 30  0.00     2.3748102486      13.674082373  
2020 11 14  14 31  0.00     2.3748083926      13.674081848  
2020 11 14  14 32  0.00     2.3748065354      13.674081322  
2020 11 14  14 33  0.00     2.3748046768      13.674080793  
2020 11 14  14 34  0.00     2.3748028169      13.674080262  
2020 11 14  14 35  0.00     2.3748009558      13.674079728  
2020 11 14  14 36  0.00     2.3747990933      13.674079192  
2020 11 14  14 37  0.00     2.3747972296      13.674078654  
2020 11 14  14 38  0.00     2.3747953645      13.674078113  
2020 11 14  14 39  0.00     2.3747934982      13.674077569  
2020 11 14  14 40  0.00     2.3747916306      13.674077022  
2020 11 14  14 41  0.00     2.3747897616      13.674076472  
2020 11 14  14 42  0.00     2.3747878914      13.674075919  
2020 11 14  14 43  0.00     2.3747860199      13.674075364  
2020 11 14  14 44  0.00     2.3747841471      13.674074805  
2020 11 14  14 45  0.00     2.3747822730      13.674074243  
2020 11 14  14 46  0.00     2.3747803976      13.674073678  
2020 11 14  14 47  0.00     2.3747785210      13.674073109  
2020 11 14  14 48  0.00     2.3747766430      13.674072537  
2020 11 14  14 49  0.00     2.3747747638      13.674071961  
2020 11 14  14 50  0.00     2.3747728833      13.674071382  
2020 11 14  14 51  0.00     2.3747710015      13.674070799  
2020 11 14  14 52  0.00     2.3747691184      13.674070213  
2020 11 14  14 53  0.00     2.3747672341      13.674069622  
2020 11 14  14 54  0.00     2.3747653484      13.674069028  
2020 11 14  14 55  0.00     2.3747634615      13.674068430  
2020 11 14  14 56  0.00     2.3747615734      13.674067828  
2020 11 14  14 57  0.00     2.3747596839      13.674067221  
2020 11 14  14 58  0.00     2.3747577932      13.674066610  
2020 11 14  14 59  0.00     2.3747559012      13.674065995  
2020 11 14  15  0  0.00     2.3747540079      13.674065376  
2020 11 14  15  1  0.00     2.3747521134      13.674064752  
2020 11 14  15  2  0.00     2.3747502176      13.674064124  
2020 11 14  15  3  0.00     2.3747483205      13.674063491  
2020 11 14  15  4  0.00     2.3747464222      13.674062853  
2020 11 14  15  5  0.00     2.3747445226      13.674062211  
2020 11 14  15  6  0.00     2.3747426218      13.674061564  
2020 11 14  15  7  0.00     2.3747407197      13.674060912  
2020 11 14  15  8  0.00     2.3747388163      13.674060255  
2020 11 14  15  9  0.00     2.3747369117      13.674059593  
2020 11 14  15 10  0.00     2.3747350058      13.674058925  
2020 11 14  15 11  0.00     2.3747330986      13.674058253  
2020 11 14  15 12  0.00     2.3747311903      13.674057575  
2020 11 14  15 13  0.00     2.3747292806      13.674056892  
2020 11 14  15 14  0.00     2.3747273697      13.674056203  
2020 11 14  15 15  0.00     2.3747254576      13.674055509  
2020 11 14  15 16  0.00     2.3747235442      13.674054809  
2020 11 14  15 17  0.00     2.3747216296      13.674054104  
2020 11 14  15 18  0.00     2.3747197138      13.674053393  
2020 11 14  15 19  0.00     2.3747177967      13.674052676  
2020 11 14  15 20  0.00     2.3747158783      13.674051953  
2020 11 14  15 21  0.00     2.3747139587      13.674051224  
2020 11 14  15 22  0.00     2.3747120379      13.674050489  
2020 11 14  15 23  0.00     2.3747101159      13.674049748  
2020 11 14  15 24  0.00     2.3747081926      13.674049001  
2020 11 14  15 25  0.00     2.3747062681      13.674048247  
2020 11 14  15 26  0.00     2.3747043423      13.674047487  
2020 11 14  15 27  0.00     2.3747024154      13.674046721  
2020 11 14  15 28  0.00     2.3747004872      13.674045948  
2020 11 14  15 29  0.00     2.3746985577      13.674045168  
2020 11 14  15 30  0.00     2.3746966271      13.674044382  
2020 11 14  15 31  0.00     2.3746946952      13.674043589  
2020 11 14  15 32  0.00     2.3746927622      13.674042789  
2020 11 14  15 33  0.00     2.3746908279      13.674041983  
2020 11 14  15 34  0.00     2.3746888924      13.674041169  
2020 11 14  15 35  0.00     2.3746869556      13.674040348  
2020 11 14  15 36  0.00     2.3746850177      13.674039520  
2020 11 14  15 37  0.00     2.3746830785      13.674038685  
2020 11 14  15 38  0.00     2.3746811382      13.674037843  
2020 11 14  15 39  0.00     2.3746791966      13.674036994  
2020 11 14  15 40  0.00     2.3746772539      13.674036137  
2020 11 14  15 41  0.00     2.3746753099      13.674035272  
2020 11 14  15 42  0.00     2.3746733647      13.674034400  
2020 11 14  15 43  0.00     2.3746714183      13.674033520  
2020 11 14  15 44  0.00     2.3746694708      13.674032633  
2020 11 14  15 45  0.00     2.3746675220      13.674031737  
2020 11 14  15 46  0.00     2.3746655721      13.674030834  
2020 11 14  15 47  0.00     2.3746636209      13.674029923  
2020 11 14  15 48  0.00     2.3746616686      13.674029004  
2020 11 14  15 49  0.00     2.3746597151      13.674028077  
2020 11 14  15 50  0.00     2.3746577604      13.674027141  
2020 11 14  15 51  0.00     2.3746558045      13.674026198  
2020 11 14  15 52  0.00     2.3746538474      13.674025246  
2020 11 14  15 53  0.00     2.3746518892      13.674024285  
2020 11 14  15 54  0.00     2.3746499297      13.674023317  
2020 11 14  15 55  0.00     2.3746479691      13.674022339  
2020 11 14  15 56  0.00     2.3746460074      13.674021353  
2020 11 14  15 57  0.00     2.3746440444      13.674020359  
2020 11 14  15 58  0.00     2.3746420803      13.674019355  
2020 11 14  15 59  0.00     2.3746401150      13.674018343  
2020 11 14  16  0  0.00     2.3746381486      13.674017322  
2020 11 14  16  1  0.00     2.3746361810      13.674016292  
2020 11 14  16  2  0.00     2.3746342122      13.674015253  
2020 11 14  16  3  0.00     2.3746322423      13.674014204  
2020 11 14  16  4  0.00     2.3746302712      13.674013147  
2020 11 14  16  5  0.00     2.3746282990      13.674012080  
2020 11 14  16  6  0.00     2.3746263256      13.674011004  
2020 11 14  16  7  0.00     2.3746243510      13.674009918  
2020 11 14  16  8  0.00     2.3746223753      13.674008823  
2020 11 14  16  9  0.00     2.3746203985      13.674007719  
2020 11 14  16 10  0.00     2.3746184205      13.674006604  
2020 11 14  16 11  0.00     2.3746164414      13.674005480  
2020 11 14  16 12  0.00     2.3746144612      13.674004347  
2020 11 14  16 13  0.00     2.3746124798      13.674003203  
2020 11 14  16 14  0.00     2.3746104973      13.674002050  
2020 11 14  16 15  0.00     2.3746085136      13.674000886  
2020 11 14  16 16  0.00     2.3746065288      13.673999713  
2020 11 14  16 17  0.00     2.3746045429      13.673998529  
2020 11 14  16 18  0.00     2.3746025559      13.673997335  
2020 11 14  16 19  0.00     2.3746005677      13.673996131  
2020 11 14  16 20  0.00     2.3745985784      13.673994916  
2020 11 14  16 21  0.00     2.3745965880      13.673993691  
2020 11 14  16 22  0.00     2.3745945965      13.673992456  
2020 11 14  16 23  0.00     2.3745926039      13.673991210  
2020 11 14  16 24  0.00     2.3745906101      13.673989953  
2020 11 14  16 25  0.00     2.3745886153      13.673988686  
2020 11 14  16 26  0.00     2.3745866193      13.673987407  
2020 11 14  16 27  0.00     2.3745846222      13.673986118  
2020 11 14  16 28  0.00     2.3745826241      13.673984818  
2020 11 14  16 29  0.00     2.3745806248      13.673983507  
2020 11 14  16 30  0.00     2.3745786244      13.673982185  
2020 11 14  16 31  0.00     2.3745766230      13.673980852  
2020 11 14  16 32  0.00     2.3745746204      13.673979508  
2020 11 14  16 33  0.00     2.3745726168      13.673978152  
2020 11 14  16 34  0.00     2.3745706121      13.673976785  
2020 11 14  16 35  0.00     2.3745686063      13.673975407  
2020 11 14  16 36  0.00     2.3745665994      13.673974017  
2020 11 14  16 37  0.00     2.3745645914      13.673972616  
2020 11 14  16 38  0.00     2.3745625823      13.673971203  
2020 11 14  16 39  0.00     2.3745605722      13.673969778  
2020 11 14  16 40  0.00     2.3745585610      13.673968342  
2020 11 14  16 41  0.00     2.3745565488      13.673966893  
2020 11 14  16 42  0.00     2.3745545354      13.673965433  
2020 11 14  16 43  0.00     2.3745525210      13.673963961  
2020 11 14  16 44  0.00     2.3745505056      13.673962477  
2020 11 14  16 45  0.00     2.3745484890      13.673960980  
2020 11 14  16 46  0.00     2.3745464715      13.673959472  
2020 11 14  16 47  0.00     2.3745444528      13.673957951  
2020 11 14  16 48  0.00     2.3745424331      13.673956418  
2020 11 14  16 49  0.00     2.3745404124      13.673954873  
2020 11 14  16 50  0.00     2.3745383906      13.673953315  
2020 11 14  16 51  0.00     2.3745363678      13.673951745  
2020 11 14  16 52  0.00     2.3745343439      13.673950162  
2020 11 14  16 53  0.00     2.3745323190      13.673948566  
2020 11 14  16 54  0.00     2.3745302931      13.673946958  
2020 11 14  16 55  0.00     2.3745282661      13.673945337  
2020 11 14  16 56  0.00     2.3745262381      13.673943703  
2020 11 14  16 57  0.00     2.3745242091      13.673942056  
2020 11 14  16 58  0.00     2.3745221790      13.673940396  
2020 11 14  16 59  0.00     2.3745201479      13.673938723  
2020 11 14  17  0  0.00     2.3745181158      13.673937037  
2020 11 14  17  1  0.00     2.3745160827      13.673935338  
2020 11 14  17  2  0.00     2.3745140486      13.673933626  
2020 11 14  17  3  0.00     2.3745120134      13.673931900  
2020 11 14  17  4  0.00     2.3745099773      13.673930161  
2020 11 14  17  5  0.00     2.3745079401      13.673928408  
2020 11 14  17  6  0.00     2.3745059019      13.673926642  
2020 11 14  17  7  0.00     2.3745038628      13.673924863  
2020 11 14  17  8  0.00     2.3745018226      13.673923069  
2020 11 14  17  9  0.00     2.3744997814      13.673921262  
2020 11 14  17 10  0.00     2.3744977393      13.673919441  
2020 11 14  17 11  0.00     2.3744956961      13.673917607  
2020 11 14  17 12  0.00     2.3744936520      13.673915758  
2020 11 14  17 13  0.00     2.3744916069      13.673913896  
2020 11 14  17 14  0.00     2.3744895608      13.673912019  
2020 11 14  17 15  0.00     2.3744875137      13.673910129  
2020 11 14  17 16  0.00     2.3744854657      13.673908224  
2020 11 14  17 17  0.00     2.3744834166      13.673906305  
2020 11 14  17 18  0.00     2.3744813667      13.673904372  
2020 11 14  17 19  0.00     2.3744793157      13.673902424  
2020 11 14  17 20  0.00     2.3744772638      13.673900462  
2020 11 14  17 21  0.00     2.3744752109      13.673898485  
2020 11 14  17 22  0.00     2.3744731570      13.673896494  
2020 11 14  17 23  0.00     2.3744711022      13.673894488  
2020 11 14  17 24  0.00     2.3744690465      13.673892468  
2020 11 14  17 25  0.00     2.3744669898      13.673890433  
2020 11 14  17 26  0.00     2.3744649321      13.673888383  
2020 11 14  17 27  0.00     2.3744628736      13.673886318  
2020 11 14  17 28  0.00     2.3744608140      13.673884238  
2020 11 14  17 29  0.00     2.3744587535      13.673882144  
2020 11 14  17 30  0.00     2.3744566921      13.673880034  
2020 11 14  17 31  0.00     2.3744546298      13.673877909  
2020 11 14  17 32  0.00     2.3744525665      13.673875769  
2020 11 14  17 33  0.00     2.3744505024      13.673873614  
2020 11 14  17 34  0.00     2.3744484372      13.673871443  
2020 11 14  17 35  0.00     2.3744463712      13.673869257  
2020 11 14  17 36  0.00     2.3744443043      13.673867056  
2020 11 14  17 37  0.00     2.3744422364      13.673864839  
2020 11 14  17 38  0.00     2.3744401676      13.673862607  
2020 11 14  17 39  0.00     2.3744380979      13.673860359  
2020 11 14  17 40  0.00     2.3744360273      13.673858095  
2020 11 14  17 41  0.00     2.3744339559      13.673855816  
2020 11 14  17 42  0.00     2.3744318835      13.673853520  
2020 11 14  17 43  0.00     2.3744298102      13.673851209  
2020 11 14  17 44  0.00     2.3744277360      13.673848882  
2020 11 14  17 45  0.00     2.3744256609      13.673846540  
2020 11 14  17 46  0.00     2.3744235850      13.673844181  
2020 11 14  17 47  0.00     2.3744215082      13.673841806  
2020 11 14  17 48  0.00     2.3744194304      13.673839414  
2020 11 14  17 49  0.00     2.3744173519      13.673837007  
2020 11 14  17 50  0.00     2.3744152724      13.673834583  
2020 11 14  17 51  0.00     2.3744131921      13.673832143  
2020 11 14  17 52  0.00     2.3744111109      13.673829687  
2020 11 14  17 53  0.00     2.3744090288      13.673827214  
2020 11 14  17 54  0.00     2.3744069459      13.673824725  
2020 11 14  17 55  0.00     2.3744048621      13.673822219  
2020 11 14  17 56  0.00     2.3744027774      13.673819697  
2020 11 14  17 57  0.00     2.3744006919      13.673817158  
2020 11 14  17 58  0.00     2.3743986056      13.673814602  
2020 11 14  17 59  0.00     2.3743965184      13.673812029  
2020 11 14  18  0  0.00     2.3743944304      13.673809440  
2020 11 14  18  1  0.00     2.3743923415      13.673806833  
2020 11 14  18  2  0.00     2.3743902518      13.673804210  
2020 11 14  18  3  0.00     2.3743881613      13.673801569  
2020 11 14  18  4  0.00     2.3743860699      13.673798912  
2020 11 14  18  5  0.00     2.3743839777      13.673796237  
2020 11 14  18  6  0.00     2.3743818847      13.673793545  
2020 11 14  18  7  0.00     2.3743797909      13.673790836  
2020 11 14  18  8  0.00     2.3743776963      13.673788110  
2020 11 14  18  9  0.00     2.3743756008      13.673785366  
2020 11 14  18 10  0.00     2.3743735045      13.673782605  
2020 11 14  18 11  0.00     2.3743714075      13.673779826  
2020 11 14  18 12  0.00     2.3743693096      13.673777030  
2020 11 14  18 13  0.00     2.3743672109      13.673774217  
2020 11 14  18 14  0.00     2.3743651114      13.673771385  
2020 11 14  18 15  0.00     2.3743630112      13.673768536  
2020 11 14  18 16  0.00     2.3743609101      13.673765669  
2020 11 14  18 17  0.00     2.3743588083      13.673762785  
2020 11 14  18 18  0.00     2.3743567056      13.673759882  
2020 11 14  18 19  0.00     2.3743546022      13.673756962  
2020 11 14  18 20  0.00     2.3743524981      13.673754024  
2020 11 14  18 21  0.00     2.3743503931      13.673751067  
2020 11 14  18 22  0.00     2.3743482874      13.673748093  
2020 11 14  18 23  0.00     2.3743461809      13.673745100  
2020 11 14  18 24  0.00     2.3743440736      13.673742089  
2020 11 14  18 25  0.00     2.3743419656      13.673739060  
2020 11 14  18 26  0.00     2.3743398569      13.673736013  
2020 11 14  18 27  0.00     2.3743377473      13.673732948  
2020 11 14  18 28  0.00     2.3743356371      13.673729864  
2020 11 14  18 29  0.00     2.3743335260      13.673726761  
2020 11 14  18 30  0.00     2.3743314143      13.673723640  
2020 11 14  18 31  0.00     2.3743293018      13.673720501  
2020 11 14  18 32  0.00     2.3743271886      13.673717343  
2020 11 14  18 33  0.00     2.3743250746      13.673714166  
2020 11 14  18 34  0.00     2.3743229599      13.673710970  
2020 11 14  18 35  0.00     2.3743208445      13.673707756  
2020 11 14  18 36  0.00     2.3743187283      13.673704523  
2020 11 14  18 37  0.00     2.3743166115      13.673701271  
2020 11 14  18 38  0.00     2.3743144939      13.673698000  
2020 11 14  18 39  0.00     2.3743123756      13.673694711  
2020 11 14  18 40  0.00     2.3743102566      13.673691402  
2020 11 14  18 41  0.00     2.3743081369      13.673688074  
2020 11 14  18 42  0.00     2.3743060165      13.673684727  
2020 11 14  18 43  0.00     2.3743038954      13.673681361  
2020 11 14  18 44  0.00     2.3743017736      13.673677976  
2020 11 14  18 45  0.00     2.3742996511      13.673674571  
2020 11 14  18 46  0.00     2.3742975280      13.673671147  
2020 11 14  18 47  0.00     2.3742954041      13.673667704  
2020 11 14  18 48  0.00     2.3742932796      13.673664241  
2020 11 14  18 49  0.00     2.3742911544      13.673660759  
2020 11 14  18 50  0.00     2.3742890285      13.673657257  
2020 11 14  18 51  0.00     2.3742869019      13.673653736  
2020 11 14  18 52  0.00     2.3742847747      13.673650195  
2020 11 14  18 53  0.00     2.3742826468      13.673646635  
2020 11 14  18 54  0.00     2.3742805183      13.673643055  
2020 11 14  18 55  0.00     2.3742783891      13.673639455  
2020 11 14  18 56  0.00     2.3742762592      13.673635835  
2020 11 14  18 57  0.00     2.3742741287      13.673632196  
2020 11 14  18 58  0.00     2.3742719976      13.673628536  
2020 11 14  18 59  0.00     2.3742698658      13.673624857  
2020 11 14  19  0  0.00     2.3742677334      13.673621157  
2020 11 14  19  1  0.00     2.3742656003      13.673617438  
2020 11 14  19  2  0.00     2.3742634666      13.673613699  
2020 11 14  19  3  0.00     2.3742613323      13.673609939  
2020 11 14  19  4  0.00     2.3742591974      13.673606159  
2020 11 14  19  5  0.00     2.3742570618      13.673602359  
2020 11 14  19  6  0.00     2.3742549257      13.673598539  
2020 11 14  19  7  0.00     2.3742527889      13.673594699  
2020 11 14  19  8  0.00     2.3742506515      13.673590838  
2020 11 14  19  9  0.00     2.3742485135      13.673586956  
2020 11 14  19 10  0.00     2.3742463749      13.673583055  
2020 11 14  19 11  0.00     2.3742442357      13.673579132  
2020 11 14  19 12  0.00     2.3742420959      13.673575190  
2020 11 14  19 13  0.00     2.3742399555      13.673571226  
2020 11 14  19 14  0.00     2.3742378146      13.673567242  
2020 11 14  19 15  0.00     2.3742356730      13.673563238  
2020 11 14  19 16  0.00     2.3742335309      13.673559213  
2020 11 14  19 17  0.00     2.3742313882      13.673555167  
2020 11 14  19 18  0.00     2.3742292449      13.673551100  
2020 11 14  19 19  0.00     2.3742271010      13.673547012  
2020 11 14  19 20  0.00     2.3742249566      13.673542904  
2020 11 14  19 21  0.00     2.3742228116      13.673538774  
2020 11 14  19 22  0.00     2.3742206661      13.673534624  
2020 11 14  19 23  0.00     2.3742185200      13.673530452  
2020 11 14  19 24  0.00     2.3742163734      13.673526260  
2020 11 14  19 25  0.00     2.3742142262      13.673522046  
2020 11 14  19 26  0.00     2.3742120785      13.673517812  
2020 11 14  19 27  0.00     2.3742099302      13.673513556  
2020 11 14  19 28  0.00     2.3742077814      13.673509279  
2020 11 14  19 29  0.00     2.3742056321      13.673504980  
2020 11 14  19 30  0.00     2.3742034822      13.673500661  
2020 11 14  19 31  0.00     2.3742013318      13.673496320  
2020 11 14  19 32  0.00     2.3741991809      13.673491957  
2020 11 14  19 33  0.00     2.3741970295      13.673487574  
2020 11 14  19 34  0.00     2.3741948776      13.673483169  
2020 11 14  19 35  0.00     2.3741927251      13.673478742  
2020 11 14  19 36  0.00     2.3741905722      13.673474294  
2020 11 14  19 37  0.00     2.3741884187      13.673469824  
2020 11 14  19 38  0.00     2.3741862647      13.673465332  
2020 11 14  19 39  0.00     2.3741841103      13.673460819  
2020 11 14  19 40  0.00     2.3741819554      13.673456285  
2020 11 14  19 41  0.00     2.3741797999      13.673451728  
2020 11 14  19 42  0.00     2.3741776440      13.673447150  
2020 11 14  19 43  0.00     2.3741754876      13.673442550  
2020 11 14  19 44  0.00     2.3741733308      13.673437928  
2020 11 14  19 45  0.00     2.3741711734      13.673433284  
2020 11 14  19 46  0.00     2.3741690156      13.673428619  
2020 11 14  19 47  0.00     2.3741668574      13.673423931  
2020 11 14  19 48  0.00     2.3741646986      13.673419221  
2020 11 14  19 49  0.00     2.3741625394      13.673414490  
2020 11 14  19 50  0.00     2.3741603798      13.673409736  
2020 11 14  19 51  0.00     2.3741582197      13.673404960  
2020 11 14  19 52  0.00     2.3741560592      13.673400162  
2020 11 14  19 53  0.00     2.3741538982      13.673395342  
2020 11 14  19 54  0.00     2.3741517368      13.673390500  
2020 11 14  19 55  0.00     2.3741495749      13.673385635  
2020 11 14  19 56  0.00     2.3741474126      13.673380749  
2020 11 14  19 57  0.00     2.3741452499      13.673375839  
2020 11 14  19 58  0.00     2.3741430868      13.673370908  
2020 11 14  19 59  0.00     2.3741409233      13.673365954  
2020 11 14  20  0  0.00     2.3741387593      13.673360978  
2020 11 14  20  1  0.00     2.3741365949      13.673355979  
2020 11 14  20  2  0.00     2.3741344301      13.673350958  
2020 11 14  20  3  0.00     2.3741322649      13.673345914  
2020 11 14  20  4  0.00     2.3741300994      13.673340848  
2020 11 14  20  5  0.00     2.3741279334      13.673335759  
2020 11 14  20  6  0.00     2.3741257670      13.673330647  
2020 11 14  20  7  0.00     2.3741236002      13.673325513  
2020 11 14  20  8  0.00     2.3741214331      13.673320356  
2020 11 14  20  9  0.00     2.3741192655      13.673315177  
2020 11 14  20 10  0.00     2.3741170976      13.673309975  
2020 11 14  20 11  0.00     2.3741149294      13.673304750  
2020 11 14  20 12  0.00     2.3741127607      13.673299502  
2020 11 14  20 13  0.00     2.3741105917      13.673294231  
2020 11 14  20 14  0.00     2.3741084223      13.673288937  
2020 11 14  20 15  0.00     2.3741062526      13.673283621  
2020 11 14  20 16  0.00     2.3741040825      13.673278281  
2020 11 14  20 17  0.00     2.3741019121      13.673272919  
2020 11 14  20 18  0.00     2.3740997413      13.673267534  
2020 11 14  20 19  0.00     2.3740975701      13.673262125  
2020 11 14  20 20  0.00     2.3740953987      13.673256694  
2020 11 14  20 21  0.00     2.3740932269      13.673251239  
2020 11 14  20 22  0.00     2.3740910547      13.673245762  
2020 11 14  20 23  0.00     2.3740888823      13.673240261  
2020 11 14  20 24  0.00     2.3740867095      13.673234737  
2020 11 14  20 25  0.00     2.3740845364      13.673229190  
2020 11 14  20 26  0.00     2.3740823630      13.673223619  
2020 11 14  20 27  0.00     2.3740801892      13.673218025  
2020 11 14  20 28  0.00     2.3740780152      13.673212408  
2020 11 14  20 29  0.00     2.3740758409      13.673206768  
2020 11 14  20 30  0.00     2.3740736662      13.673201104  
2020 11 14  20 31  0.00     2.3740714913      13.673195417  
2020 11 14  20 32  0.00     2.3740693160      13.673189707  
2020 11 14  20 33  0.00     2.3740671405      13.673183973  
2020 11 14  20 34  0.00     2.3740649647      13.673178216  
2020 11 14  20 35  0.00     2.3740627886      13.673172435  
2020 11 14  20 36  0.00     2.3740606123      13.673166631  
2020 11 14  20 37  0.00     2.3740584357      13.673160803  
2020 11 14  20 38  0.00     2.3740562587      13.673154952  
2020 11 14  20 39  0.00     2.3740540816      13.673149077  
2020 11 14  20 40  0.00     2.3740519042      13.673143178  
2020 11 14  20 41  0.00     2.3740497265      13.673137256  
2020 11 14  20 42  0.00     2.3740475485      13.673131310  
2020 11 14  20 43  0.00     2.3740453703      13.673125341  
2020 11 14  20 44  0.00     2.3740431919      13.673119347  
2020 11 14  20 45  0.00     2.3740410132      13.673113330  
2020 11 14  20 46  0.00     2.3740388343      13.673107290  
2020 11 14  20 47  0.00     2.3740366552      13.673101225  
2020 11 14  20 48  0.00     2.3740344758      13.673095137  
2020 11 14  20 49  0.00     2.3740322962      13.673089025  
2020 11 14  20 50  0.00     2.3740301163      13.673082889  
2020 11 14  20 51  0.00     2.3740279363      13.673076729  
---
2020 11 15  10 57  0.00     2.3724022049      13.661519769  
2020 11 15  10 58  0.00     2.3724006943      13.661505039  
2020 11 15  10 59  0.00     2.3723991846      13.661490325  
2020 11 15  11  0  0.00     2.3723976756      13.661475628  
2020 11 15  11  1  0.00     2.3723961674      13.661460947  
2020 11 15  11  2  0.00     2.3723946600      13.661446283  
2020 11 15  11  3  0.00     2.3723931533      13.661431635  
2020 11 15  11  4  0.00     2.3723916475      13.661417003  
2020 11 15  11  5  0.00     2.3723901424      13.661402388  
2020 11 15  11  6  0.00     2.3723886381      13.661387790  
2020 11 15  11  7  0.00     2.3723871346      13.661373209  
2020 11 15  11  8  0.00     2.3723856318      13.661358644  
2020 11 15  11  9  0.00     2.3723841298      13.661344096  
2020 11 15  11 10  0.00     2.3723826285      13.661329565  
2020 11 15  11 11  0.00     2.3723811281      13.661315051  
2020 11 15  11 12  0.00     2.3723796283      13.661300554  
2020 11 15  11 13  0.00     2.3723781294      13.661286074  
2020 11 15  11 14  0.00     2.3723766311      13.661271611  
2020 11 15  11 15  0.00     2.3723751337      13.661257165  
2020 11 15  11 16  0.00     2.3723736369      13.661242736  
2020 11 15  11 17  0.00     2.3723721410      13.661228325  
2020 11 15  11 18  0.00     2.3723706457      13.661213931  
2020 11 15  11 19  0.00     2.3723691512      13.661199554  
2020 11 15  11 20  0.00     2.3723676575      13.661185195  
2020 11 15  11 21  0.00     2.3723661645      13.661170853  
2020 11 15  11 22  0.00     2.3723646722      13.661156529  
2020 11 15  11 23  0.00     2.3723631806      13.661142222  
2020 11 15  11 24  0.00     2.3723616898      13.661127933  
2020 11 15  11 25  0.00     2.3723601997      13.661113662  
2020 11 15  11 26  0.00     2.3723587103      13.661099408  
2020 11 15  11 27  0.00     2.3723572216      13.661085173  
2020 11 15  11 28  0.00     2.3723557337      13.661070955  
2020 11 15  11 29  0.00     2.3723542465      13.661056755  
2020 11 15  11 30  0.00     2.3723527599      13.661042572  
2020 11 15  11 31  0.00     2.3723512741      13.661028408  
2020 11 15  11 32  0.00     2.3723497890      13.661014262  
2020 11 15  11 33  0.00     2.3723483046      13.661000134  
2020 11 15  11 34  0.00     2.3723468209      13.660986025  
2020 11 15  11 35  0.00     2.3723453379      13.660971933  
2020 11 15  11 36  0.00     2.3723438556      13.660957860  
2020 11 15  11 37  0.00     2.3723423740      13.660943805  
2020 11 15  11 38  0.00     2.3723408931      13.660929768  
2020 11 15  11 39  0.00     2.3723394129      13.660915750  
2020 11 15  11 40  0.00     2.3723379333      13.660901750  
2020 11 15  11 41  0.00     2.3723364545      13.660887768  
2020 11 15  11 42  0.00     2.3723349763      13.660873806  
2020 11 15  11 43  0.00     2.3723334988      13.660859861  
2020 11 15  11 44  0.00     2.3723320220      13.660845936  
2020 11 15  11 45  0.00     2.3723305458      13.660832029  
2020 11 15  11 46  0.00     2.3723290703      13.660818141  
2020 11 15  11 47  0.00     2.3723275955      13.660804272  
2020 11 15  11 48  0.00     2.3723261214      13.660790422  
2020 11 15  11 49  0.00     2.3723246479      13.660776590  
2020 11 15  11 50  0.00     2.3723231750      13.660762778  
2020 11 15  11 51  0.00     2.3723217029      13.660748984  
2020 11 15  11 52  0.00     2.3723202313      13.660735210  
2020 11 15  11 53  0.00     2.3723187605      13.660721454  
2020 11 15  11 54  0.00     2.3723172902      13.660707718  
2020 11 15  11 55  0.00     2.3723158207      13.660694001  
2020 11 15  11 56  0.00     2.3723143517      13.660680303  
2020 11 15  11 57  0.00     2.3723128834      13.660666624  
2020 11 15  11 58  0.00     2.3723114158      13.660652965  
2020 11 15  11 59  0.00     2.3723099488      13.660639325  
2020 11 15  12  0  0.00     2.3723084824      13.660625705  
2020 11 15  12  1  0.00     2.3723070166      13.660612104  
2020 11 15  12  2  0.00     2.3723055515      13.660598523  
2020 11 15  12  3  0.00     2.3723040870      13.660584961  
2020 11 15  12  4  0.00     2.3723026231      13.660571419  
2020 11 15  12  5  0.00     2.3723011598      13.660557896  
2020 11 15  12  6  0.00     2.3722996972      13.660544393  
2020 11 15  12  7  0.00     2.3722982351      13.660530910  
2020 11 15  12  8  0.00     2.3722967737      13.660517447  
2020 11 15  12  9  0.00     2.3722953129      13.660504003  
2020 11 15  12 10  0.00     2.3722938526      13.660490580  
2020 11 15  12 11  0.00     2.3722923930      13.660477176  
2020 11 15  12 12  0.00     2.3722909340      13.660463792  
2020 11 15  12 13  0.00     2.3722894756      13.660450428  
2020 11 15  12 14  0.00     2.3722880178      13.660437085  
2020 11 15  12 15  0.00     2.3722865605      13.660423761  
2020 11 15  12 16  0.00     2.3722851039      13.660410458  
2020 11 15  12 17  0.00     2.3722836478      13.660397175  
2020 11 15  12 18  0.00     2.3722821923      13.660383912  
2020 11 15  12 19  0.00     2.3722807374      13.660370669  
2020 11 15  12 20  0.00     2.3722792831      13.660357447  
2020 11 15  12 21  0.00     2.3722778293      13.660344245  
2020 11 15  12 22  0.00     2.3722763761      13.660331063  
2020 11 15  12 23  0.00     2.3722749235      13.660317902  
2020 11 15  12 24  0.00     2.3722734714      13.660304761  
2020 11 15  12 25  0.00     2.3722720200      13.660291641  
2020 11 15  12 26  0.00     2.3722705690      13.660278542  
2020 11 15  12 27  0.00     2.3722691186      13.660265463  
2020 11 15  12 28  0.00     2.3722676688      13.660252404  
2020 11 15  12 29  0.00     2.3722662196      13.660239367  
2020 11 15  12 30  0.00     2.3722647708      13.660226350  
2020 11 15  12 31  0.00     2.3722633226      13.660213354  
2020 11 15  12 32  0.00     2.3722618750      13.660200379  
2020 11 15  12 33  0.00     2.3722604279      13.660187424  
2020 11 15  12 34  0.00     2.3722589813      13.660174491  
2020 11 15  12 35  0.00     2.3722575353      13.660161579  
2020 11 15  12 36  0.00     2.3722560898      13.660148687  
2020 11 15  12 37  0.00     2.3722546448      13.660135816  
2020 11 15  12 38  0.00     2.3722532004      13.660122967  
2020 11 15  12 39  0.00     2.3722517565      13.660110139  
2020 11 15  12 40  0.00     2.3722503131      13.660097331  
2020 11 15  12 41  0.00     2.3722488702      13.660084545  
2020 11 15  12 42  0.00     2.3722474278      13.660071781  
2020 11 15  12 43  0.00     2.3722459859      13.660059037  
2020 11 15  12 44  0.00     2.3722445446      13.660046315  
2020 11 15  12 45  0.00     2.3722431037      13.660033614  
2020 11 15  12 46  0.00     2.3722416634      13.660020934  
2020 11 15  12 47  0.00     2.3722402235      13.660008276  
2020 11 15  12 48  0.00     2.3722387842      13.659995640  
2020 11 15  12 49  0.00     2.3722373453      13.659983024  
2020 11 15  12 50  0.00     2.3722359069      13.659970431  
2020 11 15  12 51  0.00     2.3722344690      13.659957859  
2020 11 15  12 52  0.00     2.3722330316      13.659945308  
2020 11 15  12 53  0.00     2.3722315947      13.659932779  
2020 11 15  12 54  0.00     2.3722301582      13.659920272  
2020 11 15  12 55  0.00     2.3722287223      13.659907786  
2020 11 15  12 56  0.00     2.3722272868      13.659895323  
2020 11 15  12 57  0.00     2.3722258517      13.659882881  
2020 11 15  12 58  0.00     2.3722244172      13.659870460  
2020 11 15  12 59  0.00     2.3722229830      13.659858062  
2020 11 15  13  0  0.00     2.3722215494      13.659845686  
2020 11 15  13  1  0.00     2.3722201162      13.659833331  
2020 11 15  13  2  0.00     2.3722186835      13.659820999  
2020 11 15  13  3  0.00     2.3722172512      13.659808688  
2020 11 15  13  4  0.00     2.3722158194      13.659796399  
2020 11 15  13  5  0.00     2.3722143880      13.659784133  
2020 11 15  13  6  0.00     2.3722129570      13.659771888  
2020 11 15  13  7  0.00     2.3722115265      13.659759666  
2020 11 15  13  8  0.00     2.3722100964      13.659747466  
2020 11 15  13  9  0.00     2.3722086668      13.659735288  
2020 11 15  13 10  0.00     2.3722072376      13.659723132  
2020 11 15  13 11  0.00     2.3722058088      13.659710999  
2020 11 15  13 12  0.00     2.3722043804      13.659698888  
2020 11 15  13 13  0.00     2.3722029525      13.659686799  
2020 11 15  13 14  0.00     2.3722015250      13.659674732  
2020 11 15  13 15  0.00     2.3722000979      13.659662688  
2020 11 15  13 16  0.00     2.3721986712      13.659650666  
2020 11 15  13 17  0.00     2.3721972449      13.659638667  
2020 11 15  13 18  0.00     2.3721958190      13.659626690  
2020 11 15  13 19  0.00     2.3721943935      13.659614736  
2020 11 15  13 20  0.00     2.3721929684      13.659602804  
2020 11 15  13 21  0.00     2.3721915438      13.659590895  
2020 11 15  13 22  0.00     2.3721901195      13.659579009  
2020 11 15  13 23  0.00     2.3721886956      13.659567145  
2020 11 15  13 24  0.00     2.3721872720      13.659555303  
2020 11 15  13 25  0.00     2.3721858489      13.659543485  
2020 11 15  13 26  0.00     2.3721844262      13.659531689  
2020 11 15  13 27  0.00     2.3721830038      13.659519916  
2020 11 15  13 28  0.00     2.3721815818      13.659508166  
2020 11 15  13 29  0.00     2.3721801602      13.659496438  
2020 11 15  13 30  0.00     2.3721787389      13.659484734  
2020 11 15  13 31  0.00     2.3721773181      13.659473052  
2020 11 15  13 32  0.00     2.3721758975      13.659461393  
2020 11 15  13 33  0.00     2.3721744774      13.659449757  
2020 11 15  13 34  0.00     2.3721730576      13.659438144  
2020 11 15  13 35  0.00     2.3721716381      13.659426554  
2020 11 15  13 36  0.00     2.3721702190      13.659414987  
2020 11 15  13 37  0.00     2.3721688002      13.659403443  
2020 11 15  13 38  0.00     2.3721673818      13.659391922  
2020 11 15  13 39  0.00     2.3721659638      13.659380424  
2020 11 15  13 40  0.00     2.3721645460      13.659368950  
2020 11 15  13 41  0.00     2.3721631286      13.659357498  
2020 11 15  13 42  0.00     2.3721617116      13.659346070  
2020 11 15  13 43  0.00     2.3721602948      13.659334665  
2020 11 15  13 44  0.00     2.3721588784      13.659323283  
2020 11 15  13 45  0.00     2.3721574623      13.659311924  
2020 11 15  13 46  0.00     2.3721560465      13.659300589  
2020 11 15  13 47  0.00     2.3721546311      13.659289276  
2020 11 15  13 48  0.00     2.3721532160      13.659277988  
2020 11 15  13 49  0.00     2.3721518011      13.659266722  
2020 11 15  13 50  0.00     2.3721503866      13.659255480  
2020 11 15  13 51  0.00     2.3721489724      13.659244261  
2020 11 15  13 52  0.00     2.3721475585      13.659233066  
2020 11 15  13 53  0.00     2.3721461448      13.659221894  
2020 11 15  13 54  0.00     2.3721447315      13.659210746  
2020 11 15  13 55  0.00     2.3721433185      13.659199621  
2020 11 15  13 56  0.00     2.3721419057      13.659188520  
2020 11 15  13 57  0.00     2.3721404933      13.659177442  
2020 11 15  13 58  0.00     2.3721390811      13.659166388  
2020 11 15  13 59  0.00     2.3721376692      13.659155357  
2020 11 15  14  0  0.00     2.3721362576      13.659144350  
2020 11 15  14  1  0.00     2.3721348462      13.659133367  
2020 11 15  14  2  0.00     2.3721334351      13.659122407  
2020 11 15  14  3  0.00     2.3721320243      13.659111471  
2020 11 15  14  4  0.00     2.3721306137      13.659100559  
2020 11 15  14  5  0.00     2.3721292034      13.659089670  
2020 11 15  14  6  0.00     2.3721277934      13.659078805  
2020 11 15  14  7  0.00     2.3721263836      13.659067964  
2020 11 15  14  8  0.00     2.3721249741      13.659057147  
2020 11 15  14  9  0.00     2.3721235648      13.659046353  
2020 11 15  14 10  0.00     2.3721221558      13.659035584  
2020 11 15  14 11  0.00     2.3721207470      13.659024838  
2020 11 15  14 12  0.00     2.3721193384      13.659014116  
2020 11 15  14 13  0.00     2.3721179301      13.659003417  
2020 11 15  14 14  0.00     2.3721165220      13.658992743  
2020 11 15  14 15  0.00     2.3721151141      13.658982093  
2020 11 15  14 16  0.00     2.3721137064      13.658971466  
2020 11 15  14 17  0.00     2.3721122990      13.658960864  
2020 11 15  14 18  0.00     2.3721108918      13.658950286  
2020 11 15  14 19  0.00     2.3721094848      13.658939731  
2020 11 15  14 20  0.00     2.3721080780      13.658929201  
2020 11 15  14 21  0.00     2.3721066715      13.658918694  
2020 11 15  14 22  0.00     2.3721052651      13.658908212  
2020 11 15  14 23  0.00     2.3721038589      13.658897754  
2020 11 15  14 24  0.00     2.3721024530      13.658887319  
2020 11 15  14 25  0.00     2.3721010472      13.658876909  
2020 11 15  14 26  0.00     2.3720996417      13.658866523  
2020 11 15  14 27  0.00     2.3720982363      13.658856161  
2020 11 15  14 28  0.00     2.3720968311      13.658845823  
2020 11 15  14 29  0.00     2.3720954261      13.658835510  
2020 11 15  14 30  0.00     2.3720940212      13.658825221  
2020 11 15  14 31  0.00     2.3720926166      13.658814955  
2020 11 15  14 32  0.00     2.3720912121      13.658804714  
2020 11 15  14 33  0.00     2.3720898078      13.658794498  
2020 11 15  14 34  0.00     2.3720884037      13.658784305  
2020 11 15  14 35  0.00     2.3720869997      13.658774137  
2020 11 15  14 36  0.00     2.3720855959      13.658763993  
2020 11 15  14 37  0.00     2.3720841922      13.658753873  
2020 11 15  14 38  0.00     2.3720827887      13.658743778  
2020 11 15  14 39  0.00     2.3720813854      13.658733706  
2020 11 15  14 40  0.00     2.3720799822      13.658723660  
2020 11 15  14 41  0.00     2.3720785791      13.658713637  
2020 11 15  14 42  0.00     2.3720771762      13.658703639  
2020 11 15  14 43  0.00     2.3720757734      13.658693665  
2020 11 15  14 44  0.00     2.3720743708      13.658683716  
2020 11 15  14 45  0.00     2.3720729683      13.658673791  
2020 11 15  14 46  0.00     2.3720715659      13.658663890  
2020 11 15  14 47  0.00     2.3720701637      13.658654014  
2020 11 15  14 48  0.00     2.3720687615      13.658644162  
2020 11 15  14 49  0.00     2.3720673595      13.658634335  
2020 11 15  14 50  0.00     2.3720659576      13.658624532  
2020 11 15  14 51  0.00     2.3720645558      13.658614754  
2020 11 15  14 52  0.00     2.3720631542      13.658605000  
2020 11 15  14 53  0.00     2.3720617526      13.658595270  
2020 11 15  14 54  0.00     2.3720603512      13.658585565  
2020 11 15  14 55  0.00     2.3720589498      13.658575885  
2020 11 15  14 56  0.00     2.3720575485      13.658566229  
2020 11 15  14 57  0.00     2.3720561474      13.658556598  
2020 11 15  14 58  0.00     2.3720547463      13.658546991  
2020 11 15  14 59  0.00     2.3720533453      13.658537408  
2020 11 15  15  0  0.00     2.3720519444      13.658527850  
2020 11 15  15  1  0.00     2.3720505436      13.658518317  
2020 11 15  15  2  0.00     2.3720491428      13.658508808  
2020 11 15  15  3  0.00     2.3720477422      13.658499324  
2020 11 15  15  4  0.00     2.3720463416      13.658489865  
2020 11 15  15  5  0.00     2.3720449410      13.658480430  
2020 11 15  15  6  0.00     2.3720435406      13.658471019  
2020 11 15  15  7  0.00     2.3720421402      13.658461633  
2020 11 15  15  8  0.00     2.3720407398      13.658452272  
2020 11 15  15  9  0.00     2.3720393395      13.658442936  
2020 11 15  15 10  0.00     2.3720379393      13.658433624  
2020 11 15  15 11  0.00     2.3720365391      13.658424336  
2020 11 15  15 12  0.00     2.3720351390      13.658415074  
2020 11 15  15 13  0.00     2.3720337389      13.658405836  
2020 11 15  15 14  0.00     2.3720323388      13.658396622  
2020 11 15  15 15  0.00     2.3720309388      13.658387433  
2020 11 15  15 16  0.00     2.3720295388      13.658378269  
2020 11 15  15 17  0.00     2.3720281388      13.658369130  
2020 11 15  15 18  0.00     2.3720267389      13.658360015  
2020 11 15  15 19  0.00     2.3720253390      13.658350925  
2020 11 15  15 20  0.00     2.3720239391      13.658341860  
2020 11 15  15 21  0.00     2.3720225392      13.658332819  
2020 11 15  15 22  0.00     2.3720211393      13.658323803  
2020 11 15  15 23  0.00     2.3720197395      13.658314812  
2020 11 15  15 24  0.00     2.3720183396      13.658305845  
2020 11 15  15 25  0.00     2.3720169398      13.658296903  
2020 11 15  15 26  0.00     2.3720155400      13.658287986  
2020 11 15  15 27  0.00     2.3720141401      13.658279093  
2020 11 15  15 28  0.00     2.3720127403      13.658270225  
2020 11 15  15 29  0.00     2.3720113404      13.658261382  
2020 11 15  15 30  0.00     2.3720099405      13.658252563  
2020 11 15  15 31  0.00     2.3720085406      13.658243770  
2020 11 15  15 32  0.00     2.3720071407      13.658235001  
2020 11 15  15 33  0.00     2.3720057408      13.658226256  
2020 11 15  15 34  0.00     2.3720043409      13.658217537  
2020 11 15  15 35  0.00     2.3720029409      13.658208842  
2020 11 15  15 36  0.00     2.3720015409      13.658200172  
2020 11 15  15 37  0.00     2.3720001408      13.658191526  
2020 11 15  15 38  0.00     2.3719987407      13.658182905  
2020 11 15  15 39  0.00     2.3719973406      13.658174309  
2020 11 15  15 40  0.00     2.3719959404      13.658165738  
2020 11 15  15 41  0.00     2.3719945402      13.658157191  
2020 11 15  15 42  0.00     2.3719931399      13.658148669  
2020 11 15  15 43  0.00     2.3719917396      13.658140172  
2020 11 15  15 44  0.00     2.3719903392      13.658131700  
2020 11 15  15 45  0.00     2.3719889388      13.658123252  
2020 11 15  15 46  0.00     2.3719875383      13.658114829  
2020 11 15  15 47  0.00     2.3719861377      13.658106430  
2020 11 15  15 48  0.00     2.3719847371      13.658098057  
2020 11 15  15 49  0.00     2.3719833363      13.658089708  
2020 11 15  15 50  0.00     2.3719819355      13.658081383  
2020 11 15  15 51  0.00     2.3719805347      13.658073084  
2020 11 15  15 52  0.00     2.3719791337      13.658064809  
2020 11 15  15 53  0.00     2.3719777327      13.658056559  
2020 11 15  15 54  0.00     2.3719763315      13.658048333  
2020 11 15  15 55  0.00     2.3719749303      13.658040132  
2020 11 15  15 56  0.00     2.3719735290      13.658031956  
2020 11 15  15 57  0.00     2.3719721276      13.658023805  
2020 11 15  15 58  0.00     2.3719707261      13.658015678  
2020 11 15  15 59  0.00     2.3719693244      13.658007576  
2020 11 15  16  0  0.00     2.3719679227      13.657999498  
2020 11 15  16  1  0.00     2.3719665208      13.657991445  
2020 11 15  16  2  0.00     2.3719651189      13.657983417  
2020 11 15  16  3  0.00     2.3719637168      13.657975413  
2020 11 15  16  4  0.00     2.3719623146      13.657967435  
2020 11 15  16  5  0.00     2.3719609123      13.657959480  
2020 11 15  16  6  0.00     2.3719595098      13.657951551  
2020 11 15  16  7  0.00     2.3719581072      13.657943646  
2020 11 15  16  8  0.00     2.3719567045      13.657935765  
2020 11 15  16  9  0.00     2.3719553016      13.657927909  
2020 11 15  16 10  0.00     2.3719538986      13.657920078  
2020 11 15  16 11  0.00     2.3719524955      13.657912271  
2020 11 15  16 12  0.00     2.3719510922      13.657904489  
2020 11 15  16 13  0.00     2.3719496888      13.657896732  
2020 11 15  16 14  0.00     2.3719482852      13.657888999  
2020 11 15  16 15  0.00     2.3719468814      13.657881291  
2020 11 15  16 16  0.00     2.3719454775      13.657873607  
2020 11 15  16 17  0.00     2.3719440734      13.657865947  
2020 11 15  16 18  0.00     2.3719426692      13.657858313  
2020 11 15  16 19  0.00     2.3719412648      13.657850702  
2020 11 15  16 20  0.00     2.3719398602      13.657843117  
2020 11 15  16 21  0.00     2.3719384555      13.657835555  
2020 11 15  16 22  0.00     2.3719370505      13.657828019  
2020 11 15  16 23  0.00     2.3719356454      13.657820507  
2020 11 15  16 24  0.00     2.3719342401      13.657813019  
2020 11 15  16 25  0.00     2.3719328346      13.657805555  
2020 11 15  16 26  0.00     2.3719314289      13.657798117  
2020 11 15  16 27  0.00     2.3719300231      13.657790702  
2020 11 15  16 28  0.00     2.3719286170      13.657783312  
2020 11 15  16 29  0.00     2.3719272107      13.657775947  
2020 11 15  16 30  0.00     2.3719258042      13.657768605  
2020 11 15  16 31  0.00     2.3719243975      13.657761289  
2020 11 15  16 32  0.00     2.3719229906      13.657753996  
2020 11 15  16 33  0.00     2.3719215835      13.657746728  
2020 11 15  16 34  0.00     2.3719201762      13.657739485  
2020 11 15  16 35  0.00     2.3719187687      13.657732265  
2020 11 15  16 36  0.00     2.3719173609      13.657725070  
2020 11 15  16 37  0.00     2.3719159529      13.657717899  
2020 11 15  16 38  0.00     2.3719145447      13.657710753  
2020 11 15  16 39  0.00     2.3719131362      13.657703631  
2020 11 15  16 40  0.00     2.3719117275      13.657696533  
2020 11 15  16 41  0.00     2.3719103186      13.657689460  
2020 11 15  16 42  0.00     2.3719089094      13.657682410  
2020 11 15  16 43  0.00     2.3719075000      13.657675385  
2020 11 15  16 44  0.00     2.3719060903      13.657668384  
2020 11 15  16 45  0.00     2.3719046804      13.657661408  
2020 11 15  16 46  0.00     2.3719032702      13.657654455  
2020 11 15  16 47  0.00     2.3719018598      13.657647527  
2020 11 15  16 48  0.00     2.3719004491      13.657640622  
2020 11 15  16 49  0.00     2.3718990381      13.657633742  
2020 11 15  16 50  0.00     2.3718976269      13.657626886  
2020 11 15  16 51  0.00     2.3718962154      13.657620055  
2020 11 15  16 52  0.00     2.3718948036      13.657613247  
2020 11 15  16 53  0.00     2.3718933916      13.657606463  
2020 11 15  16 54  0.00     2.3718919793      13.657599704  
2020 11 15  16 55  0.00     2.3718905667      13.657592968  
2020 11 15  16 56  0.00     2.3718891538      13.657586256  
2020 11 15  16 57  0.00     2.3718877406      13.657579569  
2020 11 15  16 58  0.00     2.3718863271      13.657572905  
2020 11 15  16 59  0.00     2.3718849134      13.657566266  
2020 11 15  17  0  0.00     2.3718834993      13.657559650  
2020 11 15  17  1  0.00     2.3718820849      13.657553058  
2020 11 15  17  2  0.00     2.3718806703      13.657546490  
2020 11 15  17  3  0.00     2.3718792553      13.657539946  
2020 11 15  17  4  0.00     2.3718778400      13.657533426  
2020 11 15  17  5  0.00     2.3718764244      13.657526930  
2020 11 15  17  6  0.00     2.3718750085      13.657520458  
2020 11 15  17  7  0.00     2.3718735922      13.657514009  
2020 11 15  17  8  0.00     2.3718721757      13.657507584  
2020 11 15  17  9  0.00     2.3718707588      13.657501183  
2020 11 15  17 10  0.00     2.3718693416      13.657494806  
2020 11 15  17 11  0.00     2.3718679240      13.657488452  
2020 11 15  17 12  0.00     2.3718665061      13.657482122  
2020 11 15  17 13  0.00     2.3718650879      13.657475816  
2020 11 15  17 14  0.00     2.3718636694      13.657469533  
2020 11 15  17 15  0.00     2.3718622505      13.657463274  
2020 11 15  17 16  0.00     2.3718608312      13.657457039  
2020 11 15  17 17  0.00     2.3718594116      13.657450827  
2020 11 15  17 18  0.00     2.3718579916      13.657444639  
2020 11 15  17 19  0.00     2.3718565713      13.657438475  
2020 11 15  17 20  0.00     2.3718551507      13.657432334  
2020 11 15  17 21  0.00     2.3718537296      13.657426216  
2020 11 15  17 22  0.00     2.3718523082      13.657420122  
2020 11 15  17 23  0.00     2.3718508864      13.657414051  
2020 11 15  17 24  0.00     2.3718494643      13.657408004  
2020 11 15  17 25  0.00     2.3718480418      13.657401980  
2020 11 15  17 26  0.00     2.3718466189      13.657395980  
2020 11 15  17 27  0.00     2.3718451956      13.657390003  
2020 11 15  17 28  0.00     2.3718437720      13.657384049  
2020 11 15  17 29  0.00     2.3718423479      13.657378118  
2020 11 15  17 30  0.00     2.3718409235      13.657372211  
2020 11 15  17 31  0.00     2.3718394986      13.657366327  
2020 11 15  17 32  0.00     2.3718380734      13.657360467  
2020 11 15  17 33  0.00     2.3718366478      13.657354629  
2020 11 15  17 34  0.00     2.3718352218      13.657348815  
2020 11 15  17 35  0.00     2.3718337953      13.657343024  
2020 11 15  17 36  0.00     2.3718323685      13.657337256  
2020 11 15  17 37  0.00     2.3718309413      13.657331511  
2020 11 15  17 38  0.00     2.3718295136      13.657325789  
2020 11 15  17 39  0.00     2.3718280855      13.657320090  
2020 11 15  17 40  0.00     2.3718266570      13.657314414  
2020 11 15  17 41  0.00     2.3718252281      13.657308761  
2020 11 15  17 42  0.00     2.3718237987      13.657303132  
2020 11 15  17 43  0.00     2.3718223690      13.657297525  
2020 11 15  17 44  0.00     2.3718209388      13.657291941  
2020 11 15  17 45  0.00     2.3718195081      13.657286380  
2020 11 15  17 46  0.00     2.3718180770      13.657280841  
2020 11 15  17 47  0.00     2.3718166455      13.657275326  
2020 11 15  17 48  0.00     2.3718152136      13.657269833  
2020 11 15  17 49  0.00     2.3718137811      13.657264363  
2020 11 15  17 50  0.00     2.3718123483      13.657258916  
2020 11 15  17 51  0.00     2.3718109150      13.657253491  
2020 11 15  17 52  0.00     2.3718094812      13.657248090  
2020 11 15  17 53  0.00     2.3718080470      13.657242710  
2020 11 15  17 54  0.00     2.3718066123      13.657237354  
2020 11 15  17 55  0.00     2.3718051771      13.657232020  
2020 11 15  17 56  0.00     2.3718037415      13.657226708  
2020 11 15  17 57  0.00     2.3718023054      13.657221419  
2020 11 15  17 58  0.00     2.3718008689      13.657216153  
2020 11 15  17 59  0.00     2.3717994318      13.657210909  
2020 11 15  18  0  0.00     2.3717979943      13.657205687  
2020 11 15  18  1  0.00     2.3717965563      13.657200488  
2020 11 15  18  2  0.00     2.3717951178      13.657195311  
2020 11 15  18  3  0.00     2.3717936789      13.657190157  
2020 11 15  18  4  0.00     2.3717922394      13.657185024  
2020 11 15  18  5  0.00     2.3717907995      13.657179914  
2020 11 15  18  6  0.00     2.3717893590      13.657174827  
2020 11 15  18  7  0.00     2.3717879181      13.657169761  
2020 11 15  18  8  0.00     2.3717864766      13.657164718  
2020 11 15  18  9  0.00     2.3717850347      13.657159697  
2020 11 15  18 10  0.00     2.3717835922      13.657154697  
2020 11 15  18 11  0.00     2.3717821492      13.657149720  
2020 11 15  18 12  0.00     2.3717807058      13.657144765  
2020 11 15  18 13  0.00     2.3717792618      13.657139832  
2020 11 15  18 14  0.00     2.3717778172      13.657134921  
2020 11 15  18 15  0.00     2.3717763722      13.657130032  
2020 11 15  18 16  0.00     2.3717749266      13.657125164  
2020 11 15  18 17  0.00     2.3717734805      13.657120319  
2020 11 15  18 18  0.00     2.3717720339      13.657115495  
2020 11 15  18 19  0.00     2.3717705867      13.657110693  
2020 11 15  18 20  0.00     2.3717691391      13.657105913  
2020 11 15  18 21  0.00     2.3717676908      13.657101155  
2020 11 15  18 22  0.00     2.3717662420      13.657096418  
2020 11 15  18 23  0.00     2.3717647927      13.657091703  
2020 11 15  18 24  0.00     2.3717633429      13.657087009  
2020 11 15  18 25  0.00     2.3717618924      13.657082337  
2020 11 15  18 26  0.00     2.3717604415      13.657077687  
2020 11 15  18 27  0.00     2.3717589900      13.657073058  
2020 11 15  18 28  0.00     2.3717575379      13.657068450  
2020 11 15  18 29  0.00     2.3717560852      13.657063864  
2020 11 15  18 30  0.00     2.3717546320      13.657059299  
2020 11 15  18 31  0.00     2.3717531782      13.657054756  
2020 11 15  18 32  0.00     2.3717517239      13.657050234  
2020 11 15  18 33  0.00     2.3717502690      13.657045733  
2020 11 15  18 34  0.00     2.3717488135      13.657041253  
2020 11 15  18 35  0.00     2.3717473574      13.657036794  
2020 11 15  18 36  0.00     2.3717459008      13.657032357  
2020 11 15  18 37  0.00     2.3717444435      13.657027941  
2020 11 15  18 38  0.00     2.3717429857      13.657023546  
2020 11 15  18 39  0.00     2.3717415273      13.657019172  
2020 11 15  18 40  0.00     2.3717400683      13.657014818  
2020 11 15  18 41  0.00     2.3717386087      13.657010486  
2020 11 15  18 42  0.00     2.3717371485      13.657006175  
2020 11 15  18 43  0.00     2.3717356877      13.657001884  
2020 11 15  18 44  0.00     2.3717342263      13.656997615  
2020 11 15  18 45  0.00     2.3717327643      13.656993366  
2020 11 15  18 46  0.00     2.3717313017      13.656989138  
2020 11 15  18 47  0.00     2.3717298385      13.656984930  
2020 11 15  18 48  0.00     2.3717283747      13.656980743  
2020 11 15  18 49  0.00     2.3717269102      13.656976577  
2020 11 15  18 50  0.00     2.3717254451      13.656972432  
2020 11 15  18 51  0.00     2.3717239794      13.656968306  
2020 11 15  18 52  0.00     2.3717225131      13.656964202  
2020 11 15  18 53  0.00     2.3717210462      13.656960118  
2020 11 15  18 54  0.00     2.3717195786      13.656956054  
2020 11 15  18 55  0.00     2.3717181104      13.656952011  
2020 11 15  18 56  0.00     2.3717166416      13.656947987  
2020 11 15  18 57  0.00     2.3717151721      13.656943985  
2020 11 15  18 58  0.00     2.3717137020      13.656940002  
2020 11 15  18 59  0.00     2.3717122312      13.656936040  
2020 11 15  19  0  0.00     2.3717107598      13.656932097  
2020 11 15  19  1  0.00     2.3717092878      13.656928175  
2020 11 15  19  2  0.00     2.3717078151      13.656924273  
2020 11 15  19  3  0.00     2.3717063417      13.656920391  
2020 11 15  19  4  0.00     2.3717048677      13.656916529  
2020 11 15  19  5  0.00     2.3717033930      13.656912687  
2020 11 15  19  6  0.00     2.3717019177      13.656908864  
2020 11 15  19  7  0.00     2.3717004417      13.656905062  
2020 11 15  19  8  0.00     2.3716989651      13.656901279  
2020 11 15  19  9  0.00     2.3716974877      13.656897516  
2020 11 15  19 10  0.00     2.3716960097      13.656893773  
2020 11 15  19 11  0.00     2.3716945310      13.656890049  
2020 11 15  19 12  0.00     2.3716930517      13.656886345  
2020 11 15  19 13  0.00     2.3716915717      13.656882661  
2020 11 15  19 14  0.00     2.3716900910      13.656878996  
2020 11 15  19 15  0.00     2.3716886096      13.656875350  
2020 11 15  19 16  0.00     2.3716871275      13.656871724  
2020 11 15  19 17  0.00     2.3716856447      13.656868117  
2020 11 15  19 18  0.00     2.3716841612      13.656864530  
2020 11 15  19 19  0.00     2.3716826771      13.656860962  
2020 11 15  19 20  0.00     2.3716811922      13.656857413  
2020 11 15  19 21  0.00     2.3716797067      13.656853883  
2020 11 15  19 22  0.00     2.3716782204      13.656850372  
2020 11 15  19 23  0.00     2.3716767334      13.656846881  
2020 11 15  19 24  0.00     2.3716752458      13.656843408  
2020 11 15  19 25  0.00     2.3716737574      13.656839955  
2020 11 15  19 26  0.00     2.3716722683      13.656836520  
2020 11 15  19 27  0.00     2.3716707785      13.656833105  
2020 11 15  19 28  0.00     2.3716692880      13.656829708  
2020 11 15  19 29  0.00     2.3716677967      13.656826330  
2020 11 15  19 30  0.00     2.3716663047      13.656822970  
2020 11 15  19 31  0.00     2.3716648121      13.656819630  
2020 11 15  19 32  0.00     2.3716633186      13.656816308  
2020 11 15  19 33  0.00     2.3716618245      13.656813004  
2020 11 15  19 34  0.00     2.3716603296      13.656809719  
2020 11 15  19 35  0.00     2.3716588340      13.656806453  
2020 11 15  19 36  0.00     2.3716573376      13.656803205  
2020 11 15  19 37  0.00     2.3716558406      13.656799976  
2020 11 15  19 38  0.00     2.3716543427      13.656796764  
2020 11 15  19 39  0.00     2.3716528441      13.656793571  
2020 11 15  19 40  0.00     2.3716513448      13.656790397  
2020 11 15  19 41  0.00     2.3716498448      13.656787240  
2020 11 15  19 42  0.00     2.3716483439      13.656784102  
2020 11 15  19 43  0.00     2.3716468424      13.656780982  
2020 11 15  19 44  0.00     2.3716453400      13.656777879  
2020 11 15  19 45  0.00     2.3716438369      13.656774795  
2020 11 15  19 46  0.00     2.3716423331      13.656771729  
2020 11 15  19 47  0.00     2.3716408285      13.656768680  
2020 11 15  19 48  0.00     2.3716393231      13.656765650  
2020 11 15  19 49  0.00     2.3716378169      13.656762637  
2020 11 15  19 50  0.00     2.3716363100      13.656759642  
2020 11 15  19 51  0.00     2.3716348023      13.656756664  
2020 11 15  19 52  0.00     2.3716332939      13.656753704  
2020 11 15  19 53  0.00     2.3716317846      13.656750762  
2020 11 15  19 54  0.00     2.3716302746      13.656747837  
2020 11 15  19 55  0.00     2.3716287638      13.656744930  
2020 11 15  19 56  0.00     2.3716272522      13.656742040  
2020 11 15  19 57  0.00     2.3716257398      13.656739167  
2020 11 15  19 58  0.00     2.3716242267      13.656736312  
2020 11 15  19 59  0.00     2.3716227127      13.656733474  
2020 11 15  20  0  0.00     2.3716211979      13.656730653  
2020 11 15  20  1  0.00     2.3716196824      13.656727849  
2020 11 15  20  2  0.00     2.3716181661      13.656725062  
2020 11 15  20  3  0.00     2.3716166489      13.656722292  
2020 11 15  20  4  0.00     2.3716151310      13.656719540  
2020 11 15  20  5  0.00     2.3716136122      13.656716804  
2020 11 15  20  6  0.00     2.3716120927      13.656714085  
2020 11 15  20  7  0.00     2.3716105723      13.656711382  
2020 11 15  20  8  0.00     2.3716090511      13.656708697  
2020 11 15  20  9  0.00     2.3716075291      13.656706028  
2020 11 15  20 10  0.00     2.3716060063      13.656703376  
2020 11 15  20 11  0.00     2.3716044827      13.656700740  
2020 11 15  20 12  0.00     2.3716029582      13.656698121  
2020 11 15  20 13  0.00     2.3716014329      13.656695519  
2020 11 15  20 14  0.00     2.3715999069      13.656692932  
2020 11 15  20 15  0.00     2.3715983799      13.656690362  
2020 11 15  20 16  0.00     2.3715968522      13.656687809  
2020 11 15  20 17  0.00     2.3715953236      13.656685271  
2020 11 15  20 18  0.00     2.3715937942      13.656682750  
2020 11 15  20 19  0.00     2.3715922639      13.656680245  
2020 11 15  20 20  0.00     2.3715907328      13.656677756  
2020 11 15  20 21  0.00     2.3715892009      13.656675283  
2020 11 15  20 22  0.00     2.3715876681      13.656672826  
2020 11 15  20 23  0.00     2.3715861345      13.656670385  
2020 11 15  20 24  0.00     2.3715846000      13.656667959  
2020 11 15  20 25  0.00     2.3715830647      13.656665550  
2020 11 15  20 26  0.00     2.3715815286      13.656663156  
2020 11 15  20 27  0.00     2.3715799915      13.656660777  
2020 11 15  20 28  0.00     2.3715784537      13.656658415  
2020 11 15  20 29  0.00     2.3715769149      13.656656068  
2020 11 15  20 30  0.00     2.3715753753      13.656653736  
2020 11 15  20 31  0.00     2.3715738349      13.656651420  
2020 11 15  20 32  0.00     2.3715722936      13.656649119  
2020 11 15  20 33  0.00     2.3715707514      13.656646833  
2020 11 15  20 34  0.00     2.3715692084      13.656644563  
2020 11 15  20 35  0.00     2.3715676644      13.656642308  
2020 11 15  20 36  0.00     2.3715661196      13.656640067  
2020 11 15  20 37  0.00     2.3715645740      13.656637842  
2020 11 15  20 38  0.00     2.3715630274      13.656635632  
2020 11 15  20 39  0.00     2.3715614800      13.656633437  
2020 11 15  20 40  0.00     2.3715599317      13.656631257  
2020 11 15  20 41  0.00     2.3715583826      13.656629092  
2020 11 15  20 42  0.00     2.3715568325      13.656626941  
2020 11 15  20 43  0.00     2.3715552816      13.656624805  
2020 11 15  20 44  0.00     2.3715537297      13.656622684  
2020 11 15  20 45  0.00     2.3715521770      13.656620577  
2020 11 15  20 46  0.00     2.3715506234      13.656618485  
---
2020 11 16  10 53  0.00     2.3699021387      13.653241435  
2020 11 16  10 54  0.00     2.3699000026      13.653229548  
2020 11 16  10 55  0.00     2.3698978670      13.653217639  
2020 11 16  10 56  0.00     2.3698957318      13.653205707  
2020 11 16  10 57  0.00     2.3698935970      13.653193752  
2020 11 16  10 58  0.00     2.3698914626      13.653181774  
2020 11 16  10 59  0.00     2.3698893287      13.653169773  
2020 11 16  11  0  0.00     2.3698871952      13.653157750  
2020 11 16  11  1  0.00     2.3698850622      13.653145704  
2020 11 16  11  2  0.00     2.3698829296      13.653133635  
2020 11 16  11  3  0.00     2.3698807974      13.653121543  
2020 11 16  11  4  0.00     2.3698786658      13.653109430  
2020 11 16  11  5  0.00     2.3698765345      13.653097293  
2020 11 16  11  6  0.00     2.3698744038      13.653085134  
2020 11 16  11  7  0.00     2.3698722734      13.653072952  
2020 11 16  11  8  0.00     2.3698701436      13.653060748  
2020 11 16  11  9  0.00     2.3698680142      13.653048522  
2020 11 16  11 10  0.00     2.3698658853      13.653036273  
2020 11 16  11 11  0.00     2.3698637569      13.653024002  
2020 11 16  11 12  0.00     2.3698616290      13.653011709  
2020 11 16  11 13  0.00     2.3698595016      13.652999393  
2020 11 16  11 14  0.00     2.3698573746      13.652987055  
2020 11 16  11 15  0.00     2.3698552481      13.652974694  
2020 11 16  11 16  0.00     2.3698531222      13.652962312  
2020 11 16  11 17  0.00     2.3698509967      13.652949907  
2020 11 16  11 18  0.00     2.3698488717      13.652937480  
2020 11 16  11 19  0.00     2.3698467473      13.652925032  
2020 11 16  11 20  0.00     2.3698446233      13.652912561  
2020 11 16  11 21  0.00     2.3698424999      13.652900068  
2020 11 16  11 22  0.00     2.3698403770      13.652887553  
2020 11 16  11 23  0.00     2.3698382546      13.652875016  
2020 11 16  11 24  0.00     2.3698361327      13.652862457  
2020 11 16  11 25  0.00     2.3698340114      13.652849877  
2020 11 16  11 26  0.00     2.3698318906      13.652837274  
2020 11 16  11 27  0.00     2.3698297703      13.652824650  
2020 11 16  11 28  0.00     2.3698276506      13.652812004  
2020 11 16  11 29  0.00     2.3698255314      13.652799336  
2020 11 16  11 30  0.00     2.3698234128      13.652786647  
2020 11 16  11 31  0.00     2.3698212947      13.652773936  
2020 11 16  11 32  0.00     2.3698191771      13.652761203  
2020 11 16  11 33  0.00     2.3698170601      13.652748449  
2020 11 16  11 34  0.00     2.3698149437      13.652735673  
2020 11 16  11 35  0.00     2.3698128279      13.652722876  
2020 11 16  11 36  0.00     2.3698107126      13.652710057  
2020 11 16  11 37  0.00     2.3698085978      13.652697217  
2020 11 16  11 38  0.00     2.3698064837      13.652684356  
2020 11 16  11 39  0.00     2.3698043701      13.652671473  
2020 11 16  11 40  0.00     2.3698022571      13.652658569  
2020 11 16  11 41  0.00     2.3698001447      13.652645643  
2020 11 16  11 42  0.00     2.3697980329      13.652632697  
2020 11 16  11 43  0.00     2.3697959217      13.652619729  
2020 11 16  11 44  0.00     2.3697938111      13.652606740  
2020 11 16  11 45  0.00     2.3697917011      13.652593730  
2020 11 16  11 46  0.00     2.3697895916      13.652580699  
2020 11 16  11 47  0.00     2.3697874828      13.652567647  
2020 11 16  11 48  0.00     2.3697853746      13.652554574  
2020 11 16  11 49  0.00     2.3697832670      13.652541480  
2020 11 16  11 50  0.00     2.3697811600      13.652528365  
2020 11 16  11 51  0.00     2.3697790537      13.652515230  
2020 11 16  11 52  0.00     2.3697769479      13.652502073  
2020 11 16  11 53  0.00     2.3697748428      13.652488896  
2020 11 16  11 54  0.00     2.3697727383      13.652475698  
2020 11 16  11 55  0.00     2.3697706345      13.652462480  
2020 11 16  11 56  0.00     2.3697685313      13.652449240  
2020 11 16  11 57  0.00     2.3697664287      13.652435980  
2020 11 16  11 58  0.00     2.3697643268      13.652422700  
2020 11 16  11 59  0.00     2.3697622255      13.652409399  
2020 11 16  12  0  0.00     2.3697601249      13.652396078  
2020 11 16  12  1  0.00     2.3697580249      13.652382736  
2020 11 16  12  2  0.00     2.3697559256      13.652369374  
2020 11 16  12  3  0.00     2.3697538269      13.652355992  
2020 11 16  12  4  0.00     2.3697517289      13.652342589  
2020 11 16  12  5  0.00     2.3697496316      13.652329166  
2020 11 16  12  6  0.00     2.3697475349      13.652315723  
2020 11 16  12  7  0.00     2.3697454390      13.652302259  
2020 11 16  12  8  0.00     2.3697433436      13.652288776  
2020 11 16  12  9  0.00     2.3697412490      13.652275272  
2020 11 16  12 10  0.00     2.3697391551      13.652261749  
2020 11 16  12 11  0.00     2.3697370618      13.652248206  
2020 11 16  12 12  0.00     2.3697349693      13.652234642  
2020 11 16  12 13  0.00     2.3697328774      13.652221059  
2020 11 16  12 14  0.00     2.3697307862      13.652207456  
2020 11 16  12 15  0.00     2.3697286958      13.652193833  
2020 11 16  12 16  0.00     2.3697266060      13.652180191  
2020 11 16  12 17  0.00     2.3697245169      13.652166528  
2020 11 16  12 18  0.00     2.3697224286      13.652152847  
2020 11 16  12 19  0.00     2.3697203409      13.652139145  
2020 11 16  12 20  0.00     2.3697182540      13.652125424  
2020 11 16  12 21  0.00     2.3697161678      13.652111684  
2020 11 16  12 22  0.00     2.3697140824      13.652097924  
2020 11 16  12 23  0.00     2.3697119976      13.652084144  
2020 11 16  12 24  0.00     2.3697099136      13.652070346  
2020 11 16  12 25  0.00     2.3697078303      13.652056528  
2020 11 16  12 26  0.00     2.3697057478      13.652042690  
2020 11 16  12 27  0.00     2.3697036660      13.652028834  
2020 11 16  12 28  0.00     2.3697015849      13.652014958  
2020 11 16  12 29  0.00     2.3696995046      13.652001064  
2020 11 16  12 30  0.00     2.3696974251      13.651987150  
2020 11 16  12 31  0.00     2.3696953462      13.651973217  
2020 11 16  12 32  0.00     2.3696932682      13.651959265  
2020 11 16  12 33  0.00     2.3696911909      13.651945295  
2020 11 16  12 34  0.00     2.3696891144      13.651931305  
2020 11 16  12 35  0.00     2.3696870386      13.651917297  
2020 11 16  12 36  0.00     2.3696849636      13.651903270  
2020 11 16  12 37  0.00     2.3696828894      13.651889224  
2020 11 16  12 38  0.00     2.3696808159      13.651875160  
2020 11 16  12 39  0.00     2.3696787433      13.651861077  
2020 11 16  12 40  0.00     2.3696766714      13.651846975  
2020 11 16  12 41  0.00     2.3696746003      13.651832855  
2020 11 16  12 42  0.00     2.3696725300      13.651818717  
2020 11 16  12 43  0.00     2.3696704605      13.651804560  
2020 11 16  12 44  0.00     2.3696683917      13.651790384  
2020 11 16  12 45  0.00     2.3696663238      13.651776191  
2020 11 16  12 46  0.00     2.3696642567      13.651761979  
2020 11 16  12 47  0.00     2.3696621904      13.651747749  
2020 11 16  12 48  0.00     2.3696601249      13.651733501  
2020 11 16  12 49  0.00     2.3696580602      13.651719235  
2020 11 16  12 50  0.00     2.3696559963      13.651704951  
2020 11 16  12 51  0.00     2.3696539332      13.651690648  
2020 11 16  12 52  0.00     2.3696518710      13.651676328  
2020 11 16  12 53  0.00     2.3696498095      13.651661990  
2020 11 16  12 54  0.00     2.3696477489      13.651647634  
2020 11 16  12 55  0.00     2.3696456892      13.651633261  
2020 11 16  12 56  0.00     2.3696436302      13.651618870  
2020 11 16  12 57  0.00     2.3696415721      13.651604461  
2020 11 16  12 58  0.00     2.3696395148      13.651590034  
2020 11 16  12 59  0.00     2.3696374584      13.651575590  
2020 11 16  13  0  0.00     2.3696354028      13.651561129  
2020 11 16  13  1  0.00     2.3696333481      13.651546650  
2020 11 16  13  2  0.00     2.3696312942      13.651532153  
2020 11 16  13  3  0.00     2.3696292412      13.651517640  
2020 11 16  13  4  0.00     2.3696271890      13.651503109  
2020 11 16  13  5  0.00     2.3696251377      13.651488560  
2020 11 16  13  6  0.00     2.3696230873      13.651473995  
2020 11 16  13  7  0.00     2.3696210377      13.651459413  
2020 11 16  13  8  0.00     2.3696189890      13.651444813  
2020 11 16  13  9  0.00     2.3696169411      13.651430197  
2020 11 16  13 10  0.00     2.3696148941      13.651415563  
2020 11 16  13 11  0.00     2.3696128481      13.651400913  
2020 11 16  13 12  0.00     2.3696108028      13.651386246  
2020 11 16  13 13  0.00     2.3696087585      13.651371562  
2020 11 16  13 14  0.00     2.3696067151      13.651356862  
2020 11 16  13 15  0.00     2.3696046725      13.651342144  
2020 11 16  13 16  0.00     2.3696026309      13.651327411  
2020 11 16  13 17  0.00     2.3696005901      13.651312660  
2020 11 16  13 18  0.00     2.3695985502      13.651297893  
2020 11 16  13 19  0.00     2.3695965113      13.651283110  
2020 11 16  13 20  0.00     2.3695944732      13.651268311  
2020 11 16  13 21  0.00     2.3695924361      13.651253495  
2020 11 16  13 22  0.00     2.3695903998      13.651238663  
2020 11 16  13 23  0.00     2.3695883645      13.651223814  
2020 11 16  13 24  0.00     2.3695863301      13.651208950  
2020 11 16  13 25  0.00     2.3695842966      13.651194069  
2020 11 16  13 26  0.00     2.3695822640      13.651179173  
2020 11 16  13 27  0.00     2.3695802323      13.651164260  
2020 11 16  13 28  0.00     2.3695782016      13.651149332  
2020 11 16  13 29  0.00     2.3695761718      13.651134388  
2020 11 16  13 30  0.00     2.3695741430      13.651119428  
2020 11 16  13 31  0.00     2.3695721150      13.651104452  
2020 11 16  13 32  0.00     2.3695700881      13.651089461  
2020 11 16  13 33  0.00     2.3695680620      13.651074454  
2020 11 16  13 34  0.00     2.3695660369      13.651059432  
2020 11 16  13 35  0.00     2.3695640128      13.651044394  
2020 11 16  13 36  0.00     2.3695619896      13.651029340  
2020 11 16  13 37  0.00     2.3695599673      13.651014272  
2020 11 16  13 38  0.00     2.3695579460      13.650999188  
2020 11 16  13 39  0.00     2.3695559257      13.650984089  
2020 11 16  13 40  0.00     2.3695539063      13.650968974  
2020 11 16  13 41  0.00     2.3695518879      13.650953845  
2020 11 16  13 42  0.00     2.3695498704      13.650938700  
2020 11 16  13 43  0.00     2.3695478539      13.650923541  
2020 11 16  13 44  0.00     2.3695458384      13.650908367  
2020 11 16  13 45  0.00     2.3695438239      13.650893177  
2020 11 16  13 46  0.00     2.3695418103      13.650877973  
2020 11 16  13 47  0.00     2.3695397978      13.650862754  
2020 11 16  13 48  0.00     2.3695377862      13.650847521  
2020 11 16  13 49  0.00     2.3695357756      13.650832273  
2020 11 16  13 50  0.00     2.3695337659      13.650817010  
2020 11 16  13 51  0.00     2.3695317573      13.650801733  
2020 11 16  13 52  0.00     2.3695297497      13.650786442  
2020 11 16  13 53  0.00     2.3695277430      13.650771136  
2020 11 16  13 54  0.00     2.3695257374      13.650755816  
2020 11 16  13 55  0.00     2.3695237327      13.650740481  
2020 11 16  13 56  0.00     2.3695217291      13.650725133  
2020 11 16  13 57  0.00     2.3695197264      13.650709770  
2020 11 16  13 58  0.00     2.3695177248      13.650694393  
2020 11 16  13 59  0.00     2.3695157242      13.650679003  
2020 11 16  14  0  0.00     2.3695137246      13.650663598  
2020 11 16  14  1  0.00     2.3695117260      13.650648180  
2020 11 16  14  2  0.00     2.3695097285      13.650632747  
2020 11 16  14  3  0.00     2.3695077319      13.650617301  
2020 11 16  14  4  0.00     2.3695057364      13.650601842  
2020 11 16  14  5  0.00     2.3695037419      13.650586369  
2020 11 16  14  6  0.00     2.3695017484      13.650570882  
2020 11 16  14  7  0.00     2.3694997560      13.650555382  
2020 11 16  14  8  0.00     2.3694977646      13.650539868  
2020 11 16  14  9  0.00     2.3694957742      13.650524341  
2020 11 16  14 10  0.00     2.3694937849      13.650508801  
2020 11 16  14 11  0.00     2.3694917966      13.650493248  
2020 11 16  14 12  0.00     2.3694898094      13.650477681  
2020 11 16  14 13  0.00     2.3694878232      13.650462102  
2020 11 16  14 14  0.00     2.3694858381      13.650446509  
2020 11 16  14 15  0.00     2.3694838540      13.650430903  
2020 11 16  14 16  0.00     2.3694818710      13.650415285  
2020 11 16  14 17  0.00     2.3694798890      13.650399654  
2020 11 16  14 18  0.00     2.3694779081      13.650384010  
2020 11 16  14 19  0.00     2.3694759282      13.650368353  
2020 11 16  14 20  0.00     2.3694739494      13.650352684  
2020 11 16  14 21  0.00     2.3694719717      13.650337002  
2020 11 16  14 22  0.00     2.3694699950      13.650321308  
2020 11 16  14 23  0.00     2.3694680194      13.650305601  
2020 11 16  14 24  0.00     2.3694660449      13.650289882  
2020 11 16  14 25  0.00     2.3694640715      13.650274151  
2020 11 16  14 26  0.00     2.3694620991      13.650258408  
2020 11 16  14 27  0.00     2.3694601278      13.650242652  
2020 11 16  14 28  0.00     2.3694581576      13.650226884  
2020 11 16  14 29  0.00     2.3694561885      13.650211105  
2020 11 16  14 30  0.00     2.3694542205      13.650195313  
2020 11 16  14 31  0.00     2.3694522535      13.650179510  
2020 11 16  14 32  0.00     2.3694502877      13.650163694  
2020 11 16  14 33  0.00     2.3694483229      13.650147867  
2020 11 16  14 34  0.00     2.3694463593      13.650132029  
2020 11 16  14 35  0.00     2.3694443967      13.650116178  
2020 11 16  14 36  0.00     2.3694424353      13.650100317  
2020 11 16  14 37  0.00     2.3694404749      13.650084443  
2020 11 16  14 38  0.00     2.3694385157      13.650068559  
2020 11 16  14 39  0.00     2.3694365575      13.650052663  
2020 11 16  14 40  0.00     2.3694346005      13.650036756  
2020 11 16  14 41  0.00     2.3694326446      13.650020837  
2020 11 16  14 42  0.00     2.3694306898      13.650004908  
2020 11 16  14 43  0.00     2.3694287361      13.649988967  
2020 11 16  14 44  0.00     2.3694267835      13.649973016  
2020 11 16  14 45  0.00     2.3694248321      13.649957053  
2020 11 16  14 46  0.00     2.3694228817      13.649941080  
2020 11 16  14 47  0.00     2.3694209325      13.649925096  
2020 11 16  14 48  0.00     2.3694189844      13.649909102  
2020 11 16  14 49  0.00     2.3694170375      13.649893096  
2020 11 16  14 50  0.00     2.3694150917      13.649877080  
2020 11 16  14 51  0.00     2.3694131470      13.649861054  
2020 11 16  14 52  0.00     2.3694112034      13.649845017  
2020 11 16  14 53  0.00     2.3694092610      13.649828970  
2020 11 16  14 54  0.00     2.3694073198      13.649812913  
2020 11 16  14 55  0.00     2.3694053796      13.649796845  
2020 11 16  14 56  0.00     2.3694034407      13.649780768  
2020 11 16  14 57  0.00     2.3694015028      13.649764680  
2020 11 16  14 58  0.00     2.3693995661      13.649748582  
2020 11 16  14 59  0.00     2.3693976306      13.649732474  
2020 11 16  15  0  0.00     2.3693956962      13.649716357  
2020 11 16  15  1  0.00     2.3693937629      13.649700230  
2020 11 16  15  2  0.00     2.3693918309      13.649684093  
2020 11 16  15  3  0.00     2.3693898999      13.649667946  
2020 11 16  15  4  0.00     2.3693879702      13.649651790  
2020 11 16  15  5  0.00     2.3693860416      13.649635624  
2020 11 16  15  6  0.00     2.3693841141      13.649619449  
2020 11 16  15  7  0.00     2.3693821879      13.649603264  
2020 11 16  15  8  0.00     2.3693802627      13.649587071  
2020 11 16  15  9  0.00     2.3693783388      13.649570868  
2020 11 16  15 10  0.00     2.3693764160      13.649554656  
2020 11 16  15 11  0.00     2.3693744944      13.649538435  
2020 11 16  15 12  0.00     2.3693725740      13.649522204  
2020 11 16  15 13  0.00     2.3693706548      13.649505965  
2020 11 16  15 14  0.00     2.3693687367      13.649489718  
2020 11 16  15 15  0.00     2.3693668198      13.649473461  
2020 11 16  15 16  0.00     2.3693649041      13.649457196  
2020 11 16  15 17  0.00     2.3693629896      13.649440922  
2020 11 16  15 18  0.00     2.3693610763      13.649424639  
2020 11 16  15 19  0.00     2.3693591641      13.649408348  
2020 11 16  15 20  0.00     2.3693572532      13.649392049  
2020 11 16  15 21  0.00     2.3693553434      13.649375741  
2020 11 16  15 22  0.00     2.3693534349      13.649359425  
2020 11 16  15 23  0.00     2.3693515275      13.649343101  
2020 11 16  15 24  0.00     2.3693496213      13.649326768  
2020 11 16  15 25  0.00     2.3693477163      13.649310428  
2020 11 16  15 26  0.00     2.3693458125      13.649294080  
2020 11 16  15 27  0.00     2.3693439100      13.649277724  
2020 11 16  15 28  0.00     2.3693420086      13.649261360  
2020 11 16  15 29  0.00     2.3693401084      13.649244988  
2020 11 16  15 30  0.00     2.3693382095      13.649228608  
2020 11 16  15 31  0.00     2.3693363117      13.649212221  
2020 11 16  15 32  0.00     2.3693344152      13.649195827  
2020 11 16  15 33  0.00     2.3693325198      13.649179425  
2020 11 16  15 34  0.00     2.3693306257      13.649163015  
2020 11 16  15 35  0.00     2.3693287328      13.649146599  
2020 11 16  15 36  0.00     2.3693268411      13.649130175  
2020 11 16  15 37  0.00     2.3693249506      13.649113744  
2020 11 16  15 38  0.00     2.3693230614      13.649097306  
2020 11 16  15 39  0.00     2.3693211734      13.649080860  
2020 11 16  15 40  0.00     2.3693192866      13.649064408  
2020 11 16  15 41  0.00     2.3693174010      13.649047949  
2020 11 16  15 42  0.00     2.3693155166      13.649031484  
2020 11 16  15 43  0.00     2.3693136335      13.649015011  
2020 11 16  15 44  0.00     2.3693117516      13.648998532  
2020 11 16  15 45  0.00     2.3693098709      13.648982046  
2020 11 16  15 46  0.00     2.3693079915      13.648965554  
2020 11 16  15 47  0.00     2.3693061133      13.648949056  
2020 11 16  15 48  0.00     2.3693042363      13.648932551  
2020 11 16  15 49  0.00     2.3693023606      13.648916040  
2020 11 16  15 50  0.00     2.3693004861      13.648899523  
2020 11 16  15 51  0.00     2.3692986128      13.648882999  
2020 11 16  15 52  0.00     2.3692967408      13.648866470  
2020 11 16  15 53  0.00     2.3692948701      13.648849934  
2020 11 16  15 54  0.00     2.3692930005      13.648833393  
2020 11 16  15 55  0.00     2.3692911323      13.648816846  
2020 11 16  15 56  0.00     2.3692892652      13.648800293  
2020 11 16  15 57  0.00     2.3692873994      13.648783735  
2020 11 16  15 58  0.00     2.3692855349      13.648767171  
2020 11 16  15 59  0.00     2.3692836716      13.648750601  
2020 11 16  16  0  0.00     2.3692818096      13.648734026  
2020 11 16  16  1  0.00     2.3692799488      13.648717446  
2020 11 16  16  2  0.00     2.3692780893      13.648700860  
2020 11 16  16  3  0.00     2.3692762310      13.648684270  
2020 11 16  16  4  0.00     2.3692743740      13.648667674  
2020 11 16  16  5  0.00     2.3692725182      13.648651073  
2020 11 16  16  6  0.00     2.3692706637      13.648634467  
2020 11 16  16  7  0.00     2.3692688105      13.648617856  
2020 11 16  16  8  0.00     2.3692669585      13.648601240  
2020 11 16  16  9  0.00     2.3692651078      13.648584620  
2020 11 16  16 10  0.00     2.3692632583      13.648567995  
2020 11 16  16 11  0.00     2.3692614101      13.648551365  
2020 11 16  16 12  0.00     2.3692595632      13.648534731  
2020 11 16  16 13  0.00     2.3692577176      13.648518093  
2020 11 16  16 14  0.00     2.3692558732      13.648501450  
2020 11 16  16 15  0.00     2.3692540301      13.648484802  
2020 11 16  16 16  0.00     2.3692521883      13.648468151  
2020 11 16  16 17  0.00     2.3692503477      13.648451495  
2020 11 16  16 18  0.00     2.3692485084      13.648434836  
2020 11 16  16 19  0.00     2.3692466704      13.648418172  
2020 11 16  16 20  0.00     2.3692448337      13.648401505  
2020 11 16  16 21  0.00     2.3692429982      13.648384833  
2020 11 16  16 22  0.00     2.3692411640      13.648368158  
2020 11 16  16 23  0.00     2.3692393311      13.648351480  
2020 11 16  16 24  0.00     2.3692374995      13.648334797  
2020 11 16  16 25  0.00     2.3692356691      13.648318111  
2020 11 16  16 26  0.00     2.3692338401      13.648301422  
2020 11 16  16 27  0.00     2.3692320123      13.648284730  
2020 11 16  16 28  0.00     2.3692301858      13.648268034  
2020 11 16  16 29  0.00     2.3692283606      13.648251335  
2020 11 16  16 30  0.00     2.3692265367      13.648234632  
2020 11 16  16 31  0.00     2.3692247140      13.648217927  
2020 11 16  16 32  0.00     2.3692228927      13.648201219  
2020 11 16  16 33  0.00     2.3692210726      13.648184508  
2020 11 16  16 34  0.00     2.3692192539      13.648167794  
2020 11 16  16 35  0.00     2.3692174364      13.648151077  
2020 11 16  16 36  0.00     2.3692156202      13.648134357  
2020 11 16  16 37  0.00     2.3692138053      13.648117635  
2020 11 16  16 38  0.00     2.3692119917      13.648100911  
2020 11 16  16 39  0.00     2.3692101794      13.648084184  
2020 11 16  16 40  0.00     2.3692083684      13.648067455  
2020 11 16  16 41  0.00     2.3692065587      13.648050723  
2020 11 16  16 42  0.00     2.3692047503      13.648033989  
2020 11 16  16 43  0.00     2.3692029431      13.648017253  
2020 11 16  16 44  0.00     2.3692011373      13.648000516  
2020 11 16  16 45  0.00     2.3691993328      13.647983776  
2020 11 16  16 46  0.00     2.3691975296      13.647967034  
2020 11 16  16 47  0.00     2.3691957277      13.647950290  
2020 11 16  16 48  0.00     2.3691939270      13.647933545  
2020 11 16  16 49  0.00     2.3691921277      13.647916798  
2020 11 16  16 50  0.00     2.3691903297      13.647900049  
2020 11 16  16 51  0.00     2.3691885330      13.647883299  
2020 11 16  16 52  0.00     2.3691867376      13.647866548  
2020 11 16  16 53  0.00     2.3691849435      13.647849795  
2020 11 16  16 54  0.00     2.3691831507      13.647833041  
2020 11 16  16 55  0.00     2.3691813592      13.647816286  
2020 11 16  16 56  0.00     2.3691795690      13.647799529  
2020 11 16  16 57  0.00     2.3691777802      13.647782772  
2020 11 16  16 58  0.00     2.3691759926      13.647766013  
2020 11 16  16 59  0.00     2.3691742063      13.647749254  
2020 11 16  17  0  0.00     2.3691724214      13.647732494  
2020 11 16  17  1  0.00     2.3691706377      13.647715733  
2020 11 16  17  2  0.00     2.3691688554      13.647698972  
2020 11 16  17  3  0.00     2.3691670744      13.647682210  
2020 11 16  17  4  0.00     2.3691652947      13.647665447  
2020 11 16  17  5  0.00     2.3691635163      13.647648684  
2020 11 16  17  6  0.00     2.3691617392      13.647631921  
2020 11 16  17  7  0.00     2.3691599635      13.647615158  
2020 11 16  17  8  0.00     2.3691581890      13.647598394  
2020 11 16  17  9  0.00     2.3691564159      13.647581630  
2020 11 16  17 10  0.00     2.3691546441      13.647564867  
2020 11 16  17 11  0.00     2.3691528736      13.647548103  
2020 11 16  17 12  0.00     2.3691511044      13.647531339  
2020 11 16  17 13  0.00     2.3691493365      13.647514576  
2020 11 16  17 14  0.00     2.3691475699      13.647497813  
2020 11 16  17 15  0.00     2.3691458047      13.647481050  
2020 11 16  17 16  0.00     2.3691440408      13.647464288  
2020 11 16  17 17  0.00     2.3691422782      13.647447526  
2020 11 16  17 18  0.00     2.3691405169      13.647430765  
2020 11 16  17 19  0.00     2.3691387569      13.647414005  
2020 11 16  17 20  0.00     2.3691369982      13.647397245  
2020 11 16  17 21  0.00     2.3691352409      13.647380486  
2020 11 16  17 22  0.00     2.3691334849      13.647363728  
2020 11 16  17 23  0.00     2.3691317302      13.647346971  
2020 11 16  17 24  0.00     2.3691299768      13.647330216  
2020 11 16  17 25  0.00     2.3691282248      13.647313461  
2020 11 16  17 26  0.00     2.3691264740      13.647296708  
2020 11 16  17 27  0.00     2.3691247246      13.647279955  
2020 11 16  17 28  0.00     2.3691229765      13.647263205  
2020 11 16  17 29  0.00     2.3691212298      13.647246455  
2020 11 16  17 30  0.00     2.3691194843      13.647229708  
2020 11 16  17 31  0.00     2.3691177402      13.647212962  
2020 11 16  17 32  0.00     2.3691159974      13.647196217  
2020 11 16  17 33  0.00     2.3691142559      13.647179475  
2020 11 16  17 34  0.00     2.3691125157      13.647162734  
2020 11 16  17 35  0.00     2.3691107769      13.647145995  
2020 11 16  17 36  0.00     2.3691090394      13.647129258  
2020 11 16  17 37  0.00     2.3691073032      13.647112523  
2020 11 16  17 38  0.00     2.3691055683      13.647095791  
2020 11 16  17 39  0.00     2.3691038348      13.647079061  
2020 11 16  17 40  0.00     2.3691021025      13.647062333  
2020 11 16  17 41  0.00     2.3691003716      13.647045607  
2020 11 16  17 42  0.00     2.3690986421      13.647028884  
2020 11 16  17 43  0.00     2.3690969138      13.647012163  
2020 11 16  17 44  0.00     2.3690951869      13.646995445  
2020 11 16  17 45  0.00     2.3690934612      13.646978730  
2020 11 16  17 46  0.00     2.3690917370      13.646962018  
2020 11 16  17 47  0.00     2.3690900140      13.646945308  
2020 11 16  17 48  0.00     2.3690882923      13.646928602  
2020 11 16  17 49  0.00     2.3690865720      13.646911898  
2020 11 16  17 50  0.00     2.3690848530      13.646895198  
2020 11 16  17 51  0.00     2.3690831353      13.646878500  
2020 11 16  17 52  0.00     2.3690814190      13.646861806  
2020 11 16  17 53  0.00     2.3690797040      13.646845116  
2020 11 16  17 54  0.00     2.3690779902      13.646828428  
2020 11 16  17 55  0.00     2.3690762779      13.646811744  
2020 11 16  17 56  0.00     2.3690745668      13.646795064  
2020 11 16  17 57  0.00     2.3690728571      13.646778388  
2020 11 16  17 58  0.00     2.3690711486      13.646761715  
2020 11 16  17 59  0.00     2.3690694415      13.646745046  
2020 11 16  18  0  0.00     2.3690677358      13.646728381  
2020 11 16  18  1  0.00     2.3690660313      13.646711719  
2020 11 16  18  2  0.00     2.3690643282      13.646695062  
2020 11 16  18  3  0.00     2.3690626263      13.646678409  
2020 11 16  18  4  0.00     2.3690609259      13.646661760  
2020 11 16  18  5  0.00     2.3690592267      13.646645116  
2020 11 16  18  6  0.00     2.3690575288      13.646628475  
2020 11 16  18  7  0.00     2.3690558323      13.646611840  
2020 11 16  18  8  0.00     2.3690541371      13.646595208  
2020 11 16  18  9  0.00     2.3690524432      13.646578581  
2020 11 16  18 10  0.00     2.3690507506      13.646561959  
2020 11 16  18 11  0.00     2.3690490593      13.646545342  
2020 11 16  18 12  0.00     2.3690473694      13.646528729  
2020 11 16  18 13  0.00     2.3690456808      13.646512122  
2020 11 16  18 14  0.00     2.3690439935      13.646495519  
2020 11 16  18 15  0.00     2.3690423075      13.646478921  
2020 11 16  18 16  0.00     2.3690406228      13.646462329  
2020 11 16  18 17  0.00     2.3690389395      13.646445741  
2020 11 16  18 18  0.00     2.3690372574      13.646429159  
2020 11 16  18 19  0.00     2.3690355767      13.646412582  
2020 11 16  18 20  0.00     2.3690338973      13.646396011  
2020 11 16  18 21  0.00     2.3690322192      13.646379445  
2020 11 16  18 22  0.00     2.3690305424      13.646362885  
2020 11 16  18 23  0.00     2.3690288669      13.646346330  
2020 11 16  18 24  0.00     2.3690271928      13.646329781  
2020 11 16  18 25  0.00     2.3690255199      13.646313238  
2020 11 16  18 26  0.00     2.3690238484      13.646296701  
2020 11 16  18 27  0.00     2.3690221782      13.646280170  
2020 11 16  18 28  0.00     2.3690205093      13.646263644  
2020 11 16  18 29  0.00     2.3690188417      13.646247125  
2020 11 16  18 30  0.00     2.3690171754      13.646230612  
2020 11 16  18 31  0.00     2.3690155104      13.646214106  
2020 11 16  18 32  0.00     2.3690138467      13.646197605  
2020 11 16  18 33  0.00     2.3690121844      13.646181112  
2020 11 16  18 34  0.00     2.3690105233      13.646164624  
2020 11 16  18 35  0.00     2.3690088636      13.646148143  
2020 11 16  18 36  0.00     2.3690072051      13.646131669  
2020 11 16  18 37  0.00     2.3690055480      13.646115202  
2020 11 16  18 38  0.00     2.3690038921      13.646098741  
2020 11 16  18 39  0.00     2.3690022376      13.646082287  
2020 11 16  18 40  0.00     2.3690005844      13.646065840  
2020 11 16  18 41  0.00     2.3689989325      13.646049400  
2020 11 16  18 42  0.00     2.3689972818      13.646032968  
2020 11 16  18 43  0.00     2.3689956325      13.646016542  
2020 11 16  18 44  0.00     2.3689939845      13.646000124  
2020 11 16  18 45  0.00     2.3689923378      13.645983713  
2020 11 16  18 46  0.00     2.3689906923      13.645967309  
2020 11 16  18 47  0.00     2.3689890482      13.645950913  
2020 11 16  18 48  0.00     2.3689874054      13.645934524  
2020 11 16  18 49  0.00     2.3689857638      13.645918144  
2020 11 16  18 50  0.00     2.3689841236      13.645901770  
2020 11 16  18 51  0.00     2.3689824846      13.645885405  
2020 11 16  18 52  0.00     2.3689808470      13.645869047  
2020 11 16  18 53  0.00     2.3689792106      13.645852698  
2020 11 16  18 54  0.00     2.3689775756      13.645836356  
2020 11 16  18 55  0.00     2.3689759418      13.645820022  
2020 11 16  18 56  0.00     2.3689743093      13.645803697  
2020 11 16  18 57  0.00     2.3689726781      13.645787380  
2020 11 16  18 58  0.00     2.3689710482      13.645771071  
2020 11 16  18 59  0.00     2.3689694195      13.645754770  
2020 11 16  19  0  0.00     2.3689677922      13.645738478  
2020 11 16  19  1  0.00     2.3689661661      13.645722194  
2020 11 16  19  2  0.00     2.3689645414      13.645705919  
2020 11 16  19  3  0.00     2.3689629179      13.645689653  
2020 11 16  19  4  0.00     2.3689612957      13.645673395  
2020 11 16  19  5  0.00     2.3689596747      13.645657147  
2020 11 16  19  6  0.00     2.3689580551      13.645640907  
2020 11 16  19  7  0.00     2.3689564367      13.645624676  
2020 11 16  19  8  0.00     2.3689548196      13.645608454  
2020 11 16  19  9  0.00     2.3689532038      13.645592241  
2020 11 16  19 10  0.00     2.3689515893      13.645576038  
2020 11 16  19 11  0.00     2.3689499760      13.645559843  
2020 11 16  19 12  0.00     2.3689483640      13.645543658  
2020 11 16  19 13  0.00     2.3689467533      13.645527483  
2020 11 16  19 14  0.00     2.3689451438      13.645511317  
2020 11 16  19 15  0.00     2.3689435357      13.645495160  
2020 11 16  19 16  0.00     2.3689419287      13.645479013  
2020 11 16  19 17  0.00     2.3689403231      13.645462876  
2020 11 16  19 18  0.00     2.3689387187      13.645446748  
2020 11 16  19 19  0.00     2.3689371156      13.645430631  
2020 11 16  19 20  0.00     2.3689355137      13.645414523  
2020 11 16  19 21  0.00     2.3689339132      13.645398426  
2020 11 16  19 22  0.00     2.3689323138      13.645382338  
2020 11 16  19 23  0.00     2.3689307158      13.645366260  
2020 11 16  19 24  0.00     2.3689291189      13.645350193  
2020 11 16  19 25  0.00     2.3689275234      13.645334136  
2020 11 16  19 26  0.00     2.3689259291      13.645318090  
2020 11 16  19 27  0.00     2.3689243360      13.645302053  
2020 11 16  19 28  0.00     2.3689227442      13.645286028  
2020 11 16  19 29  0.00     2.3689211537      13.645270012  
2020 11 16  19 30  0.00     2.3689195644      13.645254008  
2020 11 16  19 31  0.00     2.3689179764      13.645238014  
2020 11 16  19 32  0.00     2.3689163896      13.645222031  
2020 11 16  19 33  0.00     2.3689148040      13.645206059  
2020 11 16  19 34  0.00     2.3689132197      13.645190098  
2020 11 16  19 35  0.00     2.3689116366      13.645174148  
2020 11 16  19 36  0.00     2.3689100548      13.645158208  
2020 11 16  19 37  0.00     2.3689084742      13.645142280  
2020 11 16  19 38  0.00     2.3689068949      13.645126364  
2020 11 16  19 39  0.00     2.3689053168      13.645110458  
2020 11 16  19 40  0.00     2.3689037399      13.645094564  
2020 11 16  19 41  0.00     2.3689021643      13.645078681  
2020 11 16  19 42  0.00     2.3689005899      13.645062810  
2020 11 16  19 43  0.00     2.3688990167      13.645046950  
2020 11 16  19 44  0.00     2.3688974448      13.645031102  
2020 11 16  19 45  0.00     2.3688958740      13.645015266  
2020 11 16  19 46  0.00     2.3688943046      13.644999441  
2020 11 16  19 47  0.00     2.3688927363      13.644983629  
2020 11 16  19 48  0.00     2.3688911692      13.644967828  
2020 11 16  19 49  0.00     2.3688896034      13.644952039  
2020 11 16  19 50  0.00     2.3688880388      13.644936262  
2020 11 16  19 51  0.00     2.3688864754      13.644920498  
2020 11 16  19 52  0.00     2.3688849133      13.644904745  
2020 11 16  19 53  0.00     2.3688833523      13.644889005  
2020 11 16  19 54  0.00     2.3688817926      13.644873277  
2020 11 16  19 55  0.00     2.3688802340      13.644857562  
2020 11 16  19 56  0.00     2.3688786767      13.644841859  
2020 11 16  19 57  0.00     2.3688771206      13.644826168  
2020 11 16  19 58  0.00     2.3688755657      13.644810491  
2020 11 16  19 59  0.00     2.3688740120      13.644794826  
2020 11 16  20  0  0.00     2.3688724595      13.644779173  
2020 11 16  20  1  0.00     2.3688709082      13.644763534  
2020 11 16  20  2  0.00     2.3688693581      13.644747907  
2020 11 16  20  3  0.00     2.3688678092      13.644732293  
2020 11 16  20  4  0.00     2.3688662615      13.644716693  
2020 11 16  20  5  0.00     2.3688647150      13.644701105  
2020 11 16  20  6  0.00     2.3688631697      13.644685531  
2020 11 16  20  7  0.00     2.3688616255      13.644669969  
2020 11 16  20  8  0.00     2.3688600826      13.644654421  
2020 11 16  20  9  0.00     2.3688585408      13.644638887  
2020 11 16  20 10  0.00     2.3688570003      13.644623366  
2020 11 16  20 11  0.00     2.3688554609      13.644607858  
2020 11 16  20 12  0.00     2.3688539227      13.644592364  
2020 11 16  20 13  0.00     2.3688523856      13.644576884  
2020 11 16  20 14  0.00     2.3688508498      13.644561417  
2020 11 16  20 15  0.00     2.3688493151      13.644545964  
2020 11 16  20 16  0.00     2.3688477816      13.644530525  
2020 11 16  20 17  0.00     2.3688462492      13.644515099  
2020 11 16  20 18  0.00     2.3688447181      13.644499688  
2020 11 16  20 19  0.00     2.3688431881      13.644484291  
2020 11 16  20 20  0.00     2.3688416592      13.644468908  
2020 11 16  20 21  0.00     2.3688401316      13.644453539  
2020 11 16  20 22  0.00     2.3688386050      13.644438184  
2020 11 16  20 23  0.00     2.3688370797      13.644422843  
2020 11 16  20 24  0.00     2.3688355555      13.644407517  
2020 11 16  20 25  0.00     2.3688340324      13.644392206  
2020 11 16  20 26  0.00     2.3688325106      13.644376908  
2020 11 16  20 27  0.00     2.3688309898      13.644361626  
2020 11 16  20 28  0.00     2.3688294702      13.644346358  
2020 11 16  20 29  0.00     2.3688279518      13.644331104  
2020 11 16  20 30  0.00     2.3688264345      13.644315866  
2020 11 16  20 31  0.00     2.3688249183      13.644300642  
2020 11 16  20 32  0.00     2.3688234033      13.644285433  
2020 11 16  20 33  0.00     2.3688218894      13.644270239  
2020 11 16  20 34  0.00     2.3688203766      13.644255060  
2020 11 16  20 35  0.00     2.3688188650      13.644239896  
2020 11 16  20 36  0.00     2.3688173545      13.644224748  
2020 11 16  20 37  0.00     2.3688158452      13.644209614  
2020 11 16  20 38  0.00     2.3688143369      13.644194496  
2020 11 16  20 39  0.00     2.3688128298      13.644179393  
2020 11 16  20 40  0.00     2.3688113238      13.644164305  
2020 11 16  20 41  0.00     2.3688098189      13.644149233  
2020 11 16  20 42  0.00     2.3688083152      13.644134177  
---
2020 11 17  10 48  0.00     2.3675710688      13.638935697  
2020 11 17  10 49  0.00     2.3675692380      13.638935346  
2020 11 17  10 50  0.00     2.3675674058      13.638934992  
2020 11 17  10 51  0.00     2.3675655722      13.638934634  
2020 11 17  10 52  0.00     2.3675637373      13.638934272  
2020 11 17  10 53  0.00     2.3675619010      13.638933906  
2020 11 17  10 54  0.00     2.3675600633      13.638933535  
2020 11 17  10 55  0.00     2.3675582243      13.638933160  
2020 11 17  10 56  0.00     2.3675563838      13.638932781  
2020 11 17  10 57  0.00     2.3675545421      13.638932397  
2020 11 17  10 58  0.00     2.3675526989      13.638932009  
2020 11 17  10 59  0.00     2.3675508544      13.638931616  
2020 11 17  11  0  0.00     2.3675490085      13.638931219  
2020 11 17  11  1  0.00     2.3675471612      13.638930816  
2020 11 17  11  2  0.00     2.3675453126      13.638930409  
2020 11 17  11  3  0.00     2.3675434626      13.638929997  
2020 11 17  11  4  0.00     2.3675416113      13.638929580  
2020 11 17  11  5  0.00     2.3675397586      13.638929158  
2020 11 17  11  6  0.00     2.3675379045      13.638928730  
2020 11 17  11  7  0.00     2.3675360491      13.638928297  
2020 11 17  11  8  0.00     2.3675341923      13.638927859  
2020 11 17  11  9  0.00     2.3675323342      13.638927416  
2020 11 17  11 10  0.00     2.3675304747      13.638926967  
2020 11 17  11 11  0.00     2.3675286138      13.638926513  
2020 11 17  11 12  0.00     2.3675267516      13.638926053  
2020 11 17  11 13  0.00     2.3675248881      13.638925587  
2020 11 17  11 14  0.00     2.3675230232      13.638925115  
2020 11 17  11 15  0.00     2.3675211569      13.638924638  
2020 11 17  11 16  0.00     2.3675192893      13.638924154  
2020 11 17  11 17  0.00     2.3675174204      13.638923665  
2020 11 17  11 18  0.00     2.3675155501      13.638923169  
2020 11 17  11 19  0.00     2.3675136785      13.638922667  
2020 11 17  11 20  0.00     2.3675118055      13.638922159  
2020 11 17  11 21  0.00     2.3675099312      13.638921645  
2020 11 17  11 22  0.00     2.3675080555      13.638921124  
2020 11 17  11 23  0.00     2.3675061785      13.638920596  
2020 11 17  11 24  0.00     2.3675043002      13.638920063  
2020 11 17  11 25  0.00     2.3675024205      13.638919522  
2020 11 17  11 26  0.00     2.3675005395      13.638918975  
2020 11 17  11 27  0.00     2.3674986572      13.638918421  
2020 11 17  11 28  0.00     2.3674967735      13.638917860  
2020 11 17  11 29  0.00     2.3674948885      13.638917292  
2020 11 17  11 30  0.00     2.3674930022      13.638916717  
2020 11 17  11 31  0.00     2.3674911145      13.638916134  
2020 11 17  11 32  0.00     2.3674892256      13.638915545  
2020 11 17  11 33  0.00     2.3674873353      13.638914949  
2020 11 17  11 34  0.00     2.3674854436      13.638914345  
2020 11 17  11 35  0.00     2.3674835507      13.638913733  
2020 11 17  11 36  0.00     2.3674816564      13.638913114  
2020 11 17  11 37  0.00     2.3674797608      13.638912488  
2020 11 17  11 38  0.00     2.3674778639      13.638911854  
2020 11 17  11 39  0.00     2.3674759657      13.638911212  
2020 11 17  11 40  0.00     2.3674740662      13.638910562  
2020 11 17  11 41  0.00     2.3674721654      13.638909905  
2020 11 17  11 42  0.00     2.3674702632      13.638909239  
2020 11 17  11 43  0.00     2.3674683598      13.638908566  
2020 11 17  11 44  0.00     2.3674664550      13.638907884  
2020 11 17  11 45  0.00     2.3674645489      13.638907194  
2020 11 17  11 46  0.00     2.3674626415      13.638906496  
2020 11 17  11 47  0.00     2.3674607329      13.638905790  
2020 11 17  11 48  0.00     2.3674588229      13.638905075  
2020 11 17  11 49  0.00     2.3674569116      13.638904352  
2020 11 17  11 50  0.00     2.3674549991      13.638903620  
2020 11 17  11 51  0.00     2.3674530852      13.638902879  
2020 11 17  11 52  0.00     2.3674511701      13.638902130  
2020 11 17  11 53  0.00     2.3674492536      13.638901372  
2020 11 17  11 54  0.00     2.3674473359      13.638900605  
2020 11 17  11 55  0.00     2.3674454169      13.638899829  
2020 11 17  11 56  0.00     2.3674434965      13.638899045  
2020 11 17  11 57  0.00     2.3674415750      13.638898251  
2020 11 17  11 58  0.00     2.3674396521      13.638897447  
2020 11 17  11 59  0.00     2.3674377279      13.638896635  
2020 11 17  12  0  0.00     2.3674358025      13.638895813  
2020 11 17  12  1  0.00     2.3674338758      13.638894982  
2020 11 17  12  2  0.00     2.3674319478      13.638894142  
2020 11 17  12  3  0.00     2.3674300186      13.638893292  
2020 11 17  12  4  0.00     2.3674280880      13.638892432  
2020 11 17  12  5  0.00     2.3674261563      13.638891563  
2020 11 17  12  6  0.00     2.3674242232      13.638890684  
2020 11 17  12  7  0.00     2.3674222889      13.638889795  
2020 11 17  12  8  0.00     2.3674203533      13.638888896  
2020 11 17  12  9  0.00     2.3674184165      13.638887987  
2020 11 17  12 10  0.00     2.3674164784      13.638887068  
2020 11 17  12 11  0.00     2.3674145390      13.638886139  
2020 11 17  12 12  0.00     2.3674125984      13.638885200  
2020 11 17  12 13  0.00     2.3674106565      13.638884250  
2020 11 17  12 14  0.00     2.3674087134      13.638883290  
2020 11 17  12 15  0.00     2.3674067690      13.638882320  
2020 11 17  12 16  0.00     2.3674048234      13.638881339  
2020 11 17  12 17  0.00     2.3674028766      13.638880348  
2020 11 17  12 18  0.00     2.3674009285      13.638879346  
2020 11 17  12 19  0.00     2.3673989791      13.638878333  
2020 11 17  12 20  0.00     2.3673970286      13.638877309  
2020 11 17  12 21  0.00     2.3673950768      13.638876275  
2020 11 17  12 22  0.00     2.3673931237      13.638875230  
2020 11 17  12 23  0.00     2.3673911694      13.638874173  
2020 11 17  12 24  0.00     2.3673892139      13.638873106  
2020 11 17  12 25  0.00     2.3673872572      13.638872027  
2020 11 17  12 26  0.00     2.3673852993      13.638870938  
2020 11 17  12 27  0.00     2.3673833401      13.638869837  
2020 11 17  12 28  0.00     2.3673813797      13.638868724  
2020 11 17  12 29  0.00     2.3673794181      13.638867600  
2020 11 17  12 30  0.00     2.3673774553      13.638866465  
2020 11 17  12 31  0.00     2.3673754912      13.638865318  
2020 11 17  12 32  0.00     2.3673735260      13.638864160  
2020 11 17  12 33  0.00     2.3673715595      13.638862989  
2020 11 17  12 34  0.00     2.3673695919      13.638861807  
2020 11 17  12 35  0.00     2.3673676230      13.638860613  
2020 11 17  12 36  0.00     2.3673656529      13.638859407  
2020 11 17  12 37  0.00     2.3673636817      13.638858189  
2020 11 17  12 38  0.00     2.3673617092      13.638856959  
2020 11 17  12 39  0.00     2.3673597355      13.638855717  
2020 11 17  12 40  0.00     2.3673577607      13.638854463  
2020 11 17  12 41  0.00     2.3673557846      13.638853196  
2020 11 17  12 42  0.00     2.3673538074      13.638851917  
2020 11 17  12 43  0.00     2.3673518290      13.638850626  
2020 11 17  12 44  0.00     2.3673498494      13.638849322  
2020 11 17  12 45  0.00     2.3673478686      13.638848006  
2020 11 17  12 46  0.00     2.3673458867      13.638846677  
2020 11 17  12 47  0.00     2.3673439036      13.638845335  
2020 11 17  12 48  0.00     2.3673419193      13.638843980  
2020 11 17  12 49  0.00     2.3673399338      13.638842613  
2020 11 17  12 50  0.00     2.3673379472      13.638841233  
2020 11 17  12 51  0.00     2.3673359594      13.638839839  
2020 11 17  12 52  0.00     2.3673339704      13.638838433  
2020 11 17  12 53  0.00     2.3673319803      13.638837013  
2020 11 17  12 54  0.00     2.3673299890      13.638835581  
2020 11 17  12 55  0.00     2.3673279966      13.638834135  
2020 11 17  12 56  0.00     2.3673260030      13.638832676  
2020 11 17  12 57  0.00     2.3673240083      13.638831203  
2020 11 17  12 58  0.00     2.3673220124      13.638829717  
2020 11 17  12 59  0.00     2.3673200154      13.638828218  
2020 11 17  13  0  0.00     2.3673180172      13.638826704  
2020 11 17  13  1  0.00     2.3673160179      13.638825177  
2020 11 17  13  2  0.00     2.3673140175      13.638823637  
2020 11 17  13  3  0.00     2.3673120159      13.638822083  
2020 11 17  13  4  0.00     2.3673100132      13.638820514  
2020 11 17  13  5  0.00     2.3673080094      13.638818932  
2020 11 17  13  6  0.00     2.3673060044      13.638817336  
2020 11 17  13  7  0.00     2.3673039984      13.638815726  
2020 11 17  13  8  0.00     2.3673019912      13.638814101  
2020 11 17  13  9  0.00     2.3672999829      13.638812463  
2020 11 17  13 10  0.00     2.3672979734      13.638810810  
2020 11 17  13 11  0.00     2.3672959629      13.638809143  
2020 11 17  13 12  0.00     2.3672939513      13.638807461  
2020 11 17  13 13  0.00     2.3672919385      13.638805765  
2020 11 17  13 14  0.00     2.3672899247      13.638804055  
2020 11 17  13 15  0.00     2.3672879097      13.638802330  
2020 11 17  13 16  0.00     2.3672858937      13.638800590  
2020 11 17  13 17  0.00     2.3672838765      13.638798836  
2020 11 17  13 18  0.00     2.3672818583      13.638797066  
2020 11 17  13 19  0.00     2.3672798390      13.638795282  
2020 11 17  13 20  0.00     2.3672778186      13.638793483  
2020 11 17  13 21  0.00     2.3672757971      13.638791669  
2020 11 17  13 22  0.00     2.3672737745      13.638789840  
2020 11 17  13 23  0.00     2.3672717509      13.638787996  
2020 11 17  13 24  0.00     2.3672697261      13.638786137  
2020 11 17  13 25  0.00     2.3672677003      13.638784262  
2020 11 17  13 26  0.00     2.3672656735      13.638782372  
2020 11 17  13 27  0.00     2.3672636456      13.638780467  
2020 11 17  13 28  0.00     2.3672616166      13.638778546  
2020 11 17  13 29  0.00     2.3672595865      13.638776610  
2020 11 17  13 30  0.00     2.3672575554      13.638774658  
2020 11 17  13 31  0.00     2.3672555233      13.638772691  
2020 11 17  13 32  0.00     2.3672534901      13.638770708  
2020 11 17  13 33  0.00     2.3672514558      13.638768709  
2020 11 17  13 34  0.00     2.3672494205      13.638766694  
2020 11 17  13 35  0.00     2.3672473842      13.638764664  
2020 11 17  13 36  0.00     2.3672453468      13.638762617  
2020 11 17  13 37  0.00     2.3672433084      13.638760555  
2020 11 17  13 38  0.00     2.3672412690      13.638758476  
2020 11 17  13 39  0.00     2.3672392285      13.638756382  
2020 11 17  13 40  0.00     2.3672371870      13.638754271  
2020 11 17  13 41  0.00     2.3672351445      13.638752144  
2020 11 17  13 42  0.00     2.3672331009      13.638750001  
2020 11 17  13 43  0.00     2.3672310564      13.638747841  
2020 11 17  13 44  0.00     2.3672290108      13.638745665  
2020 11 17  13 45  0.00     2.3672269642      13.638743472  
2020 11 17  13 46  0.00     2.3672249166      13.638741263  
2020 11 17  13 47  0.00     2.3672228681      13.638739037  
2020 11 17  13 48  0.00     2.3672208185      13.638736795  
2020 11 17  13 49  0.00     2.3672187679      13.638734536  
2020 11 17  13 50  0.00     2.3672167163      13.638732260  
2020 11 17  13 51  0.00     2.3672146637      13.638729967  
2020 11 17  13 52  0.00     2.3672126102      13.638727657  
2020 11 17  13 53  0.00     2.3672105556      13.638725331  
2020 11 17  13 54  0.00     2.3672085001      13.638722987  
2020 11 17  13 55  0.00     2.3672064436      13.638720626  
2020 11 17  13 56  0.00     2.3672043861      13.638718248  
2020 11 17  13 57  0.00     2.3672023277      13.638715853  
2020 11 17  13 58  0.00     2.3672002683      13.638713441  
2020 11 17  13 59  0.00     2.3671982079      13.638711011  
2020 11 17  14  0  0.00     2.3671961466      13.638708564  
2020 11 17  14  1  0.00     2.3671940843      13.638706099  
2020 11 17  14  2  0.00     2.3671920210      13.638703617  
2020 11 17  14  3  0.00     2.3671899568      13.638701117  
2020 11 17  14  4  0.00     2.3671878917      13.638698600  
2020 11 17  14  5  0.00     2.3671858256      13.638696065  
2020 11 17  14  6  0.00     2.3671837585      13.638693513  
2020 11 17  14  7  0.00     2.3671816906      13.638690942  
2020 11 17  14  8  0.00     2.3671796216      13.638688354  
2020 11 17  14  9  0.00     2.3671775518      13.638685748  
2020 11 17  14 10  0.00     2.3671754810      13.638683124  
2020 11 17  14 11  0.00     2.3671734093      13.638680481  
2020 11 17  14 12  0.00     2.3671713367      13.638677821  
2020 11 17  14 13  0.00     2.3671692632      13.638675143  
2020 11 17  14 14  0.00     2.3671671888      13.638672446  
2020 11 17  14 15  0.00     2.3671651134      13.638669732  
2020 11 17  14 16  0.00     2.3671630371      13.638666999  
2020 11 17  14 17  0.00     2.3671609600      13.638664247  
2020 11 17  14 18  0.00     2.3671588819      13.638661477  
2020 11 17  14 19  0.00     2.3671568029      13.638658689  
2020 11 17  14 20  0.00     2.3671547231      13.638655882  
2020 11 17  14 21  0.00     2.3671526423      13.638653057  
2020 11 17  14 22  0.00     2.3671505607      13.638650213  
2020 11 17  14 23  0.00     2.3671484782      13.638647350  
2020 11 17  14 24  0.00     2.3671463948      13.638644469  
2020 11 17  14 25  0.00     2.3671443105      13.638641569  
2020 11 17  14 26  0.00     2.3671422254      13.638638650  
2020 11 17  14 27  0.00     2.3671401394      13.638635712  
2020 11 17  14 28  0.00     2.3671380525      13.638632755  
2020 11 17  14 29  0.00     2.3671359648      13.638629779  
2020 11 17  14 30  0.00     2.3671338762      13.638626784  
2020 11 17  14 31  0.00     2.3671317867      13.638623770  
2020 11 17  14 32  0.00     2.3671296964      13.638620737  
2020 11 17  14 33  0.00     2.3671276053      13.638617685  
2020 11 17  14 34  0.00     2.3671255133      13.638614613  
2020 11 17  14 35  0.00     2.3671234204      13.638611522  
2020 11 17  14 36  0.00     2.3671213268      13.638608412  
2020 11 17  14 37  0.00     2.3671192323      13.638605282  
2020 11 17  14 38  0.00     2.3671171370      13.638602133  
2020 11 17  14 39  0.00     2.3671150408      13.638598964  
2020 11 17  14 40  0.00     2.3671129438      13.638595776  
2020 11 17  14 41  0.00     2.3671108460      13.638592568  
2020 11 17  14 42  0.00     2.3671087474      13.638589341  
2020 11 17  14 43  0.00     2.3671066480      13.638586093  
2020 11 17  14 44  0.00     2.3671045478      13.638582826  
2020 11 17  14 45  0.00     2.3671024468      13.638579539  
2020 11 17  14 46  0.00     2.3671003450      13.638576233  
2020 11 17  14 47  0.00     2.3670982423      13.638572906  
2020 11 17  14 48  0.00     2.3670961389      13.638569559  
2020 11 17  14 49  0.00     2.3670940347      13.638566192  
2020 11 17  14 50  0.00     2.3670919298      13.638562806  
2020 11 17  14 51  0.00     2.3670898240      13.638559399  
2020 11 17  14 52  0.00     2.3670877175      13.638555972  
2020 11 17  14 53  0.00     2.3670856101      13.638552524  
2020 11 17  14 54  0.00     2.3670835021      13.638549057  
2020 11 17  14 55  0.00     2.3670813932      13.638545569  
2020 11 17  14 56  0.00     2.3670792836      13.638542061  
2020 11 17  14 57  0.00     2.3670771732      13.638538532  
2020 11 17  14 58  0.00     2.3670750621      13.638534983  
2020 11 17  14 59  0.00     2.3670729503      13.638531414  
2020 11 17  15  0  0.00     2.3670708376      13.638527823  
2020 11 17  15  1  0.00     2.3670687243      13.638524213  
2020 11 17  15  2  0.00     2.3670666102      13.638520581  
2020 11 17  15  3  0.00     2.3670644953      13.638516929  
2020 11 17  15  4  0.00     2.3670623798      13.638513256  
2020 11 17  15  5  0.00     2.3670602635      13.638509563  
2020 11 17  15  6  0.00     2.3670581465      13.638505848  
2020 11 17  15  7  0.00     2.3670560288      13.638502113  
2020 11 17  15  8  0.00     2.3670539103      13.638498357  
2020 11 17  15  9  0.00     2.3670517911      13.638494579  
2020 11 17  15 10  0.00     2.3670496713      13.638490781  
2020 11 17  15 11  0.00     2.3670475507      13.638486962  
2020 11 17  15 12  0.00     2.3670454294      13.638483122  
2020 11 17  15 13  0.00     2.3670433075      13.638479260  
2020 11 17  15 14  0.00     2.3670411848      13.638475377  
2020 11 17  15 15  0.00     2.3670390615      13.638471473  
2020 11 17  15 16  0.00     2.3670369374      13.638467548  
2020 11 17  15 17  0.00     2.3670348127      13.638463602  
2020 11 17  15 18  0.00     2.3670326873      13.638459634  
2020 11 17  15 19  0.00     2.3670305613      13.638455644  
2020 11 17  15 20  0.00     2.3670284346      13.638451634  
2020 11 17  15 21  0.00     2.3670263072      13.638447601  
2020 11 17  15 22  0.00     2.3670241791      13.638443548  
2020 11 17  15 23  0.00     2.3670220504      13.638439472  
2020 11 17  15 24  0.00     2.3670199210      13.638435375  
2020 11 17  15 25  0.00     2.3670177910      13.638431256  
2020 11 17  15 26  0.00     2.3670156604      13.638427116  
2020 11 17  15 27  0.00     2.3670135291      13.638422954  
2020 11 17  15 28  0.00     2.3670113972      13.638418770  
2020 11 17  15 29  0.00     2.3670092646      13.638414564  
2020 11 17  15 30  0.00     2.3670071314      13.638410337  
2020 11 17  15 31  0.00     2.3670049976      13.638406087  
2020 11 17  15 32  0.00     2.3670028632      13.638401816  
2020 11 17  15 33  0.00     2.3670007281      13.638397522  
2020 11 17  15 34  0.00     2.3669985925      13.638393207  
2020 11 17  15 35  0.00     2.3669964562      13.638388869  
2020 11 17  15 36  0.00     2.3669943193      13.638384509  
2020 11 17  15 37  0.00     2.3669921818      13.638380128  
2020 11 17  15 38  0.00     2.3669900438      13.638375724  
2020 11 17  15 39  0.00     2.3669879051      13.638371297  
2020 11 17  15 40  0.00     2.3669857659      13.638366849  
2020 11 17  15 41  0.00     2.3669836260      13.638362378  
2020 11 17  15 42  0.00     2.3669814856      13.638357885  
2020 11 17  15 43  0.00     2.3669793446      13.638353369  
2020 11 17  15 44  0.00     2.3669772031      13.638348831  
2020 11 17  15 45  0.00     2.3669750610      13.638344271  
2020 11 17  15 46  0.00     2.3669729183      13.638339688  
2020 11 17  15 47  0.00     2.3669707750      13.638335083  
2020 11 17  15 48  0.00     2.3669686312      13.638330455  
2020 11 17  15 49  0.00     2.3669664869      13.638325804  
2020 11 17  15 50  0.00     2.3669643420      13.638321131  
2020 11 17  15 51  0.00     2.3669621965      13.638316435  
2020 11 17  15 52  0.00     2.3669600506      13.638311716  
2020 11 17  15 53  0.00     2.3669579040      13.638306975  
2020 11 17  15 54  0.00     2.3669557570      13.638302210  
2020 11 17  15 55  0.00     2.3669536094      13.638297423  
2020 11 17  15 56  0.00     2.3669514613      13.638292614  
2020 11 17  15 57  0.00     2.3669493127      13.638287781  
2020 11 17  15 58  0.00     2.3669471636      13.638282925  
2020 11 17  15 59  0.00     2.3669450140      13.638278046  
2020 11 17  16  0  0.00     2.3669428639      13.638273145  
2020 11 17  16  1  0.00     2.3669407132      13.638268220  
2020 11 17  16  2  0.00     2.3669385621      13.638263272  
2020 11 17  16  3  0.00     2.3669364105      13.638258302  
2020 11 17  16  4  0.00     2.3669342584      13.638253308  
2020 11 17  16  5  0.00     2.3669321058      13.638248290  
2020 11 17  16  6  0.00     2.3669299527      13.638243250  
2020 11 17  16  7  0.00     2.3669277992      13.638238187  
2020 11 17  16  8  0.00     2.3669256451      13.638233100  
2020 11 17  16  9  0.00     2.3669234907      13.638227990  
2020 11 17  16 10  0.00     2.3669213357      13.638222856  
2020 11 17  16 11  0.00     2.3669191803      13.638217699  
2020 11 17  16 12  0.00     2.3669170244      13.638212519  
2020 11 17  16 13  0.00     2.3669148681      13.638207316  
2020 11 17  16 14  0.00     2.3669127114      13.638202089  
2020 11 17  16 15  0.00     2.3669105542      13.638196838  
2020 11 17  16 16  0.00     2.3669083966      13.638191564  
2020 11 17  16 17  0.00     2.3669062385      13.638186267  
2020 11 17  16 18  0.00     2.3669040800      13.638180945  
2020 11 17  16 19  0.00     2.3669019211      13.638175601  
2020 11 17  16 20  0.00     2.3668997617      13.638170232  
2020 11 17  16 21  0.00     2.3668976020      13.638164840  
2020 11 17  16 22  0.00     2.3668954418      13.638159424  
2020 11 17  16 23  0.00     2.3668932813      13.638153985  
2020 11 17  16 24  0.00     2.3668911203      13.638148522  
2020 11 17  16 25  0.00     2.3668889589      13.638143035  
2020 11 17  16 26  0.00     2.3668867971      13.638137524  
2020 11 17  16 27  0.00     2.3668846350      13.638131989  
2020 11 17  16 28  0.00     2.3668824724      13.638126431  
2020 11 17  16 29  0.00     2.3668803095      13.638120849  
2020 11 17  16 30  0.00     2.3668781462      13.638115242  
2020 11 17  16 31  0.00     2.3668759826      13.638109612  
2020 11 17  16 32  0.00     2.3668738185      13.638103958  
2020 11 17  16 33  0.00     2.3668716541      13.638098280  
2020 11 17  16 34  0.00     2.3668694893      13.638092577  
2020 11 17  16 35  0.00     2.3668673242      13.638086851  
2020 11 17  16 36  0.00     2.3668651588      13.638081101  
2020 11 17  16 37  0.00     2.3668629929      13.638075326  
2020 11 17  16 38  0.00     2.3668608268      13.638069528  
2020 11 17  16 39  0.00     2.3668586603      13.638063705  
2020 11 17  16 40  0.00     2.3668564935      13.638057858  
2020 11 17  16 41  0.00     2.3668543263      13.638051987  
2020 11 17  16 42  0.00     2.3668521588      13.638046092  
2020 11 17  16 43  0.00     2.3668499910      13.638040172  
2020 11 17  16 44  0.00     2.3668478229      13.638034228  
2020 11 17  16 45  0.00     2.3668456545      13.638028260  
2020 11 17  16 46  0.00     2.3668434857      13.638022268  
2020 11 17  16 47  0.00     2.3668413167      13.638016251  
2020 11 17  16 48  0.00     2.3668391473      13.638010209  
2020 11 17  16 49  0.00     2.3668369777      13.638004144  
2020 11 17  16 50  0.00     2.3668348078      13.637998054  
2020 11 17  16 51  0.00     2.3668326376      13.637991939  
2020 11 17  16 52  0.00     2.3668304671      13.637985801  
2020 11 17  16 53  0.00     2.3668282963      13.637979637  
2020 11 17  16 54  0.00     2.3668261252      13.637973449  
2020 11 17  16 55  0.00     2.3668239539      13.637967237  
2020 11 17  16 56  0.00     2.3668217824      13.637961000  
2020 11 17  16 57  0.00     2.3668196105      13.637954738  
2020 11 17  16 58  0.00     2.3668174384      13.637948452  
2020 11 17  16 59  0.00     2.3668152661      13.637942141  
2020 11 17  17  0  0.00     2.3668130935      13.637935806  
2020 11 17  17  1  0.00     2.3668109207      13.637929446  
2020 11 17  17  2  0.00     2.3668087476      13.637923061  
2020 11 17  17  3  0.00     2.3668065743      13.637916652  
2020 11 17  17  4  0.00     2.3668044008      13.637910218  
2020 11 17  17  5  0.00     2.3668022271      13.637903759  
2020 11 17  17  6  0.00     2.3668000531      13.637897276  
2020 11 17  17  7  0.00     2.3667978789      13.637890767  
2020 11 17  17  8  0.00     2.3667957045      13.637884234  
2020 11 17  17  9  0.00     2.3667935299      13.637877676  
2020 11 17  17 10  0.00     2.3667913551      13.637871094  
2020 11 17  17 11  0.00     2.3667891801      13.637864486  
2020 11 17  17 12  0.00     2.3667870049      13.637857854  
2020 11 17  17 13  0.00     2.3667848295      13.637851197  
2020 11 17  17 14  0.00     2.3667826539      13.637844514  
2020 11 17  17 15  0.00     2.3667804782      13.637837807  
2020 11 17  17 16  0.00     2.3667783023      13.637831075  
2020 11 17  17 17  0.00     2.3667761262      13.637824319  
2020 11 17  17 18  0.00     2.3667739499      13.637817537  
2020 11 17  17 19  0.00     2.3667717735      13.637810730  
2020 11 17  17 20  0.00     2.3667695969      13.637803898  
2020 11 17  17 21  0.00     2.3667674202      13.637797041  
2020 11 17  17 22  0.00     2.3667652433      13.637790160  
2020 11 17  17 23  0.00     2.3667630662      13.637783253  
2020 11 17  17 24  0.00     2.3667608891      13.637776321  
2020 11 17  17 25  0.00     2.3667587118      13.637769364  
2020 11 17  17 26  0.00     2.3667565343      13.637762382  
2020 11 17  17 27  0.00     2.3667543568      13.637755375  
2020 11 17  17 28  0.00     2.3667521791      13.637748343  
2020 11 17  17 29  0.00     2.3667500013      13.637741285  
2020 11 17  17 30  0.00     2.3667478234      13.637734203  
2020 11 17  17 31  0.00     2.3667456453      13.637727095  
2020 11 17  17 32  0.00     2.3667434672      13.637719963  
2020 11 17  17 33  0.00     2.3667412890      13.637712805  
2020 11 17  17 34  0.00     2.3667391106      13.637705622  
2020 11 17  17 35  0.00     2.3667369322      13.637698413  
2020 11 17  17 36  0.00     2.3667347537      13.637691180  
2020 11 17  17 37  0.00     2.3667325751      13.637683921  
2020 11 17  17 38  0.00     2.3667303964      13.637676637  
2020 11 17  17 39  0.00     2.3667282177      13.637669328  
2020 11 17  17 40  0.00     2.3667260389      13.637661994  
2020 11 17  17 41  0.00     2.3667238600      13.637654634  
2020 11 17  17 42  0.00     2.3667216811      13.637647250  
2020 11 17  17 43  0.00     2.3667195021      13.637639839  
2020 11 17  17 44  0.00     2.3667173230      13.637632404  
2020 11 17  17 45  0.00     2.3667151439      13.637624943  
2020 11 17  17 46  0.00     2.3667129648      13.637617457  
2020 11 17  17 47  0.00     2.3667107856      13.637609946  
2020 11 17  17 48  0.00     2.3667086064      13.637602410  
2020 11 17  17 49  0.00     2.3667064271      13.637594848  
2020 11 17  17 50  0.00     2.3667042479      13.637587260  
2020 11 17  17 51  0.00     2.3667020686      13.637579648  
2020 11 17  17 52  0.00     2.3666998893      13.637572010  
2020 11 17  17 53  0.00     2.3666977100      13.637564346  
2020 11 17  17 54  0.00     2.3666955307      13.637556658  
2020 11 17  17 55  0.00     2.3666933513      13.637548944  
2020 11 17  17 56  0.00     2.3666911720      13.637541204  
2020 11 17  17 57  0.00     2.3666889927      13.637533440  
2020 11 17  17 58  0.00     2.3666868134      13.637525649  
2020 11 17  17 59  0.00     2.3666846341      13.637517834  
2020 11 17  18  0  0.00     2.3666824548      13.637509993  
2020 11 17  18  1  0.00     2.3666802756      13.637502126  
2020 11 17  18  2  0.00     2.3666780963      13.637494235  
2020 11 17  18  3  0.00     2.3666759171      13.637486317  
2020 11 17  18  4  0.00     2.3666737380      13.637478375  
2020 11 17  18  5  0.00     2.3666715589      13.637470407  
2020 11 17  18  6  0.00     2.3666693798      13.637462413  
2020 11 17  18  7  0.00     2.3666672008      13.637454394  
2020 11 17  18  8  0.00     2.3666650218      13.637446350  
2020 11 17  18  9  0.00     2.3666628429      13.637438280  
2020 11 17  18 10  0.00     2.3666606641      13.637430185  
2020 11 17  18 11  0.00     2.3666584853      13.637422064  
2020 11 17  18 12  0.00     2.3666563066      13.637413918  
2020 11 17  18 13  0.00     2.3666541280      13.637405746  
2020 11 17  18 14  0.00     2.3666519494      13.637397549  
2020 11 17  18 15  0.00     2.3666497710      13.637389327  
2020 11 17  18 16  0.00     2.3666475926      13.637381079  
2020 11 17  18 17  0.00     2.3666454143      13.637372805  
2020 11 17  18 18  0.00     2.3666432362      13.637364506  
2020 11 17  18 19  0.00     2.3666410581      13.637356182  
2020 11 17  18 20  0.00     2.3666388801      13.637347832  
2020 11 17  18 21  0.00     2.3666367023      13.637339457  
2020 11 17  18 22  0.00     2.3666345245      13.637331056  
2020 11 17  18 23  0.00     2.3666323469      13.637322630  
2020 11 17  18 24  0.00     2.3666301694      13.637314178  
2020 11 17  18 25  0.00     2.3666279920      13.637305701  
2020 11 17  18 26  0.00     2.3666258148      13.637297199  
2020 11 17  18 27  0.00     2.3666236377      13.637288671  
2020 11 17  18 28  0.00     2.3666214607      13.637280117  
2020 11 17  18 29  0.00     2.3666192839      13.637271538  
2020 11 17  18 30  0.00     2.3666171073      13.637262934  
2020 11 17  18 31  0.00     2.3666149308      13.637254304  
2020 11 17  18 32  0.00     2.3666127544      13.637245649  
2020 11 17  18 33  0.00     2.3666105782      13.637236968  
2020 11 17  18 34  0.00     2.3666084022      13.637228262  
2020 11 17  18 35  0.00     2.3666062264      13.637219530  
2020 11 17  18 36  0.00     2.3666040507      13.637210773  
2020 11 17  18 37  0.00     2.3666018753      13.637201990  
2020 11 17  18 38  0.00     2.3665997000      13.637193182  
2020 11 17  18 39  0.00     2.3665975249      13.637184349  
2020 11 17  18 40  0.00     2.3665953500      13.637175490  
2020 11 17  18 41  0.00     2.3665931752      13.637166606  
2020 11 17  18 42  0.00     2.3665910007      13.637157696  
2020 11 17  18 43  0.00     2.3665888264      13.637148761  
2020 11 17  18 44  0.00     2.3665866523      13.637139801  
2020 11 17  18 45  0.00     2.3665844785      13.637130815  
2020 11 17  18 46  0.00     2.3665823048      13.637121804  
2020 11 17  18 47  0.00     2.3665801314      13.637112767  
2020 11 17  18 48  0.00     2.3665779582      13.637103705  
2020 11 17  18 49  0.00     2.3665757852      13.637094617  
2020 11 17  18 50  0.00     2.3665736125      13.637085505  
2020 11 17  18 51  0.00     2.3665714400      13.637076366  
2020 11 17  18 52  0.00     2.3665692678      13.637067203  
2020 11 17  18 53  0.00     2.3665670958      13.637058014  
2020 11 17  18 54  0.00     2.3665649241      13.637048800  
2020 11 17  18 55  0.00     2.3665627526      13.637039560  
2020 11 17  18 56  0.00     2.3665605814      13.637030295  
2020 11 17  18 57  0.00     2.3665584104      13.637021005  
2020 11 17  18 58  0.00     2.3665562397      13.637011690  
2020 11 17  18 59  0.00     2.3665540694      13.637002349  
2020 11 17  19  0  0.00     2.3665518992      13.636992983  
2020 11 17  19  1  0.00     2.3665497294      13.636983592  
2020 11 17  19  2  0.00     2.3665475599      13.636974175  
2020 11 17  19  3  0.00     2.3665453906      13.636964733  
2020 11 17  19  4  0.00     2.3665432217      13.636955266  
2020 11 17  19  5  0.00     2.3665410530      13.636945773  
2020 11 17  19  6  0.00     2.3665388847      13.636936256  
2020 11 17  19  7  0.00     2.3665367166      13.636926713  
2020 11 17  19  8  0.00     2.3665345489      13.636917145  
2020 11 17  19  9  0.00     2.3665323815      13.636907552  
2020 11 17  19 10  0.00     2.3665302144      13.636897933  
2020 11 17  19 11  0.00     2.3665280477      13.636888290  
2020 11 17  19 12  0.00     2.3665258813      13.636878621  
2020 11 17  19 13  0.00     2.3665237152      13.636868927  
2020 11 17  19 14  0.00     2.3665215495      13.636859208  
2020 11 17  19 15  0.00     2.3665193841      13.636849464  
2020 11 17  19 16  0.00     2.3665172190      13.636839694  
2020 11 17  19 17  0.00     2.3665150543      13.636829900  
2020 11 17  19 18  0.00     2.3665128900      13.636820081  
2020 11 17  19 19  0.00     2.3665107260      13.636810236  
2020 11 17  19 20  0.00     2.3665085624      13.636800366  
2020 11 17  19 21  0.00     2.3665063991      13.636790472  
2020 11 17  19 22  0.00     2.3665042363      13.636780552  
2020 11 17  19 23  0.00     2.3665020738      13.636770607  
2020 11 17  19 24  0.00     2.3664999117      13.636760638  
2020 11 17  19 25  0.00     2.3664977499      13.636750643  
2020 11 17  19 26  0.00     2.3664955886      13.636740623  
2020 11 17  19 27  0.00     2.3664934277      13.636730579  
2020 11 17  19 28  0.00     2.3664912671      13.636720509  
2020 11 17  19 29  0.00     2.3664891070      13.636710415  
2020 11 17  19 30  0.00     2.3664869472      13.636700295  
2020 11 17  19 31  0.00     2.3664847879      13.636690151  
2020 11 17  19 32  0.00     2.3664826290      13.636679982  
2020 11 17  19 33  0.00     2.3664804705      13.636669788  
2020 11 17  19 34  0.00     2.3664783125      13.636659569  
2020 11 17  19 35  0.00     2.3664761548      13.636649325  
2020 11 17  19 36  0.00     2.3664739976      13.636639057  
2020 11 17  19 37  0.00     2.3664718408      13.636628764  
2020 11 17  19 38  0.00     2.3664696845      13.636618446  
2020 11 17  19 39  0.00     2.3664675286      13.636608103  
2020 11 17  19 40  0.00     2.3664653732      13.636597736  
2020 11 17  19 41  0.00     2.3664632182      13.636587343  
2020 11 17  19 42  0.00     2.3664610637      13.636576926  
2020 11 17  19 43  0.00     2.3664589096      13.636566485  
2020 11 17  19 44  0.00     2.3664567560      13.636556019  
2020 11 17  19 45  0.00     2.3664546028      13.636545528  
2020 11 17  19 46  0.00     2.3664524502      13.636535012  
2020 11 17  19 47  0.00     2.3664502980      13.636524472  
2020 11 17  19 48  0.00     2.3664481463      13.636513908  
2020 11 17  19 49  0.00     2.3664459950      13.636503318  
2020 11 17  19 50  0.00     2.3664438443      13.636492705  
2020 11 17  19 51  0.00     2.3664416941      13.636482067  
2020 11 17  19 52  0.00     2.3664395443      13.636471404  
2020 11 17  19 53  0.00     2.3664373951      13.636460717  
2020 11 17  19 54  0.00     2.3664352463      13.636450005  
2020 11 17  19 55  0.00     2.3664330981      13.636439269  
2020 11 17  19 56  0.00     2.3664309504      13.636428509  
2020 11 17  19 57  0.00     2.3664288032      13.636417724  
2020 11 17  19 58  0.00     2.3664266565      13.636406915  
2020 11 17  19 59  0.00     2.3664245103      13.636396081  
2020 11 17  20  0  0.00     2.3664223647      13.636385223  
2020 11 17  20  1  0.00     2.3664202196      13.636374341  
2020 11 17  20  2  0.00     2.3664180750      13.636363435  
2020 11 17  20  3  0.00     2.3664159310      13.636352504  
2020 11 17  20  4  0.00     2.3664137875      13.636341550  
2020 11 17  20  5  0.00     2.3664116446      13.636330571  
2020 11 17  20  6  0.00     2.3664095022      13.636319568  
2020 11 17  20  7  0.00     2.3664073604      13.636308540  
2020 11 17  20  8  0.00     2.3664052191      13.636297489  
2020 11 17  20  9  0.00     2.3664030784      13.636286413  
2020 11 17  20 10  0.00     2.3664009383      13.636275314  
2020 11 17  20 11  0.00     2.3663987987      13.636264190  
2020 11 17  20 12  0.00     2.3663966598      13.636253043  
2020 11 17  20 13  0.00     2.3663945214      13.636241871  
2020 11 17  20 14  0.00     2.3663923835      13.636230676  
2020 11 17  20 15  0.00     2.3663902463      13.636219456  
2020 11 17  20 16  0.00     2.3663881097      13.636208213  
2020 11 17  20 17  0.00     2.3663859736      13.636196946  
2020 11 17  20 18  0.00     2.3663838382      13.636185655  
2020 11 17  20 19  0.00     2.3663817033      13.636174340  
2020 11 17  20 20  0.00     2.3663795691      13.636163001  
2020 11 17  20 21  0.00     2.3663774355      13.636151639  
2020 11 17  20 22  0.00     2.3663753024      13.636140253  
2020 11 17  20 23  0.00     2.3663731701      13.636128843  
2020 11 17  20 24  0.00     2.3663710383      13.636117409  
2020 11 17  20 25  0.00     2.3663689071      13.636105952  
2020 11 17  20 26  0.00     2.3663667766      13.636094471  
2020 11 17  20 27  0.00     2.3663646467      13.636082967  
2020 11 17  20 28  0.00     2.3663625175      13.636071439  
2020 11 17  20 29  0.00     2.3663603889      13.636059887  
2020 11 17  20 30  0.00     2.3663582609      13.636048312  
2020 11 17  20 31  0.00     2.3663561336      13.636036714  
2020 11 17  20 32  0.00     2.3663540069      13.636025092  
2020 11 17  20 33  0.00     2.3663518809      13.636013447  
2020 11 17  20 34  0.00     2.3663497556      13.636001778  
2020 11 17  20 35  0.00     2.3663476309      13.635990086  
2020 11 17  20 36  0.00     2.3663455069      13.635978371  
2020 11 17  20 37  0.00     2.3663433835      13.635966632  
2020 11 17  20 38  0.00     2.3663412608      13.635954870  
---
2020 11 18  10 44  0.00     2.3649263872      13.623729855  
2020 11 18  10 45  0.00     2.3649250470      13.623720429  
2020 11 18  10 46  0.00     2.3649237068      13.623711027  
2020 11 18  10 47  0.00     2.3649223666      13.623701649  
2020 11 18  10 48  0.00     2.3649210264      13.623692297  
2020 11 18  10 49  0.00     2.3649196861      13.623682970  
2020 11 18  10 50  0.00     2.3649183458      13.623673667  
2020 11 18  10 51  0.00     2.3649170055      13.623664390  
2020 11 18  10 52  0.00     2.3649156652      13.623655137  
2020 11 18  10 53  0.00     2.3649143248      13.623645909  
2020 11 18  10 54  0.00     2.3649129844      13.623636706  
2020 11 18  10 55  0.00     2.3649116440      13.623627528  
2020 11 18  10 56  0.00     2.3649103035      13.623618375  
2020 11 18  10 57  0.00     2.3649089629      13.623609247  
2020 11 18  10 58  0.00     2.3649076223      13.623600144  
2020 11 18  10 59  0.00     2.3649062817      13.623591065  
2020 11 18  11  0  0.00     2.3649049410      13.623582012  
2020 11 18  11  1  0.00     2.3649036002      13.623572983  
2020 11 18  11  2  0.00     2.3649022593      13.623563980  
2020 11 18  11  3  0.00     2.3649009184      13.623555001  
2020 11 18  11  4  0.00     2.3648995774      13.623546048  
2020 11 18  11  5  0.00     2.3648982363      13.623537119  
2020 11 18  11  6  0.00     2.3648968952      13.623528216  
2020 11 18  11  7  0.00     2.3648955539      13.623519337  
2020 11 18  11  8  0.00     2.3648942126      13.623510483  
2020 11 18  11  9  0.00     2.3648928712      13.623501654  
2020 11 18  11 10  0.00     2.3648915297      13.623492851  
2020 11 18  11 11  0.00     2.3648901880      13.623484072  
2020 11 18  11 12  0.00     2.3648888463      13.623475318  
2020 11 18  11 13  0.00     2.3648875045      13.623466589  
2020 11 18  11 14  0.00     2.3648861625      13.623457885  
2020 11 18  11 15  0.00     2.3648848205      13.623449206  
2020 11 18  11 16  0.00     2.3648834783      13.623440553  
2020 11 18  11 17  0.00     2.3648821360      13.623431924  
2020 11 18  11 18  0.00     2.3648807936      13.623423320  
2020 11 18  11 19  0.00     2.3648794510      13.623414741  
2020 11 18  11 20  0.00     2.3648781083      13.623406187  
2020 11 18  11 21  0.00     2.3648767655      13.623397658  
2020 11 18  11 22  0.00     2.3648754225      13.623389154  
2020 11 18  11 23  0.00     2.3648740794      13.623380675  
2020 11 18  11 24  0.00     2.3648727362      13.623372221  
2020 11 18  11 25  0.00     2.3648713927      13.623363792  
2020 11 18  11 26  0.00     2.3648700492      13.623355388  
2020 11 18  11 27  0.00     2.3648687055      13.623347009  
2020 11 18  11 28  0.00     2.3648673616      13.623338655  
2020 11 18  11 29  0.00     2.3648660175      13.623330326  
2020 11 18  11 30  0.00     2.3648646733      13.623322022  
2020 11 18  11 31  0.00     2.3648633289      13.623313743  
2020 11 18  11 32  0.00     2.3648619844      13.623305489  
2020 11 18  11 33  0.00     2.3648606396      13.623297260  
2020 11 18  11 34  0.00     2.3648592947      13.623289055  
2020 11 18  11 35  0.00     2.3648579496      13.623280876  
2020 11 18  11 36  0.00     2.3648566043      13.623272722  
2020 11 18  11 37  0.00     2.3648552588      13.623264593  
2020 11 18  11 38  0.00     2.3648539131      13.623256488  
2020 11 18  11 39  0.00     2.3648525672      13.623248409  
2020 11 18  11 40  0.00     2.3648512211      13.623240354  
2020 11 18  11 41  0.00     2.3648498748      13.623232325  
2020 11 18  11 42  0.00     2.3648485283      13.623224320  
2020 11 18  11 43  0.00     2.3648471815      13.623216341  
2020 11 18  11 44  0.00     2.3648458346      13.623208386  
2020 11 18  11 45  0.00     2.3648444874      13.623200456  
2020 11 18  11 46  0.00     2.3648431400      13.623192551  
2020 11 18  11 47  0.00     2.3648417924      13.623184672  
2020 11 18  11 48  0.00     2.3648404445      13.623176816  
2020 11 18  11 49  0.00     2.3648390964      13.623168986  
2020 11 18  11 50  0.00     2.3648377481      13.623161181  
2020 11 18  11 51  0.00     2.3648363995      13.623153401  
2020 11 18  11 52  0.00     2.3648350507      13.623145645  
2020 11 18  11 53  0.00     2.3648337016      13.623137915  
2020 11 18  11 54  0.00     2.3648323523      13.623130209  
2020 11 18  11 55  0.00     2.3648310027      13.623122528  
2020 11 18  11 56  0.00     2.3648296529      13.623114872  
2020 11 18  11 57  0.00     2.3648283028      13.623107240  
2020 11 18  11 58  0.00     2.3648269524      13.623099634  
2020 11 18  11 59  0.00     2.3648256017      13.623092052  
2020 11 18  12  0  0.00     2.3648242508      13.623084496  
2020 11 18  12  1  0.00     2.3648228996      13.623076964  
2020 11 18  12  2  0.00     2.3648215481      13.623069456  
2020 11 18  12  3  0.00     2.3648201964      13.623061974  
2020 11 18  12  4  0.00     2.3648188443      13.623054516  
2020 11 18  12  5  0.00     2.3648174920      13.623047083  
2020 11 18  12  6  0.00     2.3648161393      13.623039675  
2020 11 18  12  7  0.00     2.3648147864      13.623032292  
2020 11 18  12  8  0.00     2.3648134331      13.623024933  
2020 11 18  12  9  0.00     2.3648120796      13.623017599  
2020 11 18  12 10  0.00     2.3648107257      13.623010290  
2020 11 18  12 11  0.00     2.3648093716      13.623003005  
2020 11 18  12 12  0.00     2.3648080171      13.622995746  
2020 11 18  12 13  0.00     2.3648066623      13.622988510  
2020 11 18  12 14  0.00     2.3648053072      13.622981300  
2020 11 18  12 15  0.00     2.3648039517      13.622974114  
2020 11 18  12 16  0.00     2.3648025959      13.622966953  
2020 11 18  12 17  0.00     2.3648012398      13.622959816  
2020 11 18  12 18  0.00     2.3647998834      13.622952704  
2020 11 18  12 19  0.00     2.3647985266      13.622945616  
2020 11 18  12 20  0.00     2.3647971694      13.622938554  
2020 11 18  12 21  0.00     2.3647958120      13.622931515  
2020 11 18  12 22  0.00     2.3647944541      13.622924501  
2020 11 18  12 23  0.00     2.3647930960      13.622917512  
2020 11 18  12 24  0.00     2.3647917374      13.622910548  
2020 11 18  12 25  0.00     2.3647903785      13.622903607  
2020 11 18  12 26  0.00     2.3647890193      13.622896692  
2020 11 18  12 27  0.00     2.3647876596      13.622889800  
2020 11 18  12 28  0.00     2.3647862996      13.622882934  
2020 11 18  12 29  0.00     2.3647849393      13.622876091  
2020 11 18  12 30  0.00     2.3647835785      13.622869273  
2020 11 18  12 31  0.00     2.3647822174      13.622862480  
2020 11 18  12 32  0.00     2.3647808559      13.622855711  
2020 11 18  12 33  0.00     2.3647794940      13.622848966  
2020 11 18  12 34  0.00     2.3647781317      13.622842246  
2020 11 18  12 35  0.00     2.3647767690      13.622835550  
2020 11 18  12 36  0.00     2.3647754060      13.622828878  
2020 11 18  12 37  0.00     2.3647740425      13.622822231  
2020 11 18  12 38  0.00     2.3647726786      13.622815607  
2020 11 18  12 39  0.00     2.3647713143      13.622809009  
2020 11 18  12 40  0.00     2.3647699496      13.622802434  
2020 11 18  12 41  0.00     2.3647685845      13.622795884  
2020 11 18  12 42  0.00     2.3647672190      13.622789358  
2020 11 18  12 43  0.00     2.3647658531      13.622782856  
2020 11 18  12 44  0.00     2.3647644867      13.622776378  
2020 11 18  12 45  0.00     2.3647631199      13.622769924  
2020 11 18  12 46  0.00     2.3647617527      13.622763495  
2020 11 18  12 47  0.00     2.3647603850      13.622757090  
2020 11 18  12 48  0.00     2.3647590169      13.622750708  
2020 11 18  12 49  0.00     2.3647576484      13.622744351  
2020 11 18  12 50  0.00     2.3647562794      13.622738018  
2020 11 18  12 51  0.00     2.3647549100      13.622731709  
2020 11 18  12 52  0.00     2.3647535402      13.622725424  
2020 11 18  12 53  0.00     2.3647521698      13.622719163  
2020 11 18  12 54  0.00     2.3647507991      13.622712926  
2020 11 18  12 55  0.00     2.3647494278      13.622706713  
2020 11 18  12 56  0.00     2.3647480562      13.622700524  
2020 11 18  12 57  0.00     2.3647466840      13.622694358  
2020 11 18  12 58  0.00     2.3647453114      13.622688217  
2020 11 18  12 59  0.00     2.3647439383      13.622682099  
2020 11 18  13  0  0.00     2.3647425647      13.622676006  
2020 11 18  13  1  0.00     2.3647411907      13.622669936  
2020 11 18  13  2  0.00     2.3647398161      13.622663890  
2020 11 18  13  3  0.00     2.3647384411      13.622657867  
2020 11 18  13  4  0.00     2.3647370656      13.622651869  
2020 11 18  13  5  0.00     2.3647356896      13.622645894  
2020 11 18  13  6  0.00     2.3647343131      13.622639943  
2020 11 18  13  7  0.00     2.3647329362      13.622634015  
2020 11 18  13  8  0.00     2.3647315587      13.622628112  
2020 11 18  13  9  0.00     2.3647301807      13.622622231  
2020 11 18  13 10  0.00     2.3647288022      13.622616375  
2020 11 18  13 11  0.00     2.3647274232      13.622610542  
2020 11 18  13 12  0.00     2.3647260437      13.622604732  
2020 11 18  13 13  0.00     2.3647246637      13.622598946  
2020 11 18  13 14  0.00     2.3647232831      13.622593184  
2020 11 18  13 15  0.00     2.3647219021      13.622587445  
2020 11 18  13 16  0.00     2.3647205205      13.622581729  
2020 11 18  13 17  0.00     2.3647191384      13.622576037  
2020 11 18  13 18  0.00     2.3647177557      13.622570368  
2020 11 18  13 19  0.00     2.3647163725      13.622564723  
2020 11 18  13 20  0.00     2.3647149888      13.622559101  
2020 11 18  13 21  0.00     2.3647136046      13.622553502  
2020 11 18  13 22  0.00     2.3647122198      13.622547927  
2020 11 18  13 23  0.00     2.3647108344      13.622542374  
2020 11 18  13 24  0.00     2.3647094485      13.622536845  
2020 11 18  13 25  0.00     2.3647080621      13.622531340  
2020 11 18  13 26  0.00     2.3647066751      13.622525857  
2020 11 18  13 27  0.00     2.3647052875      13.622520397  
2020 11 18  13 28  0.00     2.3647038994      13.622514961  
2020 11 18  13 29  0.00     2.3647025107      13.622509548  
2020 11 18  13 30  0.00     2.3647011214      13.622504157  
2020 11 18  13 31  0.00     2.3646997316      13.622498790  
2020 11 18  13 32  0.00     2.3646983412      13.622493446  
2020 11 18  13 33  0.00     2.3646969502      13.622488125  
2020 11 18  13 34  0.00     2.3646955587      13.622482826  
2020 11 18  13 35  0.00     2.3646941665      13.622477551  
2020 11 18  13 36  0.00     2.3646927738      13.622472298  
2020 11 18  13 37  0.00     2.3646913805      13.622467068  
2020 11 18  13 38  0.00     2.3646899866      13.622461861  
2020 11 18  13 39  0.00     2.3646885921      13.622456677  
2020 11 18  13 40  0.00     2.3646871970      13.622451516  
2020 11 18  13 41  0.00     2.3646858013      13.622446377  
2020 11 18  13 42  0.00     2.3646844050      13.622441261  
2020 11 18  13 43  0.00     2.3646830081      13.622436167  
2020 11 18  13 44  0.00     2.3646816106      13.622431097  
2020 11 18  13 45  0.00     2.3646802125      13.622426048  
2020 11 18  13 46  0.00     2.3646788138      13.622421023  
2020 11 18  13 47  0.00     2.3646774144      13.622416020  
2020 11 18  13 48  0.00     2.3646760144      13.622411039  
2020 11 18  13 49  0.00     2.3646746138      13.622406081  
2020 11 18  13 50  0.00     2.3646732126      13.622401145  
2020 11 18  13 51  0.00     2.3646718108      13.622396231  
2020 11 18  13 52  0.00     2.3646704083      13.622391340  
2020 11 18  13 53  0.00     2.3646690052      13.622386472  
2020 11 18  13 54  0.00     2.3646676014      13.622381625  
2020 11 18  13 55  0.00     2.3646661970      13.622376801  
2020 11 18  13 56  0.00     2.3646647920      13.622371999  
2020 11 18  13 57  0.00     2.3646633863      13.622367219  
2020 11 18  13 58  0.00     2.3646619799      13.622362461  
2020 11 18  13 59  0.00     2.3646605730      13.622357725  
2020 11 18  14  0  0.00     2.3646591653      13.622353012  
2020 11 18  14  1  0.00     2.3646577570      13.622348320  
2020 11 18  14  2  0.00     2.3646563481      13.622343651  
2020 11 18  14  3  0.00     2.3646549384      13.622339003  
2020 11 18  14  4  0.00     2.3646535282      13.622334377  
2020 11 18  14  5  0.00     2.3646521172      13.622329773  
2020 11 18  14  6  0.00     2.3646507056      13.622325191  
2020 11 18  14  7  0.00     2.3646492933      13.622320631  
2020 11 18  14  8  0.00     2.3646478803      13.622316093  
2020 11 18  14  9  0.00     2.3646464666      13.622311576  
2020 11 18  14 10  0.00     2.3646450523      13.622307081  
2020 11 18  14 11  0.00     2.3646436373      13.622302608  
2020 11 18  14 12  0.00     2.3646422216      13.622298156  
2020 11 18  14 13  0.00     2.3646408051      13.622293726  
2020 11 18  14 14  0.00     2.3646393880      13.622289317  
2020 11 18  14 15  0.00     2.3646379703      13.622284930  
2020 11 18  14 16  0.00     2.3646365518      13.622280565  
2020 11 18  14 17  0.00     2.3646351326      13.622276220  
2020 11 18  14 18  0.00     2.3646337127      13.622271898  
2020 11 18  14 19  0.00     2.3646322921      13.622267596  
2020 11 18  14 20  0.00     2.3646308708      13.622263316  
2020 11 18  14 21  0.00     2.3646294487      13.622259057  
2020 11 18  14 22  0.00     2.3646280260      13.622254819  
2020 11 18  14 23  0.00     2.3646266025      13.622250603  
2020 11 18  14 24  0.00     2.3646251784      13.622246408  
2020 11 18  14 25  0.00     2.3646237535      13.622242233  
2020 11 18  14 26  0.00     2.3646223278      13.622238080  
2020 11 18  14 27  0.00     2.3646209015      13.622233948  
2020 11 18  14 28  0.00     2.3646194744      13.622229837  
2020 11 18  14 29  0.00     2.3646180466      13.622225746  
2020 11 18  14 30  0.00     2.3646166180      13.622221677  
2020 11 18  14 31  0.00     2.3646151888      13.622217628  
2020 11 18  14 32  0.00     2.3646137587      13.622213601  
2020 11 18  14 33  0.00     2.3646123280      13.622209594  
2020 11 18  14 34  0.00     2.3646108964      13.622205607  
2020 11 18  14 35  0.00     2.3646094642      13.622201642  
2020 11 18  14 36  0.00     2.3646080312      13.622197697  
2020 11 18  14 37  0.00     2.3646065974      13.622193773  
2020 11 18  14 38  0.00     2.3646051629      13.622189869  
2020 11 18  14 39  0.00     2.3646037276      13.622185986  
2020 11 18  14 40  0.00     2.3646022915      13.622182123  
2020 11 18  14 41  0.00     2.3646008547      13.622178280  
2020 11 18  14 42  0.00     2.3645994171      13.622174458  
2020 11 18  14 43  0.00     2.3645979788      13.622170657  
2020 11 18  14 44  0.00     2.3645965397      13.622166875  
2020 11 18  14 45  0.00     2.3645950998      13.622163114  
2020 11 18  14 46  0.00     2.3645936591      13.622159373  
2020 11 18  14 47  0.00     2.3645922177      13.622155652  
2020 11 18  14 48  0.00     2.3645907754      13.622151952  
2020 11 18  14 49  0.00     2.3645893324      13.622148271  
2020 11 18  14 50  0.00     2.3645878886      13.622144610  
2020 11 18  14 51  0.00     2.3645864441      13.622140970  
2020 11 18  14 52  0.00     2.3645849987      13.622137349  
2020 11 18  14 53  0.00     2.3645835525      13.622133748  
2020 11 18  14 54  0.00     2.3645821056      13.622130167  
2020 11 18  14 55  0.00     2.3645806578      13.622126606  
2020 11 18  14 56  0.00     2.3645792092      13.622123064  
2020 11 18  14 57  0.00     2.3645777599      13.622119542  
2020 11 18  14 58  0.00     2.3645763097      13.622116040  
2020 11 18  14 59  0.00     2.3645748587      13.622112557  
2020 11 18  15  0  0.00     2.3645734069      13.622109094  
2020 11 18  15  1  0.00     2.3645719544      13.622105651  
2020 11 18  15  2  0.00     2.3645705009      13.622102227  
2020 11 18  15  3  0.00     2.3645690467      13.622098822  
2020 11 18  15  4  0.00     2.3645675917      13.622095436  
2020 11 18  15  5  0.00     2.3645661358      13.622092070  
2020 11 18  15  6  0.00     2.3645646791      13.622088724  
2020 11 18  15  7  0.00     2.3645632216      13.622085396  
2020 11 18  15  8  0.00     2.3645617632      13.622082088  
2020 11 18  15  9  0.00     2.3645603041      13.622078798  
2020 11 18  15 10  0.00     2.3645588441      13.622075528  
2020 11 18  15 11  0.00     2.3645573832      13.622072277  
2020 11 18  15 12  0.00     2.3645559215      13.622069044  
2020 11 18  15 13  0.00     2.3645544590      13.622065831  
2020 11 18  15 14  0.00     2.3645529956      13.622062636  
2020 11 18  15 15  0.00     2.3645515314      13.622059461  
2020 11 18  15 16  0.00     2.3645500664      13.622056304  
2020 11 18  15 17  0.00     2.3645486005      13.622053165  
2020 11 18  15 18  0.00     2.3645471337      13.622050046  
2020 11 18  15 19  0.00     2.3645456661      13.622046945  
2020 11 18  15 20  0.00     2.3645441976      13.622043862  
2020 11 18  15 21  0.00     2.3645427283      13.622040798  
2020 11 18  15 22  0.00     2.3645412581      13.622037753  
2020 11 18  15 23  0.00     2.3645397871      13.622034726  
2020 11 18  15 24  0.00     2.3645383152      13.622031717  
2020 11 18  15 25  0.00     2.3645368424      13.622028727  
2020 11 18  15 26  0.00     2.3645353688      13.622025754  
2020 11 18  15 27  0.00     2.3645338943      13.622022800  
2020 11 18  15 28  0.00     2.3645324189      13.622019865  
2020 11 18  15 29  0.00     2.3645309426      13.622016947  
2020 11 18  15 30  0.00     2.3645294655      13.622014047  
2020 11 18  15 31  0.00     2.3645279875      13.622011165  
2020 11 18  15 32  0.00     2.3645265086      13.622008301  
2020 11 18  15 33  0.00     2.3645250288      13.622005456  
2020 11 18  15 34  0.00     2.3645235482      13.622002627  
2020 11 18  15 35  0.00     2.3645220666      13.621999817  
2020 11 18  15 36  0.00     2.3645205842      13.621997024  
2020 11 18  15 37  0.00     2.3645191009      13.621994249  
2020 11 18  15 38  0.00     2.3645176166      13.621991492  
2020 11 18  15 39  0.00     2.3645161315      13.621988752  
2020 11 18  15 40  0.00     2.3645146455      13.621986030  
2020 11 18  15 41  0.00     2.3645131586      13.621983325  
2020 11 18  15 42  0.00     2.3645116708      13.621980637  
2020 11 18  15 43  0.00     2.3645101821      13.621977967  
2020 11 18  15 44  0.00     2.3645086924      13.621975314  
2020 11 18  15 45  0.00     2.3645072019      13.621972678  
2020 11 18  15 46  0.00     2.3645057105      13.621970060  
2020 11 18  15 47  0.00     2.3645042181      13.621967459  
2020 11 18  15 48  0.00     2.3645027249      13.621964874  
2020 11 18  15 49  0.00     2.3645012307      13.621962307  
2020 11 18  15 50  0.00     2.3644997356      13.621959756  
2020 11 18  15 51  0.00     2.3644982396      13.621957223  
2020 11 18  15 52  0.00     2.3644967426      13.621954706  
2020 11 18  15 53  0.00     2.3644952448      13.621952206  
2020 11 18  15 54  0.00     2.3644937460      13.621949723  
2020 11 18  15 55  0.00     2.3644922463      13.621947256  
2020 11 18  15 56  0.00     2.3644907457      13.621944806  
2020 11 18  15 57  0.00     2.3644892441      13.621942373  
2020 11 18  15 58  0.00     2.3644877416      13.621939956  
2020 11 18  15 59  0.00     2.3644862382      13.621937556  
2020 11 18  16  0  0.00     2.3644847338      13.621935171  
2020 11 18  16  1  0.00     2.3644832285      13.621932804  
2020 11 18  16  2  0.00     2.3644817222      13.621930452  
2020 11 18  16  3  0.00     2.3644802150      13.621928117  
2020 11 18  16  4  0.00     2.3644787069      13.621925797  
2020 11 18  16  5  0.00     2.3644771978      13.621923494  
2020 11 18  16  6  0.00     2.3644756878      13.621921207  
2020 11 18  16  7  0.00     2.3644741768      13.621918936  
2020 11 18  16  8  0.00     2.3644726649      13.621916681  
2020 11 18  16  9  0.00     2.3644711520      13.621914441  
2020 11 18  16 10  0.00     2.3644696382      13.621912218  
2020 11 18  16 11  0.00     2.3644681234      13.621910010  
2020 11 18  16 12  0.00     2.3644666077      13.621907818  
2020 11 18  16 13  0.00     2.3644650910      13.621905641  
2020 11 18  16 14  0.00     2.3644635733      13.621903480  
2020 11 18  16 15  0.00     2.3644620547      13.621901334  
2020 11 18  16 16  0.00     2.3644605351      13.621899204  
2020 11 18  16 17  0.00     2.3644590146      13.621897089  
2020 11 18  16 18  0.00     2.3644574931      13.621894990  
2020 11 18  16 19  0.00     2.3644559706      13.621892906  
2020 11 18  16 20  0.00     2.3644544471      13.621890837  
2020 11 18  16 21  0.00     2.3644529227      13.621888783  
2020 11 18  16 22  0.00     2.3644513973      13.621886744  
2020 11 18  16 23  0.00     2.3644498709      13.621884720  
2020 11 18  16 24  0.00     2.3644483435      13.621882711  
2020 11 18  16 25  0.00     2.3644468152      13.621880717  
2020 11 18  16 26  0.00     2.3644452859      13.621878738  
2020 11 18  16 27  0.00     2.3644437556      13.621876774  
2020 11 18  16 28  0.00     2.3644422243      13.621874824  
2020 11 18  16 29  0.00     2.3644406920      13.621872889  
2020 11 18  16 30  0.00     2.3644391587      13.621870968  
2020 11 18  16 31  0.00     2.3644376245      13.621869062  
2020 11 18  16 32  0.00     2.3644360893      13.621867171  
2020 11 18  16 33  0.00     2.3644345530      13.621865293  
2020 11 18  16 34  0.00     2.3644330158      13.621863430  
2020 11 18  16 35  0.00     2.3644314776      13.621861582  
2020 11 18  16 36  0.00     2.3644299384      13.621859747  
2020 11 18  16 37  0.00     2.3644283982      13.621857927  
2020 11 18  16 38  0.00     2.3644268570      13.621856121  
2020 11 18  16 39  0.00     2.3644253148      13.621854329  
2020 11 18  16 40  0.00     2.3644237715      13.621852551  
2020 11 18  16 41  0.00     2.3644222273      13.621850786  
2020 11 18  16 42  0.00     2.3644206821      13.621849036  
2020 11 18  16 43  0.00     2.3644191359      13.621847299  
2020 11 18  16 44  0.00     2.3644175886      13.621845576  
2020 11 18  16 45  0.00     2.3644160404      13.621843866  
2020 11 18  16 46  0.00     2.3644144911      13.621842170  
2020 11 18  16 47  0.00     2.3644129409      13.621840488  
2020 11 18  16 48  0.00     2.3644113896      13.621838819  
2020 11 18  16 49  0.00     2.3644098373      13.621837163  
2020 11 18  16 50  0.00     2.3644082840      13.621835521  
2020 11 18  16 51  0.00     2.3644067296      13.621833892  
2020 11 18  16 52  0.00     2.3644051743      13.621832276  
2020 11 18  16 53  0.00     2.3644036179      13.621830673  
2020 11 18  16 54  0.00     2.3644020605      13.621829084  
2020 11 18  16 55  0.00     2.3644005021      13.621827507  
2020 11 18  16 56  0.00     2.3643989427      13.621825943  
2020 11 18  16 57  0.00     2.3643973822      13.621824392  
2020 11 18  16 58  0.00     2.3643958207      13.621822854  
2020 11 18  16 59  0.00     2.3643942582      13.621821328  
2020 11 18  17  0  0.00     2.3643926946      13.621819815  
2020 11 18  17  1  0.00     2.3643911301      13.621818315  
2020 11 18  17  2  0.00     2.3643895644      13.621816828  
2020 11 18  17  3  0.00     2.3643879978      13.621815352  
2020 11 18  17  4  0.00     2.3643864301      13.621813889  
2020 11 18  17  5  0.00     2.3643848614      13.621812439  
2020 11 18  17  6  0.00     2.3643832916      13.621811001  
2020 11 18  17  7  0.00     2.3643817208      13.621809574  
2020 11 18  17  8  0.00     2.3643801490      13.621808160  
2020 11 18  17  9  0.00     2.3643785761      13.621806758  
2020 11 18  17 10  0.00     2.3643770022      13.621805369  
2020 11 18  17 11  0.00     2.3643754272      13.621803991  
2020 11 18  17 12  0.00     2.3643738512      13.621802624  
2020 11 18  17 13  0.00     2.3643722742      13.621801270  
2020 11 18  17 14  0.00     2.3643706961      13.621799927  
2020 11 18  17 15  0.00     2.3643691169      13.621798596  
2020 11 18  17 16  0.00     2.3643675367      13.621797277  
2020 11 18  17 17  0.00     2.3643659555      13.621795969  
2020 11 18  17 18  0.00     2.3643643732      13.621794673  
2020 11 18  17 19  0.00     2.3643627898      13.621793387  
2020 11 18  17 20  0.00     2.3643612054      13.621792114  
2020 11 18  17 21  0.00     2.3643596200      13.621790851  
2020 11 18  17 22  0.00     2.3643580334      13.621789600  
2020 11 18  17 23  0.00     2.3643564459      13.621788360  
2020 11 18  17 24  0.00     2.3643548572      13.621787130  
2020 11 18  17 25  0.00     2.3643532675      13.621785912  
2020 11 18  17 26  0.00     2.3643516768      13.621784705  
2020 11 18  17 27  0.00     2.3643500850      13.621783508  
2020 11 18  17 28  0.00     2.3643484921      13.621782323  
2020 11 18  17 29  0.00     2.3643468982      13.621781148  
2020 11 18  17 30  0.00     2.3643453032      13.621779983  
2020 11 18  17 31  0.00     2.3643437071      13.621778829  
2020 11 18  17 32  0.00     2.3643421100      13.621777686  
2020 11 18  17 33  0.00     2.3643405118      13.621776553  
2020 11 18  17 34  0.00     2.3643389125      13.621775431  
2020 11 18  17 35  0.00     2.3643373122      13.621774318  
2020 11 18  17 36  0.00     2.3643357108      13.621773216  
2020 11 18  17 37  0.00     2.3643341083      13.621772124  
2020 11 18  17 38  0.00     2.3643325047      13.621771043  
2020 11 18  17 39  0.00     2.3643309001      13.621769971  
2020 11 18  17 40  0.00     2.3643292944      13.621768909  
2020 11 18  17 41  0.00     2.3643276877      13.621767857  
2020 11 18  17 42  0.00     2.3643260798      13.621766814  
2020 11 18  17 43  0.00     2.3643244709      13.621765782  
2020 11 18  17 44  0.00     2.3643228609      13.621764759  
2020 11 18  17 45  0.00     2.3643212498      13.621763746  
2020 11 18  17 46  0.00     2.3643196377      13.621762742  
2020 11 18  17 47  0.00     2.3643180244      13.621761748  
2020 11 18  17 48  0.00     2.3643164101      13.621760763  
2020 11 18  17 49  0.00     2.3643147947      13.621759787  
2020 11 18  17 50  0.00     2.3643131782      13.621758821  
2020 11 18  17 51  0.00     2.3643115607      13.621757863  
2020 11 18  17 52  0.00     2.3643099420      13.621756915  
2020 11 18  17 53  0.00     2.3643083223      13.621755976  
2020 11 18  17 54  0.00     2.3643067015      13.621755046  
2020 11 18  17 55  0.00     2.3643050796      13.621754124  
2020 11 18  17 56  0.00     2.3643034566      13.621753212  
2020 11 18  17 57  0.00     2.3643018325      13.621752308  
2020 11 18  17 58  0.00     2.3643002074      13.621751413  
2020 11 18  17 59  0.00     2.3642985811      13.621750526  
2020 11 18  18  0  0.00     2.3642969538      13.621749648  
2020 11 18  18  1  0.00     2.3642953253      13.621748778  
2020 11 18  18  2  0.00     2.3642936958      13.621747917  
2020 11 18  18  3  0.00     2.3642920652      13.621747064  
2020 11 18  18  4  0.00     2.3642904335      13.621746219  
2020 11 18  18  5  0.00     2.3642888007      13.621745383  
2020 11 18  18  6  0.00     2.3642871668      13.621744554  
2020 11 18  18  7  0.00     2.3642855318      13.621743734  
2020 11 18  18  8  0.00     2.3642838957      13.621742921  
2020 11 18  18  9  0.00     2.3642822585      13.621742117  
2020 11 18  18 10  0.00     2.3642806203      13.621741320  
2020 11 18  18 11  0.00     2.3642789809      13.621740531  
2020 11 18  18 12  0.00     2.3642773404      13.621739749  
2020 11 18  18 13  0.00     2.3642756988      13.621738975  
2020 11 18  18 14  0.00     2.3642740562      13.621738209  
2020 11 18  18 15  0.00     2.3642724124      13.621737450  
2020 11 18  18 16  0.00     2.3642707675      13.621736699  
2020 11 18  18 17  0.00     2.3642691216      13.621735954  
2020 11 18  18 18  0.00     2.3642674745      13.621735217  
2020 11 18  18 19  0.00     2.3642658263      13.621734487  
2020 11 18  18 20  0.00     2.3642641771      13.621733764  
2020 11 18  18 21  0.00     2.3642625267      13.621733048  
2020 11 18  18 22  0.00     2.3642608752      13.621732339  
2020 11 18  18 23  0.00     2.3642592226      13.621731637  
2020 11 18  18 24  0.00     2.3642575689      13.621730942  
2020 11 18  18 25  0.00     2.3642559142      13.621730253  
2020 11 18  18 26  0.00     2.3642542583      13.621729571  
2020 11 18  18 27  0.00     2.3642526013      13.621728896  
2020 11 18  18 28  0.00     2.3642509432      13.621728227  
2020 11 18  18 29  0.00     2.3642492839      13.621727564  
2020 11 18  18 30  0.00     2.3642476236      13.621726908  
2020 11 18  18 31  0.00     2.3642459622      13.621726258  
2020 11 18  18 32  0.00     2.3642442997      13.621725614  
2020 11 18  18 33  0.00     2.3642426360      13.621724977  
2020 11 18  18 34  0.00     2.3642409713      13.621724345  
2020 11 18  18 35  0.00     2.3642393054      13.621723720  
2020 11 18  18 36  0.00     2.3642376385      13.621723100  
2020 11 18  18 37  0.00     2.3642359704      13.621722486  
2020 11 18  18 38  0.00     2.3642343012      13.621721878  
2020 11 18  18 39  0.00     2.3642326309      13.621721275  
2020 11 18  18 40  0.00     2.3642309595      13.621720678  
2020 11 18  18 41  0.00     2.3642292870      13.621720087  
2020 11 18  18 42  0.00     2.3642276134      13.621719501  
2020 11 18  18 43  0.00     2.3642259386      13.621718920  
2020 11 18  18 44  0.00     2.3642242628      13.621718345  
2020 11 18  18 45  0.00     2.3642225858      13.621717775  
2020 11 18  18 46  0.00     2.3642209077      13.621717210  
2020 11 18  18 47  0.00     2.3642192286      13.621716650  
2020 11 18  18 48  0.00     2.3642175483      13.621716096  
2020 11 18  18 49  0.00     2.3642158668      13.621715546  
2020 11 18  18 50  0.00     2.3642141843      13.621715001  
2020 11 18  18 51  0.00     2.3642125007      13.621714460  
2020 11 18  18 52  0.00     2.3642108159      13.621713925  
2020 11 18  18 53  0.00     2.3642091301      13.621713394  
2020 11 18  18 54  0.00     2.3642074431      13.621712868  
2020 11 18  18 55  0.00     2.3642057550      13.621712346  
2020 11 18  18 56  0.00     2.3642040658      13.621711828  
2020 11 18  18 57  0.00     2.3642023755      13.621711315  
2020 11 18  18 58  0.00     2.3642006840      13.621710806  
2020 11 18  18 59  0.00     2.3641989915      13.621710301  
2020 11 18  19  0  0.00     2.3641972978      13.621709801  
2020 11 18  19  1  0.00     2.3641956030      13.621709304  
2020 11 18  19  2  0.00     2.3641939072      13.621708812  
2020 11 18  19  3  0.00     2.3641922101      13.621708323  
2020 11 18  19  4  0.00     2.3641905120      13.621707838  
2020 11 18  19  5  0.00     2.3641888128      13.621707357  
2020 11 18  19  6  0.00     2.3641871124      13.621706879  
2020 11 18  19  7  0.00     2.3641854110      13.621706405  
2020 11 18  19  8  0.00     2.3641837084      13.621705935  
2020 11 18  19  9  0.00     2.3641820047      13.621705468  
2020 11 18  19 10  0.00     2.3641802999      13.621705004  
2020 11 18  19 11  0.00     2.3641785939      13.621704543  
2020 11 18  19 12  0.00     2.3641768869      13.621704086  
2020 11 18  19 13  0.00     2.3641751787      13.621703632  
2020 11 18  19 14  0.00     2.3641734694      13.621703181  
2020 11 18  19 15  0.00     2.3641717590      13.621702733  
2020 11 18  19 16  0.00     2.3641700475      13.621702288  
2020 11 18  19 17  0.00     2.3641683349      13.621701846  
2020 11 18  19 18  0.00     2.3641666212      13.621701406  
2020 11 18  19 19  0.00     2.3641649063      13.621700969  
2020 11 18  19 20  0.00     2.3641631903      13.621700535  
2020 11 18  19 21  0.00     2.3641614733      13.621700103  
2020 11 18  19 22  0.00     2.3641597551      13.621699674  
2020 11 18  19 23  0.00     2.3641580357      13.621699247  
2020 11 18  19 24  0.00     2.3641563153      13.621698822  
2020 11 18  19 25  0.00     2.3641545938      13.621698399  
2020 11 18  19 26  0.00     2.3641528711      13.621697979  
2020 11 18  19 27  0.00     2.3641511473      13.621697561  
2020 11 18  19 28  0.00     2.3641494224      13.621697145  
2020 11 18  19 29  0.00     2.3641476964      13.621696730  
2020 11 18  19 30  0.00     2.3641459693      13.621696318  
2020 11 18  19 31  0.00     2.3641442411      13.621695907  
2020 11 18  19 32  0.00     2.3641425117      13.621695498  
2020 11 18  19 33  0.00     2.3641407813      13.621695091  
2020 11 18  19 34  0.00     2.3641390497      13.621694685  
2020 11 18  19 35  0.00     2.3641373170      13.621694280  
2020 11 18  19 36  0.00     2.3641355832      13.621693877  
2020 11 18  19 37  0.00     2.3641338483      13.621693476  
2020 11 18  19 38  0.00     2.3641321123      13.621693075  
2020 11 18  19 39  0.00     2.3641303751      13.621692676  
2020 11 18  19 40  0.00     2.3641286369      13.621692278  
2020 11 18  19 41  0.00     2.3641268975      13.621691880  
2020 11 18  19 42  0.00     2.3641251571      13.621691484  
2020 11 18  19 43  0.00     2.3641234155      13.621691089  
2020 11 18  19 44  0.00     2.3641216728      13.621690694  
2020 11 18  19 45  0.00     2.3641199290      13.621690300  
2020 11 18  19 46  0.00     2.3641181841      13.621689907  
2020 11 18  19 47  0.00     2.3641164380      13.621689514  
2020 11 18  19 48  0.00     2.3641146909      13.621689122  
2020 11 18  19 49  0.00     2.3641129427      13.621688730  
2020 11 18  19 50  0.00     2.3641111933      13.621688338  
2020 11 18  19 51  0.00     2.3641094429      13.621687947  
2020 11 18  19 52  0.00     2.3641076913      13.621687556  
2020 11 18  19 53  0.00     2.3641059386      13.621687165  
2020 11 18  19 54  0.00     2.3641041848      13.621686774  
2020 11 18  19 55  0.00     2.3641024299      13.621686383  
2020 11 18  19 56  0.00     2.3641006739      13.621685992  
2020 11 18  19 57  0.00     2.3640989168      13.621685600  
2020 11 18  19 58  0.00     2.3640971586      13.621685209  
2020 11 18  19 59  0.00     2.3640953993      13.621684817  
2020 11 18  20  0  0.00     2.3640936389      13.621684424  
2020 11 18  20  1  0.00     2.3640918773      13.621684031  
2020 11 18  20  2  0.00     2.3640901147      13.621683638  
2020 11 18  20  3  0.00     2.3640883510      13.621683243  
2020 11 18  20  4  0.00     2.3640865861      13.621682848  
2020 11 18  20  5  0.00     2.3640848202      13.621682453  
2020 11 18  20  6  0.00     2.3640830532      13.621682056  
2020 11 18  20  7  0.00     2.3640812850      13.621681658  
2020 11 18  20  8  0.00     2.3640795158      13.621681260  
2020 11 18  20  9  0.00     2.3640777454      13.621680860  
2020 11 18  20 10  0.00     2.3640759740      13.621680459  
2020 11 18  20 11  0.00     2.3640742014      13.621680057  
2020 11 18  20 12  0.00     2.3640724278      13.621679653  
2020 11 18  20 13  0.00     2.3640706531      13.621679248  
2020 11 18  20 14  0.00     2.3640688772      13.621678842  
2020 11 18  20 15  0.00     2.3640671003      13.621678434  
2020 11 18  20 16  0.00     2.3640653223      13.621678024  
2020 11 18  20 17  0.00     2.3640635431      13.621677612  
2020 11 18  20 18  0.00     2.3640617629      13.621677199  
2020 11 18  20 19  0.00     2.3640599816      13.621676784  
2020 11 18  20 20  0.00     2.3640581992      13.621676367  
2020 11 18  20 21  0.00     2.3640564157      13.621675948  
2020 11 18  20 22  0.00     2.3640546311      13.621675527  
2020 11 18  20 23  0.00     2.3640528454      13.621675104  
2020 11 18  20 24  0.00     2.3640510586      13.621674678  
2020 11 18  20 25  0.00     2.3640492707      13.621674250  
2020 11 18  20 26  0.00     2.3640474817      13.621673820  
2020 11 18  20 27  0.00     2.3640456917      13.621673387  
2020 11 18  20 28  0.00     2.3640439005      13.621672952  
2020 11 18  20 29  0.00     2.3640421083      13.621672514  
2020 11 18  20 30  0.00     2.3640403150      13.621672073  
2020 11 18  20 31  0.00     2.3640385206      13.621671630  
2020 11 18  20 32  0.00     2.3640367251      13.621671184  
2020 11 18  20 33  0.00     2.3640349285      13.621670734  
2020 11 18  20 34  0.00     2.3640331309      13.621670282  
---
2020 11 19  10 40  0.00     2.3623378895      13.615305003  
2020 11 19  10 41  0.00     2.3623360089      13.615289280  
2020 11 19  10 42  0.00     2.3623341294      13.615273547  
2020 11 19  10 43  0.00     2.3623322508      13.615257804  
2020 11 19  10 44  0.00     2.3623303733      13.615242050  
2020 11 19  10 45  0.00     2.3623284968      13.615226287  
2020 11 19  10 46  0.00     2.3623266214      13.615210514  
2020 11 19  10 47  0.00     2.3623247470      13.615194732  
2020 11 19  10 48  0.00     2.3623228736      13.615178939  
2020 11 19  10 49  0.00     2.3623210012      13.615163137  
2020 11 19  10 50  0.00     2.3623191299      13.615147326  
2020 11 19  10 51  0.00     2.3623172596      13.615131505  
2020 11 19  10 52  0.00     2.3623153904      13.615115675  
2020 11 19  10 53  0.00     2.3623135222      13.615099835  
2020 11 19  10 54  0.00     2.3623116550      13.615083986  
2020 11 19  10 55  0.00     2.3623097889      13.615068128  
2020 11 19  10 56  0.00     2.3623079238      13.615052260  
2020 11 19  10 57  0.00     2.3623060598      13.615036384  
2020 11 19  10 58  0.00     2.3623041968      13.615020499  
2020 11 19  10 59  0.00     2.3623023348      13.615004604  
2020 11 19  11  0  0.00     2.3623004740      13.614988701  
2020 11 19  11  1  0.00     2.3622986141      13.614972789  
2020 11 19  11  2  0.00     2.3622967554      13.614956869  
2020 11 19  11  3  0.00     2.3622948976      13.614940940  
2020 11 19  11  4  0.00     2.3622930410      13.614925002  
2020 11 19  11  5  0.00     2.3622911854      13.614909055  
2020 11 19  11  6  0.00     2.3622893308      13.614893101  
2020 11 19  11  7  0.00     2.3622874773      13.614877138  
2020 11 19  11  8  0.00     2.3622856249      13.614861166  
2020 11 19  11  9  0.00     2.3622837735      13.614845187  
2020 11 19  11 10  0.00     2.3622819233      13.614829199  
2020 11 19  11 11  0.00     2.3622800740      13.614813203  
2020 11 19  11 12  0.00     2.3622782259      13.614797200  
2020 11 19  11 13  0.00     2.3622763788      13.614781188  
2020 11 19  11 14  0.00     2.3622745327      13.614765168  
2020 11 19  11 15  0.00     2.3622726878      13.614749141  
2020 11 19  11 16  0.00     2.3622708439      13.614733106  
2020 11 19  11 17  0.00     2.3622690011      13.614717063  
2020 11 19  11 18  0.00     2.3622671594      13.614701013  
2020 11 19  11 19  0.00     2.3622653187      13.614684955  
2020 11 19  11 20  0.00     2.3622634792      13.614668890  
2020 11 19  11 21  0.00     2.3622616407      13.614652817  
2020 11 19  11 22  0.00     2.3622598033      13.614636738  
2020 11 19  11 23  0.00     2.3622579669      13.614620651  
2020 11 19  11 24  0.00     2.3622561317      13.614604556  
2020 11 19  11 25  0.00     2.3622542975      13.614588455  
2020 11 19  11 26  0.00     2.3622524644      13.614572347  
2020 11 19  11 27  0.00     2.3622506325      13.614556232  
2020 11 19  11 28  0.00     2.3622488016      13.614540110  
2020 11 19  11 29  0.00     2.3622469717      13.614523981  
2020 11 19  11 30  0.00     2.3622451430      13.614507845  
2020 11 19  11 31  0.00     2.3622433154      13.614491703  
2020 11 19  11 32  0.00     2.3622414889      13.614475555  
2020 11 19  11 33  0.00     2.3622396634      13.614459400  
2020 11 19  11 34  0.00     2.3622378391      13.614443238  
2020 11 19  11 35  0.00     2.3622360158      13.614427070  
2020 11 19  11 36  0.00     2.3622341937      13.614410896  
2020 11 19  11 37  0.00     2.3622323726      13.614394715  
2020 11 19  11 38  0.00     2.3622305527      13.614378529  
2020 11 19  11 39  0.00     2.3622287338      13.614362336  
2020 11 19  11 40  0.00     2.3622269161      13.614346138  
2020 11 19  11 41  0.00     2.3622250994      13.614329933  
2020 11 19  11 42  0.00     2.3622232839      13.614313723  
2020 11 19  11 43  0.00     2.3622214695      13.614297507  
2020 11 19  11 44  0.00     2.3622196562      13.614281285  
2020 11 19  11 45  0.00     2.3622178439      13.614265058  
2020 11 19  11 46  0.00     2.3622160328      13.614248825  
2020 11 19  11 47  0.00     2.3622142228      13.614232587  
2020 11 19  11 48  0.00     2.3622124139      13.614216343  
2020 11 19  11 49  0.00     2.3622106062      13.614200094  
2020 11 19  11 50  0.00     2.3622087995      13.614183840  
2020 11 19  11 51  0.00     2.3622069940      13.614167580  
2020 11 19  11 52  0.00     2.3622051895      13.614151316  
2020 11 19  11 53  0.00     2.3622033862      13.614135046  
2020 11 19  11 54  0.00     2.3622015840      13.614118772  
2020 11 19  11 55  0.00     2.3621997829      13.614102492  
2020 11 19  11 56  0.00     2.3621979830      13.614086208  
2020 11 19  11 57  0.00     2.3621961841      13.614069919  
2020 11 19  11 58  0.00     2.3621943864      13.614053626  
2020 11 19  11 59  0.00     2.3621925898      13.614037328  
2020 11 19  12  0  0.00     2.3621907943      13.614021025  
2020 11 19  12  1  0.00     2.3621890000      13.614004718  
2020 11 19  12  2  0.00     2.3621872068      13.613988407  
2020 11 19  12  3  0.00     2.3621854147      13.613972091  
2020 11 19  12  4  0.00     2.3621836237      13.613955771  
2020 11 19  12  5  0.00     2.3621818338      13.613939447  
2020 11 19  12  6  0.00     2.3621800451      13.613923119  
2020 11 19  12  7  0.00     2.3621782575      13.613906787  
2020 11 19  12  8  0.00     2.3621764711      13.613890451  
2020 11 19  12  9  0.00     2.3621746858      13.613874111  
2020 11 19  12 10  0.00     2.3621729016      13.613857767  
2020 11 19  12 11  0.00     2.3621711185      13.613841420  
2020 11 19  12 12  0.00     2.3621693366      13.613825069  
2020 11 19  12 13  0.00     2.3621675558      13.613808715  
2020 11 19  12 14  0.00     2.3621657761      13.613792357  
2020 11 19  12 15  0.00     2.3621639976      13.613775996  
2020 11 19  12 16  0.00     2.3621622202      13.613759631  
2020 11 19  12 17  0.00     2.3621604440      13.613743263  
2020 11 19  12 18  0.00     2.3621586689      13.613726892  
2020 11 19  12 19  0.00     2.3621568949      13.613710518  
2020 11 19  12 20  0.00     2.3621551221      13.613694141  
2020 11 19  12 21  0.00     2.3621533504      13.613677761  
2020 11 19  12 22  0.00     2.3621515798      13.613661378  
2020 11 19  12 23  0.00     2.3621498104      13.613644993  
2020 11 19  12 24  0.00     2.3621480421      13.613628604  
2020 11 19  12 25  0.00     2.3621462750      13.613612213  
2020 11 19  12 26  0.00     2.3621445091      13.613595820  
2020 11 19  12 27  0.00     2.3621427442      13.613579424  
2020 11 19  12 28  0.00     2.3621409805      13.613563025  
2020 11 19  12 29  0.00     2.3621392180      13.613546625  
2020 11 19  12 30  0.00     2.3621374566      13.613530222  
2020 11 19  12 31  0.00     2.3621356964      13.613513816  
2020 11 19  12 32  0.00     2.3621339373      13.613497409  
2020 11 19  12 33  0.00     2.3621321793      13.613481000  
2020 11 19  12 34  0.00     2.3621304225      13.613464588  
2020 11 19  12 35  0.00     2.3621286669      13.613448175  
2020 11 19  12 36  0.00     2.3621269124      13.613431760  
2020 11 19  12 37  0.00     2.3621251590      13.613415344  
2020 11 19  12 38  0.00     2.3621234068      13.613398925  
2020 11 19  12 39  0.00     2.3621216558      13.613382505  
2020 11 19  12 40  0.00     2.3621199059      13.613366084  
2020 11 19  12 41  0.00     2.3621181572      13.613349661  
2020 11 19  12 42  0.00     2.3621164096      13.613333237  
2020 11 19  12 43  0.00     2.3621146631      13.613316811  
2020 11 19  12 44  0.00     2.3621129179      13.613300384  
2020 11 19  12 45  0.00     2.3621111737      13.613283956  
2020 11 19  12 46  0.00     2.3621094308      13.613267528  
2020 11 19  12 47  0.00     2.3621076890      13.613251098  
2020 11 19  12 48  0.00     2.3621059483      13.613234667  
2020 11 19  12 49  0.00     2.3621042088      13.613218235  
2020 11 19  12 50  0.00     2.3621024705      13.613201803  
2020 11 19  12 51  0.00     2.3621007333      13.613185370  
2020 11 19  12 52  0.00     2.3620989973      13.613168936  
2020 11 19  12 53  0.00     2.3620972625      13.613152502  
2020 11 19  12 54  0.00     2.3620955288      13.613136067  
2020 11 19  12 55  0.00     2.3620937962      13.613119632  
2020 11 19  12 56  0.00     2.3620920649      13.613103197  
2020 11 19  12 57  0.00     2.3620903346      13.613086762  
2020 11 19  12 58  0.00     2.3620886056      13.613070326  
2020 11 19  12 59  0.00     2.3620868777      13.613053890  
2020 11 19  13  0  0.00     2.3620851510      13.613037455  
2020 11 19  13  1  0.00     2.3620834254      13.613021019  
2020 11 19  13  2  0.00     2.3620817010      13.613004584  
2020 11 19  13  3  0.00     2.3620799777      13.612988148  
2020 11 19  13  4  0.00     2.3620782557      13.612971714  
2020 11 19  13  5  0.00     2.3620765347      13.612955279  
2020 11 19  13  6  0.00     2.3620748150      13.612938845  
2020 11 19  13  7  0.00     2.3620730964      13.612922411  
2020 11 19  13  8  0.00     2.3620713790      13.612905979  
2020 11 19  13  9  0.00     2.3620696627      13.612889546  
2020 11 19  13 10  0.00     2.3620679476      13.612873115  
2020 11 19  13 11  0.00     2.3620662337      13.612856684  
2020 11 19  13 12  0.00     2.3620645209      13.612840255  
2020 11 19  13 13  0.00     2.3620628093      13.612823826  
2020 11 19  13 14  0.00     2.3620610989      13.612807398  
2020 11 19  13 15  0.00     2.3620593896      13.612790972  
2020 11 19  13 16  0.00     2.3620576816      13.612774547  
2020 11 19  13 17  0.00     2.3620559746      13.612758123  
2020 11 19  13 18  0.00     2.3620542689      13.612741700  
2020 11 19  13 19  0.00     2.3620525643      13.612725279  
2020 11 19  13 20  0.00     2.3620508608      13.612708859  
2020 11 19  13 21  0.00     2.3620491586      13.612692441  
2020 11 19  13 22  0.00     2.3620474575      13.612676025  
2020 11 19  13 23  0.00     2.3620457575      13.612659610  
2020 11 19  13 24  0.00     2.3620440588      13.612643198  
2020 11 19  13 25  0.00     2.3620423612      13.612626787  
2020 11 19  13 26  0.00     2.3620406648      13.612610378  
2020 11 19  13 27  0.00     2.3620389695      13.612593971  
2020 11 19  13 28  0.00     2.3620372754      13.612577566  
2020 11 19  13 29  0.00     2.3620355825      13.612561164  
2020 11 19  13 30  0.00     2.3620338907      13.612544764  
2020 11 19  13 31  0.00     2.3620322002      13.612528366  
2020 11 19  13 32  0.00     2.3620305107      13.612511970  
2020 11 19  13 33  0.00     2.3620288225      13.612495578  
2020 11 19  13 34  0.00     2.3620271354      13.612479187  
2020 11 19  13 35  0.00     2.3620254495      13.612462800  
2020 11 19  13 36  0.00     2.3620237647      13.612446415  
2020 11 19  13 37  0.00     2.3620220812      13.612430033  
2020 11 19  13 38  0.00     2.3620203988      13.612413653  
2020 11 19  13 39  0.00     2.3620187175      13.612397277  
2020 11 19  13 40  0.00     2.3620170375      13.612380904  
2020 11 19  13 41  0.00     2.3620153586      13.612364534  
2020 11 19  13 42  0.00     2.3620136808      13.612348167  
2020 11 19  13 43  0.00     2.3620120043      13.612331803  
2020 11 19  13 44  0.00     2.3620103289      13.612315443  
2020 11 19  13 45  0.00     2.3620086546      13.612299086  
2020 11 19  13 46  0.00     2.3620069816      13.612282732  
2020 11 19  13 47  0.00     2.3620053097      13.612266382  
2020 11 19  13 48  0.00     2.3620036389      13.612250036  
2020 11 19  13 49  0.00     2.3620019694      13.612233694  
2020 11 19  13 50  0.00     2.3620003010      13.612217355  
2020 11 19  13 51  0.00     2.3619986338      13.612201020  
2020 11 19  13 52  0.00     2.3619969677      13.612184689  
2020 11 19  13 53  0.00     2.3619953028      13.612168362  
2020 11 19  13 54  0.00     2.3619936391      13.612152039  
2020 11 19  13 55  0.00     2.3619919765      13.612135721  
2020 11 19  13 56  0.00     2.3619903151      13.612119406  
2020 11 19  13 57  0.00     2.3619886549      13.612103096  
2020 11 19  13 58  0.00     2.3619869958      13.612086790  
2020 11 19  13 59  0.00     2.3619853379      13.612070489  
2020 11 19  14  0  0.00     2.3619836812      13.612054192  
2020 11 19  14  1  0.00     2.3619820256      13.612037900  
2020 11 19  14  2  0.00     2.3619803712      13.612021613  
2020 11 19  14  3  0.00     2.3619787180      13.612005330  
2020 11 19  14  4  0.00     2.3619770659      13.611989052  
2020 11 19  14  5  0.00     2.3619754150      13.611972779  
2020 11 19  14  6  0.00     2.3619737653      13.611956512  
2020 11 19  14  7  0.00     2.3619721167      13.611940249  
2020 11 19  14  8  0.00     2.3619704692      13.611923991  
2020 11 19  14  9  0.00     2.3619688230      13.611907738  
2020 11 19  14 10  0.00     2.3619671779      13.611891491  
2020 11 19  14 11  0.00     2.3619655340      13.611875249  
2020 11 19  14 12  0.00     2.3619638912      13.611859013  
2020 11 19  14 13  0.00     2.3619622496      13.611842782  
2020 11 19  14 14  0.00     2.3619606091      13.611826557  
2020 11 19  14 15  0.00     2.3619589698      13.611810337  
2020 11 19  14 16  0.00     2.3619573317      13.611794123  
2020 11 19  14 17  0.00     2.3619556947      13.611777915  
2020 11 19  14 18  0.00     2.3619540589      13.611761713  
2020 11 19  14 19  0.00     2.3619524242      13.611745516  
2020 11 19  14 20  0.00     2.3619507907      13.611729326  
2020 11 19  14 21  0.00     2.3619491584      13.611713142  
2020 11 19  14 22  0.00     2.3619475272      13.611696964  
2020 11 19  14 23  0.00     2.3619458972      13.611680792  
2020 11 19  14 24  0.00     2.3619442683      13.611664627  
2020 11 19  14 25  0.00     2.3619426406      13.611648468  
2020 11 19  14 26  0.00     2.3619410140      13.611632315  
2020 11 19  14 27  0.00     2.3619393886      13.611616169  
2020 11 19  14 28  0.00     2.3619377644      13.611600030  
2020 11 19  14 29  0.00     2.3619361413      13.611583897  
2020 11 19  14 30  0.00     2.3619345193      13.611567771  
2020 11 19  14 31  0.00     2.3619328985      13.611551652  
2020 11 19  14 32  0.00     2.3619312789      13.611535540  
2020 11 19  14 33  0.00     2.3619296604      13.611519434  
2020 11 19  14 34  0.00     2.3619280431      13.611503336  
2020 11 19  14 35  0.00     2.3619264269      13.611487245  
2020 11 19  14 36  0.00     2.3619248118      13.611471161  
2020 11 19  14 37  0.00     2.3619231980      13.611455085  
2020 11 19  14 38  0.00     2.3619215852      13.611439016  
2020 11 19  14 39  0.00     2.3619199736      13.611422954  
2020 11 19  14 40  0.00     2.3619183632      13.611406899  
2020 11 19  14 41  0.00     2.3619167539      13.611390853  
2020 11 19  14 42  0.00     2.3619151457      13.611374814  
2020 11 19  14 43  0.00     2.3619135387      13.611358782  
2020 11 19  14 44  0.00     2.3619119328      13.611342759  
2020 11 19  14 45  0.00     2.3619103281      13.611326743  
2020 11 19  14 46  0.00     2.3619087245      13.611310735  
2020 11 19  14 47  0.00     2.3619071221      13.611294735  
2020 11 19  14 48  0.00     2.3619055208      13.611278744  
2020 11 19  14 49  0.00     2.3619039206      13.611262760  
2020 11 19  14 50  0.00     2.3619023216      13.611246785  
2020 11 19  14 51  0.00     2.3619007237      13.611230818  
2020 11 19  14 52  0.00     2.3618991269      13.611214859  
2020 11 19  14 53  0.00     2.3618975313      13.611198909  
2020 11 19  14 54  0.00     2.3618959369      13.611182967  
2020 11 19  14 55  0.00     2.3618943435      13.611167034  
2020 11 19  14 56  0.00     2.3618927513      13.611151109  
2020 11 19  14 57  0.00     2.3618911602      13.611135194  
2020 11 19  14 58  0.00     2.3618895703      13.611119287  
2020 11 19  14 59  0.00     2.3618879815      13.611103389  
2020 11 19  15  0  0.00     2.3618863938      13.611087499  
2020 11 19  15  1  0.00     2.3618848073      13.611071619  
2020 11 19  15  2  0.00     2.3618832219      13.611055748  
2020 11 19  15  3  0.00     2.3618816376      13.611039886  
2020 11 19  15  4  0.00     2.3618800544      13.611024033  
2020 11 19  15  5  0.00     2.3618784724      13.611008190  
2020 11 19  15  6  0.00     2.3618768915      13.610992356  
2020 11 19  15  7  0.00     2.3618753117      13.610976531  
2020 11 19  15  8  0.00     2.3618737331      13.610960716  
2020 11 19  15  9  0.00     2.3618721555      13.610944911  
2020 11 19  15 10  0.00     2.3618705791      13.610929115  
2020 11 19  15 11  0.00     2.3618690038      13.610913329  
2020 11 19  15 12  0.00     2.3618674297      13.610897552  
2020 11 19  15 13  0.00     2.3618658566      13.610881786  
2020 11 19  15 14  0.00     2.3618642847      13.610866029  
2020 11 19  15 15  0.00     2.3618627139      13.610850282  
2020 11 19  15 16  0.00     2.3618611442      13.610834546  
2020 11 19  15 17  0.00     2.3618595756      13.610818819  
2020 11 19  15 18  0.00     2.3618580081      13.610803103  
2020 11 19  15 19  0.00     2.3618564417      13.610787397  
2020 11 19  15 20  0.00     2.3618548765      13.610771702  
2020 11 19  15 21  0.00     2.3618533123      13.610756017  
2020 11 19  15 22  0.00     2.3618517493      13.610740342  
2020 11 19  15 23  0.00     2.3618501874      13.610724678  
2020 11 19  15 24  0.00     2.3618486266      13.610709024  
2020 11 19  15 25  0.00     2.3618470669      13.610693382  
2020 11 19  15 26  0.00     2.3618455083      13.610677750  
2020 11 19  15 27  0.00     2.3618439508      13.610662129  
2020 11 19  15 28  0.00     2.3618423944      13.610646518  
2020 11 19  15 29  0.00     2.3618408391      13.610630919  
2020 11 19  15 30  0.00     2.3618392849      13.610615331  
2020 11 19  15 31  0.00     2.3618377318      13.610599754  
2020 11 19  15 32  0.00     2.3618361798      13.610584188  
2020 11 19  15 33  0.00     2.3618346289      13.610568633  
2020 11 19  15 34  0.00     2.3618330791      13.610553090  
2020 11 19  15 35  0.00     2.3618315304      13.610537558  
2020 11 19  15 36  0.00     2.3618299827      13.610522037  
2020 11 19  15 37  0.00     2.3618284362      13.610506528  
2020 11 19  15 38  0.00     2.3618268908      13.610491030  
2020 11 19  15 39  0.00     2.3618253464      13.610475545  
2020 11 19  15 40  0.00     2.3618238032      13.610460071  
2020 11 19  15 41  0.00     2.3618222610      13.610444608  
2020 11 19  15 42  0.00     2.3618207199      13.610429158  
2020 11 19  15 43  0.00     2.3618191799      13.610413719  
2020 11 19  15 44  0.00     2.3618176410      13.610398293  
2020 11 19  15 45  0.00     2.3618161031      13.610382878  
2020 11 19  15 46  0.00     2.3618145664      13.610367476  
2020 11 19  15 47  0.00     2.3618130307      13.610352086  
2020 11 19  15 48  0.00     2.3618114961      13.610336708  
2020 11 19  15 49  0.00     2.3618099625      13.610321343  
2020 11 19  15 50  0.00     2.3618084301      13.610305990  
2020 11 19  15 51  0.00     2.3618068987      13.610290649  
2020 11 19  15 52  0.00     2.3618053684      13.610275321  
2020 11 19  15 53  0.00     2.3618038391      13.610260005  
2020 11 19  15 54  0.00     2.3618023110      13.610244702  
2020 11 19  15 55  0.00     2.3618007839      13.610229412  
2020 11 19  15 56  0.00     2.3617992578      13.610214135  
2020 11 19  15 57  0.00     2.3617977328      13.610198870  
2020 11 19  15 58  0.00     2.3617962089      13.610183619  
2020 11 19  15 59  0.00     2.3617946861      13.610168380  
2020 11 19  16  0  0.00     2.3617931643      13.610153155  
2020 11 19  16  1  0.00     2.3617916435      13.610137942  
2020 11 19  16  2  0.00     2.3617901239      13.610122743  
2020 11 19  16  3  0.00     2.3617886052      13.610107557  
2020 11 19  16  4  0.00     2.3617870877      13.610092385  
2020 11 19  16  5  0.00     2.3617855712      13.610077225  
2020 11 19  16  6  0.00     2.3617840557      13.610062079  
2020 11 19  16  7  0.00     2.3617825413      13.610046947  
2020 11 19  16  8  0.00     2.3617810279      13.610031828  
2020 11 19  16  9  0.00     2.3617795156      13.610016723  
2020 11 19  16 10  0.00     2.3617780043      13.610001632  
2020 11 19  16 11  0.00     2.3617764941      13.609986554  
2020 11 19  16 12  0.00     2.3617749849      13.609971491  
2020 11 19  16 13  0.00     2.3617734767      13.609956441  
2020 11 19  16 14  0.00     2.3617719696      13.609941405  
2020 11 19  16 15  0.00     2.3617704635      13.609926383  
2020 11 19  16 16  0.00     2.3617689585      13.609911375  
2020 11 19  16 17  0.00     2.3617674544      13.609896382  
2020 11 19  16 18  0.00     2.3617659515      13.609881402  
2020 11 19  16 19  0.00     2.3617644495      13.609866437  
2020 11 19  16 20  0.00     2.3617629486      13.609851486  
2020 11 19  16 21  0.00     2.3617614487      13.609836550  
2020 11 19  16 22  0.00     2.3617599498      13.609821628  
2020 11 19  16 23  0.00     2.3617584520      13.609806721  
2020 11 19  16 24  0.00     2.3617569551      13.609791828  
2020 11 19  16 25  0.00     2.3617554593      13.609776950  
2020 11 19  16 26  0.00     2.3617539645      13.609762086  
2020 11 19  16 27  0.00     2.3617524707      13.609747238  
2020 11 19  16 28  0.00     2.3617509780      13.609732404  
2020 11 19  16 29  0.00     2.3617494862      13.609717585  
2020 11 19  16 30  0.00     2.3617479955      13.609702781  
2020 11 19  16 31  0.00     2.3617465057      13.609687992  
2020 11 19  16 32  0.00     2.3617450170      13.609673218  
2020 11 19  16 33  0.00     2.3617435293      13.609658460  
2020 11 19  16 34  0.00     2.3617420426      13.609643716  
2020 11 19  16 35  0.00     2.3617405568      13.609628988  
2020 11 19  16 36  0.00     2.3617390721      13.609614275  
2020 11 19  16 37  0.00     2.3617375884      13.609599578  
2020 11 19  16 38  0.00     2.3617361057      13.609584896  
2020 11 19  16 39  0.00     2.3617346239      13.609570230  
2020 11 19  16 40  0.00     2.3617331432      13.609555579  
2020 11 19  16 41  0.00     2.3617316634      13.609540944  
2020 11 19  16 42  0.00     2.3617301847      13.609526324  
2020 11 19  16 43  0.00     2.3617287069      13.609511720  
2020 11 19  16 44  0.00     2.3617272301      13.609497132  
2020 11 19  16 45  0.00     2.3617257543      13.609482560  
2020 11 19  16 46  0.00     2.3617242795      13.609468004  
2020 11 19  16 47  0.00     2.3617228056      13.609453464  
2020 11 19  16 48  0.00     2.3617213327      13.609438940  
2020 11 19  16 49  0.00     2.3617198608      13.609424432  
2020 11 19  16 50  0.00     2.3617183899      13.609409940  
2020 11 19  16 51  0.00     2.3617169200      13.609395465  
2020 11 19  16 52  0.00     2.3617154510      13.609381005  
2020 11 19  16 53  0.00     2.3617139829      13.609366563  
2020 11 19  16 54  0.00     2.3617125159      13.609352136  
2020 11 19  16 55  0.00     2.3617110498      13.609337726  
2020 11 19  16 56  0.00     2.3617095846      13.609323332  
2020 11 19  16 57  0.00     2.3617081205      13.609308956  
2020 11 19  16 58  0.00     2.3617066572      13.609294595  
2020 11 19  16 59  0.00     2.3617051950      13.609280252  
2020 11 19  17  0  0.00     2.3617037337      13.609265925  
2020 11 19  17  1  0.00     2.3617022733      13.609251615  
2020 11 19  17  2  0.00     2.3617008139      13.609237322  
2020 11 19  17  3  0.00     2.3616993554      13.609223045  
2020 11 19  17  4  0.00     2.3616978979      13.609208786  
2020 11 19  17  5  0.00     2.3616964413      13.609194544  
2020 11 19  17  6  0.00     2.3616949856      13.609180319  
2020 11 19  17  7  0.00     2.3616935309      13.609166111  
2020 11 19  17  8  0.00     2.3616920771      13.609151920  
2020 11 19  17  9  0.00     2.3616906243      13.609137747  
2020 11 19  17 10  0.00     2.3616891724      13.609123591  
2020 11 19  17 11  0.00     2.3616877214      13.609109452  
2020 11 19  17 12  0.00     2.3616862713      13.609095331  
2020 11 19  17 13  0.00     2.3616848222      13.609081227  
2020 11 19  17 14  0.00     2.3616833740      13.609067141  
2020 11 19  17 15  0.00     2.3616819267      13.609053072  
2020 11 19  17 16  0.00     2.3616804803      13.609039021  
2020 11 19  17 17  0.00     2.3616790349      13.609024988  
2020 11 19  17 18  0.00     2.3616775903      13.609010972  
2020 11 19  17 19  0.00     2.3616761467      13.608996974  
2020 11 19  17 20  0.00     2.3616747039      13.608982994  
2020 11 19  17 21  0.00     2.3616732621      13.608969032  
2020 11 19  17 22  0.00     2.3616718212      13.608955088  
2020 11 19  17 23  0.00     2.3616703812      13.608941163  
2020 11 19  17 24  0.00     2.3616689421      13.608927255  
2020 11 19  17 25  0.00     2.3616675038      13.608913365  
2020 11 19  17 26  0.00     2.3616660665      13.608899494  
2020 11 19  17 27  0.00     2.3616646301      13.608885640  
2020 11 19  17 28  0.00     2.3616631945      13.608871805  
2020 11 19  17 29  0.00     2.3616617599      13.608857989  
2020 11 19  17 30  0.00     2.3616603261      13.608844191  
2020 11 19  17 31  0.00     2.3616588932      13.608830411  
2020 11 19  17 32  0.00     2.3616574612      13.608816650  
2020 11 19  17 33  0.00     2.3616560301      13.608802907  
2020 11 19  17 34  0.00     2.3616545998      13.608789183  
2020 11 19  17 35  0.00     2.3616531704      13.608775478  
2020 11 19  17 36  0.00     2.3616517419      13.608761791  
2020 11 19  17 37  0.00     2.3616503143      13.608748123  
2020 11 19  17 38  0.00     2.3616488875      13.608734474  
2020 11 19  17 39  0.00     2.3616474616      13.608720844  
2020 11 19  17 40  0.00     2.3616460365      13.608707233  
2020 11 19  17 41  0.00     2.3616446123      13.608693640  
2020 11 19  17 42  0.00     2.3616431890      13.608680067  
2020 11 19  17 43  0.00     2.3616417665      13.608666513  
2020 11 19  17 44  0.00     2.3616403448      13.608652978  
2020 11 19  17 45  0.00     2.3616389241      13.608639462  
2020 11 19  17 46  0.00     2.3616375041      13.608625966  
2020 11 19  17 47  0.00     2.3616360850      13.608612488  
2020 11 19  17 48  0.00     2.3616346667      13.608599030  
2020 11 19  17 49  0.00     2.3616332493      13.608585592  
2020 11 19  17 50  0.00     2.3616318327      13.608572172  
2020 11 19  17 51  0.00     2.3616304170      13.608558773  
2020 11 19  17 52  0.00     2.3616290021      13.608545392  
2020 11 19  17 53  0.00     2.3616275880      13.608532032  
2020 11 19  17 54  0.00     2.3616261747      13.608518691  
2020 11 19  17 55  0.00     2.3616247623      13.608505369  
2020 11 19  17 56  0.00     2.3616233506      13.608492068  
2020 11 19  17 57  0.00     2.3616219398      13.608478786  
2020 11 19  17 58  0.00     2.3616205298      13.608465524  
2020 11 19  17 59  0.00     2.3616191207      13.608452281  
2020 11 19  18  0  0.00     2.3616177123      13.608439059  
2020 11 19  18  1  0.00     2.3616163047      13.608425857  
2020 11 19  18  2  0.00     2.3616148980      13.608412674  
2020 11 19  18  3  0.00     2.3616134920      13.608399512  
2020 11 19  18  4  0.00     2.3616120869      13.608386370  
2020 11 19  18  5  0.00     2.3616106825      13.608373248  
2020 11 19  18  6  0.00     2.3616092790      13.608360146  
2020 11 19  18  7  0.00     2.3616078762      13.608347064  
2020 11 19  18  8  0.00     2.3616064742      13.608334003  
2020 11 19  18  9  0.00     2.3616050730      13.608320962  
2020 11 19  18 10  0.00     2.3616036726      13.608307941  
2020 11 19  18 11  0.00     2.3616022729      13.608294941  
2020 11 19  18 12  0.00     2.3616008741      13.608281961  
2020 11 19  18 13  0.00     2.3615994760      13.608269002  
2020 11 19  18 14  0.00     2.3615980787      13.608256063  
2020 11 19  18 15  0.00     2.3615966822      13.608243145  
2020 11 19  18 16  0.00     2.3615952864      13.608230248  
2020 11 19  18 17  0.00     2.3615938914      13.608217371  
2020 11 19  18 18  0.00     2.3615924971      13.608204515  
2020 11 19  18 19  0.00     2.3615911036      13.608191679  
2020 11 19  18 20  0.00     2.3615897109      13.608178865  
2020 11 19  18 21  0.00     2.3615883189      13.608166071  
2020 11 19  18 22  0.00     2.3615869277      13.608153299  
2020 11 19  18 23  0.00     2.3615855372      13.608140547  
2020 11 19  18 24  0.00     2.3615841474      13.608127816  
2020 11 19  18 25  0.00     2.3615827584      13.608115106  
2020 11 19  18 26  0.00     2.3615813702      13.608102417  
2020 11 19  18 27  0.00     2.3615799827      13.608089750  
2020 11 19  18 28  0.00     2.3615785959      13.608077103  
2020 11 19  18 29  0.00     2.3615772098      13.608064478  
2020 11 19  18 30  0.00     2.3615758245      13.608051874  
2020 11 19  18 31  0.00     2.3615744399      13.608039292  
2020 11 19  18 32  0.00     2.3615730560      13.608026730  
2020 11 19  18 33  0.00     2.3615716728      13.608014190  
2020 11 19  18 34  0.00     2.3615702903      13.608001672  
2020 11 19  18 35  0.00     2.3615689086      13.607989174  
2020 11 19  18 36  0.00     2.3615675276      13.607976699  
2020 11 19  18 37  0.00     2.3615661472      13.607964245  
2020 11 19  18 38  0.00     2.3615647676      13.607951812  
2020 11 19  18 39  0.00     2.3615633887      13.607939401  
2020 11 19  18 40  0.00     2.3615620105      13.607927012  
2020 11 19  18 41  0.00     2.3615606329      13.607914644  
2020 11 19  18 42  0.00     2.3615592561      13.607902298  
2020 11 19  18 43  0.00     2.3615578799      13.607889974  
2020 11 19  18 44  0.00     2.3615565045      13.607877672  
2020 11 19  18 45  0.00     2.3615551297      13.607865391  
2020 11 19  18 46  0.00     2.3615537556      13.607853133  
2020 11 19  18 47  0.00     2.3615523822      13.607840896  
2020 11 19  18 48  0.00     2.3615510094      13.607828681  
2020 11 19  18 49  0.00     2.3615496373      13.607816488  
2020 11 19  18 50  0.00     2.3615482659      13.607804318  
2020 11 19  18 51  0.00     2.3615468952      13.607792169  
2020 11 19  18 52  0.00     2.3615455251      13.607780042  
2020 11 19  18 53  0.00     2.3615441557      13.607767938  
2020 11 19  18 54  0.00     2.3615427869      13.607755856  
2020 11 19  18 55  0.00     2.3615414188      13.607743796  
2020 11 19  18 56  0.00     2.3615400513      13.607731758  
2020 11 19  18 57  0.00     2.3615386845      13.607719743  
2020 11 19  18 58  0.00     2.3615373183      13.607707750  
2020 11 19  18 59  0.00     2.3615359528      13.607695779  
2020 11 19  19  0  0.00     2.3615345879      13.607683830  
2020 11 19  19  1  0.00     2.3615332236      13.607671905  
2020 11 19  19  2  0.00     2.3615318600      13.607660001  
2020 11 19  19  3  0.00     2.3615304970      13.607648120  
2020 11 19  19  4  0.00     2.3615291346      13.607636262  
2020 11 19  19  5  0.00     2.3615277728      13.607624426  
2020 11 19  19  6  0.00     2.3615264117      13.607612613  
2020 11 19  19  7  0.00     2.3615250511      13.607600822  
2020 11 19  19  8  0.00     2.3615236912      13.607589054  
2020 11 19  19  9  0.00     2.3615223319      13.607577309  
2020 11 19  19 10  0.00     2.3615209732      13.607565586  
2020 11 19  19 11  0.00     2.3615196151      13.607553887  
2020 11 19  19 12  0.00     2.3615182576      13.607542210  
2020 11 19  19 13  0.00     2.3615169007      13.607530556  
2020 11 19  19 14  0.00     2.3615155444      13.607518925  
2020 11 19  19 15  0.00     2.3615141887      13.607507316  
2020 11 19  19 16  0.00     2.3615128335      13.607495731  
2020 11 19  19 17  0.00     2.3615114790      13.607484169  
2020 11 19  19 18  0.00     2.3615101250      13.607472629  
2020 11 19  19 19  0.00     2.3615087716      13.607461113  
2020 11 19  19 20  0.00     2.3615074188      13.607449620  
2020 11 19  19 21  0.00     2.3615060665      13.607438150  
2020 11 19  19 22  0.00     2.3615047149      13.607426703  
2020 11 19  19 23  0.00     2.3615033637      13.607415279  
2020 11 19  19 24  0.00     2.3615020132      13.607403878  
2020 11 19  19 25  0.00     2.3615006632      13.607392501  
2020 11 19  19 26  0.00     2.3614993137      13.607381146  
2020 11 19  19 27  0.00     2.3614979648      13.607369815  
2020 11 19  19 28  0.00     2.3614966165      13.607358508  
2020 11 19  19 29  0.00     2.3614952687      13.607347224  
2020 11 19  19 30  0.00     2.3614939214      13.607335963  
2020 11 19  19 31  0.00     2.3614925747      13.607324725  
2020 11 19  19 32  0.00     2.3614912285      13.607313511  
2020 11 19  19 33  0.00     2.3614898828      13.607302320  
2020 11 19  19 34  0.00     2.3614885377      13.607291153  
2020 11 19  19 35  0.00     2.3614871931      13.607280010  
2020 11 19  19 36  0.00     2.3614858490      13.607268889  
2020 11 19  19 37  0.00     2.3614845054      13.607257793  
2020 11 19  19 38  0.00     2.3614831623      13.607246720  
2020 11 19  19 39  0.00     2.3614818198      13.607235671  
2020 11 19  19 40  0.00     2.3614804778      13.607224645  
2020 11 19  19 41  0.00     2.3614791362      13.607213643  
2020 11 19  19 42  0.00     2.3614777952      13.607202664  
2020 11 19  19 43  0.00     2.3614764546      13.607191710  
2020 11 19  19 44  0.00     2.3614751146      13.607180779  
2020 11 19  19 45  0.00     2.3614737750      13.607169872  
2020 11 19  19 46  0.00     2.3614724360      13.607158989  
2020 11 19  19 47  0.00     2.3614710974      13.607148129  
2020 11 19  19 48  0.00     2.3614697593      13.607137294  
2020 11 19  19 49  0.00     2.3614684216      13.607126482  
2020 11 19  19 50  0.00     2.3614670845      13.607115694  
2020 11 19  19 51  0.00     2.3614657478      13.607104930  
2020 11 19  19 52  0.00     2.3614644116      13.607094190  
2020 11 19  19 53  0.00     2.3614630758      13.607083474  
2020 11 19  19 54  0.00     2.3614617405      13.607072782  
2020 11 19  19 55  0.00     2.3614604057      13.607062115  
2020 11 19  19 56  0.00     2.3614590713      13.607051471  
2020 11 19  19 57  0.00     2.3614577374      13.607040851  
2020 11 19  19 58  0.00     2.3614564039      13.607030255  
2020 11 19  19 59  0.00     2.3614550708      13.607019684  
2020 11 19  20  0  0.00     2.3614537382      13.607009136  
2020 11 19  20  1  0.00     2.3614524060      13.606998613  
2020 11 19  20  2  0.00     2.3614510743      13.606988114  
2020 11 19  20  3  0.00     2.3614497429      13.606977639  
2020 11 19  20  4  0.00     2.3614484120      13.606967188  
2020 11 19  20  5  0.00     2.3614470816      13.606956762  
2020 11 19  20  6  0.00     2.3614457515      13.606946360  
2020 11 19  20  7  0.00     2.3614444219      13.606935982  
2020 11 19  20  8  0.00     2.3614430926      13.606925628  
2020 11 19  20  9  0.00     2.3614417638      13.606915299  
2020 11 19  20 10  0.00     2.3614404354      13.606904994  
2020 11 19  20 11  0.00     2.3614391074      13.606894713  
2020 11 19  20 12  0.00     2.3614377797      13.606884457  
2020 11 19  20 13  0.00     2.3614364525      13.606874226  
2020 11 19  20 14  0.00     2.3614351257      13.606864018  
2020 11 19  20 15  0.00     2.3614337992      13.606853835  
2020 11 19  20 16  0.00     2.3614324731      13.606843677  
2020 11 19  20 17  0.00     2.3614311474      13.606833543  
2020 11 19  20 18  0.00     2.3614298221      13.606823434  
2020 11 19  20 19  0.00     2.3614284971      13.606813349  
2020 11 19  20 20  0.00     2.3614271726      13.606803289  
2020 11 19  20 21  0.00     2.3614258483      13.606793253  
2020 11 19  20 22  0.00     2.3614245245      13.606783242  
2020 11 19  20 23  0.00     2.3614232010      13.606773255  
2020 11 19  20 24  0.00     2.3614218778      13.606763293  
2020 11 19  20 25  0.00     2.3614205550      13.606753356  
2020 11 19  20 26  0.00     2.3614192326      13.606743443  
2020 11 19  20 27  0.00     2.3614179105      13.606733555  
2020 11 19  20 28  0.00     2.3614165887      13.606723692  
2020 11 19  20 29  0.00     2.3614152672      13.606713853  
2020 11 19  20 30  0.00     2.3614139461      13.606704039  
---
2020 11 20  10 36  0.00     2.3600820719      13.604288298  
2020 11 20  10 37  0.00     2.3600800375      13.604285289  
2020 11 20  10 38  0.00     2.3600780023      13.604282260  
2020 11 20  10 39  0.00     2.3600759661      13.604279212  
2020 11 20  10 40  0.00     2.3600739290      13.604276144  
2020 11 20  10 41  0.00     2.3600718910      13.604273056  
2020 11 20  10 42  0.00     2.3600698522      13.604269948  
2020 11 20  10 43  0.00     2.3600678124      13.604266821  
2020 11 20  10 44  0.00     2.3600657718      13.604263674  
2020 11 20  10 45  0.00     2.3600637303      13.604260507  
2020 11 20  10 46  0.00     2.3600616879      13.604257320  
2020 11 20  10 47  0.00     2.3600596447      13.604254113  
2020 11 20  10 48  0.00     2.3600576006      13.604250886  
2020 11 20  10 49  0.00     2.3600555556      13.604247639  
2020 11 20  10 50  0.00     2.3600535097      13.604244372  
2020 11 20  10 51  0.00     2.3600514630      13.604241085  
2020 11 20  10 52  0.00     2.3600494155      13.604237777  
2020 11 20  10 53  0.00     2.3600473670      13.604234449  
2020 11 20  10 54  0.00     2.3600453178      13.604231101  
2020 11 20  10 55  0.00     2.3600432677      13.604227733  
2020 11 20  10 56  0.00     2.3600412167      13.604224344  
2020 11 20  10 57  0.00     2.3600391649      13.604220934  
2020 11 20  10 58  0.00     2.3600371123      13.604217504  
2020 11 20  10 59  0.00     2.3600350589      13.604214054  
2020 11 20  11  0  0.00     2.3600330046      13.604210583  
2020 11 20  11  1  0.00     2.3600309495      13.604207091  
2020 11 20  11  2  0.00     2.3600288936      13.604203578  
2020 11 20  11  3  0.00     2.3600268368      13.604200045  
2020 11 20  11  4  0.00     2.3600247793      13.604196491  
2020 11 20  11  5  0.00     2.3600227209      13.604192916  
2020 11 20  11  6  0.00     2.3600206617      13.604189320  
2020 11 20  11  7  0.00     2.3600186018      13.604185704  
2020 11 20  11  8  0.00     2.3600165410      13.604182066  
2020 11 20  11  9  0.00     2.3600144794      13.604178407  
2020 11 20  11 10  0.00     2.3600124171      13.604174727  
2020 11 20  11 11  0.00     2.3600103539      13.604171026  
2020 11 20  11 12  0.00     2.3600082900      13.604167304  
2020 11 20  11 13  0.00     2.3600062253      13.604163561  
2020 11 20  11 14  0.00     2.3600041598      13.604159797  
2020 11 20  11 15  0.00     2.3600020935      13.604156011  
2020 11 20  11 16  0.00     2.3600000264      13.604152204  
2020 11 20  11 17  0.00     2.3599979586      13.604148375  
2020 11 20  11 18  0.00     2.3599958901      13.604144525  
2020 11 20  11 19  0.00     2.3599938207      13.604140654  
2020 11 20  11 20  0.00     2.3599917506      13.604136761  
2020 11 20  11 21  0.00     2.3599896798      13.604132846  
2020 11 20  11 22  0.00     2.3599876082      13.604128910  
2020 11 20  11 23  0.00     2.3599855359      13.604124952  
2020 11 20  11 24  0.00     2.3599834628      13.604120973  
2020 11 20  11 25  0.00     2.3599813890      13.604116972  
2020 11 20  11 26  0.00     2.3599793144      13.604112949  
2020 11 20  11 27  0.00     2.3599772391      13.604108904  
2020 11 20  11 28  0.00     2.3599751631      13.604104838  
2020 11 20  11 29  0.00     2.3599730864      13.604100749  
2020 11 20  11 30  0.00     2.3599710090      13.604096639  
2020 11 20  11 31  0.00     2.3599689308      13.604092507  
2020 11 20  11 32  0.00     2.3599668519      13.604088352  
2020 11 20  11 33  0.00     2.3599647723      13.604084176  
2020 11 20  11 34  0.00     2.3599626920      13.604079977  
2020 11 20  11 35  0.00     2.3599606110      13.604075757  
2020 11 20  11 36  0.00     2.3599585293      13.604071514  
2020 11 20  11 37  0.00     2.3599564470      13.604067249  
2020 11 20  11 38  0.00     2.3599543639      13.604062962  
2020 11 20  11 39  0.00     2.3599522801      13.604058652  
2020 11 20  11 40  0.00     2.3599501957      13.604054320  
2020 11 20  11 41  0.00     2.3599481106      13.604049966  
2020 11 20  11 42  0.00     2.3599460248      13.604045589  
2020 11 20  11 43  0.00     2.3599439383      13.604041190  
2020 11 20  11 44  0.00     2.3599418512      13.604036769  
2020 11 20  11 45  0.00     2.3599397634      13.604032324  
2020 11 20  11 46  0.00     2.3599376750      13.604027858  
2020 11 20  11 47  0.00     2.3599355859      13.604023369  
2020 11 20  11 48  0.00     2.3599334961      13.604018857  
2020 11 20  11 49  0.00     2.3599314057      13.604014322  
2020 11 20  11 50  0.00     2.3599293147      13.604009765  
2020 11 20  11 51  0.00     2.3599272230      13.604005185  
2020 11 20  11 52  0.00     2.3599251307      13.604000582  
2020 11 20  11 53  0.00     2.3599230377      13.603995957  
2020 11 20  11 54  0.00     2.3599209441      13.603991308  
2020 11 20  11 55  0.00     2.3599188499      13.603986637  
2020 11 20  11 56  0.00     2.3599167551      13.603981943  
2020 11 20  11 57  0.00     2.3599146597      13.603977225  
2020 11 20  11 58  0.00     2.3599125636      13.603972485  
2020 11 20  11 59  0.00     2.3599104670      13.603967722  
2020 11 20  12  0  0.00     2.3599083697      13.603962936  
2020 11 20  12  1  0.00     2.3599062718      13.603958127  
2020 11 20  12  2  0.00     2.3599041734      13.603953294  
2020 11 20  12  3  0.00     2.3599020743      13.603948438  
2020 11 20  12  4  0.00     2.3598999747      13.603943560  
2020 11 20  12  5  0.00     2.3598978745      13.603938658  
2020 11 20  12  6  0.00     2.3598957737      13.603933732  
2020 11 20  12  7  0.00     2.3598936723      13.603928784  
2020 11 20  12  8  0.00     2.3598915703      13.603923812  
2020 11 20  12  9  0.00     2.3598894678      13.603918817  
2020 11 20  12 10  0.00     2.3598873647      13.603913798  
2020 11 20  12 11  0.00     2.3598852611      13.603908756  
2020 11 20  12 12  0.00     2.3598831569      13.603903690  
2020 11 20  12 13  0.00     2.3598810522      13.603898601  
2020 11 20  12 14  0.00     2.3598789469      13.603893489  
2020 11 20  12 15  0.00     2.3598768410      13.603888353  
2020 11 20  12 16  0.00     2.3598747346      13.603883193  
2020 11 20  12 17  0.00     2.3598726277      13.603878010  
2020 11 20  12 18  0.00     2.3598705203      13.603872803  
2020 11 20  12 19  0.00     2.3598684123      13.603867572  
2020 11 20  12 20  0.00     2.3598663038      13.603862318  
2020 11 20  12 21  0.00     2.3598641948      13.603857040  
2020 11 20  12 22  0.00     2.3598620852      13.603851738  
2020 11 20  12 23  0.00     2.3598599752      13.603846413  
2020 11 20  12 24  0.00     2.3598578646      13.603841063  
2020 11 20  12 25  0.00     2.3598557536      13.603835690  
2020 11 20  12 26  0.00     2.3598536420      13.603830293  
2020 11 20  12 27  0.00     2.3598515300      13.603824872  
2020 11 20  12 28  0.00     2.3598494175      13.603819427  
2020 11 20  12 29  0.00     2.3598473044      13.603813959  
2020 11 20  12 30  0.00     2.3598451909      13.603808466  
2020 11 20  12 31  0.00     2.3598430769      13.603802949  
2020 11 20  12 32  0.00     2.3598409625      13.603797408  
2020 11 20  12 33  0.00     2.3598388476      13.603791843  
2020 11 20  12 34  0.00     2.3598367322      13.603786254  
2020 11 20  12 35  0.00     2.3598346163      13.603780641  
2020 11 20  12 36  0.00     2.3598325000      13.603775004  
2020 11 20  12 37  0.00     2.3598303832      13.603769342  
2020 11 20  12 38  0.00     2.3598282660      13.603763656  
2020 11 20  12 39  0.00     2.3598261484      13.603757947  
2020 11 20  12 40  0.00     2.3598240303      13.603752212  
2020 11 20  12 41  0.00     2.3598219117      13.603746454  
2020 11 20  12 42  0.00     2.3598197928      13.603740671  
2020 11 20  12 43  0.00     2.3598176734      13.603734864  
2020 11 20  12 44  0.00     2.3598155535      13.603729033  
2020 11 20  12 45  0.00     2.3598134333      13.603723177  
2020 11 20  12 46  0.00     2.3598113127      13.603717297  
2020 11 20  12 47  0.00     2.3598091916      13.603711393  
2020 11 20  12 48  0.00     2.3598070701      13.603705464  
2020 11 20  12 49  0.00     2.3598049483      13.603699510  
2020 11 20  12 50  0.00     2.3598028260      13.603693532  
2020 11 20  12 51  0.00     2.3598007033      13.603687530  
2020 11 20  12 52  0.00     2.3597985803      13.603681503  
2020 11 20  12 53  0.00     2.3597964568      13.603675452  
2020 11 20  12 54  0.00     2.3597943330      13.603669375  
2020 11 20  12 55  0.00     2.3597922088      13.603663275  
2020 11 20  12 56  0.00     2.3597900843      13.603657150  
2020 11 20  12 57  0.00     2.3597879593      13.603651000  
2020 11 20  12 58  0.00     2.3597858340      13.603644825  
2020 11 20  12 59  0.00     2.3597837084      13.603638626  
2020 11 20  13  0  0.00     2.3597815823      13.603632402  
2020 11 20  13  1  0.00     2.3597794560      13.603626153  
2020 11 20  13  2  0.00     2.3597773293      13.603619880  
2020 11 20  13  3  0.00     2.3597752022      13.603613582  
2020 11 20  13  4  0.00     2.3597730748      13.603607259  
2020 11 20  13  5  0.00     2.3597709471      13.603600911  
2020 11 20  13  6  0.00     2.3597688190      13.603594538  
2020 11 20  13  7  0.00     2.3597666906      13.603588141  
2020 11 20  13  8  0.00     2.3597645619      13.603581719  
2020 11 20  13  9  0.00     2.3597624329      13.603575271  
2020 11 20  13 10  0.00     2.3597603036      13.603568799  
2020 11 20  13 11  0.00     2.3597581740      13.603562303  
2020 11 20  13 12  0.00     2.3597560440      13.603555781  
2020 11 20  13 13  0.00     2.3597539138      13.603549234  
2020 11 20  13 14  0.00     2.3597517832      13.603542662  
2020 11 20  13 15  0.00     2.3597496524      13.603536065  
2020 11 20  13 16  0.00     2.3597475213      13.603529444  
2020 11 20  13 17  0.00     2.3597453899      13.603522797  
2020 11 20  13 18  0.00     2.3597432582      13.603516125  
2020 11 20  13 19  0.00     2.3597411263      13.603509428  
2020 11 20  13 20  0.00     2.3597389941      13.603502706  
2020 11 20  13 21  0.00     2.3597368616      13.603495960  
2020 11 20  13 22  0.00     2.3597347289      13.603489188  
2020 11 20  13 23  0.00     2.3597325959      13.603482390  
2020 11 20  13 24  0.00     2.3597304626      13.603475568  
2020 11 20  13 25  0.00     2.3597283292      13.603468721  
2020 11 20  13 26  0.00     2.3597261954      13.603461848  
2020 11 20  13 27  0.00     2.3597240615      13.603454951  
2020 11 20  13 28  0.00     2.3597219273      13.603448028  
2020 11 20  13 29  0.00     2.3597197928      13.603441080  
2020 11 20  13 30  0.00     2.3597176582      13.603434106  
2020 11 20  13 31  0.00     2.3597155233      13.603427108  
2020 11 20  13 32  0.00     2.3597133882      13.603420084  
2020 11 20  13 33  0.00     2.3597112529      13.603413035  
2020 11 20  13 34  0.00     2.3597091174      13.603405961  
2020 11 20  13 35  0.00     2.3597069817      13.603398862  
2020 11 20  13 36  0.00     2.3597048458      13.603391737  
2020 11 20  13 37  0.00     2.3597027097      13.603384587  
2020 11 20  13 38  0.00     2.3597005734      13.603377412  
2020 11 20  13 39  0.00     2.3596984369      13.603370211  
2020 11 20  13 40  0.00     2.3596963003      13.603362985  
2020 11 20  13 41  0.00     2.3596941634      13.603355734  
2020 11 20  13 42  0.00     2.3596920264      13.603348457  
2020 11 20  13 43  0.00     2.3596898893      13.603341155  
2020 11 20  13 44  0.00     2.3596877519      13.603333828  
2020 11 20  13 45  0.00     2.3596856144      13.603326476  
2020 11 20  13 46  0.00     2.3596834768      13.603319097  
2020 11 20  13 47  0.00     2.3596813390      13.603311694  
2020 11 20  13 48  0.00     2.3596792010      13.603304265  
2020 11 20  13 49  0.00     2.3596770630      13.603296811  
2020 11 20  13 50  0.00     2.3596749248      13.603289331  
2020 11 20  13 51  0.00     2.3596727864      13.603281826  
2020 11 20  13 52  0.00     2.3596706479      13.603274296  
2020 11 20  13 53  0.00     2.3596685093      13.603266740  
2020 11 20  13 54  0.00     2.3596663706      13.603259159  
2020 11 20  13 55  0.00     2.3596642318      13.603251552  
2020 11 20  13 56  0.00     2.3596620929      13.603243920  
2020 11 20  13 57  0.00     2.3596599538      13.603236262  
2020 11 20  13 58  0.00     2.3596578147      13.603228579  
2020 11 20  13 59  0.00     2.3596556755      13.603220870  
2020 11 20  14  0  0.00     2.3596535361      13.603213136  
2020 11 20  14  1  0.00     2.3596513967      13.603205376  
2020 11 20  14  2  0.00     2.3596492572      13.603197591  
2020 11 20  14  3  0.00     2.3596471176      13.603189780  
2020 11 20  14  4  0.00     2.3596449780      13.603181944  
2020 11 20  14  5  0.00     2.3596428383      13.603174083  
2020 11 20  14  6  0.00     2.3596406985      13.603166196  
2020 11 20  14  7  0.00     2.3596385587      13.603158283  
2020 11 20  14  8  0.00     2.3596364188      13.603150345  
2020 11 20  14  9  0.00     2.3596342788      13.603142381  
2020 11 20  14 10  0.00     2.3596321388      13.603134392  
2020 11 20  14 11  0.00     2.3596299988      13.603126377  
2020 11 20  14 12  0.00     2.3596278587      13.603118337  
2020 11 20  14 13  0.00     2.3596257186      13.603110271  
2020 11 20  14 14  0.00     2.3596235785      13.603102180  
2020 11 20  14 15  0.00     2.3596214383      13.603094063  
2020 11 20  14 16  0.00     2.3596192982      13.603085920  
2020 11 20  14 17  0.00     2.3596171580      13.603077752  
2020 11 20  14 18  0.00     2.3596150178      13.603069559  
2020 11 20  14 19  0.00     2.3596128776      13.603061340  
2020 11 20  14 20  0.00     2.3596107373      13.603053095  
2020 11 20  14 21  0.00     2.3596085971      13.603044825  
2020 11 20  14 22  0.00     2.3596064569      13.603036529  
2020 11 20  14 23  0.00     2.3596043168      13.603028208  
2020 11 20  14 24  0.00     2.3596021766      13.603019862  
2020 11 20  14 25  0.00     2.3596000364      13.603011489  
2020 11 20  14 26  0.00     2.3595978963      13.603003091  
2020 11 20  14 27  0.00     2.3595957562      13.602994668  
2020 11 20  14 28  0.00     2.3595936162      13.602986219  
2020 11 20  14 29  0.00     2.3595914762      13.602977745  
2020 11 20  14 30  0.00     2.3595893362      13.602969245  
2020 11 20  14 31  0.00     2.3595871963      13.602960719  
2020 11 20  14 32  0.00     2.3595850564      13.602952168  
2020 11 20  14 33  0.00     2.3595829166      13.602943591  
2020 11 20  14 34  0.00     2.3595807768      13.602934989  
2020 11 20  14 35  0.00     2.3595786371      13.602926361  
2020 11 20  14 36  0.00     2.3595764975      13.602917708  
2020 11 20  14 37  0.00     2.3595743580      13.602909030  
2020 11 20  14 38  0.00     2.3595722185      13.602900325  
2020 11 20  14 39  0.00     2.3595700791      13.602891596  
2020 11 20  14 40  0.00     2.3595679398      13.602882840  
2020 11 20  14 41  0.00     2.3595658006      13.602874060  
2020 11 20  14 42  0.00     2.3595636615      13.602865253  
2020 11 20  14 43  0.00     2.3595615225      13.602856422  
2020 11 20  14 44  0.00     2.3595593836      13.602847564  
2020 11 20  14 45  0.00     2.3595572448      13.602838682  
2020 11 20  14 46  0.00     2.3595551062      13.602829773  
2020 11 20  14 47  0.00     2.3595529676      13.602820840  
2020 11 20  14 48  0.00     2.3595508292      13.602811881  
2020 11 20  14 49  0.00     2.3595486909      13.602802896  
2020 11 20  14 50  0.00     2.3595465528      13.602793886  
2020 11 20  14 51  0.00     2.3595444147      13.602784850  
2020 11 20  14 52  0.00     2.3595422769      13.602775789  
2020 11 20  14 53  0.00     2.3595401391      13.602766703  
2020 11 20  14 54  0.00     2.3595380016      13.602757591  
2020 11 20  14 55  0.00     2.3595358641      13.602748454  
2020 11 20  14 56  0.00     2.3595337269      13.602739291  
2020 11 20  14 57  0.00     2.3595315898      13.602730103  
2020 11 20  14 58  0.00     2.3595294528      13.602720890  
2020 11 20  14 59  0.00     2.3595273161      13.602711651  
2020 11 20  15  0  0.00     2.3595251795      13.602702387  
2020 11 20  15  1  0.00     2.3595230431      13.602693097  
2020 11 20  15  2  0.00     2.3595209069      13.602683783  
2020 11 20  15  3  0.00     2.3595187709      13.602674442  
2020 11 20  15  4  0.00     2.3595166351      13.602665077  
2020 11 20  15  5  0.00     2.3595144994      13.602655686  
2020 11 20  15  6  0.00     2.3595123640      13.602646270  
2020 11 20  15  7  0.00     2.3595102288      13.602636828  
2020 11 20  15  8  0.00     2.3595080938      13.602627361  
2020 11 20  15  9  0.00     2.3595059591      13.602617869  
2020 11 20  15 10  0.00     2.3595038245      13.602608352  
2020 11 20  15 11  0.00     2.3595016902      13.602598809  
2020 11 20  15 12  0.00     2.3594995561      13.602589241  
2020 11 20  15 13  0.00     2.3594974222      13.602579648  
2020 11 20  15 14  0.00     2.3594952886      13.602570030  
2020 11 20  15 15  0.00     2.3594931553      13.602560387  
2020 11 20  15 16  0.00     2.3594910221      13.602550718  
2020 11 20  15 17  0.00     2.3594888893      13.602541024  
2020 11 20  15 18  0.00     2.3594867567      13.602531305  
2020 11 20  15 19  0.00     2.3594846243      13.602521561  
2020 11 20  15 20  0.00     2.3594824923      13.602511791  
2020 11 20  15 21  0.00     2.3594803605      13.602501997  
2020 11 20  15 22  0.00     2.3594782289      13.602492177  
2020 11 20  15 23  0.00     2.3594760977      13.602482333  
2020 11 20  15 24  0.00     2.3594739667      13.602472463  
2020 11 20  15 25  0.00     2.3594718360      13.602462568  
2020 11 20  15 26  0.00     2.3594697057      13.602452648  
2020 11 20  15 27  0.00     2.3594675756      13.602442703  
2020 11 20  15 28  0.00     2.3594654458      13.602432733  
2020 11 20  15 29  0.00     2.3594633163      13.602422738  
2020 11 20  15 30  0.00     2.3594611872      13.602412718  
2020 11 20  15 31  0.00     2.3594590583      13.602402673  
2020 11 20  15 32  0.00     2.3594569298      13.602392603  
2020 11 20  15 33  0.00     2.3594548016      13.602382509  
2020 11 20  15 34  0.00     2.3594526738      13.602372389  
2020 11 20  15 35  0.00     2.3594505462      13.602362244  
2020 11 20  15 36  0.00     2.3594484190      13.602352075  
2020 11 20  15 37  0.00     2.3594462922      13.602341880  
2020 11 20  15 38  0.00     2.3594441657      13.602331661  
2020 11 20  15 39  0.00     2.3594420395      13.602321417  
2020 11 20  15 40  0.00     2.3594399137      13.602311148  
2020 11 20  15 41  0.00     2.3594377883      13.602300855  
2020 11 20  15 42  0.00     2.3594356632      13.602290536  
2020 11 20  15 43  0.00     2.3594335385      13.602280193  
2020 11 20  15 44  0.00     2.3594314142      13.602269825  
2020 11 20  15 45  0.00     2.3594292902      13.602259433  
2020 11 20  15 46  0.00     2.3594271666      13.602249015  
2020 11 20  15 47  0.00     2.3594250435      13.602238573  
2020 11 20  15 48  0.00     2.3594229207      13.602228107  
2020 11 20  15 49  0.00     2.3594207983      13.602217615  
2020 11 20  15 50  0.00     2.3594186763      13.602207099  
2020 11 20  15 51  0.00     2.3594165547      13.602196559  
2020 11 20  15 52  0.00     2.3594144335      13.602185994  
2020 11 20  15 53  0.00     2.3594123127      13.602175404  
2020 11 20  15 54  0.00     2.3594101923      13.602164790  
2020 11 20  15 55  0.00     2.3594080724      13.602154152  
2020 11 20  15 56  0.00     2.3594059529      13.602143489  
2020 11 20  15 57  0.00     2.3594038338      13.602132801  
2020 11 20  15 58  0.00     2.3594017151      13.602122089  
2020 11 20  15 59  0.00     2.3593995969      13.602111353  
2020 11 20  16  0  0.00     2.3593974791      13.602100592  
2020 11 20  16  1  0.00     2.3593953618      13.602089807  
2020 11 20  16  2  0.00     2.3593932449      13.602078998  
2020 11 20  16  3  0.00     2.3593911285      13.602068164  
2020 11 20  16  4  0.00     2.3593890126      13.602057306  
2020 11 20  16  5  0.00     2.3593868971      13.602046424  
2020 11 20  16  6  0.00     2.3593847820      13.602035517  
2020 11 20  16  7  0.00     2.3593826675      13.602024586  
2020 11 20  16  8  0.00     2.3593805534      13.602013631  
2020 11 20  16  9  0.00     2.3593784398      13.602002652  
2020 11 20  16 10  0.00     2.3593763267      13.601991649  
2020 11 20  16 11  0.00     2.3593742141      13.601980622  
2020 11 20  16 12  0.00     2.3593721019      13.601969570  
2020 11 20  16 13  0.00     2.3593699903      13.601958495  
2020 11 20  16 14  0.00     2.3593678792      13.601947395  
2020 11 20  16 15  0.00     2.3593657686      13.601936272  
2020 11 20  16 16  0.00     2.3593636585      13.601925124  
2020 11 20  16 17  0.00     2.3593615489      13.601913953  
2020 11 20  16 18  0.00     2.3593594398      13.601902758  
2020 11 20  16 19  0.00     2.3593573312      13.601891538  
2020 11 20  16 20  0.00     2.3593552232      13.601880295  
2020 11 20  16 21  0.00     2.3593531157      13.601869028  
2020 11 20  16 22  0.00     2.3593510087      13.601857738  
2020 11 20  16 23  0.00     2.3593489023      13.601846423  
2020 11 20  16 24  0.00     2.3593467965      13.601835085  
2020 11 20  16 25  0.00     2.3593446911      13.601823723  
2020 11 20  16 26  0.00     2.3593425864      13.601812337  
2020 11 20  16 27  0.00     2.3593404821      13.601800928  
2020 11 20  16 28  0.00     2.3593383785      13.601789495  
2020 11 20  16 29  0.00     2.3593362754      13.601778039  
2020 11 20  16 30  0.00     2.3593341729      13.601766558  
2020 11 20  16 31  0.00     2.3593320709      13.601755055  
2020 11 20  16 32  0.00     2.3593299696      13.601743528  
2020 11 20  16 33  0.00     2.3593278688      13.601731977  
2020 11 20  16 34  0.00     2.3593257686      13.601720403  
2020 11 20  16 35  0.00     2.3593236690      13.601708806  
2020 11 20  16 36  0.00     2.3593215699      13.601697185  
2020 11 20  16 37  0.00     2.3593194715      13.601685540  
2020 11 20  16 38  0.00     2.3593173737      13.601673873  
2020 11 20  16 39  0.00     2.3593152765      13.601662182  
2020 11 20  16 40  0.00     2.3593131799      13.601650468  
2020 11 20  16 41  0.00     2.3593110839      13.601638731  
2020 11 20  16 42  0.00     2.3593089885      13.601626970  
2020 11 20  16 43  0.00     2.3593068938      13.601615187  
2020 11 20  16 44  0.00     2.3593047997      13.601603380  
2020 11 20  16 45  0.00     2.3593027062      13.601591550  
2020 11 20  16 46  0.00     2.3593006133      13.601579698  
2020 11 20  16 47  0.00     2.3592985211      13.601567822  
2020 11 20  16 48  0.00     2.3592964296      13.601555923  
2020 11 20  16 49  0.00     2.3592943386      13.601544001  
2020 11 20  16 50  0.00     2.3592922484      13.601532056  
2020 11 20  16 51  0.00     2.3592901587      13.601520089  
2020 11 20  16 52  0.00     2.3592880698      13.601508099  
2020 11 20  16 53  0.00     2.3592859815      13.601496085  
2020 11 20  16 54  0.00     2.3592838939      13.601484049  
2020 11 20  16 55  0.00     2.3592818069      13.601471991  
2020 11 20  16 56  0.00     2.3592797206      13.601459909  
2020 11 20  16 57  0.00     2.3592776350      13.601447805  
2020 11 20  16 58  0.00     2.3592755501      13.601435679  
2020 11 20  16 59  0.00     2.3592734659      13.601423530  
2020 11 20  17  0  0.00     2.3592713823      13.601411358  
2020 11 20  17  1  0.00     2.3592692995      13.601399164  
2020 11 20  17  2  0.00     2.3592672174      13.601386947  
2020 11 20  17  3  0.00     2.3592651359      13.601374708  
2020 11 20  17  4  0.00     2.3592630552      13.601362446  
2020 11 20  17  5  0.00     2.3592609752      13.601350162  
2020 11 20  17  6  0.00     2.3592588958      13.601337856  
2020 11 20  17  7  0.00     2.3592568172      13.601325527  
2020 11 20  17  8  0.00     2.3592547394      13.601313177  
2020 11 20  17  9  0.00     2.3592526622      13.601300804  
2020 11 20  17 10  0.00     2.3592505858      13.601288409  
2020 11 20  17 11  0.00     2.3592485101      13.601275991  
2020 11 20  17 12  0.00     2.3592464352      13.601263552  
2020 11 20  17 13  0.00     2.3592443610      13.601251091  
2020 11 20  17 14  0.00     2.3592422876      13.601238607  
2020 11 20  17 15  0.00     2.3592402149      13.601226102  
2020 11 20  17 16  0.00     2.3592381429      13.601213575  
2020 11 20  17 17  0.00     2.3592360717      13.601201026  
2020 11 20  17 18  0.00     2.3592340013      13.601188455  
2020 11 20  17 19  0.00     2.3592319316      13.601175862  
2020 11 20  17 20  0.00     2.3592298627      13.601163247  
2020 11 20  17 21  0.00     2.3592277946      13.601150611  
2020 11 20  17 22  0.00     2.3592257272      13.601137953  
2020 11 20  17 23  0.00     2.3592236607      13.601125274  
2020 11 20  17 24  0.00     2.3592215949      13.601112573  
2020 11 20  17 25  0.00     2.3592195299      13.601099850  
2020 11 20  17 26  0.00     2.3592174657      13.601087106  
2020 11 20  17 27  0.00     2.3592154023      13.601074340  
2020 11 20  17 28  0.00     2.3592133397      13.601061553  
2020 11 20  17 29  0.00     2.3592112779      13.601048745  
2020 11 20  17 30  0.00     2.3592092169      13.601035915  
2020 11 20  17 31  0.00     2.3592071567      13.601023064  
2020 11 20  17 32  0.00     2.3592050973      13.601010192  
2020 11 20  17 33  0.00     2.3592030387      13.600997299  
2020 11 20  17 34  0.00     2.3592009810      13.600984384  
2020 11 20  17 35  0.00     2.3591989241      13.600971448  
2020 11 20  17 36  0.00     2.3591968680      13.600958492  
2020 11 20  17 37  0.00     2.3591948127      13.600945514  
2020 11 20  17 38  0.00     2.3591927583      13.600932515  
2020 11 20  17 39  0.00     2.3591907048      13.600919496  
2020 11 20  17 40  0.00     2.3591886520      13.600906455  
2020 11 20  17 41  0.00     2.3591866001      13.600893394  
2020 11 20  17 42  0.00     2.3591845491      13.600880311  
2020 11 20  17 43  0.00     2.3591824989      13.600867209  
2020 11 20  17 44  0.00     2.3591804496      13.600854085  
2020 11 20  17 45  0.00     2.3591784011      13.600840941  
2020 11 20  17 46  0.00     2.3591763535      13.600827776  
2020 11 20  17 47  0.00     2.3591743068      13.600814591  
2020 11 20  17 48  0.00     2.3591722610      13.600801385  
2020 11 20  17 49  0.00     2.3591702160      13.600788158  
2020 11 20  17 50  0.00     2.3591681719      13.600774912  
2020 11 20  17 51  0.00     2.3591661287      13.600761644  
2020 11 20  17 52  0.00     2.3591640863      13.600748357  
2020 11 20  17 53  0.00     2.3591620449      13.600735049  
2020 11 20  17 54  0.00     2.3591600043      13.600721721  
2020 11 20  17 55  0.00     2.3591579647      13.600708373  
2020 11 20  17 56  0.00     2.3591559259      13.600695005  
2020 11 20  17 57  0.00     2.3591538881      13.600681617  
2020 11 20  17 58  0.00     2.3591518512      13.600668209  
2020 11 20  17 59  0.00     2.3591498151      13.600654780  
2020 11 20  18  0  0.00     2.3591477800      13.600641332  
2020 11 20  18  1  0.00     2.3591457458      13.600627864  
2020 11 20  18  2  0.00     2.3591437125      13.600614376  
2020 11 20  18  3  0.00     2.3591416802      13.600600868  
2020 11 20  18  4  0.00     2.3591396488      13.600587341  
2020 11 20  18  5  0.00     2.3591376183      13.600573794  
2020 11 20  18  6  0.00     2.3591355887      13.600560227  
2020 11 20  18  7  0.00     2.3591335601      13.600546641  
2020 11 20  18  8  0.00     2.3591315324      13.600533035  
2020 11 20  18  9  0.00     2.3591295057      13.600519410  
2020 11 20  18 10  0.00     2.3591274799      13.600505765  
2020 11 20  18 11  0.00     2.3591254551      13.600492101  
2020 11 20  18 12  0.00     2.3591234312      13.600478418  
2020 11 20  18 13  0.00     2.3591214083      13.600464715  
2020 11 20  18 14  0.00     2.3591193864      13.600450994  
2020 11 20  18 15  0.00     2.3591173654      13.600437253  
2020 11 20  18 16  0.00     2.3591153453      13.600423493  
2020 11 20  18 17  0.00     2.3591133263      13.600409714  
2020 11 20  18 18  0.00     2.3591113082      13.600395915  
2020 11 20  18 19  0.00     2.3591092911      13.600382098  
2020 11 20  18 20  0.00     2.3591072750      13.600368262  
2020 11 20  18 21  0.00     2.3591052599      13.600354408  
2020 11 20  18 22  0.00     2.3591032458      13.600340534  
2020 11 20  18 23  0.00     2.3591012326      13.600326642  
2020 11 20  18 24  0.00     2.3590992205      13.600312731  
2020 11 20  18 25  0.00     2.3590972093      13.600298801  
2020 11 20  18 26  0.00     2.3590951991      13.600284853  
2020 11 20  18 27  0.00     2.3590931900      13.600270887  
2020 11 20  18 28  0.00     2.3590911819      13.600256901  
2020 11 20  18 29  0.00     2.3590891747      13.600242898  
2020 11 20  18 30  0.00     2.3590871686      13.600228876  
2020 11 20  18 31  0.00     2.3590851635      13.600214836  
2020 11 20  18 32  0.00     2.3590831594      13.600200777  
2020 11 20  18 33  0.00     2.3590811564      13.600186701  
2020 11 20  18 34  0.00     2.3590791543      13.600172606  
2020 11 20  18 35  0.00     2.3590771533      13.600158493  
2020 11 20  18 36  0.00     2.3590751534      13.600144363  
2020 11 20  18 37  0.00     2.3590731544      13.600130214  
2020 11 20  18 38  0.00     2.3590711565      13.600116047  
2020 11 20  18 39  0.00     2.3590691597      13.600101863  
2020 11 20  18 40  0.00     2.3590671639      13.600087661  
2020 11 20  18 41  0.00     2.3590651691      13.600073441  
2020 11 20  18 42  0.00     2.3590631754      13.600059203  
2020 11 20  18 43  0.00     2.3590611828      13.600044948  
2020 11 20  18 44  0.00     2.3590591912      13.600030675  
2020 11 20  18 45  0.00     2.3590572006      13.600016385  
2020 11 20  18 46  0.00     2.3590552112      13.600002077  
2020 11 20  18 47  0.00     2.3590532227      13.599987752  
2020 11 20  18 48  0.00     2.3590512354      13.599973409  
2020 11 20  18 49  0.00     2.3590492491      13.599959050  
2020 11 20  18 50  0.00     2.3590472640      13.599944673  
2020 11 20  18 51  0.00     2.3590452798      13.599930279  
2020 11 20  18 52  0.00     2.3590432968      13.599915868  
2020 11 20  18 53  0.00     2.3590413149      13.599901439  
2020 11 20  18 54  0.00     2.3590393340      13.599886994  
2020 11 20  18 55  0.00     2.3590373542      13.599872532  
2020 11 20  18 56  0.00     2.3590353755      13.599858053  
2020 11 20  18 57  0.00     2.3590333980      13.599843558  
2020 11 20  18 58  0.00     2.3590314215      13.599829045  
2020 11 20  18 59  0.00     2.3590294461      13.599814516  
2020 11 20  19  0  0.00     2.3590274718      13.599799970  
2020 11 20  19  1  0.00     2.3590254986      13.599785408  
2020 11 20  19  2  0.00     2.3590235266      13.599770829  
2020 11 20  19  3  0.00     2.3590215556      13.599756234  
2020 11 20  19  4  0.00     2.3590195858      13.599741623  
2020 11 20  19  5  0.00     2.3590176170      13.599726995  
2020 11 20  19  6  0.00     2.3590156494      13.599712351  
2020 11 20  19  7  0.00     2.3590136830      13.599697690  
2020 11 20  19  8  0.00     2.3590117176      13.599683014  
2020 11 20  19  9  0.00     2.3590097534      13.599668322  
2020 11 20  19 10  0.00     2.3590077903      13.599653613  
2020 11 20  19 11  0.00     2.3590058283      13.599638889  
2020 11 20  19 12  0.00     2.3590038675      13.599624149  
2020 11 20  19 13  0.00     2.3590019078      13.599609392  
2020 11 20  19 14  0.00     2.3589999493      13.599594621  
2020 11 20  19 15  0.00     2.3589979919      13.599579833  
2020 11 20  19 16  0.00     2.3589960356      13.599565030  
2020 11 20  19 17  0.00     2.3589940806      13.599550211  
2020 11 20  19 18  0.00     2.3589921266      13.599535377  
2020 11 20  19 19  0.00     2.3589901738      13.599520528  
2020 11 20  19 20  0.00     2.3589882222      13.599505663  
2020 11 20  19 21  0.00     2.3589862717      13.599490782  
2020 11 20  19 22  0.00     2.3589843224      13.599475887  
2020 11 20  19 23  0.00     2.3589823743      13.599460976  
2020 11 20  19 24  0.00     2.3589804273      13.599446050  
2020 11 20  19 25  0.00     2.3589784815      13.599431109  
2020 11 20  19 26  0.00     2.3589765369      13.599416153  
2020 11 20  19 27  0.00     2.3589745934      13.599401183  
2020 11 20  19 28  0.00     2.3589726511      13.599386197  
2020 11 20  19 29  0.00     2.3589707101      13.599371196  
2020 11 20  19 30  0.00     2.3589687701      13.599356181  
2020 11 20  19 31  0.00     2.3589668314      13.599341151  
2020 11 20  19 32  0.00     2.3589648939      13.599326107  
2020 11 20  19 33  0.00     2.3589629575      13.599311048  
2020 11 20  19 34  0.00     2.3589610224      13.599295975  
2020 11 20  19 35  0.00     2.3589590884      13.599280887  
2020 11 20  19 36  0.00     2.3589571557      13.599265785  
2020 11 20  19 37  0.00     2.3589552241      13.599250668  
2020 11 20  19 38  0.00     2.3589532938      13.599235537  
2020 11 20  19 39  0.00     2.3589513646      13.599220393  
2020 11 20  19 40  0.00     2.3589494367      13.599205234  
2020 11 20  19 41  0.00     2.3589475099      13.599190061  
2020 11 20  19 42  0.00     2.3589455844      13.599174874  
2020 11 20  19 43  0.00     2.3589436601      13.599159673  
2020 11 20  19 44  0.00     2.3589417370      13.599144459  
2020 11 20  19 45  0.00     2.3589398152      13.599129231  
2020 11 20  19 46  0.00     2.3589378945      13.599113989  
2020 11 20  19 47  0.00     2.3589359751      13.599098733  
2020 11 20  19 48  0.00     2.3589340569      13.599083464  
2020 11 20  19 49  0.00     2.3589321399      13.599068182  
2020 11 20  19 50  0.00     2.3589302242      13.599052886  
2020 11 20  19 51  0.00     2.3589283097      13.599037577  
2020 11 20  19 52  0.00     2.3589263964      13.599022254  
2020 11 20  19 53  0.00     2.3589244843      13.599006918  
2020 11 20  19 54  0.00     2.3589225735      13.598991569  
2020 11 20  19 55  0.00     2.3589206640      13.598976208  
2020 11 20  19 56  0.00     2.3589187557      13.598960833  
2020 11 20  19 57  0.00     2.3589168486      13.598945445  
2020 11 20  19 58  0.00     2.3589149428      13.598930044  
2020 11 20  19 59  0.00     2.3589130382      13.598914631  
2020 11 20  20  0  0.00     2.3589111349      13.598899204  
2020 11 20  20  1  0.00     2.3589092328      13.598883766  
2020 11 20  20  2  0.00     2.3589073320      13.598868314  
2020 11 20  20  3  0.00     2.3589054325      13.598852850  
2020 11 20  20  4  0.00     2.3589035342      13.598837374  
2020 11 20  20  5  0.00     2.3589016371      13.598821885  
2020 11 20  20  6  0.00     2.3588997414      13.598806384  
2020 11 20  20  7  0.00     2.3588978469      13.598790871  
2020 11 20  20  8  0.00     2.3588959536      13.598775345  
2020 11 20  20  9  0.00     2.3588940617      13.598759808  
2020 11 20  20 10  0.00     2.3588921710      13.598744258  
2020 11 20  20 11  0.00     2.3588902816      13.598728696  
2020 11 20  20 12  0.00     2.3588883934      13.598713123  
2020 11 20  20 13  0.00     2.3588865066      13.598697538  
2020 11 20  20 14  0.00     2.3588846210      13.598681941  
2020 11 20  20 15  0.00     2.3588827367      13.598666332  
2020 11 20  20 16  0.00     2.3588808537      13.598650712  
2020 11 20  20 17  0.00     2.3588789719      13.598635080  
2020 11 20  20 18  0.00     2.3588770915      13.598619437  
2020 11 20  20 19  0.00     2.3588752123      13.598603782  
2020 11 20  20 20  0.00     2.3588733345      13.598588116  
2020 11 20  20 21  0.00     2.3588714579      13.598572439  
2020 11 20  20 22  0.00     2.3588695826      13.598556751  
2020 11 20  20 23  0.00     2.3588677086      13.598541051  
2020 11 20  20 24  0.00     2.3588658360      13.598525341  
2020 11 20  20 25  0.00     2.3588639646      13.598509619  
2020 11 20  20 26  0.00     2.3588620945      13.598493887  
---
2020 11 21  10 32  0.00     2.3576430128      13.588205968  
2020 11 21  10 33  0.00     2.3576416431      13.588202453  
2020 11 21  10 34  0.00     2.3576402725      13.588198959  
2020 11 21  10 35  0.00     2.3576389009      13.588195486  
2020 11 21  10 36  0.00     2.3576375286      13.588192034  
2020 11 21  10 37  0.00     2.3576361553      13.588188602  
2020 11 21  10 38  0.00     2.3576347811      13.588185190  
2020 11 21  10 39  0.00     2.3576334061      13.588181799  
2020 11 21  10 40  0.00     2.3576320301      13.588178429  
2020 11 21  10 41  0.00     2.3576306533      13.588175078  
2020 11 21  10 42  0.00     2.3576292756      13.588171748  
2020 11 21  10 43  0.00     2.3576278969      13.588168439  
2020 11 21  10 44  0.00     2.3576265174      13.588165149  
2020 11 21  10 45  0.00     2.3576251369      13.588161880  
2020 11 21  10 46  0.00     2.3576237556      13.588158631  
2020 11 21  10 47  0.00     2.3576223733      13.588155401  
2020 11 21  10 48  0.00     2.3576209901      13.588152192  
2020 11 21  10 49  0.00     2.3576196060      13.588149003  
2020 11 21  10 50  0.00     2.3576182210      13.588145834  
2020 11 21  10 51  0.00     2.3576168350      13.588142684  
2020 11 21  10 52  0.00     2.3576154481      13.588139555  
2020 11 21  10 53  0.00     2.3576140603      13.588136445  
2020 11 21  10 54  0.00     2.3576126716      13.588133354  
2020 11 21  10 55  0.00     2.3576112819      13.588130284  
2020 11 21  10 56  0.00     2.3576098913      13.588127233  
2020 11 21  10 57  0.00     2.3576084997      13.588124202  
2020 11 21  10 58  0.00     2.3576071072      13.588121190  
2020 11 21  10 59  0.00     2.3576057137      13.588118198  
2020 11 21  11  0  0.00     2.3576043193      13.588115225  
2020 11 21  11  1  0.00     2.3576029240      13.588112271  
2020 11 21  11  2  0.00     2.3576015277      13.588109337  
2020 11 21  11  3  0.00     2.3576001304      13.588106422  
2020 11 21  11  4  0.00     2.3575987322      13.588103526  
2020 11 21  11  5  0.00     2.3575973330      13.588100649  
2020 11 21  11  6  0.00     2.3575959329      13.588097792  
2020 11 21  11  7  0.00     2.3575945318      13.588094953  
2020 11 21  11  8  0.00     2.3575931297      13.588092134  
2020 11 21  11  9  0.00     2.3575917266      13.588089333  
2020 11 21  11 10  0.00     2.3575903226      13.588086551  
2020 11 21  11 11  0.00     2.3575889176      13.588083788  
2020 11 21  11 12  0.00     2.3575875116      13.588081044  
2020 11 21  11 13  0.00     2.3575861046      13.588078319  
2020 11 21  11 14  0.00     2.3575846966      13.588075612  
2020 11 21  11 15  0.00     2.3575832877      13.588072924  
2020 11 21  11 16  0.00     2.3575818778      13.588070255  
2020 11 21  11 17  0.00     2.3575804668      13.588067604  
2020 11 21  11 18  0.00     2.3575790549      13.588064971  
2020 11 21  11 19  0.00     2.3575776420      13.588062357  
2020 11 21  11 20  0.00     2.3575762281      13.588059762  
2020 11 21  11 21  0.00     2.3575748131      13.588057184  
2020 11 21  11 22  0.00     2.3575733972      13.588054625  
2020 11 21  11 23  0.00     2.3575719803      13.588052084  
2020 11 21  11 24  0.00     2.3575705623      13.588049561  
2020 11 21  11 25  0.00     2.3575691433      13.588047056  
2020 11 21  11 26  0.00     2.3575677234      13.588044569  
2020 11 21  11 27  0.00     2.3575663024      13.588042100  
2020 11 21  11 28  0.00     2.3575648804      13.588039650  
2020 11 21  11 29  0.00     2.3575634573      13.588037216  
2020 11 21  11 30  0.00     2.3575620333      13.588034801  
2020 11 21  11 31  0.00     2.3575606082      13.588032404  
2020 11 21  11 32  0.00     2.3575591821      13.588030024  
2020 11 21  11 33  0.00     2.3575577549      13.588027662  
2020 11 21  11 34  0.00     2.3575563267      13.588025317  
2020 11 21  11 35  0.00     2.3575548975      13.588022990  
2020 11 21  11 36  0.00     2.3575534673      13.588020680  
2020 11 21  11 37  0.00     2.3575520360      13.588018388  
2020 11 21  11 38  0.00     2.3575506036      13.588016113  
2020 11 21  11 39  0.00     2.3575491702      13.588013855  
2020 11 21  11 40  0.00     2.3575477358      13.588011615  
2020 11 21  11 41  0.00     2.3575463003      13.588009391  
2020 11 21  11 42  0.00     2.3575448638      13.588007185  
2020 11 21  11 43  0.00     2.3575434262      13.588004996  
2020 11 21  11 44  0.00     2.3575419876      13.588002824  
2020 11 21  11 45  0.00     2.3575405479      13.588000669  
2020 11 21  11 46  0.00     2.3575391071      13.587998530  
2020 11 21  11 47  0.00     2.3575376653      13.587996409  
2020 11 21  11 48  0.00     2.3575362224      13.587994304  
2020 11 21  11 49  0.00     2.3575347784      13.587992216  
2020 11 21  11 50  0.00     2.3575333334      13.587990144  
2020 11 21  11 51  0.00     2.3575318873      13.587988089  
2020 11 21  11 52  0.00     2.3575304401      13.587986051  
2020 11 21  11 53  0.00     2.3575289919      13.587984029  
2020 11 21  11 54  0.00     2.3575275426      13.587982024  
2020 11 21  11 55  0.00     2.3575260922      13.587980034  
2020 11 21  11 56  0.00     2.3575246407      13.587978062  
2020 11 21  11 57  0.00     2.3575231881      13.587976105  
2020 11 21  11 58  0.00     2.3575217345      13.587974164  
2020 11 21  11 59  0.00     2.3575202797      13.587972240  
2020 11 21  12  0  0.00     2.3575188239      13.587970331  
2020 11 21  12  1  0.00     2.3575173670      13.587968439  
2020 11 21  12  2  0.00     2.3575159090      13.587966562  
2020 11 21  12  3  0.00     2.3575144498      13.587964702  
2020 11 21  12  4  0.00     2.3575129896      13.587962857  
2020 11 21  12  5  0.00     2.3575115283      13.587961028  
2020 11 21  12  6  0.00     2.3575100659      13.587959214  
2020 11 21  12  7  0.00     2.3575086024      13.587957416  
2020 11 21  12  8  0.00     2.3575071378      13.587955634  
2020 11 21  12  9  0.00     2.3575056721      13.587953867  
2020 11 21  12 10  0.00     2.3575042052      13.587952115  
2020 11 21  12 11  0.00     2.3575027373      13.587950379  
2020 11 21  12 12  0.00     2.3575012682      13.587948658  
2020 11 21  12 13  0.00     2.3574997980      13.587946952  
2020 11 21  12 14  0.00     2.3574983267      13.587945262  
2020 11 21  12 15  0.00     2.3574968543      13.587943586  
2020 11 21  12 16  0.00     2.3574953808      13.587941926  
2020 11 21  12 17  0.00     2.3574939062      13.587940281  
2020 11 21  12 18  0.00     2.3574924304      13.587938650  
2020 11 21  12 19  0.00     2.3574909535      13.587937034  
2020 11 21  12 20  0.00     2.3574894754      13.587935433  
2020 11 21  12 21  0.00     2.3574879963      13.587933847  
2020 11 21  12 22  0.00     2.3574865160      13.587932276  
2020 11 21  12 23  0.00     2.3574850346      13.587930719  
2020 11 21  12 24  0.00     2.3574835520      13.587929176  
2020 11 21  12 25  0.00     2.3574820683      13.587927648  
2020 11 21  12 26  0.00     2.3574805835      13.587926135  
2020 11 21  12 27  0.00     2.3574790975      13.587924636  
2020 11 21  12 28  0.00     2.3574776104      13.587923150  
2020 11 21  12 29  0.00     2.3574761222      13.587921680  
2020 11 21  12 30  0.00     2.3574746328      13.587920223  
2020 11 21  12 31  0.00     2.3574731422      13.587918780  
2020 11 21  12 32  0.00     2.3574716505      13.587917352  
2020 11 21  12 33  0.00     2.3574701577      13.587915937  
2020 11 21  12 34  0.00     2.3574686637      13.587914536  
2020 11 21  12 35  0.00     2.3574671685      13.587913149  
2020 11 21  12 36  0.00     2.3574656722      13.587911776  
2020 11 21  12 37  0.00     2.3574641748      13.587910416  
2020 11 21  12 38  0.00     2.3574626762      13.587909070  
2020 11 21  12 39  0.00     2.3574611764      13.587907738  
2020 11 21  12 40  0.00     2.3574596754      13.587906419  
2020 11 21  12 41  0.00     2.3574581734      13.587905113  
2020 11 21  12 42  0.00     2.3574566701      13.587903821  
2020 11 21  12 43  0.00     2.3574551657      13.587902542  
2020 11 21  12 44  0.00     2.3574536601      13.587901276  
2020 11 21  12 45  0.00     2.3574521533      13.587900023  
2020 11 21  12 46  0.00     2.3574506454      13.587898784  
2020 11 21  12 47  0.00     2.3574491363      13.587897557  
2020 11 21  12 48  0.00     2.3574476260      13.587896343  
2020 11 21  12 49  0.00     2.3574461146      13.587895142  
2020 11 21  12 50  0.00     2.3574446020      13.587893954  
2020 11 21  12 51  0.00     2.3574430882      13.587892779  
2020 11 21  12 52  0.00     2.3574415732      13.587891616  
2020 11 21  12 53  0.00     2.3574400570      13.587890466  
2020 11 21  12 54  0.00     2.3574385397      13.587889329  
2020 11 21  12 55  0.00     2.3574370212      13.587888204  
2020 11 21  12 56  0.00     2.3574355015      13.587887091  
2020 11 21  12 57  0.00     2.3574339806      13.587885991  
2020 11 21  12 58  0.00     2.3574324585      13.587884903  
2020 11 21  12 59  0.00     2.3574309353      13.587883827  
2020 11 21  13  0  0.00     2.3574294108      13.587882763  
2020 11 21  13  1  0.00     2.3574278852      13.587881711  
2020 11 21  13  2  0.00     2.3574263584      13.587880671  
2020 11 21  13  3  0.00     2.3574248304      13.587879643  
2020 11 21  13  4  0.00     2.3574233011      13.587878627  
2020 11 21  13  5  0.00     2.3574217707      13.587877623  
2020 11 21  13  6  0.00     2.3574202391      13.587876630  
2020 11 21  13  7  0.00     2.3574187063      13.587875649  
2020 11 21  13  8  0.00     2.3574171723      13.587874680  
2020 11 21  13  9  0.00     2.3574156371      13.587873722  
2020 11 21  13 10  0.00     2.3574141008      13.587872775  
2020 11 21  13 11  0.00     2.3574125632      13.587871840  
2020 11 21  13 12  0.00     2.3574110244      13.587870916  
2020 11 21  13 13  0.00     2.3574094843      13.587870003  
2020 11 21  13 14  0.00     2.3574079431      13.587869102  
2020 11 21  13 15  0.00     2.3574064007      13.587868211  
2020 11 21  13 16  0.00     2.3574048571      13.587867331  
2020 11 21  13 17  0.00     2.3574033123      13.587866463  
2020 11 21  13 18  0.00     2.3574017662      13.587865605  
2020 11 21  13 19  0.00     2.3574002190      13.587864758  
2020 11 21  13 20  0.00     2.3573986705      13.587863922  
2020 11 21  13 21  0.00     2.3573971208      13.587863096  
2020 11 21  13 22  0.00     2.3573955699      13.587862281  
2020 11 21  13 23  0.00     2.3573940178      13.587861476  
2020 11 21  13 24  0.00     2.3573924645      13.587860682  
2020 11 21  13 25  0.00     2.3573909100      13.587859898  
2020 11 21  13 26  0.00     2.3573893542      13.587859125  
2020 11 21  13 27  0.00     2.3573877972      13.587858361  
2020 11 21  13 28  0.00     2.3573862390      13.587857608  
2020 11 21  13 29  0.00     2.3573846796      13.587856865  
2020 11 21  13 30  0.00     2.3573831190      13.587856132  
2020 11 21  13 31  0.00     2.3573815571      13.587855409  
2020 11 21  13 32  0.00     2.3573799941      13.587854695  
2020 11 21  13 33  0.00     2.3573784298      13.587853991  
2020 11 21  13 34  0.00     2.3573768642      13.587853298  
2020 11 21  13 35  0.00     2.3573752975      13.587852613  
2020 11 21  13 36  0.00     2.3573737295      13.587851939  
2020 11 21  13 37  0.00     2.3573721603      13.587851273  
2020 11 21  13 38  0.00     2.3573705898      13.587850617  
2020 11 21  13 39  0.00     2.3573690182      13.587849971  
2020 11 21  13 40  0.00     2.3573674453      13.587849334  
2020 11 21  13 41  0.00     2.3573658712      13.587848706  
2020 11 21  13 42  0.00     2.3573642958      13.587848087  
2020 11 21  13 43  0.00     2.3573627192      13.587847477  
2020 11 21  13 44  0.00     2.3573611414      13.587846876  
2020 11 21  13 45  0.00     2.3573595623      13.587846284  
2020 11 21  13 46  0.00     2.3573579821      13.587845701  
2020 11 21  13 47  0.00     2.3573564005      13.587845126  
2020 11 21  13 48  0.00     2.3573548178      13.587844560  
2020 11 21  13 49  0.00     2.3573532338      13.587844003  
2020 11 21  13 50  0.00     2.3573516486      13.587843455  
2020 11 21  13 51  0.00     2.3573500621      13.587842915  
2020 11 21  13 52  0.00     2.3573484744      13.587842383  
2020 11 21  13 53  0.00     2.3573468854      13.587841859  
2020 11 21  13 54  0.00     2.3573452953      13.587841344  
2020 11 21  13 55  0.00     2.3573437038      13.587840837  
2020 11 21  13 56  0.00     2.3573421112      13.587840338  
2020 11 21  13 57  0.00     2.3573405173      13.587839847  
2020 11 21  13 58  0.00     2.3573389221      13.587839364  
2020 11 21  13 59  0.00     2.3573373257      13.587838889  
2020 11 21  14  0  0.00     2.3573357281      13.587838421  
2020 11 21  14  1  0.00     2.3573341292      13.587837962  
2020 11 21  14  2  0.00     2.3573325291      13.587837510  
2020 11 21  14  3  0.00     2.3573309277      13.587837065  
2020 11 21  14  4  0.00     2.3573293251      13.587836628  
2020 11 21  14  5  0.00     2.3573277213      13.587836199  
2020 11 21  14  6  0.00     2.3573261162      13.587835777  
2020 11 21  14  7  0.00     2.3573245098      13.587835362  
2020 11 21  14  8  0.00     2.3573229022      13.587834954  
2020 11 21  14  9  0.00     2.3573212934      13.587834553  
2020 11 21  14 10  0.00     2.3573196833      13.587834160  
2020 11 21  14 11  0.00     2.3573180720      13.587833773  
2020 11 21  14 12  0.00     2.3573164594      13.587833393  
2020 11 21  14 13  0.00     2.3573148456      13.587833020  
2020 11 21  14 14  0.00     2.3573132305      13.587832654  
2020 11 21  14 15  0.00     2.3573116142      13.587832295  
2020 11 21  14 16  0.00     2.3573099966      13.587831942  
2020 11 21  14 17  0.00     2.3573083778      13.587831596  
2020 11 21  14 18  0.00     2.3573067577      13.587831256  
2020 11 21  14 19  0.00     2.3573051364      13.587830922  
2020 11 21  14 20  0.00     2.3573035138      13.587830595  
2020 11 21  14 21  0.00     2.3573018900      13.587830274  
2020 11 21  14 22  0.00     2.3573002649      13.587829959  
2020 11 21  14 23  0.00     2.3572986386      13.587829650  
2020 11 21  14 24  0.00     2.3572970110      13.587829347  
2020 11 21  14 25  0.00     2.3572953821      13.587829050  
2020 11 21  14 26  0.00     2.3572937521      13.587828759  
2020 11 21  14 27  0.00     2.3572921207      13.587828473  
2020 11 21  14 28  0.00     2.3572904881      13.587828193  
2020 11 21  14 29  0.00     2.3572888543      13.587827919  
2020 11 21  14 30  0.00     2.3572872192      13.587827651  
2020 11 21  14 31  0.00     2.3572855828      13.587827388  
2020 11 21  14 32  0.00     2.3572839452      13.587827130  
2020 11 21  14 33  0.00     2.3572823064      13.587826877  
2020 11 21  14 34  0.00     2.3572806663      13.587826630  
2020 11 21  14 35  0.00     2.3572790249      13.587826388  
2020 11 21  14 36  0.00     2.3572773823      13.587826151  
2020 11 21  14 37  0.00     2.3572757384      13.587825919  
2020 11 21  14 38  0.00     2.3572740933      13.587825692  
2020 11 21  14 39  0.00     2.3572724469      13.587825469  
2020 11 21  14 40  0.00     2.3572707993      13.587825252  
2020 11 21  14 41  0.00     2.3572691504      13.587825039  
2020 11 21  14 42  0.00     2.3572675003      13.587824831  
2020 11 21  14 43  0.00     2.3572658489      13.587824627  
2020 11 21  14 44  0.00     2.3572641962      13.587824428  
2020 11 21  14 45  0.00     2.3572625424      13.587824233  
2020 11 21  14 46  0.00     2.3572608872      13.587824042  
2020 11 21  14 47  0.00     2.3572592308      13.587823856  
2020 11 21  14 48  0.00     2.3572575731      13.587823674  
2020 11 21  14 49  0.00     2.3572559142      13.587823496  
2020 11 21  14 50  0.00     2.3572542541      13.587823322  
2020 11 21  14 51  0.00     2.3572525926      13.587823151  
2020 11 21  14 52  0.00     2.3572509300      13.587822985  
2020 11 21  14 53  0.00     2.3572492661      13.587822822  
2020 11 21  14 54  0.00     2.3572476009      13.587822663  
2020 11 21  14 55  0.00     2.3572459344      13.587822508  
2020 11 21  14 56  0.00     2.3572442668      13.587822356  
2020 11 21  14 57  0.00     2.3572425978      13.587822208  
2020 11 21  14 58  0.00     2.3572409277      13.587822063  
2020 11 21  14 59  0.00     2.3572392562      13.587821921  
2020 11 21  15  0  0.00     2.3572375835      13.587821783  
2020 11 21  15  1  0.00     2.3572359096      13.587821648  
2020 11 21  15  2  0.00     2.3572342344      13.587821516  
2020 11 21  15  3  0.00     2.3572325580      13.587821386  
2020 11 21  15  4  0.00     2.3572308803      13.587821260  
2020 11 21  15  5  0.00     2.3572292013      13.587821137  
2020 11 21  15  6  0.00     2.3572275211      13.587821016  
2020 11 21  15  7  0.00     2.3572258397      13.587820898  
2020 11 21  15  8  0.00     2.3572241570      13.587820782  
2020 11 21  15  9  0.00     2.3572224730      13.587820670  
2020 11 21  15 10  0.00     2.3572207879      13.587820559  
2020 11 21  15 11  0.00     2.3572191014      13.587820451  
2020 11 21  15 12  0.00     2.3572174137      13.587820345  
2020 11 21  15 13  0.00     2.3572157248      13.587820242  
2020 11 21  15 14  0.00     2.3572140346      13.587820140  
2020 11 21  15 15  0.00     2.3572123432      13.587820041  
2020 11 21  15 16  0.00     2.3572106505      13.587819944  
2020 11 21  15 17  0.00     2.3572089566      13.587819848  
2020 11 21  15 18  0.00     2.3572072614      13.587819754  
2020 11 21  15 19  0.00     2.3572055650      13.587819662  
2020 11 21  15 20  0.00     2.3572038674      13.587819572  
2020 11 21  15 21  0.00     2.3572021685      13.587819484  
2020 11 21  15 22  0.00     2.3572004683      13.587819397  
2020 11 21  15 23  0.00     2.3571987669      13.587819311  
2020 11 21  15 24  0.00     2.3571970643      13.587819227  
2020 11 21  15 25  0.00     2.3571953604      13.587819144  
2020 11 21  15 26  0.00     2.3571936553      13.587819062  
2020 11 21  15 27  0.00     2.3571919490      13.587818981  
2020 11 21  15 28  0.00     2.3571902414      13.587818901  
2020 11 21  15 29  0.00     2.3571885325      13.587818823  
2020 11 21  15 30  0.00     2.3571868225      13.587818745  
2020 11 21  15 31  0.00     2.3571851111      13.587818668  
2020 11 21  15 32  0.00     2.3571833986      13.587818592  
2020 11 21  15 33  0.00     2.3571816848      13.587818516  
2020 11 21  15 34  0.00     2.3571799698      13.587818441  
2020 11 21  15 35  0.00     2.3571782535      13.587818367  
2020 11 21  15 36  0.00     2.3571765360      13.587818293  
2020 11 21  15 37  0.00     2.3571748173      13.587818219  
2020 11 21  15 38  0.00     2.3571730973      13.587818146  
2020 11 21  15 39  0.00     2.3571713761      13.587818073  
2020 11 21  15 40  0.00     2.3571696537      13.587818000  
2020 11 21  15 41  0.00     2.3571679300      13.587817927  
2020 11 21  15 42  0.00     2.3571662051      13.587817853  
2020 11 21  15 43  0.00     2.3571644790      13.587817780  
2020 11 21  15 44  0.00     2.3571627516      13.587817707  
2020 11 21  15 45  0.00     2.3571610230      13.587817633  
2020 11 21  15 46  0.00     2.3571592932      13.587817559  
2020 11 21  15 47  0.00     2.3571575622      13.587817485  
2020 11 21  15 48  0.00     2.3571558299      13.587817410  
2020 11 21  15 49  0.00     2.3571540964      13.587817334  
2020 11 21  15 50  0.00     2.3571523617      13.587817258  
2020 11 21  15 51  0.00     2.3571506258      13.587817181  
2020 11 21  15 52  0.00     2.3571488886      13.587817104  
2020 11 21  15 53  0.00     2.3571471502      13.587817025  
2020 11 21  15 54  0.00     2.3571454106      13.587816946  
2020 11 21  15 55  0.00     2.3571436697      13.587816865  
2020 11 21  15 56  0.00     2.3571419277      13.587816783  
2020 11 21  15 57  0.00     2.3571401844      13.587816700  
2020 11 21  15 58  0.00     2.3571384399      13.587816616  
2020 11 21  15 59  0.00     2.3571366942      13.587816531  
2020 11 21  16  0  0.00     2.3571349473      13.587816444  
2020 11 21  16  1  0.00     2.3571331991      13.587816355  
2020 11 21  16  2  0.00     2.3571314498      13.587816265  
2020 11 21  16  3  0.00     2.3571296992      13.587816173  
2020 11 21  16  4  0.00     2.3571279474      13.587816080  
2020 11 21  16  5  0.00     2.3571261944      13.587815985  
2020 11 21  16  6  0.00     2.3571244402      13.587815887  
2020 11 21  16  7  0.00     2.3571226848      13.587815788  
2020 11 21  16  8  0.00     2.3571209282      13.587815687  
2020 11 21  16  9  0.00     2.3571191704      13.587815584  
2020 11 21  16 10  0.00     2.3571174113      13.587815478  
2020 11 21  16 11  0.00     2.3571156511      13.587815370  
2020 11 21  16 12  0.00     2.3571138897      13.587815260  
2020 11 21  16 13  0.00     2.3571121270      13.587815147  
2020 11 21  16 14  0.00     2.3571103632      13.587815032  
2020 11 21  16 15  0.00     2.3571085981      13.587814915  
2020 11 21  16 16  0.00     2.3571068318      13.587814794  
2020 11 21  16 17  0.00     2.3571050644      13.587814671  
2020 11 21  16 18  0.00     2.3571032958      13.587814545  
2020 11 21  16 19  0.00     2.3571015259      13.587814416  
2020 11 21  16 20  0.00     2.3570997549      13.587814284  
2020 11 21  16 21  0.00     2.3570979826      13.587814149  
2020 11 21  16 22  0.00     2.3570962092      13.587814011  
2020 11 21  16 23  0.00     2.3570944346      13.587813870  
2020 11 21  16 24  0.00     2.3570926588      13.587813726  
2020 11 21  16 25  0.00     2.3570908818      13.587813578  
2020 11 21  16 26  0.00     2.3570891036      13.587813426  
2020 11 21  16 27  0.00     2.3570873242      13.587813272  
2020 11 21  16 28  0.00     2.3570855437      13.587813113  
2020 11 21  16 29  0.00     2.3570837619      13.587812951  
2020 11 21  16 30  0.00     2.3570819790      13.587812785  
2020 11 21  16 31  0.00     2.3570801949      13.587812616  
2020 11 21  16 32  0.00     2.3570784096      13.587812442  
2020 11 21  16 33  0.00     2.3570766231      13.587812265  
2020 11 21  16 34  0.00     2.3570748355      13.587812083  
2020 11 21  16 35  0.00     2.3570730467      13.587811897  
2020 11 21  16 36  0.00     2.3570712567      13.587811708  
2020 11 21  16 37  0.00     2.3570694655      13.587811513  
2020 11 21  16 38  0.00     2.3570676732      13.587811315  
2020 11 21  16 39  0.00     2.3570658796      13.587811112  
2020 11 21  16 40  0.00     2.3570640850      13.587810905  
2020 11 21  16 41  0.00     2.3570622891      13.587810693  
2020 11 21  16 42  0.00     2.3570604921      13.587810476  
2020 11 21  16 43  0.00     2.3570586939      13.587810255  
2020 11 21  16 44  0.00     2.3570568946      13.587810028  
2020 11 21  16 45  0.00     2.3570550941      13.587809797  
2020 11 21  16 46  0.00     2.3570532924      13.587809561  
2020 11 21  16 47  0.00     2.3570514895      13.587809320  
2020 11 21  16 48  0.00     2.3570496856      13.587809074  
2020 11 21  16 49  0.00     2.3570478804      13.587808823  
2020 11 21  16 50  0.00     2.3570460741      13.587808566  
2020 11 21  16 51  0.00     2.3570442667      13.587808304  
2020 11 21  16 52  0.00     2.3570424581      13.587808037  
2020 11 21  16 53  0.00     2.3570406483      13.587807764  
2020 11 21  16 54  0.00     2.3570388374      13.587807485  
2020 11 21  16 55  0.00     2.3570370253      13.587807201  
2020 11 21  16 56  0.00     2.3570352121      13.587806911  
2020 11 21  16 57  0.00     2.3570333978      13.587806616  
2020 11 21  16 58  0.00     2.3570315823      13.587806314  
2020 11 21  16 59  0.00     2.3570297657      13.587806007  
2020 11 21  17  0  0.00     2.3570279479      13.587805693  
2020 11 21  17  1  0.00     2.3570261290      13.587805374  
2020 11 21  17  2  0.00     2.3570243090      13.587805048  
2020 11 21  17  3  0.00     2.3570224878      13.587804716  
2020 11 21  17  4  0.00     2.3570206655      13.587804378  
2020 11 21  17  5  0.00     2.3570188420      13.587804034  
2020 11 21  17  6  0.00     2.3570170174      13.587803683  
2020 11 21  17  7  0.00     2.3570151917      13.587803325  
2020 11 21  17  8  0.00     2.3570133649      13.587802961  
2020 11 21  17  9  0.00     2.3570115370      13.587802590  
2020 11 21  17 10  0.00     2.3570097079      13.587802212  
2020 11 21  17 11  0.00     2.3570078777      13.587801828  
2020 11 21  17 12  0.00     2.3570060464      13.587801436  
2020 11 21  17 13  0.00     2.3570042139      13.587801038  
2020 11 21  17 14  0.00     2.3570023804      13.587800633  
2020 11 21  17 15  0.00     2.3570005457      13.587800220  
2020 11 21  17 16  0.00     2.3569987100      13.587799800  
2020 11 21  17 17  0.00     2.3569968731      13.587799373  
2020 11 21  17 18  0.00     2.3569950351      13.587798939  
2020 11 21  17 19  0.00     2.3569931960      13.587798497  
2020 11 21  17 20  0.00     2.3569913558      13.587798048  
2020 11 21  17 21  0.00     2.3569895144      13.587797591  
2020 11 21  17 22  0.00     2.3569876720      13.587797126  
2020 11 21  17 23  0.00     2.3569858285      13.587796654  
2020 11 21  17 24  0.00     2.3569839839      13.587796174  
2020 11 21  17 25  0.00     2.3569821382      13.587795686  
2020 11 21  17 26  0.00     2.3569802914      13.587795191  
2020 11 21  17 27  0.00     2.3569784435      13.587794687  
2020 11 21  17 28  0.00     2.3569765945      13.587794175  
2020 11 21  17 29  0.00     2.3569747444      13.587793655  
2020 11 21  17 30  0.00     2.3569728932      13.587793126  
2020 11 21  17 31  0.00     2.3569710410      13.587792590  
2020 11 21  17 32  0.00     2.3569691877      13.587792045  
2020 11 21  17 33  0.00     2.3569673332      13.587791492  
2020 11 21  17 34  0.00     2.3569654778      13.587790930  
2020 11 21  17 35  0.00     2.3569636212      13.587790359  
2020 11 21  17 36  0.00     2.3569617635      13.587789780  
2020 11 21  17 37  0.00     2.3569599048      13.587789192  
2020 11 21  17 38  0.00     2.3569580450      13.587788595  
2020 11 21  17 39  0.00     2.3569561842      13.587787990  
2020 11 21  17 40  0.00     2.3569543222      13.587787375  
2020 11 21  17 41  0.00     2.3569524592      13.587786752  
2020 11 21  17 42  0.00     2.3569505952      13.587786119  
2020 11 21  17 43  0.00     2.3569487301      13.587785477  
2020 11 21  17 44  0.00     2.3569468639      13.587784826  
2020 11 21  17 45  0.00     2.3569449967      13.587784166  
2020 11 21  17 46  0.00     2.3569431284      13.587783496  
2020 11 21  17 47  0.00     2.3569412590      13.587782817  
2020 11 21  17 48  0.00     2.3569393886      13.587782128  
2020 11 21  17 49  0.00     2.3569375172      13.587781430  
2020 11 21  17 50  0.00     2.3569356447      13.587780722  
2020 11 21  17 51  0.00     2.3569337712      13.587780004  
2020 11 21  17 52  0.00     2.3569318966      13.587779277  
2020 11 21  17 53  0.00     2.3569300210      13.587778539  
2020 11 21  17 54  0.00     2.3569281443      13.587777792  
2020 11 21  17 55  0.00     2.3569262666      13.587777035  
2020 11 21  17 56  0.00     2.3569243879      13.587776267  
2020 11 21  17 57  0.00     2.3569225081      13.587775490  
2020 11 21  17 58  0.00     2.3569206273      13.587774702  
2020 11 21  17 59  0.00     2.3569187455      13.587773904  
2020 11 21  18  0  0.00     2.3569168627      13.587773095  
2020 11 21  18  1  0.00     2.3569149788      13.587772276  
2020 11 21  18  2  0.00     2.3569130939      13.587771447  
2020 11 21  18  3  0.00     2.3569112080      13.587770607  
2020 11 21  18  4  0.00     2.3569093211      13.587769756  
2020 11 21  18  5  0.00     2.3569074332      13.587768895  
2020 11 21  18  6  0.00     2.3569055442      13.587768023  
2020 11 21  18  7  0.00     2.3569036542      13.587767140  
2020 11 21  18  8  0.00     2.3569017633      13.587766246  
2020 11 21  18  9  0.00     2.3568998713      13.587765341  
2020 11 21  18 10  0.00     2.3568979783      13.587764425  
2020 11 21  18 11  0.00     2.3568960844      13.587763498  
2020 11 21  18 12  0.00     2.3568941894      13.587762560  
2020 11 21  18 13  0.00     2.3568922934      13.587761610  
2020 11 21  18 14  0.00     2.3568903964      13.587760650  
2020 11 21  18 15  0.00     2.3568884985      13.587759677  
2020 11 21  18 16  0.00     2.3568865995      13.587758694  
2020 11 21  18 17  0.00     2.3568846996      13.587757698  
2020 11 21  18 18  0.00     2.3568827987      13.587756692  
2020 11 21  18 19  0.00     2.3568808968      13.587755673  
2020 11 21  18 20  0.00     2.3568789939      13.587754643  
2020 11 21  18 21  0.00     2.3568770900      13.587753601  
2020 11 21  18 22  0.00     2.3568751852      13.587752547  
2020 11 21  18 23  0.00     2.3568732794      13.587751481  
2020 11 21  18 24  0.00     2.3568713726      13.587750403  
2020 11 21  18 25  0.00     2.3568694649      13.587749313  
2020 11 21  18 26  0.00     2.3568675562      13.587748211  
2020 11 21  18 27  0.00     2.3568656465      13.587747097  
2020 11 21  18 28  0.00     2.3568637358      13.587745970  
2020 11 21  18 29  0.00     2.3568618243      13.587744831  
2020 11 21  18 30  0.00     2.3568599117      13.587743680  
2020 11 21  18 31  0.00     2.3568579982      13.587742516  
2020 11 21  18 32  0.00     2.3568560837      13.587741340  
2020 11 21  18 33  0.00     2.3568541683      13.587740151  
2020 11 21  18 34  0.00     2.3568522520      13.587738949  
2020 11 21  18 35  0.00     2.3568503347      13.587737735  
2020 11 21  18 36  0.00     2.3568484165      13.587736508  
2020 11 21  18 37  0.00     2.3568464973      13.587735268  
2020 11 21  18 38  0.00     2.3568445772      13.587734015  
2020 11 21  18 39  0.00     2.3568426561      13.587732749  
2020 11 21  18 40  0.00     2.3568407342      13.587731470  
2020 11 21  18 41  0.00     2.3568388113      13.587730178  
2020 11 21  18 42  0.00     2.3568368874      13.587728872  
2020 11 21  18 43  0.00     2.3568349627      13.587727554  
2020 11 21  18 44  0.00     2.3568330370      13.587726222  
2020 11 21  18 45  0.00     2.3568311104      13.587724876  
2020 11 21  18 46  0.00     2.3568291829      13.587723518  
2020 11 21  18 47  0.00     2.3568272545      13.587722145  
2020 11 21  18 48  0.00     2.3568253251      13.587720759  
2020 11 21  18 49  0.00     2.3568233949      13.587719360  
2020 11 21  18 50  0.00     2.3568214638      13.587717947  
2020 11 21  18 51  0.00     2.3568195317      13.587716520  
2020 11 21  18 52  0.00     2.3568175988      13.587715079  
2020 11 21  18 53  0.00     2.3568156649      13.587713624  
2020 11 21  18 54  0.00     2.3568137302      13.587712155  
2020 11 21  18 55  0.00     2.3568117945      13.587710673  
2020 11 21  18 56  0.00     2.3568098580      13.587709176  
2020 11 21  18 57  0.00     2.3568079206      13.587707665  
2020 11 21  18 58  0.00     2.3568059823      13.587706140  
2020 11 21  18 59  0.00     2.3568040431      13.587704600  
2020 11 21  19  0  0.00     2.3568021031      13.587703046  
2020 11 21  19  1  0.00     2.3568001621      13.587701478  
2020 11 21  19  2  0.00     2.3567982203      13.587699896  
2020 11 21  19  3  0.00     2.3567962777      13.587698298  
2020 11 21  19  4  0.00     2.3567943341      13.587696687  
2020 11 21  19  5  0.00     2.3567923897      13.587695060  
2020 11 21  19  6  0.00     2.3567904444      13.587693419  
2020 11 21  19  7  0.00     2.3567884983      13.587691763  
2020 11 21  19  8  0.00     2.3567865513      13.587690092  
2020 11 21  19  9  0.00     2.3567846034      13.587688407  
2020 11 21  19 10  0.00     2.3567826547      13.587686706  
2020 11 21  19 11  0.00     2.3567807052      13.587684991  
2020 11 21  19 12  0.00     2.3567787548      13.587683260  
2020 11 21  19 13  0.00     2.3567768036      13.587681514  
2020 11 21  19 14  0.00     2.3567748515      13.587679753  
2020 11 21  19 15  0.00     2.3567728986      13.587677977  
2020 11 21  19 16  0.00     2.3567709448      13.587676185  
2020 11 21  19 17  0.00     2.3567689902      13.587674378  
2020 11 21  19 18  0.00     2.3567670348      13.587672556  
2020 11 21  19 19  0.00     2.3567650786      13.587670718  
2020 11 21  19 20  0.00     2.3567631215      13.587668865  
2020 11 21  19 21  0.00     2.3567611636      13.587666995  
2020 11 21  19 22  0.00     2.3567592049      13.587665111  
2020 11 21  19 23  0.00     2.3567572454      13.587663210  
2020 11 21  19 24  0.00     2.3567552850      13.587661294  
2020 11 21  19 25  0.00     2.3567533239      13.587659362  
2020 11 21  19 26  0.00     2.3567513619      13.587657414  
2020 11 21  19 27  0.00     2.3567493992      13.587655450  
2020 11 21  19 28  0.00     2.3567474356      13.587653470  
2020 11 21  19 29  0.00     2.3567454713      13.587651474  
2020 11 21  19 30  0.00     2.3567435061      13.587649461  
2020 11 21  19 31  0.00     2.3567415402      13.587647433  
2020 11 21  19 32  0.00     2.3567395734      13.587645388  
2020 11 21  19 33  0.00     2.3567376059      13.587643327  
2020 11 21  19 34  0.00     2.3567356376      13.587641250  
2020 11 21  19 35  0.00     2.3567336685      13.587639156  
2020 11 21  19 36  0.00     2.3567316986      13.587637046  
2020 11 21  19 37  0.00     2.3567297280      13.587634919  
2020 11 21  19 38  0.00     2.3567277566      13.587632775  
2020 11 21  19 39  0.00     2.3567257844      13.587630615  
2020 11 21  19 40  0.00     2.3567238114      13.587628438  
2020 11 21  19 41  0.00     2.3567218377      13.587626245  
2020 11 21  19 42  0.00     2.3567198632      13.587624034  
2020 11 21  19 43  0.00     2.3567178880      13.587621807  
2020 11 21  19 44  0.00     2.3567159120      13.587619563  
2020 11 21  19 45  0.00     2.3567139353      13.587617302  
2020 11 21  19 46  0.00     2.3567119578      13.587615023  
2020 11 21  19 47  0.00     2.3567099796      13.587612728  
2020 11 21  19 48  0.00     2.3567080006      13.587610415  
2020 11 21  19 49  0.00     2.3567060209      13.587608086  
2020 11 21  19 50  0.00     2.3567040404      13.587605739  
2020 11 21  19 51  0.00     2.3567020592      13.587603374  
2020 11 21  19 52  0.00     2.3567000773      13.587600992  
2020 11 21  19 53  0.00     2.3566980946      13.587598593  
2020 11 21  19 54  0.00     2.3566961113      13.587596177  
2020 11 21  19 55  0.00     2.3566941272      13.587593743  
2020 11 21  19 56  0.00     2.3566921424      13.587591291  
2020 11 21  19 57  0.00     2.3566901568      13.587588821  
2020 11 21  19 58  0.00     2.3566881706      13.587586334  
2020 11 21  19 59  0.00     2.3566861836      13.587583829  