v5.22.02i     Planet: Uranus  (DE441)
        Satellite: U2 Umbriel  ( Lainey et al. (2015))
                               - ephemerides on 1847/01/00.5-2145/02/13.7
    Observatory N: 286 - Yunnan Observatory
        Timescale: UTC
Mean equator and equinox of J2000.  ICRF. 
Coordinates astrometric 
Year  M  D   H  M  S       alpha (h)          delta (?)  Precision,"
2020 11 13  12  0  0.00     2.3777749284      13.684716698  
2020 11 13  12  1  0.00     2.3777732665      13.684712706  
2020 11 13  12  2  0.00     2.3777716041      13.684708717  
2020 11 13  12  3  0.00     2.3777699414      13.684704732  
2020 11 13  12  4  0.00     2.3777682783      13.684700749  
2020 11 13  12  5  0.00     2.3777666148      13.684696770  
2020 11 13  12  6  0.00     2.3777649509      13.684692794  
2020 11 13  12  7  0.00     2.3777632865      13.684688821  
2020 11 13  12  8  0.00     2.3777616218      13.684684851  
2020 11 13  12  9  0.00     2.3777599567      13.684680884  
2020 11 13  12 10  0.00     2.3777582912      13.684676920  
2020 11 13  12 11  0.00     2.3777566253      13.684672960  
2020 11 13  12 12  0.00     2.3777549590      13.684669002  
2020 11 13  12 13  0.00     2.3777532923      13.684665048  
2020 11 13  12 14  0.00     2.3777516252      13.684661097  
2020 11 13  12 15  0.00     2.3777499577      13.684657148  
2020 11 13  12 16  0.00     2.3777482898      13.684653203  
2020 11 13  12 17  0.00     2.3777466216      13.684649261  
2020 11 13  12 18  0.00     2.3777449529      13.684645322  
2020 11 13  12 19  0.00     2.3777432838      13.684641386  
2020 11 13  12 20  0.00     2.3777416144      13.684637453  
2020 11 13  12 21  0.00     2.3777399445      13.684633523  
2020 11 13  12 22  0.00     2.3777382743      13.684629597  
2020 11 13  12 23  0.00     2.3777366036      13.684625673  
2020 11 13  12 24  0.00     2.3777349326      13.684621752  
2020 11 13  12 25  0.00     2.3777332611      13.684617834  
2020 11 13  12 26  0.00     2.3777315893      13.684613920  
2020 11 13  12 27  0.00     2.3777299171      13.684610008  
2020 11 13  12 28  0.00     2.3777282445      13.684606099  
2020 11 13  12 29  0.00     2.3777265715      13.684602193  
2020 11 13  12 30  0.00     2.3777248981      13.684598290  
2020 11 13  12 31  0.00     2.3777232243      13.684594390  
2020 11 13  12 32  0.00     2.3777215501      13.684590494  
2020 11 13  12 33  0.00     2.3777198755      13.684586600  
2020 11 13  12 34  0.00     2.3777182006      13.684582709  
2020 11 13  12 35  0.00     2.3777165252      13.684578821  
2020 11 13  12 36  0.00     2.3777148495      13.684574935  
2020 11 13  12 37  0.00     2.3777131733      13.684571053  
2020 11 13  12 38  0.00     2.3777114968      13.684567174  
2020 11 13  12 39  0.00     2.3777098199      13.684563298  
2020 11 13  12 40  0.00     2.3777081426      13.684559424  
2020 11 13  12 41  0.00     2.3777064649      13.684555554  
2020 11 13  12 42  0.00     2.3777047868      13.684551686  
2020 11 13  12 43  0.00     2.3777031083      13.684547821  
2020 11 13  12 44  0.00     2.3777014295      13.684543959  
2020 11 13  12 45  0.00     2.3776997502      13.684540100  
2020 11 13  12 46  0.00     2.3776980706      13.684536244  
2020 11 13  12 47  0.00     2.3776963905      13.684532390  
2020 11 13  12 48  0.00     2.3776947101      13.684528540  
2020 11 13  12 49  0.00     2.3776930293      13.684524692  
2020 11 13  12 50  0.00     2.3776913481      13.684520847  
2020 11 13  12 51  0.00     2.3776896665      13.684517005  
2020 11 13  12 52  0.00     2.3776879846      13.684513166  
2020 11 13  12 53  0.00     2.3776863022      13.684509330  
2020 11 13  12 54  0.00     2.3776846195      13.684505496  
2020 11 13  12 55  0.00     2.3776829364      13.684501666  
2020 11 13  12 56  0.00     2.3776812529      13.684497838  
2020 11 13  12 57  0.00     2.3776795690      13.684494012  
2020 11 13  12 58  0.00     2.3776778847      13.684490190  
2020 11 13  12 59  0.00     2.3776762001      13.684486370  
2020 11 13  13  0  0.00     2.3776745150      13.684482553  
2020 11 13  13  1  0.00     2.3776728296      13.684478739  
2020 11 13  13  2  0.00     2.3776711438      13.684474928  
2020 11 13  13  3  0.00     2.3776694576      13.684471119  
2020 11 13  13  4  0.00     2.3776677710      13.684467313  
2020 11 13  13  5  0.00     2.3776660841      13.684463510  
2020 11 13  13  6  0.00     2.3776643967      13.684459710  
2020 11 13  13  7  0.00     2.3776627090      13.684455912  
2020 11 13  13  8  0.00     2.3776610209      13.684452117  
2020 11 13  13  9  0.00     2.3776593324      13.684448324  
2020 11 13  13 10  0.00     2.3776576436      13.684444535  
2020 11 13  13 11  0.00     2.3776559543      13.684440748  
2020 11 13  13 12  0.00     2.3776542647      13.684436964  
2020 11 13  13 13  0.00     2.3776525747      13.684433182  
2020 11 13  13 14  0.00     2.3776508843      13.684429403  
2020 11 13  13 15  0.00     2.3776491936      13.684425627  
2020 11 13  13 16  0.00     2.3776475024      13.684421853  
2020 11 13  13 17  0.00     2.3776458109      13.684418082  
2020 11 13  13 18  0.00     2.3776441190      13.684414314  
2020 11 13  13 19  0.00     2.3776424267      13.684410548  
2020 11 13  13 20  0.00     2.3776407341      13.684406785  
2020 11 13  13 21  0.00     2.3776390411      13.684403024  
2020 11 13  13 22  0.00     2.3776373477      13.684399266  
2020 11 13  13 23  0.00     2.3776356539      13.684395511  
2020 11 13  13 24  0.00     2.3776339597      13.684391758  
2020 11 13  13 25  0.00     2.3776322652      13.684388008  
2020 11 13  13 26  0.00     2.3776305703      13.684384261  
2020 11 13  13 27  0.00     2.3776288750      13.684380516  
2020 11 13  13 28  0.00     2.3776271794      13.684376773  
2020 11 13  13 29  0.00     2.3776254834      13.684373034  
2020 11 13  13 30  0.00     2.3776237870      13.684369296  
2020 11 13  13 31  0.00     2.3776220902      13.684365562  
2020 11 13  13 32  0.00     2.3776203931      13.684361829  
2020 11 13  13 33  0.00     2.3776186955      13.684358100  
2020 11 13  13 34  0.00     2.3776169977      13.684354373  
2020 11 13  13 35  0.00     2.3776152994      13.684350648  
2020 11 13  13 36  0.00     2.3776136008      13.684346926  
2020 11 13  13 37  0.00     2.3776119018      13.684343206  
2020 11 13  13 38  0.00     2.3776102024      13.684339489  
2020 11 13  13 39  0.00     2.3776085027      13.684335775  
2020 11 13  13 40  0.00     2.3776068026      13.684332062  
2020 11 13  13 41  0.00     2.3776051021      13.684328353  
2020 11 13  13 42  0.00     2.3776034013      13.684324646  
2020 11 13  13 43  0.00     2.3776017001      13.684320941  
2020 11 13  13 44  0.00     2.3775999985      13.684317239  
2020 11 13  13 45  0.00     2.3775982965      13.684313539  
2020 11 13  13 46  0.00     2.3775965942      13.684309842  
2020 11 13  13 47  0.00     2.3775948915      13.684306147  
2020 11 13  13 48  0.00     2.3775931885      13.684302454  
2020 11 13  13 49  0.00     2.3775914851      13.684298764  
2020 11 13  13 50  0.00     2.3775897813      13.684295076  
2020 11 13  13 51  0.00     2.3775880772      13.684291391  
2020 11 13  13 52  0.00     2.3775863727      13.684287708  
2020 11 13  13 53  0.00     2.3775846678      13.684284028  
2020 11 13  13 54  0.00     2.3775829626      13.684280350  
2020 11 13  13 55  0.00     2.3775812570      13.684276674  
2020 11 13  13 56  0.00     2.3775795511      13.684273001  
2020 11 13  13 57  0.00     2.3775778447      13.684269330  
2020 11 13  13 58  0.00     2.3775761381      13.684265661  
2020 11 13  13 59  0.00     2.3775744310      13.684261995  
2020 11 13  14  0  0.00     2.3775727236      13.684258331  
2020 11 13  14  1  0.00     2.3775710159      13.684254670  
2020 11 13  14  2  0.00     2.3775693078      13.684251011  
2020 11 13  14  3  0.00     2.3775675993      13.684247354  
2020 11 13  14  4  0.00     2.3775658905      13.684243699  
2020 11 13  14  5  0.00     2.3775641813      13.684240047  
2020 11 13  14  6  0.00     2.3775624717      13.684236397  
2020 11 13  14  7  0.00     2.3775607618      13.684232749  
2020 11 13  14  8  0.00     2.3775590515      13.684229104  
2020 11 13  14  9  0.00     2.3775573409      13.684225461  
2020 11 13  14 10  0.00     2.3775556299      13.684221820  
2020 11 13  14 11  0.00     2.3775539186      13.684218182  
2020 11 13  14 12  0.00     2.3775522069      13.684214546  
2020 11 13  14 13  0.00     2.3775504949      13.684210912  
2020 11 13  14 14  0.00     2.3775487825      13.684207280  
2020 11 13  14 15  0.00     2.3775470697      13.684203651  
2020 11 13  14 16  0.00     2.3775453566      13.684200024  
2020 11 13  14 17  0.00     2.3775436432      13.684196399  
2020 11 13  14 18  0.00     2.3775419294      13.684192776  
2020 11 13  14 19  0.00     2.3775402152      13.684189155  
2020 11 13  14 20  0.00     2.3775385007      13.684185537  
2020 11 13  14 21  0.00     2.3775367859      13.684181921  
2020 11 13  14 22  0.00     2.3775350707      13.684178307  
2020 11 13  14 23  0.00     2.3775333551      13.684174695  
2020 11 13  14 24  0.00     2.3775316392      13.684171086  
2020 11 13  14 25  0.00     2.3775299229      13.684167479  
2020 11 13  14 26  0.00     2.3775282063      13.684163873  
2020 11 13  14 27  0.00     2.3775264894      13.684160270  
2020 11 13  14 28  0.00     2.3775247721      13.684156670  
2020 11 13  14 29  0.00     2.3775230544      13.684153071  
2020 11 13  14 30  0.00     2.3775213364      13.684149474  
2020 11 13  14 31  0.00     2.3775196181      13.684145880  
2020 11 13  14 32  0.00     2.3775178994      13.684142288  
2020 11 13  14 33  0.00     2.3775161804      13.684138698  
2020 11 13  14 34  0.00     2.3775144610      13.684135110  
2020 11 13  14 35  0.00     2.3775127413      13.684131524  
2020 11 13  14 36  0.00     2.3775110212      13.684127940  
2020 11 13  14 37  0.00     2.3775093008      13.684124359  
2020 11 13  14 38  0.00     2.3775075801      13.684120779  
2020 11 13  14 39  0.00     2.3775058590      13.684117202  
2020 11 13  14 40  0.00     2.3775041376      13.684113626  
2020 11 13  14 41  0.00     2.3775024158      13.684110053  
2020 11 13  14 42  0.00     2.3775006937      13.684106482  
2020 11 13  14 43  0.00     2.3774989713      13.684102913  
2020 11 13  14 44  0.00     2.3774972485      13.684099345  
2020 11 13  14 45  0.00     2.3774955254      13.684095780  
2020 11 13  14 46  0.00     2.3774938019      13.684092217  
2020 11 13  14 47  0.00     2.3774920781      13.684088656  
2020 11 13  14 48  0.00     2.3774903540      13.684085097  
2020 11 13  14 49  0.00     2.3774886295      13.684081541  
2020 11 13  14 50  0.00     2.3774869047      13.684077986  
2020 11 13  14 51  0.00     2.3774851795      13.684074433  
2020 11 13  14 52  0.00     2.3774834540      13.684070882  
2020 11 13  14 53  0.00     2.3774817282      13.684067333  
2020 11 13  14 54  0.00     2.3774800021      13.684063786  
2020 11 13  14 55  0.00     2.3774782756      13.684060241  
2020 11 13  14 56  0.00     2.3774765488      13.684056698  
2020 11 13  14 57  0.00     2.3774748216      13.684053157  
2020 11 13  14 58  0.00     2.3774730942      13.684049619  
2020 11 13  14 59  0.00     2.3774713664      13.684046082  
2020 11 13  15  0  0.00     2.3774696382      13.684042546  
2020 11 13  15  1  0.00     2.3774679098      13.684039013  
2020 11 13  15  2  0.00     2.3774661810      13.684035482  
2020 11 13  15  3  0.00     2.3774644518      13.684031953  
2020 11 13  15  4  0.00     2.3774627224      13.684028426  
2020 11 13  15  5  0.00     2.3774609926      13.684024900  
2020 11 13  15  6  0.00     2.3774592625      13.684021377  
2020 11 13  15  7  0.00     2.3774575320      13.684017855  
2020 11 13  15  8  0.00     2.3774558013      13.684014336  
2020 11 13  15  9  0.00     2.3774540702      13.684010818  
2020 11 13  15 10  0.00     2.3774523388      13.684007302  
2020 11 13  15 11  0.00     2.3774506070      13.684003788  
2020 11 13  15 12  0.00     2.3774488750      13.684000276  
2020 11 13  15 13  0.00     2.3774471426      13.683996766  
2020 11 13  15 14  0.00     2.3774454099      13.683993258  
2020 11 13  15 15  0.00     2.3774436768      13.683989751  
2020 11 13  15 16  0.00     2.3774419435      13.683986247  
2020 11 13  15 17  0.00     2.3774402098      13.683982744  
2020 11 13  15 18  0.00     2.3774384758      13.683979243  
2020 11 13  15 19  0.00     2.3774367415      13.683975744  
2020 11 13  15 20  0.00     2.3774350069      13.683972247  
2020 11 13  15 21  0.00     2.3774332719      13.683968751  
2020 11 13  15 22  0.00     2.3774315366      13.683965257  
2020 11 13  15 23  0.00     2.3774298010      13.683961766  
2020 11 13  15 24  0.00     2.3774280651      13.683958276  
2020 11 13  15 25  0.00     2.3774263289      13.683954787  
2020 11 13  15 26  0.00     2.3774245924      13.683951301  
2020 11 13  15 27  0.00     2.3774228555      13.683947816  
2020 11 13  15 28  0.00     2.3774211183      13.683944334  
2020 11 13  15 29  0.00     2.3774193809      13.683940853  
2020 11 13  15 30  0.00     2.3774176431      13.683937373  
2020 11 13  15 31  0.00     2.3774159049      13.683933896  
2020 11 13  15 32  0.00     2.3774141665      13.683930420  
2020 11 13  15 33  0.00     2.3774124278      13.683926946  
2020 11 13  15 34  0.00     2.3774106887      13.683923474  
2020 11 13  15 35  0.00     2.3774089494      13.683920003  
2020 11 13  15 36  0.00     2.3774072097      13.683916534  
2020 11 13  15 37  0.00     2.3774054697      13.683913067  
2020 11 13  15 38  0.00     2.3774037294      13.683909602  
2020 11 13  15 39  0.00     2.3774019888      13.683906138  
2020 11 13  15 40  0.00     2.3774002479      13.683902676  
2020 11 13  15 41  0.00     2.3773985067      13.683899216  
2020 11 13  15 42  0.00     2.3773967652      13.683895757  
2020 11 13  15 43  0.00     2.3773950233      13.683892301  
2020 11 13  15 44  0.00     2.3773932812      13.683888845  
2020 11 13  15 45  0.00     2.3773915387      13.683885392  
2020 11 13  15 46  0.00     2.3773897960      13.683881940  
2020 11 13  15 47  0.00     2.3773880530      13.683878490  
2020 11 13  15 48  0.00     2.3773863096      13.683875041  
2020 11 13  15 49  0.00     2.3773845659      13.683871595  
2020 11 13  15 50  0.00     2.3773828220      13.683868149  
2020 11 13  15 51  0.00     2.3773810777      13.683864706  
2020 11 13  15 52  0.00     2.3773793331      13.683861264  
2020 11 13  15 53  0.00     2.3773775883      13.683857824  
2020 11 13  15 54  0.00     2.3773758431      13.683854385  
2020 11 13  15 55  0.00     2.3773740977      13.683850948  
2020 11 13  15 56  0.00     2.3773723519      13.683847512  
2020 11 13  15 57  0.00     2.3773706058      13.683844078  
2020 11 13  15 58  0.00     2.3773688595      13.683840646  
2020 11 13  15 59  0.00     2.3773671128      13.683837216  
2020 11 13  16  0  0.00     2.3773653659      13.683833787  
2020 11 13  16  1  0.00     2.3773636186      13.683830359  
2020 11 13  16  2  0.00     2.3773618711      13.683826933  
2020 11 13  16  3  0.00     2.3773601232      13.683823509  
2020 11 13  16  4  0.00     2.3773583751      13.683820086  
2020 11 13  16  5  0.00     2.3773566267      13.683816665  
2020 11 13  16  6  0.00     2.3773548779      13.683813245  
2020 11 13  16  7  0.00     2.3773531289      13.683809827  
2020 11 13  16  8  0.00     2.3773513796      13.683806410  
2020 11 13  16  9  0.00     2.3773496300      13.683802995  
2020 11 13  16 10  0.00     2.3773478801      13.683799582  
2020 11 13  16 11  0.00     2.3773461299      13.683796170  
2020 11 13  16 12  0.00     2.3773443795      13.683792759  
2020 11 13  16 13  0.00     2.3773426287      13.683789351  
2020 11 13  16 14  0.00     2.3773408777      13.683785943  
2020 11 13  16 15  0.00     2.3773391263      13.683782537  
2020 11 13  16 16  0.00     2.3773373747      13.683779133  
2020 11 13  16 17  0.00     2.3773356228      13.683775730  
2020 11 13  16 18  0.00     2.3773338706      13.683772328  
2020 11 13  16 19  0.00     2.3773321181      13.683768928  
2020 11 13  16 20  0.00     2.3773303653      13.683765530  
2020 11 13  16 21  0.00     2.3773286123      13.683762133  
2020 11 13  16 22  0.00     2.3773268590      13.683758737  
2020 11 13  16 23  0.00     2.3773251053      13.683755343  
2020 11 13  16 24  0.00     2.3773233514      13.683751950  
2020 11 13  16 25  0.00     2.3773215973      13.683748559  
2020 11 13  16 26  0.00     2.3773198428      13.683745169  
2020 11 13  16 27  0.00     2.3773180880      13.683741781  
2020 11 13  16 28  0.00     2.3773163330      13.683738394  
2020 11 13  16 29  0.00     2.3773145777      13.683735008  
2020 11 13  16 30  0.00     2.3773128221      13.683731624  
2020 11 13  16 31  0.00     2.3773110663      13.683728241  
2020 11 13  16 32  0.00     2.3773093101      13.683724860  
2020 11 13  16 33  0.00     2.3773075537      13.683721480  
2020 11 13  16 34  0.00     2.3773057970      13.683718102  
2020 11 13  16 35  0.00     2.3773040400      13.683714724  
2020 11 13  16 36  0.00     2.3773022828      13.683711349  
2020 11 13  16 37  0.00     2.3773005253      13.683707974  
2020 11 13  16 38  0.00     2.3772987675      13.683704601  
2020 11 13  16 39  0.00     2.3772970094      13.683701230  
2020 11 13  16 40  0.00     2.3772952510      13.683697859  
2020 11 13  16 41  0.00     2.3772934924      13.683694490  
2020 11 13  16 42  0.00     2.3772917335      13.683691123  
2020 11 13  16 43  0.00     2.3772899744      13.683687756  
2020 11 13  16 44  0.00     2.3772882149      13.683684392  
2020 11 13  16 45  0.00     2.3772864552      13.683681028  
2020 11 13  16 46  0.00     2.3772846953      13.683677666  
2020 11 13  16 47  0.00     2.3772829350      13.683674305  
2020 11 13  16 48  0.00     2.3772811745      13.683670945  
2020 11 13  16 49  0.00     2.3772794137      13.683667587  
2020 11 13  16 50  0.00     2.3772776527      13.683664230  
2020 11 13  16 51  0.00     2.3772758914      13.683660874  
2020 11 13  16 52  0.00     2.3772741298      13.683657520  
2020 11 13  16 53  0.00     2.3772723680      13.683654166  
2020 11 13  16 54  0.00     2.3772706058      13.683650815  
2020 11 13  16 55  0.00     2.3772688435      13.683647464  
2020 11 13  16 56  0.00     2.3772670808      13.683644115  
2020 11 13  16 57  0.00     2.3772653179      13.683640767  
2020 11 13  16 58  0.00     2.3772635548      13.683637420  
2020 11 13  16 59  0.00     2.3772617913      13.683634074  
2020 11 13  17  0  0.00     2.3772600276      13.683630730  
2020 11 13  17  1  0.00     2.3772582637      13.683627387  
2020 11 13  17  2  0.00     2.3772564995      13.683624045  
2020 11 13  17  3  0.00     2.3772547350      13.683620705  
2020 11 13  17  4  0.00     2.3772529703      13.683617365  
2020 11 13  17  5  0.00     2.3772512053      13.683614027  
2020 11 13  17  6  0.00     2.3772494401      13.683610690  
2020 11 13  17  7  0.00     2.3772476745      13.683607354  
2020 11 13  17  8  0.00     2.3772459088      13.683604020  
2020 11 13  17  9  0.00     2.3772441428      13.683600687  
2020 11 13  17 10  0.00     2.3772423765      13.683597354  
2020 11 13  17 11  0.00     2.3772406100      13.683594024  
2020 11 13  17 12  0.00     2.3772388432      13.683590694  
2020 11 13  17 13  0.00     2.3772370761      13.683587365  
2020 11 13  17 14  0.00     2.3772353089      13.683584038  
2020 11 13  17 15  0.00     2.3772335413      13.683580712  
2020 11 13  17 16  0.00     2.3772317735      13.683577387  
2020 11 13  17 17  0.00     2.3772300055      13.683574063  
2020 11 13  17 18  0.00     2.3772282372      13.683570740  
2020 11 13  17 19  0.00     2.3772264686      13.683567418  
2020 11 13  17 20  0.00     2.3772246998      13.683564098  
2020 11 13  17 21  0.00     2.3772229308      13.683560779  
2020 11 13  17 22  0.00     2.3772211615      13.683557460  
2020 11 13  17 23  0.00     2.3772193919      13.683554143  
2020 11 13  17 24  0.00     2.3772176221      13.683550827  
2020 11 13  17 25  0.00     2.3772158521      13.683547512  
2020 11 13  17 26  0.00     2.3772140818      13.683544199  
2020 11 13  17 27  0.00     2.3772123112      13.683540886  
2020 11 13  17 28  0.00     2.3772105405      13.683537575  
2020 11 13  17 29  0.00     2.3772087694      13.683534264  
2020 11 13  17 30  0.00     2.3772069982      13.683530955  
2020 11 13  17 31  0.00     2.3772052266      13.683527647  
2020 11 13  17 32  0.00     2.3772034549      13.683524339  
2020 11 13  17 33  0.00     2.3772016829      13.683521033  
2020 11 13  17 34  0.00     2.3771999106      13.683517728  
2020 11 13  17 35  0.00     2.3771981381      13.683514424  
2020 11 13  17 36  0.00     2.3771963654      13.683511121  
2020 11 13  17 37  0.00     2.3771945925      13.683507820  
2020 11 13  17 38  0.00     2.3771928192      13.683504519  
2020 11 13  17 39  0.00     2.3771910458      13.683501219  
2020 11 13  17 40  0.00     2.3771892721      13.683497920  
2020 11 13  17 41  0.00     2.3771874982      13.683494623  
2020 11 13  17 42  0.00     2.3771857240      13.683491326  
2020 11 13  17 43  0.00     2.3771839496      13.683488030  
2020 11 13  17 44  0.00     2.3771821750      13.683484736  
2020 11 13  17 45  0.00     2.3771804001      13.683481442  
2020 11 13  17 46  0.00     2.3771786250      13.683478149  
2020 11 13  17 47  0.00     2.3771768497      13.683474858  
2020 11 13  17 48  0.00     2.3771750741      13.683471567  
2020 11 13  17 49  0.00     2.3771732983      13.683468277  
2020 11 13  17 50  0.00     2.3771715222      13.683464989  
2020 11 13  17 51  0.00     2.3771697459      13.683461701  
2020 11 13  17 52  0.00     2.3771679694      13.683458414  
2020 11 13  17 53  0.00     2.3771661927      13.683455129  
2020 11 13  17 54  0.00     2.3771644157      13.683451844  
2020 11 13  17 55  0.00     2.3771626385      13.683448560  
2020 11 13  17 56  0.00     2.3771608611      13.683445277  
2020 11 13  17 57  0.00     2.3771590834      13.683441996  
2020 11 13  17 58  0.00     2.3771573055      13.683438715  
2020 11 13  17 59  0.00     2.3771555274      13.683435435  
2020 11 13  18  0  0.00     2.3771537490      13.683432156  
2020 11 13  18  1  0.00     2.3771519705      13.683428877  
2020 11 13  18  2  0.00     2.3771501917      13.683425600  
2020 11 13  18  3  0.00     2.3771484126      13.683422324  
2020 11 13  18  4  0.00     2.3771466334      13.683419049  
2020 11 13  18  5  0.00     2.3771448539      13.683415774  
2020 11 13  18  6  0.00     2.3771430742      13.683412501  
2020 11 13  18  7  0.00     2.3771412942      13.683409228  
2020 11 13  18  8  0.00     2.3771395141      13.683405956  
2020 11 13  18  9  0.00     2.3771377337      13.683402685  
2020 11 13  18 10  0.00     2.3771359531      13.683399416  
2020 11 13  18 11  0.00     2.3771341723      13.683396146  
2020 11 13  18 12  0.00     2.3771323912      13.683392878  
2020 11 13  18 13  0.00     2.3771306100      13.683389611  
2020 11 13  18 14  0.00     2.3771288285      13.683386344  
2020 11 13  18 15  0.00     2.3771270468      13.683383079  
2020 11 13  18 16  0.00     2.3771252648      13.683379814  
2020 11 13  18 17  0.00     2.3771234827      13.683376550  
2020 11 13  18 18  0.00     2.3771217003      13.683373287  
2020 11 13  18 19  0.00     2.3771199177      13.683370025  
2020 11 13  18 20  0.00     2.3771181349      13.683366764  
2020 11 13  18 21  0.00     2.3771163519      13.683363503  
2020 11 13  18 22  0.00     2.3771145687      13.683360243  
2020 11 13  18 23  0.00     2.3771127852      13.683356985  
2020 11 13  18 24  0.00     2.3771110015      13.683353727  
2020 11 13  18 25  0.00     2.3771092177      13.683350469  
2020 11 13  18 26  0.00     2.3771074336      13.683347213  
2020 11 13  18 27  0.00     2.3771056493      13.683343957  
2020 11 13  18 28  0.00     2.3771038647      13.683340702  
2020 11 13  18 29  0.00     2.3771020800      13.683337448  
2020 11 13  18 30  0.00     2.3771002950      13.683334195  
2020 11 13  18 31  0.00     2.3770985099      13.683330943  
2020 11 13  18 32  0.00     2.3770967245      13.683327691  
2020 11 13  18 33  0.00     2.3770949389      13.683324440  
2020 11 13  18 34  0.00     2.3770931531      13.683321190  
2020 11 13  18 35  0.00     2.3770913671      13.683317941  
2020 11 13  18 36  0.00     2.3770895809      13.683314692  
2020 11 13  18 37  0.00     2.3770877945      13.683311444  
2020 11 13  18 38  0.00     2.3770860078      13.683308197  
2020 11 13  18 39  0.00     2.3770842210      13.683304951  
2020 11 13  18 40  0.00     2.3770824339      13.683301705  
2020 11 13  18 41  0.00     2.3770806467      13.683298461  
2020 11 13  18 42  0.00     2.3770788592      13.683295216  
2020 11 13  18 43  0.00     2.3770770715      13.683291973  
2020 11 13  18 44  0.00     2.3770752836      13.683288730  
2020 11 13  18 45  0.00     2.3770734956      13.683285488  
2020 11 13  18 46  0.00     2.3770717073      13.683282247  
2020 11 13  18 47  0.00     2.3770699188      13.683279007  
2020 11 13  18 48  0.00     2.3770681301      13.683275767  
2020 11 13  18 49  0.00     2.3770663412      13.683272528  
2020 11 13  18 50  0.00     2.3770645521      13.683269289  
2020 11 13  18 51  0.00     2.3770627628      13.683266052  
2020 11 13  18 52  0.00     2.3770609733      13.683262815  
2020 11 13  18 53  0.00     2.3770591836      13.683259578  
2020 11 13  18 54  0.00     2.3770573936      13.683256343  
2020 11 13  18 55  0.00     2.3770556035      13.683253108  
2020 11 13  18 56  0.00     2.3770538132      13.683249873  
2020 11 13  18 57  0.00     2.3770520227      13.683246640  
2020 11 13  18 58  0.00     2.3770502320      13.683243407  
2020 11 13  18 59  0.00     2.3770484411      13.683240174  
2020 11 13  19  0  0.00     2.3770466500      13.683236943  
2020 11 13  19  1  0.00     2.3770448587      13.683233712  
2020 11 13  19  2  0.00     2.3770430672      13.683230481  
2020 11 13  19  3  0.00     2.3770412755      13.683227251  
2020 11 13  19  4  0.00     2.3770394836      13.683224022  
2020 11 13  19  5  0.00     2.3770376915      13.683220794  
2020 11 13  19  6  0.00     2.3770358992      13.683217566  
2020 11 13  19  7  0.00     2.3770341067      13.683214339  
2020 11 13  19  8  0.00     2.3770323140      13.683211112  
2020 11 13  19  9  0.00     2.3770305211      13.683207886  
2020 11 13  19 10  0.00     2.3770287281      13.683204661  
2020 11 13  19 11  0.00     2.3770269348      13.683201436  
2020 11 13  19 12  0.00     2.3770251413      13.683198212  
2020 11 13  19 13  0.00     2.3770233477      13.683194988  
2020 11 13  19 14  0.00     2.3770215538      13.683191765  
2020 11 13  19 15  0.00     2.3770197598      13.683188542  
2020 11 13  19 16  0.00     2.3770179656      13.683185320  
2020 11 13  19 17  0.00     2.3770161712      13.683182099  
2020 11 13  19 18  0.00     2.3770143765      13.683178878  
2020 11 13  19 19  0.00     2.3770125818      13.683175658  
2020 11 13  19 20  0.00     2.3770107868      13.683172439  
2020 11 13  19 21  0.00     2.3770089916      13.683169220  
2020 11 13  19 22  0.00     2.3770071962      13.683166001  
2020 11 13  19 23  0.00     2.3770054007      13.683162783  
2020 11 13  19 24  0.00     2.3770036049      13.683159566  
2020 11 13  19 25  0.00     2.3770018090      13.683156349  
2020 11 13  19 26  0.00     2.3770000129      13.683153132  
2020 11 13  19 27  0.00     2.3769982165      13.683149917  
2020 11 13  19 28  0.00     2.3769964201      13.683146701  
2020 11 13  19 29  0.00     2.3769946234      13.683143487  
2020 11 13  19 30  0.00     2.3769928265      13.683140272  
2020 11 13  19 31  0.00     2.3769910295      13.683137059  
2020 11 13  19 32  0.00     2.3769892322      13.683133845  
2020 11 13  19 33  0.00     2.3769874348      13.683130633  
2020 11 13  19 34  0.00     2.3769856372      13.683127420  
2020 11 13  19 35  0.00     2.3769838394      13.683124209  
2020 11 13  19 36  0.00     2.3769820414      13.683120997  
2020 11 13  19 37  0.00     2.3769802433      13.683117787  
2020 11 13  19 38  0.00     2.3769784449      13.683114576  
2020 11 13  19 39  0.00     2.3769766464      13.683111366  
2020 11 13  19 40  0.00     2.3769748477      13.683108157  
2020 11 13  19 41  0.00     2.3769730488      13.683104948  
2020 11 13  19 42  0.00     2.3769712497      13.683101740  
2020 11 13  19 43  0.00     2.3769694505      13.683098532  
2020 11 13  19 44  0.00     2.3769676511      13.683095324  
2020 11 13  19 45  0.00     2.3769658514      13.683092117  
2020 11 13  19 46  0.00     2.3769640516      13.683088911  
2020 11 13  19 47  0.00     2.3769622517      13.683085705  
2020 11 13  19 48  0.00     2.3769604515      13.683082499  
2020 11 13  19 49  0.00     2.3769586512      13.683079294  
2020 11 13  19 50  0.00     2.3769568507      13.683076089  
2020 11 13  19 51  0.00     2.3769550500      13.683072884  
2020 11 13  19 52  0.00     2.3769532491      13.683069680  
2020 11 13  19 53  0.00     2.3769514481      13.683066477  
2020 11 13  19 54  0.00     2.3769496469      13.683063274  
2020 11 13  19 55  0.00     2.3769478455      13.683060071  
2020 11 13  19 56  0.00     2.3769460439      13.683056869  
2020 11 13  19 57  0.00     2.3769442422      13.683053667  
2020 11 13  19 58  0.00     2.3769424402      13.683050465  
2020 11 13  19 59  0.00     2.3769406381      13.683047264  
2020 11 13  20  0  0.00     2.3769388359      13.683044063  
2020 11 13  20  1  0.00     2.3769370334      13.683040863  
2020 11 13  20  2  0.00     2.3769352308      13.683037663  
2020 11 13  20  3  0.00     2.3769334280      13.683034463  
2020 11 13  20  4  0.00     2.3769316250      13.683031264  
2020 11 13  20  5  0.00     2.3769298219      13.683028065  
2020 11 13  20  6  0.00     2.3769280185      13.683024866  
2020 11 13  20  7  0.00     2.3769262151      13.683021668  
2020 11 13  20  8  0.00     2.3769244114      13.683018470  
2020 11 13  20  9  0.00     2.3769226076      13.683015273  
2020 11 13  20 10  0.00     2.3769208035      13.683012076  
2020 11 13  20 11  0.00     2.3769189994      13.683008879  
2020 11 13  20 12  0.00     2.3769171950      13.683005682  
2020 11 13  20 13  0.00     2.3769153905      13.683002486  
2020 11 13  20 14  0.00     2.3769135858      13.682999290  
2020 11 13  20 15  0.00     2.3769117809      13.682996095  
2020 11 13  20 16  0.00     2.3769099759      13.682992900  
2020 11 13  20 17  0.00     2.3769081707      13.682989705  
2020 11 13  20 18  0.00     2.3769063653      13.682986510  
2020 11 13  20 19  0.00     2.3769045598      13.682983316  
2020 11 13  20 20  0.00     2.3769027540      13.682980122  
2020 11 13  20 21  0.00     2.3769009482      13.682976928  
2020 11 13  20 22  0.00     2.3768991421      13.682973735  
2020 11 13  20 23  0.00     2.3768973359      13.682970542  
2020 11 13  20 24  0.00     2.3768955295      13.682967349  
2020 11 13  20 25  0.00     2.3768937229      13.682964157  
2020 11 13  20 26  0.00     2.3768919162      13.682960965  
2020 11 13  20 27  0.00     2.3768901093      13.682957773  
2020 11 13  20 28  0.00     2.3768883023      13.682954581  
2020 11 13  20 29  0.00     2.3768864950      13.682951390  
2020 11 13  20 30  0.00     2.3768846877      13.682948198  
2020 11 13  20 31  0.00     2.3768828801      13.682945007  
2020 11 13  20 32  0.00     2.3768810724      13.682941817  
2020 11 13  20 33  0.00     2.3768792645      13.682938626  
2020 11 13  20 34  0.00     2.3768774564      13.682935436  
2020 11 13  20 35  0.00     2.3768756482      13.682932246  
2020 11 13  20 36  0.00     2.3768738398      13.682929057  
2020 11 13  20 37  0.00     2.3768720313      13.682925867  
2020 11 13  20 38  0.00     2.3768702226      13.682922678  
2020 11 13  20 39  0.00     2.3768684137      13.682919489  
2020 11 13  20 40  0.00     2.3768666046      13.682916300  
2020 11 13  20 41  0.00     2.3768647954      13.682913112  
2020 11 13  20 42  0.00     2.3768629861      13.682909923  
2020 11 13  20 43  0.00     2.3768611765      13.682906735  
2020 11 13  20 44  0.00     2.3768593668      13.682903547  
2020 11 13  20 45  0.00     2.3768575570      13.682900360  
2020 11 13  20 46  0.00     2.3768557470      13.682897172  
2020 11 13  20 47  0.00     2.3768539368      13.682893985  
2020 11 13  20 48  0.00     2.3768521264      13.682890798  
2020 11 13  20 49  0.00     2.3768503159      13.682887611  
2020 11 13  20 50  0.00     2.3768485053      13.682884424  
2020 11 13  20 51  0.00     2.3768466944      13.682881237  
2020 11 13  20 52  0.00     2.3768448834      13.682878051  
2020 11 13  20 53  0.00     2.3768430723      13.682874865  
2020 11 13  20 54  0.00     2.3768412610      13.682871678  
2020 11 13  20 55  0.00     2.3768394495      13.682868493  
---
2020 11 14  11  1  0.00     2.3752281358      13.679758949  
2020 11 14  11  2  0.00     2.3752260996      13.679754096  
2020 11 14  11  3  0.00     2.3752240631      13.679749237  
2020 11 14  11  4  0.00     2.3752220263      13.679744374  
2020 11 14  11  5  0.00     2.3752199891      13.679739507  
2020 11 14  11  6  0.00     2.3752179516      13.679734634  
2020 11 14  11  7  0.00     2.3752159138      13.679729757  
2020 11 14  11  8  0.00     2.3752138756      13.679724876  
2020 11 14  11  9  0.00     2.3752118371      13.679719989  
2020 11 14  11 10  0.00     2.3752097983      13.679715098  
2020 11 14  11 11  0.00     2.3752077592      13.679710203  
2020 11 14  11 12  0.00     2.3752057197      13.679705302  
2020 11 14  11 13  0.00     2.3752036799      13.679700397  
2020 11 14  11 14  0.00     2.3752016398      13.679695487  
2020 11 14  11 15  0.00     2.3751995994      13.679690572  
2020 11 14  11 16  0.00     2.3751975586      13.679685653  
2020 11 14  11 17  0.00     2.3751955175      13.679680729  
2020 11 14  11 18  0.00     2.3751934761      13.679675800  
2020 11 14  11 19  0.00     2.3751914344      13.679670867  
2020 11 14  11 20  0.00     2.3751893923      13.679665928  
2020 11 14  11 21  0.00     2.3751873499      13.679660985  
2020 11 14  11 22  0.00     2.3751853072      13.679656037  
2020 11 14  11 23  0.00     2.3751832642      13.679651085  
2020 11 14  11 24  0.00     2.3751812208      13.679646127  
2020 11 14  11 25  0.00     2.3751791771      13.679641165  
2020 11 14  11 26  0.00     2.3751771331      13.679636198  
2020 11 14  11 27  0.00     2.3751750888      13.679631226  
2020 11 14  11 28  0.00     2.3751730442      13.679626250  
2020 11 14  11 29  0.00     2.3751709992      13.679621268  
2020 11 14  11 30  0.00     2.3751689539      13.679616282  
2020 11 14  11 31  0.00     2.3751669084      13.679611291  
2020 11 14  11 32  0.00     2.3751648624      13.679606295  
2020 11 14  11 33  0.00     2.3751628162      13.679601294  
2020 11 14  11 34  0.00     2.3751607697      13.679596289  
2020 11 14  11 35  0.00     2.3751587228      13.679591278  
2020 11 14  11 36  0.00     2.3751566757      13.679586263  
2020 11 14  11 37  0.00     2.3751546282      13.679581243  
2020 11 14  11 38  0.00     2.3751525804      13.679576218  
2020 11 14  11 39  0.00     2.3751505323      13.679571188  
2020 11 14  11 40  0.00     2.3751484838      13.679566153  
2020 11 14  11 41  0.00     2.3751464351      13.679561114  
2020 11 14  11 42  0.00     2.3751443860      13.679556069  
2020 11 14  11 43  0.00     2.3751423367      13.679551020  
2020 11 14  11 44  0.00     2.3751402870      13.679545965  
2020 11 14  11 45  0.00     2.3751382370      13.679540906  
2020 11 14  11 46  0.00     2.3751361867      13.679535842  
2020 11 14  11 47  0.00     2.3751341361      13.679530773  
2020 11 14  11 48  0.00     2.3751320852      13.679525699  
2020 11 14  11 49  0.00     2.3751300340      13.679520620  
2020 11 14  11 50  0.00     2.3751279825      13.679515536  
2020 11 14  11 51  0.00     2.3751259307      13.679510447  
2020 11 14  11 52  0.00     2.3751238786      13.679505353  
2020 11 14  11 53  0.00     2.3751218261      13.679500254  
2020 11 14  11 54  0.00     2.3751197734      13.679495151  
2020 11 14  11 55  0.00     2.3751177203      13.679490042  
2020 11 14  11 56  0.00     2.3751156670      13.679484928  
2020 11 14  11 57  0.00     2.3751136133      13.679479810  
2020 11 14  11 58  0.00     2.3751115594      13.679474686  
2020 11 14  11 59  0.00     2.3751095051      13.679469557  
2020 11 14  12  0  0.00     2.3751074506      13.679464424  
2020 11 14  12  1  0.00     2.3751053957      13.679459285  
2020 11 14  12  2  0.00     2.3751033406      13.679454141  
2020 11 14  12  3  0.00     2.3751012851      13.679448993  
2020 11 14  12  4  0.00     2.3750992294      13.679443839  
2020 11 14  12  5  0.00     2.3750971733      13.679438680  
2020 11 14  12  6  0.00     2.3750951170      13.679433516  
2020 11 14  12  7  0.00     2.3750930603      13.679428348  
2020 11 14  12  8  0.00     2.3750910034      13.679423174  
2020 11 14  12  9  0.00     2.3750889461      13.679417995  
2020 11 14  12 10  0.00     2.3750868886      13.679412811  
2020 11 14  12 11  0.00     2.3750848308      13.679407622  
2020 11 14  12 12  0.00     2.3750827727      13.679402428  
2020 11 14  12 13  0.00     2.3750807143      13.679397228  
2020 11 14  12 14  0.00     2.3750786556      13.679392024  
2020 11 14  12 15  0.00     2.3750765966      13.679386815  
2020 11 14  12 16  0.00     2.3750745373      13.679381600  
2020 11 14  12 17  0.00     2.3750724777      13.679376381  
2020 11 14  12 18  0.00     2.3750704179      13.679371156  
2020 11 14  12 19  0.00     2.3750683577      13.679365926  
2020 11 14  12 20  0.00     2.3750662973      13.679360691  
2020 11 14  12 21  0.00     2.3750642366      13.679355451  
2020 11 14  12 22  0.00     2.3750621756      13.679350206  
2020 11 14  12 23  0.00     2.3750601143      13.679344956  
2020 11 14  12 24  0.00     2.3750580527      13.679339700  
2020 11 14  12 25  0.00     2.3750559909      13.679334440  
2020 11 14  12 26  0.00     2.3750539287      13.679329174  
2020 11 14  12 27  0.00     2.3750518663      13.679323903  
2020 11 14  12 28  0.00     2.3750498036      13.679318627  
2020 11 14  12 29  0.00     2.3750477406      13.679313346  
2020 11 14  12 30  0.00     2.3750456773      13.679308060  
2020 11 14  12 31  0.00     2.3750436138      13.679302768  
2020 11 14  12 32  0.00     2.3750415499      13.679297471  
2020 11 14  12 33  0.00     2.3750394858      13.679292169  
2020 11 14  12 34  0.00     2.3750374214      13.679286862  
2020 11 14  12 35  0.00     2.3750353568      13.679281550  
2020 11 14  12 36  0.00     2.3750332918      13.679276232  
2020 11 14  12 37  0.00     2.3750312266      13.679270910  
2020 11 14  12 38  0.00     2.3750291611      13.679265582  
2020 11 14  12 39  0.00     2.3750270953      13.679260248  
2020 11 14  12 40  0.00     2.3750250293      13.679254910  
2020 11 14  12 41  0.00     2.3750229630      13.679249566  
2020 11 14  12 42  0.00     2.3750208964      13.679244217  
2020 11 14  12 43  0.00     2.3750188296      13.679238863  
2020 11 14  12 44  0.00     2.3750167624      13.679233504  
2020 11 14  12 45  0.00     2.3750146950      13.679228139  
2020 11 14  12 46  0.00     2.3750126274      13.679222769  
2020 11 14  12 47  0.00     2.3750105594      13.679217394  
2020 11 14  12 48  0.00     2.3750084912      13.679212014  
2020 11 14  12 49  0.00     2.3750064228      13.679206628  
2020 11 14  12 50  0.00     2.3750043540      13.679201237  
2020 11 14  12 51  0.00     2.3750022850      13.679195841  
2020 11 14  12 52  0.00     2.3750002158      13.679190439  
2020 11 14  12 53  0.00     2.3749981462      13.679185032  
2020 11 14  12 54  0.00     2.3749960765      13.679179620  
2020 11 14  12 55  0.00     2.3749940064      13.679174203  
2020 11 14  12 56  0.00     2.3749919361      13.679168780  
2020 11 14  12 57  0.00     2.3749898655      13.679163352  
2020 11 14  12 58  0.00     2.3749877947      13.679157918  
2020 11 14  12 59  0.00     2.3749857236      13.679152479  
2020 11 14  13  0  0.00     2.3749836522      13.679147035  
2020 11 14  13  1  0.00     2.3749815806      13.679141586  
2020 11 14  13  2  0.00     2.3749795087      13.679136131  
2020 11 14  13  3  0.00     2.3749774366      13.679130671  
2020 11 14  13  4  0.00     2.3749753642      13.679125205  
2020 11 14  13  5  0.00     2.3749732916      13.679119734  
2020 11 14  13  6  0.00     2.3749712187      13.679114258  
2020 11 14  13  7  0.00     2.3749691456      13.679108777  
2020 11 14  13  8  0.00     2.3749670722      13.679103290  
2020 11 14  13  9  0.00     2.3749649985      13.679097797  
2020 11 14  13 10  0.00     2.3749629247      13.679092299  
2020 11 14  13 11  0.00     2.3749608505      13.679086796  
2020 11 14  13 12  0.00     2.3749587761      13.679081288  
2020 11 14  13 13  0.00     2.3749567015      13.679075774  
2020 11 14  13 14  0.00     2.3749546266      13.679070254  
2020 11 14  13 15  0.00     2.3749525515      13.679064730  
2020 11 14  13 16  0.00     2.3749504761      13.679059199  
2020 11 14  13 17  0.00     2.3749484004      13.679053664  
2020 11 14  13 18  0.00     2.3749463246      13.679048123  
2020 11 14  13 19  0.00     2.3749442485      13.679042576  
2020 11 14  13 20  0.00     2.3749421721      13.679037024  
2020 11 14  13 21  0.00     2.3749400955      13.679031467  
2020 11 14  13 22  0.00     2.3749380187      13.679025904  
2020 11 14  13 23  0.00     2.3749359416      13.679020336  
2020 11 14  13 24  0.00     2.3749338643      13.679014762  
2020 11 14  13 25  0.00     2.3749317867      13.679009183  
2020 11 14  13 26  0.00     2.3749297089      13.679003599  
2020 11 14  13 27  0.00     2.3749276309      13.678998009  
2020 11 14  13 28  0.00     2.3749255526      13.678992413  
2020 11 14  13 29  0.00     2.3749234741      13.678986812  
2020 11 14  13 30  0.00     2.3749213954      13.678981205  
2020 11 14  13 31  0.00     2.3749193164      13.678975593  
2020 11 14  13 32  0.00     2.3749172372      13.678969976  
2020 11 14  13 33  0.00     2.3749151578      13.678964353  
2020 11 14  13 34  0.00     2.3749130781      13.678958724  
2020 11 14  13 35  0.00     2.3749109983      13.678953090  
2020 11 14  13 36  0.00     2.3749089181      13.678947451  
2020 11 14  13 37  0.00     2.3749068378      13.678941806  
2020 11 14  13 38  0.00     2.3749047572      13.678936155  
2020 11 14  13 39  0.00     2.3749026764      13.678930499  
2020 11 14  13 40  0.00     2.3749005954      13.678924837  
2020 11 14  13 41  0.00     2.3748985141      13.678919170  
2020 11 14  13 42  0.00     2.3748964326      13.678913497  
2020 11 14  13 43  0.00     2.3748943509      13.678907819  
2020 11 14  13 44  0.00     2.3748922690      13.678902135  
2020 11 14  13 45  0.00     2.3748901869      13.678896446  
2020 11 14  13 46  0.00     2.3748881045      13.678890751  
2020 11 14  13 47  0.00     2.3748860219      13.678885050  
2020 11 14  13 48  0.00     2.3748839391      13.678879344  
2020 11 14  13 49  0.00     2.3748818561      13.678873633  
2020 11 14  13 50  0.00     2.3748797729      13.678867916  
2020 11 14  13 51  0.00     2.3748776894      13.678862193  
2020 11 14  13 52  0.00     2.3748756057      13.678856464  
2020 11 14  13 53  0.00     2.3748735219      13.678850730  
2020 11 14  13 54  0.00     2.3748714378      13.678844991  
2020 11 14  13 55  0.00     2.3748693534      13.678839246  
2020 11 14  13 56  0.00     2.3748672689      13.678833495  
2020 11 14  13 57  0.00     2.3748651842      13.678827738  
2020 11 14  13 58  0.00     2.3748630992      13.678821976  
2020 11 14  13 59  0.00     2.3748610141      13.678816209  
2020 11 14  14  0  0.00     2.3748589287      13.678810436  
2020 11 14  14  1  0.00     2.3748568432      13.678804657  
2020 11 14  14  2  0.00     2.3748547574      13.678798872  
2020 11 14  14  3  0.00     2.3748526714      13.678793082  
2020 11 14  14  4  0.00     2.3748505852      13.678787286  
2020 11 14  14  5  0.00     2.3748484988      13.678781485  
2020 11 14  14  6  0.00     2.3748464123      13.678775678  
2020 11 14  14  7  0.00     2.3748443255      13.678769865  
2020 11 14  14  8  0.00     2.3748422385      13.678764047  
2020 11 14  14  9  0.00     2.3748401513      13.678758223  
2020 11 14  14 10  0.00     2.3748380639      13.678752393  
2020 11 14  14 11  0.00     2.3748359763      13.678746558  
2020 11 14  14 12  0.00     2.3748338885      13.678740716  
2020 11 14  14 13  0.00     2.3748318005      13.678734870  
2020 11 14  14 14  0.00     2.3748297124      13.678729017  
2020 11 14  14 15  0.00     2.3748276240      13.678723159  
2020 11 14  14 16  0.00     2.3748255354      13.678717295  
2020 11 14  14 17  0.00     2.3748234467      13.678711426  
2020 11 14  14 18  0.00     2.3748213577      13.678705551  
2020 11 14  14 19  0.00     2.3748192686      13.678699670  
2020 11 14  14 20  0.00     2.3748171792      13.678693783  
2020 11 14  14 21  0.00     2.3748150897      13.678687891  
2020 11 14  14 22  0.00     2.3748130000      13.678681993  
2020 11 14  14 23  0.00     2.3748109101      13.678676089  
2020 11 14  14 24  0.00     2.3748088200      13.678670180  
2020 11 14  14 25  0.00     2.3748067298      13.678664265  
2020 11 14  14 26  0.00     2.3748046393      13.678658344  
2020 11 14  14 27  0.00     2.3748025487      13.678652417  
2020 11 14  14 28  0.00     2.3748004578      13.678646485  
2020 11 14  14 29  0.00     2.3747983668      13.678640547  
2020 11 14  14 30  0.00     2.3747962757      13.678634603  
2020 11 14  14 31  0.00     2.3747941843      13.678628653  
2020 11 14  14 32  0.00     2.3747920928      13.678622698  
2020 11 14  14 33  0.00     2.3747900011      13.678616737  
2020 11 14  14 34  0.00     2.3747879092      13.678610770  
2020 11 14  14 35  0.00     2.3747858171      13.678604797  
2020 11 14  14 36  0.00     2.3747837248      13.678598819  
2020 11 14  14 37  0.00     2.3747816324      13.678592834  
2020 11 14  14 38  0.00     2.3747795398      13.678586844  
2020 11 14  14 39  0.00     2.3747774471      13.678580849  
2020 11 14  14 40  0.00     2.3747753541      13.678574847  
2020 11 14  14 41  0.00     2.3747732610      13.678568840  
2020 11 14  14 42  0.00     2.3747711678      13.678562827  
2020 11 14  14 43  0.00     2.3747690743      13.678556808  
2020 11 14  14 44  0.00     2.3747669807      13.678550783  
2020 11 14  14 45  0.00     2.3747648869      13.678544752  
2020 11 14  14 46  0.00     2.3747627930      13.678538716  
2020 11 14  14 47  0.00     2.3747606989      13.678532674  
2020 11 14  14 48  0.00     2.3747586046      13.678526626  
2020 11 14  14 49  0.00     2.3747565102      13.678520572  
2020 11 14  14 50  0.00     2.3747544156      13.678514513  
2020 11 14  14 51  0.00     2.3747523208      13.678508447  
2020 11 14  14 52  0.00     2.3747502259      13.678502376  
2020 11 14  14 53  0.00     2.3747481308      13.678496299  
2020 11 14  14 54  0.00     2.3747460356      13.678490216  
2020 11 14  14 55  0.00     2.3747439402      13.678484127  
2020 11 14  14 56  0.00     2.3747418447      13.678478033  
2020 11 14  14 57  0.00     2.3747397490      13.678471932  
2020 11 14  14 58  0.00     2.3747376531      13.678465826  
2020 11 14  14 59  0.00     2.3747355571      13.678459714  
2020 11 14  15  0  0.00     2.3747334609      13.678453596  
2020 11 14  15  1  0.00     2.3747313646      13.678447472  
2020 11 14  15  2  0.00     2.3747292682      13.678441342  
2020 11 14  15  3  0.00     2.3747271716      13.678435207  
2020 11 14  15  4  0.00     2.3747250748      13.678429065  
2020 11 14  15  5  0.00     2.3747229779      13.678422918  
2020 11 14  15  6  0.00     2.3747208808      13.678416765  
2020 11 14  15  7  0.00     2.3747187836      13.678410606  
2020 11 14  15  8  0.00     2.3747166863      13.678404441  
2020 11 14  15  9  0.00     2.3747145888      13.678398270  
2020 11 14  15 10  0.00     2.3747124912      13.678392093  
2020 11 14  15 11  0.00     2.3747103934      13.678385910  
2020 11 14  15 12  0.00     2.3747082955      13.678379722  
2020 11 14  15 13  0.00     2.3747061975      13.678373527  
2020 11 14  15 14  0.00     2.3747040993      13.678367327  
2020 11 14  15 15  0.00     2.3747020010      13.678361121  
2020 11 14  15 16  0.00     2.3746999025      13.678354909  
2020 11 14  15 17  0.00     2.3746978039      13.678348690  
2020 11 14  15 18  0.00     2.3746957052      13.678342467  
2020 11 14  15 19  0.00     2.3746936063      13.678336237  
2020 11 14  15 20  0.00     2.3746915073      13.678330001  
2020 11 14  15 21  0.00     2.3746894082      13.678323759  
2020 11 14  15 22  0.00     2.3746873089      13.678317511  
2020 11 14  15 23  0.00     2.3746852095      13.678311258  
2020 11 14  15 24  0.00     2.3746831100      13.678304998  
2020 11 14  15 25  0.00     2.3746810104      13.678298733  
2020 11 14  15 26  0.00     2.3746789106      13.678292461  
2020 11 14  15 27  0.00     2.3746768107      13.678286184  
2020 11 14  15 28  0.00     2.3746747107      13.678279901  
2020 11 14  15 29  0.00     2.3746726105      13.678273611  
2020 11 14  15 30  0.00     2.3746705103      13.678267316  
2020 11 14  15 31  0.00     2.3746684099      13.678261015  
2020 11 14  15 32  0.00     2.3746663094      13.678254708  
2020 11 14  15 33  0.00     2.3746642087      13.678248395  
2020 11 14  15 34  0.00     2.3746621080      13.678242076  
2020 11 14  15 35  0.00     2.3746600071      13.678235751  
2020 11 14  15 36  0.00     2.3746579061      13.678229420  
2020 11 14  15 37  0.00     2.3746558050      13.678223083  
2020 11 14  15 38  0.00     2.3746537038      13.678216740  
2020 11 14  15 39  0.00     2.3746516025      13.678210391  
2020 11 14  15 40  0.00     2.3746495011      13.678204036  
2020 11 14  15 41  0.00     2.3746473995      13.678197675  
2020 11 14  15 42  0.00     2.3746452978      13.678191308  
2020 11 14  15 43  0.00     2.3746431961      13.678184936  
2020 11 14  15 44  0.00     2.3746410942      13.678178557  
2020 11 14  15 45  0.00     2.3746389922      13.678172172  
2020 11 14  15 46  0.00     2.3746368901      13.678165781  
2020 11 14  15 47  0.00     2.3746347879      13.678159384  
2020 11 14  15 48  0.00     2.3746326856      13.678152982  
2020 11 14  15 49  0.00     2.3746305832      13.678146573  
2020 11 14  15 50  0.00     2.3746284807      13.678140158  
2020 11 14  15 51  0.00     2.3746263781      13.678133737  
2020 11 14  15 52  0.00     2.3746242753      13.678127310  
2020 11 14  15 53  0.00     2.3746221725      13.678120877  
2020 11 14  15 54  0.00     2.3746200696      13.678114438  
2020 11 14  15 55  0.00     2.3746179666      13.678107993  
2020 11 14  15 56  0.00     2.3746158635      13.678101543  
2020 11 14  15 57  0.00     2.3746137603      13.678095086  
2020 11 14  15 58  0.00     2.3746116570      13.678088623  
2020 11 14  15 59  0.00     2.3746095536      13.678082154  
2020 11 14  16  0  0.00     2.3746074501      13.678075679  
2020 11 14  16  1  0.00     2.3746053465      13.678069197  
2020 11 14  16  2  0.00     2.3746032428      13.678062710  
2020 11 14  16  3  0.00     2.3746011391      13.678056217  
2020 11 14  16  4  0.00     2.3745990352      13.678049718  
2020 11 14  16  5  0.00     2.3745969313      13.678043213  
2020 11 14  16  6  0.00     2.3745948273      13.678036701  
2020 11 14  16  7  0.00     2.3745927231      13.678030184  
2020 11 14  16  8  0.00     2.3745906190      13.678023661  
2020 11 14  16  9  0.00     2.3745885147      13.678017131  
2020 11 14  16 10  0.00     2.3745864103      13.678010596  
2020 11 14  16 11  0.00     2.3745843059      13.678004054  
2020 11 14  16 12  0.00     2.3745822013      13.677997507  
2020 11 14  16 13  0.00     2.3745800967      13.677990953  
2020 11 14  16 14  0.00     2.3745779920      13.677984393  
2020 11 14  16 15  0.00     2.3745758873      13.677977827  
2020 11 14  16 16  0.00     2.3745737824      13.677971255  
2020 11 14  16 17  0.00     2.3745716775      13.677964677  
2020 11 14  16 18  0.00     2.3745695725      13.677958093  
2020 11 14  16 19  0.00     2.3745674675      13.677951503  
2020 11 14  16 20  0.00     2.3745653623      13.677944907  
2020 11 14  16 21  0.00     2.3745632571      13.677938305  
2020 11 14  16 22  0.00     2.3745611518      13.677931697  
2020 11 14  16 23  0.00     2.3745590465      13.677925082  
2020 11 14  16 24  0.00     2.3745569411      13.677918462  
2020 11 14  16 25  0.00     2.3745548356      13.677911835  
2020 11 14  16 26  0.00     2.3745527300      13.677905202  
2020 11 14  16 27  0.00     2.3745506244      13.677898564  
2020 11 14  16 28  0.00     2.3745485187      13.677891919  
2020 11 14  16 29  0.00     2.3745464130      13.677885268  
2020 11 14  16 30  0.00     2.3745443072      13.677878611  
2020 11 14  16 31  0.00     2.3745422013      13.677871947  
2020 11 14  16 32  0.00     2.3745400953      13.677865278  
2020 11 14  16 33  0.00     2.3745379893      13.677858603  
2020 11 14  16 34  0.00     2.3745358833      13.677851921  
2020 11 14  16 35  0.00     2.3745337772      13.677845234  
2020 11 14  16 36  0.00     2.3745316710      13.677838540  
2020 11 14  16 37  0.00     2.3745295648      13.677831840  
2020 11 14  16 38  0.00     2.3745274585      13.677825134  
2020 11 14  16 39  0.00     2.3745253522      13.677818422  
2020 11 14  16 40  0.00     2.3745232458      13.677811704  
2020 11 14  16 41  0.00     2.3745211393      13.677804980  
2020 11 14  16 42  0.00     2.3745190328      13.677798249  
2020 11 14  16 43  0.00     2.3745169263      13.677791513  
2020 11 14  16 44  0.00     2.3745148197      13.677784770  
2020 11 14  16 45  0.00     2.3745127131      13.677778021  
2020 11 14  16 46  0.00     2.3745106064      13.677771266  
2020 11 14  16 47  0.00     2.3745084996      13.677764505  
2020 11 14  16 48  0.00     2.3745063929      13.677757738  
2020 11 14  16 49  0.00     2.3745042860      13.677750965  
2020 11 14  16 50  0.00     2.3745021792      13.677744185  
2020 11 14  16 51  0.00     2.3745000723      13.677737400  
2020 11 14  16 52  0.00     2.3744979653      13.677730608  
2020 11 14  16 53  0.00     2.3744958583      13.677723810  
2020 11 14  16 54  0.00     2.3744937513      13.677717006  
2020 11 14  16 55  0.00     2.3744916442      13.677710196  
2020 11 14  16 56  0.00     2.3744895371      13.677703380  
2020 11 14  16 57  0.00     2.3744874300      13.677696558  
2020 11 14  16 58  0.00     2.3744853228      13.677689729  
2020 11 14  16 59  0.00     2.3744832156      13.677682894  
2020 11 14  17  0  0.00     2.3744811083      13.677676053  
2020 11 14  17  1  0.00     2.3744790010      13.677669206  
2020 11 14  17  2  0.00     2.3744768937      13.677662353  
2020 11 14  17  3  0.00     2.3744747864      13.677655494  
2020 11 14  17  4  0.00     2.3744726790      13.677648628  
2020 11 14  17  5  0.00     2.3744705716      13.677641757  
2020 11 14  17  6  0.00     2.3744684642      13.677634879  
2020 11 14  17  7  0.00     2.3744663567      13.677627995  
2020 11 14  17  8  0.00     2.3744642493      13.677621105  
2020 11 14  17  9  0.00     2.3744621417      13.677614209  
2020 11 14  17 10  0.00     2.3744600342      13.677607306  
2020 11 14  17 11  0.00     2.3744579267      13.677600398  
2020 11 14  17 12  0.00     2.3744558191      13.677593483  
2020 11 14  17 13  0.00     2.3744537115      13.677586562  
2020 11 14  17 14  0.00     2.3744516039      13.677579635  
2020 11 14  17 15  0.00     2.3744494963      13.677572702  
2020 11 14  17 16  0.00     2.3744473886      13.677565762  
2020 11 14  17 17  0.00     2.3744452809      13.677558817  
2020 11 14  17 18  0.00     2.3744431732      13.677551865  
2020 11 14  17 19  0.00     2.3744410655      13.677544907  
2020 11 14  17 20  0.00     2.3744389578      13.677537943  
2020 11 14  17 21  0.00     2.3744368501      13.677530972  
2020 11 14  17 22  0.00     2.3744347424      13.677523996  
2020 11 14  17 23  0.00     2.3744326346      13.677517013  
2020 11 14  17 24  0.00     2.3744305269      13.677510024  
2020 11 14  17 25  0.00     2.3744284191      13.677503029  
2020 11 14  17 26  0.00     2.3744263113      13.677496028  
2020 11 14  17 27  0.00     2.3744242035      13.677489021  
2020 11 14  17 28  0.00     2.3744220957      13.677482007  
2020 11 14  17 29  0.00     2.3744199879      13.677474987  
2020 11 14  17 30  0.00     2.3744178801      13.677467962  
2020 11 14  17 31  0.00     2.3744157723      13.677460929  
2020 11 14  17 32  0.00     2.3744136645      13.677453891  
2020 11 14  17 33  0.00     2.3744115567      13.677446847  
2020 11 14  17 34  0.00     2.3744094489      13.677439796  
2020 11 14  17 35  0.00     2.3744073411      13.677432739  
2020 11 14  17 36  0.00     2.3744052333      13.677425676  
2020 11 14  17 37  0.00     2.3744031255      13.677418607  
2020 11 14  17 38  0.00     2.3744010176      13.677411531  
2020 11 14  17 39  0.00     2.3743989098      13.677404450  
2020 11 14  17 40  0.00     2.3743968020      13.677397362  
2020 11 14  17 41  0.00     2.3743946943      13.677390268  
2020 11 14  17 42  0.00     2.3743925865      13.677383167  
2020 11 14  17 43  0.00     2.3743904787      13.677376061  
2020 11 14  17 44  0.00     2.3743883709      13.677368948  
2020 11 14  17 45  0.00     2.3743862632      13.677361829  
2020 11 14  17 46  0.00     2.3743841554      13.677354704  
2020 11 14  17 47  0.00     2.3743820477      13.677347573  
2020 11 14  17 48  0.00     2.3743799400      13.677340436  
2020 11 14  17 49  0.00     2.3743778322      13.677333292  
2020 11 14  17 50  0.00     2.3743757245      13.677326142  
2020 11 14  17 51  0.00     2.3743736169      13.677318986  
2020 11 14  17 52  0.00     2.3743715092      13.677311824  
2020 11 14  17 53  0.00     2.3743694015      13.677304656  
2020 11 14  17 54  0.00     2.3743672939      13.677297481  
2020 11 14  17 55  0.00     2.3743651863      13.677290300  
2020 11 14  17 56  0.00     2.3743630787      13.677283113  
2020 11 14  17 57  0.00     2.3743609711      13.677275920  
2020 11 14  17 58  0.00     2.3743588636      13.677268720  
2020 11 14  17 59  0.00     2.3743567560      13.677261515  
2020 11 14  18  0  0.00     2.3743546485      13.677254303  
2020 11 14  18  1  0.00     2.3743525411      13.677247085  
2020 11 14  18  2  0.00     2.3743504336      13.677239860  
2020 11 14  18  3  0.00     2.3743483262      13.677232630  
2020 11 14  18  4  0.00     2.3743462188      13.677225393  
2020 11 14  18  5  0.00     2.3743441114      13.677218150  
2020 11 14  18  6  0.00     2.3743420040      13.677210901  
2020 11 14  18  7  0.00     2.3743398967      13.677203646  
2020 11 14  18  8  0.00     2.3743377894      13.677196384  
2020 11 14  18  9  0.00     2.3743356822      13.677189116  
2020 11 14  18 10  0.00     2.3743335749      13.677181842  
2020 11 14  18 11  0.00     2.3743314678      13.677174562  
2020 11 14  18 12  0.00     2.3743293606      13.677167276  
2020 11 14  18 13  0.00     2.3743272535      13.677159983  
2020 11 14  18 14  0.00     2.3743251464      13.677152684  
2020 11 14  18 15  0.00     2.3743230393      13.677145379  
2020 11 14  18 16  0.00     2.3743209323      13.677138068  
2020 11 14  18 17  0.00     2.3743188254      13.677130750  
2020 11 14  18 18  0.00     2.3743167184      13.677123426  
2020 11 14  18 19  0.00     2.3743146115      13.677116097  
2020 11 14  18 20  0.00     2.3743125047      13.677108760  
2020 11 14  18 21  0.00     2.3743103979      13.677101418  
2020 11 14  18 22  0.00     2.3743082911      13.677094070  
2020 11 14  18 23  0.00     2.3743061844      13.677086715  
2020 11 14  18 24  0.00     2.3743040777      13.677079354  
2020 11 14  18 25  0.00     2.3743019711      13.677071987  
2020 11 14  18 26  0.00     2.3742998645      13.677064613  
2020 11 14  18 27  0.00     2.3742977579      13.677057233  
2020 11 14  18 28  0.00     2.3742956514      13.677049848  
2020 11 14  18 29  0.00     2.3742935450      13.677042455  
2020 11 14  18 30  0.00     2.3742914386      13.677035057  
2020 11 14  18 31  0.00     2.3742893323      13.677027653  
2020 11 14  18 32  0.00     2.3742872260      13.677020242  
2020 11 14  18 33  0.00     2.3742851197      13.677012825  
2020 11 14  18 34  0.00     2.3742830136      13.677005402  
2020 11 14  18 35  0.00     2.3742809074      13.676997972  
2020 11 14  18 36  0.00     2.3742788013      13.676990537  
2020 11 14  18 37  0.00     2.3742766953      13.676983095  
2020 11 14  18 38  0.00     2.3742745894      13.676975647  
2020 11 14  18 39  0.00     2.3742724835      13.676968193  
2020 11 14  18 40  0.00     2.3742703776      13.676960732  
2020 11 14  18 41  0.00     2.3742682718      13.676953266  
2020 11 14  18 42  0.00     2.3742661661      13.676945793  
2020 11 14  18 43  0.00     2.3742640604      13.676938314  
2020 11 14  18 44  0.00     2.3742619548      13.676930828  
2020 11 14  18 45  0.00     2.3742598493      13.676923337  
2020 11 14  18 46  0.00     2.3742577438      13.676915839  
2020 11 14  18 47  0.00     2.3742556384      13.676908335  
2020 11 14  18 48  0.00     2.3742535330      13.676900825  
2020 11 14  18 49  0.00     2.3742514278      13.676893309  
2020 11 14  18 50  0.00     2.3742493225      13.676885786  
2020 11 14  18 51  0.00     2.3742472174      13.676878257  
2020 11 14  18 52  0.00     2.3742451123      13.676870722  
2020 11 14  18 53  0.00     2.3742430073      13.676863181  
2020 11 14  18 54  0.00     2.3742409024      13.676855633  
2020 11 14  18 55  0.00     2.3742387975      13.676848080  
2020 11 14  18 56  0.00     2.3742366927      13.676840520  
2020 11 14  18 57  0.00     2.3742345880      13.676832954  
2020 11 14  18 58  0.00     2.3742324833      13.676825381  
2020 11 14  18 59  0.00     2.3742303787      13.676817803  
2020 11 14  19  0  0.00     2.3742282742      13.676810218  
2020 11 14  19  1  0.00     2.3742261698      13.676802627  
2020 11 14  19  2  0.00     2.3742240654      13.676795030  
2020 11 14  19  3  0.00     2.3742219612      13.676787427  
2020 11 14  19  4  0.00     2.3742198570      13.676779817  
2020 11 14  19  5  0.00     2.3742177529      13.676772201  
2020 11 14  19  6  0.00     2.3742156488      13.676764579  
2020 11 14  19  7  0.00     2.3742135449      13.676756951  
2020 11 14  19  8  0.00     2.3742114410      13.676749317  
2020 11 14  19  9  0.00     2.3742093372      13.676741676  
2020 11 14  19 10  0.00     2.3742072335      13.676734029  
2020 11 14  19 11  0.00     2.3742051299      13.676726376  
2020 11 14  19 12  0.00     2.3742030263      13.676718717  
2020 11 14  19 13  0.00     2.3742009229      13.676711051  
2020 11 14  19 14  0.00     2.3741988195      13.676703380  
2020 11 14  19 15  0.00     2.3741967162      13.676695702  
2020 11 14  19 16  0.00     2.3741946130      13.676688018  
2020 11 14  19 17  0.00     2.3741925099      13.676680328  
2020 11 14  19 18  0.00     2.3741904069      13.676672631  
2020 11 14  19 19  0.00     2.3741883039      13.676664928  
2020 11 14  19 20  0.00     2.3741862011      13.676657220  
2020 11 14  19 21  0.00     2.3741840983      13.676649504  
2020 11 14  19 22  0.00     2.3741819957      13.676641783  
2020 11 14  19 23  0.00     2.3741798931      13.676634056  
2020 11 14  19 24  0.00     2.3741777906      13.676626322  
2020 11 14  19 25  0.00     2.3741756883      13.676618582  
2020 11 14  19 26  0.00     2.3741735860      13.676610836  
2020 11 14  19 27  0.00     2.3741714838      13.676603084  
2020 11 14  19 28  0.00     2.3741693817      13.676595325  
2020 11 14  19 29  0.00     2.3741672797      13.676587561  
2020 11 14  19 30  0.00     2.3741651778      13.676579790  
2020 11 14  19 31  0.00     2.3741630760      13.676572013  
2020 11 14  19 32  0.00     2.3741609743      13.676564230  
2020 11 14  19 33  0.00     2.3741588727      13.676556440  
2020 11 14  19 34  0.00     2.3741567712      13.676548645  
2020 11 14  19 35  0.00     2.3741546699      13.676540843  
2020 11 14  19 36  0.00     2.3741525686      13.676533035  
2020 11 14  19 37  0.00     2.3741504674      13.676525221  
2020 11 14  19 38  0.00     2.3741483663      13.676517400  
2020 11 14  19 39  0.00     2.3741462653      13.676509574  
2020 11 14  19 40  0.00     2.3741441644      13.676501741  
2020 11 14  19 41  0.00     2.3741420637      13.676493902  
2020 11 14  19 42  0.00     2.3741399630      13.676486057  
2020 11 14  19 43  0.00     2.3741378625      13.676478206  
2020 11 14  19 44  0.00     2.3741357620      13.676470348  
2020 11 14  19 45  0.00     2.3741336617      13.676462485  
2020 11 14  19 46  0.00     2.3741315614      13.676454615  
2020 11 14  19 47  0.00     2.3741294613      13.676446739  
2020 11 14  19 48  0.00     2.3741273613      13.676438856  
2020 11 14  19 49  0.00     2.3741252614      13.676430968  
2020 11 14  19 50  0.00     2.3741231616      13.676423074  
2020 11 14  19 51  0.00     2.3741210620      13.676415173  
2020 11 14  19 52  0.00     2.3741189624      13.676407266  
2020 11 14  19 53  0.00     2.3741168630      13.676399353  
2020 11 14  19 54  0.00     2.3741147637      13.676391434  
2020 11 14  19 55  0.00     2.3741126644      13.676383508  
2020 11 14  19 56  0.00     2.3741105654      13.676375577  
2020 11 14  19 57  0.00     2.3741084664      13.676367639  
2020 11 14  19 58  0.00     2.3741063675      13.676359695  
2020 11 14  19 59  0.00     2.3741042688      13.676351745  
2020 11 14  20  0  0.00     2.3741021702      13.676343789  
2020 11 14  20  1  0.00     2.3741000717      13.676335826  
2020 11 14  20  2  0.00     2.3740979733      13.676327858  
2020 11 14  20  3  0.00     2.3740958750      13.676319883  
2020 11 14  20  4  0.00     2.3740937769      13.676311902  
2020 11 14  20  5  0.00     2.3740916789      13.676303915  
2020 11 14  20  6  0.00     2.3740895810      13.676295922  
2020 11 14  20  7  0.00     2.3740874832      13.676287922  
2020 11 14  20  8  0.00     2.3740853855      13.676279917  
2020 11 14  20  9  0.00     2.3740832880      13.676271905  
2020 11 14  20 10  0.00     2.3740811906      13.676263887  
2020 11 14  20 11  0.00     2.3740790934      13.676255863  
2020 11 14  20 12  0.00     2.3740769962      13.676247833  
2020 11 14  20 13  0.00     2.3740748992      13.676239797  
2020 11 14  20 14  0.00     2.3740728023      13.676231754  
2020 11 14  20 15  0.00     2.3740707056      13.676223706  
2020 11 14  20 16  0.00     2.3740686089      13.676215651  
2020 11 14  20 17  0.00     2.3740665124      13.676207590  
2020 11 14  20 18  0.00     2.3740644161      13.676199523  
2020 11 14  20 19  0.00     2.3740623198      13.676191450  
2020 11 14  20 20  0.00     2.3740602237      13.676183371  
2020 11 14  20 21  0.00     2.3740581277      13.676175285  
2020 11 14  20 22  0.00     2.3740560319      13.676167194  
2020 11 14  20 23  0.00     2.3740539362      13.676159096  
2020 11 14  20 24  0.00     2.3740518406      13.676150992  
2020 11 14  20 25  0.00     2.3740497452      13.676142882  
2020 11 14  20 26  0.00     2.3740476499      13.676134766  
2020 11 14  20 27  0.00     2.3740455547      13.676126644  
2020 11 14  20 28  0.00     2.3740434597      13.676118515  
2020 11 14  20 29  0.00     2.3740413648      13.676110381  
2020 11 14  20 30  0.00     2.3740392700      13.676102240  
2020 11 14  20 31  0.00     2.3740371754      13.676094093  
2020 11 14  20 32  0.00     2.3740350809      13.676085940  
2020 11 14  20 33  0.00     2.3740329866      13.676077781  
2020 11 14  20 34  0.00     2.3740308924      13.676069616  
2020 11 14  20 35  0.00     2.3740287984      13.676061445  
2020 11 14  20 36  0.00     2.3740267044      13.676053268  
2020 11 14  20 37  0.00     2.3740246107      13.676045084  
2020 11 14  20 38  0.00     2.3740225170      13.676036895  
2020 11 14  20 39  0.00     2.3740204235      13.676028699  
2020 11 14  20 40  0.00     2.3740183302      13.676020497  
2020 11 14  20 41  0.00     2.3740162370      13.676012289  
2020 11 14  20 42  0.00     2.3740141439      13.676004075  
2020 11 14  20 43  0.00     2.3740120510      13.675995855  
2020 11 14  20 44  0.00     2.3740099583      13.675987629  
2020 11 14  20 45  0.00     2.3740078656      13.675979396  
2020 11 14  20 46  0.00     2.3740057732      13.675971158  
2020 11 14  20 47  0.00     2.3740036808      13.675962913  
2020 11 14  20 48  0.00     2.3740015887      13.675954663  
2020 11 14  20 49  0.00     2.3739994966      13.675946406  
2020 11 14  20 50  0.00     2.3739974048      13.675938143  
2020 11 14  20 51  0.00     2.3739953130      13.675929874  
---
2020 11 15  10 57  0.00     2.3722826197      13.666988038  
2020 11 15  10 58  0.00     2.3722806419      13.666975428  
2020 11 15  10 59  0.00     2.3722786641      13.666962813  
2020 11 15  11  0  0.00     2.3722766865      13.666950194  
2020 11 15  11  1  0.00     2.3722747090      13.666937571  
2020 11 15  11  2  0.00     2.3722727315      13.666924944  
2020 11 15  11  3  0.00     2.3722707542      13.666912312  
2020 11 15  11  4  0.00     2.3722687770      13.666899676  
2020 11 15  11  5  0.00     2.3722667999      13.666887036  
2020 11 15  11  6  0.00     2.3722648229      13.666874392  
2020 11 15  11  7  0.00     2.3722628460      13.666861743  
2020 11 15  11  8  0.00     2.3722608692      13.666849090  
2020 11 15  11  9  0.00     2.3722588925      13.666836433  
2020 11 15  11 10  0.00     2.3722569159      13.666823771  
2020 11 15  11 11  0.00     2.3722549394      13.666811106  
2020 11 15  11 12  0.00     2.3722529630      13.666798436  
2020 11 15  11 13  0.00     2.3722509868      13.666785762  
2020 11 15  11 14  0.00     2.3722490106      13.666773083  
2020 11 15  11 15  0.00     2.3722470346      13.666760401  
2020 11 15  11 16  0.00     2.3722450586      13.666747714  
2020 11 15  11 17  0.00     2.3722430828      13.666735023  
2020 11 15  11 18  0.00     2.3722411071      13.666722327  
2020 11 15  11 19  0.00     2.3722391315      13.666709628  
2020 11 15  11 20  0.00     2.3722371560      13.666696924  
2020 11 15  11 21  0.00     2.3722351806      13.666684216  
2020 11 15  11 22  0.00     2.3722332054      13.666671503  
2020 11 15  11 23  0.00     2.3722312302      13.666658787  
2020 11 15  11 24  0.00     2.3722292552      13.666646066  
2020 11 15  11 25  0.00     2.3722272802      13.666633341  
2020 11 15  11 26  0.00     2.3722253054      13.666620612  
2020 11 15  11 27  0.00     2.3722233307      13.666607879  
2020 11 15  11 28  0.00     2.3722213561      13.666595141  
2020 11 15  11 29  0.00     2.3722193816      13.666582400  
2020 11 15  11 30  0.00     2.3722174073      13.666569654  
2020 11 15  11 31  0.00     2.3722154331      13.666556904  
2020 11 15  11 32  0.00     2.3722134589      13.666544149  
2020 11 15  11 33  0.00     2.3722114849      13.666531391  
2020 11 15  11 34  0.00     2.3722095110      13.666518628  
2020 11 15  11 35  0.00     2.3722075373      13.666505861  
2020 11 15  11 36  0.00     2.3722055636      13.666493090  
2020 11 15  11 37  0.00     2.3722035901      13.666480315  
2020 11 15  11 38  0.00     2.3722016167      13.666467535  
2020 11 15  11 39  0.00     2.3721996434      13.666454752  
2020 11 15  11 40  0.00     2.3721976702      13.666441964  
2020 11 15  11 41  0.00     2.3721956972      13.666429172  
2020 11 15  11 42  0.00     2.3721937243      13.666416376  
2020 11 15  11 43  0.00     2.3721917515      13.666403575  
2020 11 15  11 44  0.00     2.3721897788      13.666390771  
2020 11 15  11 45  0.00     2.3721878062      13.666377962  
2020 11 15  11 46  0.00     2.3721858338      13.666365150  
2020 11 15  11 47  0.00     2.3721838615      13.666352333  
2020 11 15  11 48  0.00     2.3721818893      13.666339511  
2020 11 15  11 49  0.00     2.3721799173      13.666326686  
2020 11 15  11 50  0.00     2.3721779453      13.666313857  
2020 11 15  11 51  0.00     2.3721759735      13.666301023  
2020 11 15  11 52  0.00     2.3721740019      13.666288186  
2020 11 15  11 53  0.00     2.3721720303      13.666275344  
2020 11 15  11 54  0.00     2.3721700589      13.666262498  
2020 11 15  11 55  0.00     2.3721680876      13.666249648  
2020 11 15  11 56  0.00     2.3721661164      13.666236793  
2020 11 15  11 57  0.00     2.3721641454      13.666223935  
2020 11 15  11 58  0.00     2.3721621745      13.666211073  
2020 11 15  11 59  0.00     2.3721602037      13.666198206  
2020 11 15  12  0  0.00     2.3721582331      13.666185335  
2020 11 15  12  1  0.00     2.3721562626      13.666172460  
2020 11 15  12  2  0.00     2.3721542922      13.666159581  
2020 11 15  12  3  0.00     2.3721523220      13.666146698  
2020 11 15  12  4  0.00     2.3721503519      13.666133811  
2020 11 15  12  5  0.00     2.3721483819      13.666120920  
2020 11 15  12  6  0.00     2.3721464121      13.666108024  
2020 11 15  12  7  0.00     2.3721444424      13.666095125  
2020 11 15  12  8  0.00     2.3721424728      13.666082221  
2020 11 15  12  9  0.00     2.3721405034      13.666069314  
2020 11 15  12 10  0.00     2.3721385341      13.666056402  
2020 11 15  12 11  0.00     2.3721365649      13.666043486  
2020 11 15  12 12  0.00     2.3721345959      13.666030566  
2020 11 15  12 13  0.00     2.3721326270      13.666017642  
2020 11 15  12 14  0.00     2.3721306583      13.666004714  
2020 11 15  12 15  0.00     2.3721286897      13.665991782  
2020 11 15  12 16  0.00     2.3721267212      13.665978845  
2020 11 15  12 17  0.00     2.3721247529      13.665965905  
2020 11 15  12 18  0.00     2.3721227847      13.665952961  
2020 11 15  12 19  0.00     2.3721208167      13.665940012  
2020 11 15  12 20  0.00     2.3721188488      13.665927060  
2020 11 15  12 21  0.00     2.3721168811      13.665914103  
2020 11 15  12 22  0.00     2.3721149135      13.665901142  
2020 11 15  12 23  0.00     2.3721129460      13.665888178  
2020 11 15  12 24  0.00     2.3721109787      13.665875209  
2020 11 15  12 25  0.00     2.3721090115      13.665862236  
2020 11 15  12 26  0.00     2.3721070445      13.665849259  
2020 11 15  12 27  0.00     2.3721050776      13.665836278  
2020 11 15  12 28  0.00     2.3721031109      13.665823294  
2020 11 15  12 29  0.00     2.3721011443      13.665810305  
2020 11 15  12 30  0.00     2.3720991779      13.665797312  
2020 11 15  12 31  0.00     2.3720972116      13.665784315  
2020 11 15  12 32  0.00     2.3720952455      13.665771314  
2020 11 15  12 33  0.00     2.3720932795      13.665758309  
2020 11 15  12 34  0.00     2.3720913137      13.665745300  
2020 11 15  12 35  0.00     2.3720893480      13.665732286  
2020 11 15  12 36  0.00     2.3720873825      13.665719269  
2020 11 15  12 37  0.00     2.3720854172      13.665706248  
2020 11 15  12 38  0.00     2.3720834519      13.665693223  
2020 11 15  12 39  0.00     2.3720814869      13.665680194  
2020 11 15  12 40  0.00     2.3720795220      13.665667161  
2020 11 15  12 41  0.00     2.3720775572      13.665654124  
2020 11 15  12 42  0.00     2.3720755927      13.665641083  
2020 11 15  12 43  0.00     2.3720736282      13.665628038  
2020 11 15  12 44  0.00     2.3720716639      13.665614989  
2020 11 15  12 45  0.00     2.3720696998      13.665601936  
2020 11 15  12 46  0.00     2.3720677359      13.665588879  
2020 11 15  12 47  0.00     2.3720657721      13.665575818  
2020 11 15  12 48  0.00     2.3720638084      13.665562753  
2020 11 15  12 49  0.00     2.3720618450      13.665549684  
2020 11 15  12 50  0.00     2.3720598817      13.665536611  
2020 11 15  12 51  0.00     2.3720579185      13.665523534  
2020 11 15  12 52  0.00     2.3720559555      13.665510453  
2020 11 15  12 53  0.00     2.3720539927      13.665497368  
2020 11 15  12 54  0.00     2.3720520300      13.665484280  
2020 11 15  12 55  0.00     2.3720500675      13.665471187  
2020 11 15  12 56  0.00     2.3720481052      13.665458090  
2020 11 15  12 57  0.00     2.3720461430      13.665444990  
2020 11 15  12 58  0.00     2.3720441810      13.665431885  
2020 11 15  12 59  0.00     2.3720422192      13.665418777  
2020 11 15  13  0  0.00     2.3720402576      13.665405664  
2020 11 15  13  1  0.00     2.3720382961      13.665392548  
2020 11 15  13  2  0.00     2.3720363347      13.665379428  
2020 11 15  13  3  0.00     2.3720343736      13.665366304  
2020 11 15  13  4  0.00     2.3720324126      13.665353176  
2020 11 15  13  5  0.00     2.3720304518      13.665340044  
2020 11 15  13  6  0.00     2.3720284912      13.665326908  
2020 11 15  13  7  0.00     2.3720265307      13.665313768  
2020 11 15  13  8  0.00     2.3720245704      13.665300624  
2020 11 15  13  9  0.00     2.3720226103      13.665287477  
2020 11 15  13 10  0.00     2.3720206504      13.665274325  
2020 11 15  13 11  0.00     2.3720186906      13.665261170  
2020 11 15  13 12  0.00     2.3720167310      13.665248011  
2020 11 15  13 13  0.00     2.3720147716      13.665234847  
2020 11 15  13 14  0.00     2.3720128124      13.665221680  
2020 11 15  13 15  0.00     2.3720108533      13.665208509  
2020 11 15  13 16  0.00     2.3720088944      13.665195335  
2020 11 15  13 17  0.00     2.3720069357      13.665182156  
2020 11 15  13 18  0.00     2.3720049772      13.665168973  
2020 11 15  13 19  0.00     2.3720030189      13.665155787  
2020 11 15  13 20  0.00     2.3720010608      13.665142597  
2020 11 15  13 21  0.00     2.3719991028      13.665129403  
2020 11 15  13 22  0.00     2.3719971450      13.665116205  
2020 11 15  13 23  0.00     2.3719951874      13.665103003  
2020 11 15  13 24  0.00     2.3719932300      13.665089797  
2020 11 15  13 25  0.00     2.3719912728      13.665076588  
2020 11 15  13 26  0.00     2.3719893157      13.665063374  
2020 11 15  13 27  0.00     2.3719873589      13.665050157  
2020 11 15  13 28  0.00     2.3719854022      13.665036936  
2020 11 15  13 29  0.00     2.3719834457      13.665023711  
2020 11 15  13 30  0.00     2.3719814894      13.665010483  
2020 11 15  13 31  0.00     2.3719795333      13.664997250  
2020 11 15  13 32  0.00     2.3719775774      13.664984014  
2020 11 15  13 33  0.00     2.3719756217      13.664970774  
2020 11 15  13 34  0.00     2.3719736662      13.664957530  
2020 11 15  13 35  0.00     2.3719717108      13.664944282  
2020 11 15  13 36  0.00     2.3719697557      13.664931031  
2020 11 15  13 37  0.00     2.3719678007      13.664917776  
2020 11 15  13 38  0.00     2.3719658460      13.664904517  
2020 11 15  13 39  0.00     2.3719638914      13.664891254  
2020 11 15  13 40  0.00     2.3719619371      13.664877987  
2020 11 15  13 41  0.00     2.3719599829      13.664864717  
2020 11 15  13 42  0.00     2.3719580290      13.664851443  
2020 11 15  13 43  0.00     2.3719560752      13.664838165  
2020 11 15  13 44  0.00     2.3719541216      13.664824883  
2020 11 15  13 45  0.00     2.3719521683      13.664811597  
2020 11 15  13 46  0.00     2.3719502151      13.664798308  
2020 11 15  13 47  0.00     2.3719482621      13.664785015  
2020 11 15  13 48  0.00     2.3719463094      13.664771718  
2020 11 15  13 49  0.00     2.3719443568      13.664758418  
2020 11 15  13 50  0.00     2.3719424045      13.664745114  
2020 11 15  13 51  0.00     2.3719404523      13.664731806  
2020 11 15  13 52  0.00     2.3719385004      13.664718494  
2020 11 15  13 53  0.00     2.3719365486      13.664705178  
2020 11 15  13 54  0.00     2.3719345971      13.664691859  
2020 11 15  13 55  0.00     2.3719326458      13.664678536  
2020 11 15  13 56  0.00     2.3719306947      13.664665210  
2020 11 15  13 57  0.00     2.3719287438      13.664651879  
2020 11 15  13 58  0.00     2.3719267931      13.664638545  
2020 11 15  13 59  0.00     2.3719248426      13.664625208  
2020 11 15  14  0  0.00     2.3719228923      13.664611866  
2020 11 15  14  1  0.00     2.3719209422      13.664598521  
2020 11 15  14  2  0.00     2.3719189924      13.664585172  
2020 11 15  14  3  0.00     2.3719170428      13.664571820  
2020 11 15  14  4  0.00     2.3719150933      13.664558463  
2020 11 15  14  5  0.00     2.3719131441      13.664545104  
2020 11 15  14  6  0.00     2.3719111951      13.664531740  
2020 11 15  14  7  0.00     2.3719092464      13.664518373  
2020 11 15  14  8  0.00     2.3719072978      13.664505002  
2020 11 15  14  9  0.00     2.3719053495      13.664491627  
2020 11 15  14 10  0.00     2.3719034013      13.664478249  
2020 11 15  14 11  0.00     2.3719014534      13.664464867  
2020 11 15  14 12  0.00     2.3718995058      13.664451482  
2020 11 15  14 13  0.00     2.3718975583      13.664438093  
2020 11 15  14 14  0.00     2.3718956111      13.664424700  
2020 11 15  14 15  0.00     2.3718936641      13.664411303  
2020 11 15  14 16  0.00     2.3718917173      13.664397903  
2020 11 15  14 17  0.00     2.3718897707      13.664384499  
2020 11 15  14 18  0.00     2.3718878244      13.664371092  
2020 11 15  14 19  0.00     2.3718858782      13.664357681  
2020 11 15  14 20  0.00     2.3718839324      13.664344267  
2020 11 15  14 21  0.00     2.3718819867      13.664330848  
2020 11 15  14 22  0.00     2.3718800413      13.664317427  
2020 11 15  14 23  0.00     2.3718780961      13.664304001  
2020 11 15  14 24  0.00     2.3718761511      13.664290572  
2020 11 15  14 25  0.00     2.3718742064      13.664277140  
2020 11 15  14 26  0.00     2.3718722618      13.664263704  
2020 11 15  14 27  0.00     2.3718703176      13.664250264  
2020 11 15  14 28  0.00     2.3718683735      13.664236820  
2020 11 15  14 29  0.00     2.3718664297      13.664223374  
2020 11 15  14 30  0.00     2.3718644861      13.664209923  
2020 11 15  14 31  0.00     2.3718625428      13.664196469  
2020 11 15  14 32  0.00     2.3718605997      13.664183011  
2020 11 15  14 33  0.00     2.3718586568      13.664169550  
2020 11 15  14 34  0.00     2.3718567142      13.664156086  
2020 11 15  14 35  0.00     2.3718547718      13.664142617  
2020 11 15  14 36  0.00     2.3718528296      13.664129146  
2020 11 15  14 37  0.00     2.3718508877      13.664115670  
2020 11 15  14 38  0.00     2.3718489460      13.664102191  
2020 11 15  14 39  0.00     2.3718470046      13.664088709  
2020 11 15  14 40  0.00     2.3718450634      13.664075223  
2020 11 15  14 41  0.00     2.3718431225      13.664061734  
2020 11 15  14 42  0.00     2.3718411818      13.664048241  
2020 11 15  14 43  0.00     2.3718392413      13.664034744  
2020 11 15  14 44  0.00     2.3718373011      13.664021244  
2020 11 15  14 45  0.00     2.3718353611      13.664007741  
2020 11 15  14 46  0.00     2.3718334214      13.663994234  
2020 11 15  14 47  0.00     2.3718314819      13.663980723  
2020 11 15  14 48  0.00     2.3718295427      13.663967210  
2020 11 15  14 49  0.00     2.3718276037      13.663953692  
2020 11 15  14 50  0.00     2.3718256650      13.663940171  
2020 11 15  14 51  0.00     2.3718237265      13.663926647  
2020 11 15  14 52  0.00     2.3718217883      13.663913119  
2020 11 15  14 53  0.00     2.3718198503      13.663899588  
2020 11 15  14 54  0.00     2.3718179126      13.663886053  
2020 11 15  14 55  0.00     2.3718159752      13.663872515  
2020 11 15  14 56  0.00     2.3718140379      13.663858973  
2020 11 15  14 57  0.00     2.3718121010      13.663845428  
2020 11 15  14 58  0.00     2.3718101643      13.663831880  
2020 11 15  14 59  0.00     2.3718082279      13.663818328  
2020 11 15  15  0  0.00     2.3718062917      13.663804772  
2020 11 15  15  1  0.00     2.3718043558      13.663791214  
2020 11 15  15  2  0.00     2.3718024201      13.663777651  
2020 11 15  15  3  0.00     2.3718004847      13.663764086  
2020 11 15  15  4  0.00     2.3717985496      13.663750517  
2020 11 15  15  5  0.00     2.3717966147      13.663736944  
2020 11 15  15  6  0.00     2.3717946801      13.663723368  
2020 11 15  15  7  0.00     2.3717927457      13.663709789  
2020 11 15  15  8  0.00     2.3717908117      13.663696207  
2020 11 15  15  9  0.00     2.3717888778      13.663682621  
2020 11 15  15 10  0.00     2.3717869443      13.663669031  
2020 11 15  15 11  0.00     2.3717850110      13.663655439  
2020 11 15  15 12  0.00     2.3717830780      13.663641843  
2020 11 15  15 13  0.00     2.3717811452      13.663628243  
2020 11 15  15 14  0.00     2.3717792128      13.663614640  
2020 11 15  15 15  0.00     2.3717772805      13.663601034  
2020 11 15  15 16  0.00     2.3717753486      13.663587425  
2020 11 15  15 17  0.00     2.3717734169      13.663573812  
2020 11 15  15 18  0.00     2.3717714855      13.663560196  
2020 11 15  15 19  0.00     2.3717695544      13.663546576  
2020 11 15  15 20  0.00     2.3717676236      13.663532953  
2020 11 15  15 21  0.00     2.3717656930      13.663519327  
2020 11 15  15 22  0.00     2.3717637627      13.663505698  
2020 11 15  15 23  0.00     2.3717618327      13.663492065  
2020 11 15  15 24  0.00     2.3717599030      13.663478429  
2020 11 15  15 25  0.00     2.3717579735      13.663464790  
2020 11 15  15 26  0.00     2.3717560443      13.663451147  
2020 11 15  15 27  0.00     2.3717541154      13.663437501  
2020 11 15  15 28  0.00     2.3717521868      13.663423852  
2020 11 15  15 29  0.00     2.3717502584      13.663410199  
2020 11 15  15 30  0.00     2.3717483304      13.663396543  
2020 11 15  15 31  0.00     2.3717464026      13.663382884  
2020 11 15  15 32  0.00     2.3717444751      13.663369222  
2020 11 15  15 33  0.00     2.3717425479      13.663355556  
2020 11 15  15 34  0.00     2.3717406210      13.663341888  
2020 11 15  15 35  0.00     2.3717386943      13.663328216  
2020 11 15  15 36  0.00     2.3717367680      13.663314540  
2020 11 15  15 37  0.00     2.3717348419      13.663300862  
2020 11 15  15 38  0.00     2.3717329162      13.663287180  
2020 11 15  15 39  0.00     2.3717309907      13.663273495  
2020 11 15  15 40  0.00     2.3717290655      13.663259807  
2020 11 15  15 41  0.00     2.3717271406      13.663246116  
2020 11 15  15 42  0.00     2.3717252160      13.663232421  
2020 11 15  15 43  0.00     2.3717232917      13.663218723  
2020 11 15  15 44  0.00     2.3717213676      13.663205022  
2020 11 15  15 45  0.00     2.3717194439      13.663191318  
2020 11 15  15 46  0.00     2.3717175205      13.663177611  
2020 11 15  15 47  0.00     2.3717155973      13.663163900  
2020 11 15  15 48  0.00     2.3717136745      13.663150186  
2020 11 15  15 49  0.00     2.3717117520      13.663136469  
2020 11 15  15 50  0.00     2.3717098297      13.663122749  
2020 11 15  15 51  0.00     2.3717079078      13.663109026  
2020 11 15  15 52  0.00     2.3717059861      13.663095300  
2020 11 15  15 53  0.00     2.3717040648      13.663081570  
2020 11 15  15 54  0.00     2.3717021437      13.663067838  
2020 11 15  15 55  0.00     2.3717002230      13.663054102  
2020 11 15  15 56  0.00     2.3716983026      13.663040363  
2020 11 15  15 57  0.00     2.3716963824      13.663026621  
2020 11 15  15 58  0.00     2.3716944626      13.663012876  
2020 11 15  15 59  0.00     2.3716925431      13.662999128  
2020 11 15  16  0  0.00     2.3716906239      13.662985376  
2020 11 15  16  1  0.00     2.3716887049      13.662971622  
2020 11 15  16  2  0.00     2.3716867863      13.662957864  
2020 11 15  16  3  0.00     2.3716848680      13.662944104  
2020 11 15  16  4  0.00     2.3716829501      13.662930340  
2020 11 15  16  5  0.00     2.3716810324      13.662916573  
2020 11 15  16  6  0.00     2.3716791150      13.662902803  
2020 11 15  16  7  0.00     2.3716771980      13.662889030  
2020 11 15  16  8  0.00     2.3716752812      13.662875254  
2020 11 15  16  9  0.00     2.3716733648      13.662861475  
2020 11 15  16 10  0.00     2.3716714487      13.662847693  
2020 11 15  16 11  0.00     2.3716695329      13.662833908  
2020 11 15  16 12  0.00     2.3716676174      13.662820120  
2020 11 15  16 13  0.00     2.3716657023      13.662806329  
2020 11 15  16 14  0.00     2.3716637874      13.662792535  
2020 11 15  16 15  0.00     2.3716618729      13.662778737  
2020 11 15  16 16  0.00     2.3716599587      13.662764937  
2020 11 15  16 17  0.00     2.3716580448      13.662751134  
2020 11 15  16 18  0.00     2.3716561312      13.662737328  
2020 11 15  16 19  0.00     2.3716542180      13.662723519  
2020 11 15  16 20  0.00     2.3716523051      13.662709706  
2020 11 15  16 21  0.00     2.3716503925      13.662695891  
2020 11 15  16 22  0.00     2.3716484802      13.662682073  
2020 11 15  16 23  0.00     2.3716465682      13.662668252  
2020 11 15  16 24  0.00     2.3716446566      13.662654428  
2020 11 15  16 25  0.00     2.3716427453      13.662640601  
2020 11 15  16 26  0.00     2.3716408343      13.662626771  
2020 11 15  16 27  0.00     2.3716389237      13.662612938  
2020 11 15  16 28  0.00     2.3716370134      13.662599102  
2020 11 15  16 29  0.00     2.3716351034      13.662585263  
2020 11 15  16 30  0.00     2.3716331937      13.662571422  
2020 11 15  16 31  0.00     2.3716312844      13.662557577  
2020 11 15  16 32  0.00     2.3716293754      13.662543729  
2020 11 15  16 33  0.00     2.3716274667      13.662529879  
2020 11 15  16 34  0.00     2.3716255584      13.662516025  
2020 11 15  16 35  0.00     2.3716236504      13.662502169  
2020 11 15  16 36  0.00     2.3716217427      13.662488310  
2020 11 15  16 37  0.00     2.3716198354      13.662474448  
2020 11 15  16 38  0.00     2.3716179284      13.662460583  
2020 11 15  16 39  0.00     2.3716160218      13.662446715  
2020 11 15  16 40  0.00     2.3716141155      13.662432845  
2020 11 15  16 41  0.00     2.3716122095      13.662418971  
2020 11 15  16 42  0.00     2.3716103038      13.662405095  
2020 11 15  16 43  0.00     2.3716083985      13.662391216  
2020 11 15  16 44  0.00     2.3716064936      13.662377334  
2020 11 15  16 45  0.00     2.3716045890      13.662363449  
2020 11 15  16 46  0.00     2.3716026847      13.662349561  
2020 11 15  16 47  0.00     2.3716007808      13.662335671  
2020 11 15  16 48  0.00     2.3715988772      13.662321777  
2020 11 15  16 49  0.00     2.3715969739      13.662307881  
2020 11 15  16 50  0.00     2.3715950710      13.662293982  
2020 11 15  16 51  0.00     2.3715931685      13.662280081  
2020 11 15  16 52  0.00     2.3715912663      13.662266176  
2020 11 15  16 53  0.00     2.3715893644      13.662252269  
2020 11 15  16 54  0.00     2.3715874629      13.662238359  
2020 11 15  16 55  0.00     2.3715855618      13.662224446  
2020 11 15  16 56  0.00     2.3715836610      13.662210530  
2020 11 15  16 57  0.00     2.3715817605      13.662196612  
2020 11 15  16 58  0.00     2.3715798604      13.662182691  
2020 11 15  16 59  0.00     2.3715779606      13.662168767  
2020 11 15  17  0  0.00     2.3715760612      13.662154840  
2020 11 15  17  1  0.00     2.3715741622      13.662140911  
2020 11 15  17  2  0.00     2.3715722635      13.662126979  
2020 11 15  17  3  0.00     2.3715703652      13.662113044  
2020 11 15  17  4  0.00     2.3715684672      13.662099107  
2020 11 15  17  5  0.00     2.3715665696      13.662085167  
2020 11 15  17  6  0.00     2.3715646723      13.662071224  
2020 11 15  17  7  0.00     2.3715627754      13.662057278  
2020 11 15  17  8  0.00     2.3715608788      13.662043330  
2020 11 15  17  9  0.00     2.3715589826      13.662029379  
2020 11 15  17 10  0.00     2.3715570868      13.662015426  
2020 11 15  17 11  0.00     2.3715551913      13.662001470  
2020 11 15  17 12  0.00     2.3715532962      13.661987511  
2020 11 15  17 13  0.00     2.3715514015      13.661973549  
2020 11 15  17 14  0.00     2.3715495071      13.661959585  
2020 11 15  17 15  0.00     2.3715476131      13.661945618  
2020 11 15  17 16  0.00     2.3715457194      13.661931649  
2020 11 15  17 17  0.00     2.3715438261      13.661917677  
2020 11 15  17 18  0.00     2.3715419332      13.661903702  
2020 11 15  17 19  0.00     2.3715400407      13.661889725  
2020 11 15  17 20  0.00     2.3715381485      13.661875745  
2020 11 15  17 21  0.00     2.3715362567      13.661861762  
2020 11 15  17 22  0.00     2.3715343652      13.661847777  
2020 11 15  17 23  0.00     2.3715324741      13.661833790  
2020 11 15  17 24  0.00     2.3715305834      13.661819799  
2020 11 15  17 25  0.00     2.3715286931      13.661805807  
2020 11 15  17 26  0.00     2.3715268031      13.661791811  
2020 11 15  17 27  0.00     2.3715249135      13.661777813  
2020 11 15  17 28  0.00     2.3715230243      13.661763813  
2020 11 15  17 29  0.00     2.3715211355      13.661749810  
2020 11 15  17 30  0.00     2.3715192470      13.661735804  
2020 11 15  17 31  0.00     2.3715173589      13.661721796  
2020 11 15  17 32  0.00     2.3715154712      13.661707786  
2020 11 15  17 33  0.00     2.3715135838      13.661693773  
2020 11 15  17 34  0.00     2.3715116969      13.661679757  
2020 11 15  17 35  0.00     2.3715098103      13.661665739  
2020 11 15  17 36  0.00     2.3715079241      13.661651718  
2020 11 15  17 37  0.00     2.3715060383      13.661637695  
2020 11 15  17 38  0.00     2.3715041528      13.661623670  
2020 11 15  17 39  0.00     2.3715022677      13.661609642  
2020 11 15  17 40  0.00     2.3715003831      13.661595611  
2020 11 15  17 41  0.00     2.3714984988      13.661581578  
2020 11 15  17 42  0.00     2.3714966148      13.661567543  
2020 11 15  17 43  0.00     2.3714947313      13.661553505  
2020 11 15  17 44  0.00     2.3714928482      13.661539465  
2020 11 15  17 45  0.00     2.3714909654      13.661525422  
2020 11 15  17 46  0.00     2.3714890830      13.661511377  
2020 11 15  17 47  0.00     2.3714872010      13.661497329  
2020 11 15  17 48  0.00     2.3714853194      13.661483279  
2020 11 15  17 49  0.00     2.3714834382      13.661469227  
2020 11 15  17 50  0.00     2.3714815574      13.661455172  
2020 11 15  17 51  0.00     2.3714796769      13.661441115  
2020 11 15  17 52  0.00     2.3714777969      13.661427056  
2020 11 15  17 53  0.00     2.3714759172      13.661412994  
2020 11 15  17 54  0.00     2.3714740380      13.661398930  
2020 11 15  17 55  0.00     2.3714721591      13.661384863  
2020 11 15  17 56  0.00     2.3714702806      13.661370794  
2020 11 15  17 57  0.00     2.3714684025      13.661356723  
2020 11 15  17 58  0.00     2.3714665248      13.661342649  
2020 11 15  17 59  0.00     2.3714646475      13.661328573  
2020 11 15  18  0  0.00     2.3714627706      13.661314495  
2020 11 15  18  1  0.00     2.3714608941      13.661300414  
2020 11 15  18  2  0.00     2.3714590180      13.661286331  
2020 11 15  18  3  0.00     2.3714571423      13.661272246  
2020 11 15  18  4  0.00     2.3714552670      13.661258158  
2020 11 15  18  5  0.00     2.3714533920      13.661244069  
2020 11 15  18  6  0.00     2.3714515175      13.661229977  
2020 11 15  18  7  0.00     2.3714496434      13.661215882  
2020 11 15  18  8  0.00     2.3714477697      13.661201786  
2020 11 15  18  9  0.00     2.3714458964      13.661187687  
2020 11 15  18 10  0.00     2.3714440235      13.661173586  
2020 11 15  18 11  0.00     2.3714421509      13.661159482  
2020 11 15  18 12  0.00     2.3714402788      13.661145377  
2020 11 15  18 13  0.00     2.3714384071      13.661131269  
2020 11 15  18 14  0.00     2.3714365358      13.661117159  
2020 11 15  18 15  0.00     2.3714346649      13.661103046  
2020 11 15  18 16  0.00     2.3714327944      13.661088932  
2020 11 15  18 17  0.00     2.3714309243      13.661074815  
2020 11 15  18 18  0.00     2.3714290547      13.661060696  
2020 11 15  18 19  0.00     2.3714271854      13.661046575  
2020 11 15  18 20  0.00     2.3714253165      13.661032452  
2020 11 15  18 21  0.00     2.3714234481      13.661018327  
2020 11 15  18 22  0.00     2.3714215800      13.661004199  
2020 11 15  18 23  0.00     2.3714197124      13.660990069  
2020 11 15  18 24  0.00     2.3714178452      13.660975938  
2020 11 15  18 25  0.00     2.3714159783      13.660961804  
2020 11 15  18 26  0.00     2.3714141119      13.660947668  
2020 11 15  18 27  0.00     2.3714122459      13.660933529  
2020 11 15  18 28  0.00     2.3714103804      13.660919389  
2020 11 15  18 29  0.00     2.3714085152      13.660905246  
2020 11 15  18 30  0.00     2.3714066504      13.660891102  
2020 11 15  18 31  0.00     2.3714047861      13.660876955  
2020 11 15  18 32  0.00     2.3714029222      13.660862806  
2020 11 15  18 33  0.00     2.3714010587      13.660848656  
2020 11 15  18 34  0.00     2.3713991956      13.660834503  
2020 11 15  18 35  0.00     2.3713973329      13.660820348  
2020 11 15  18 36  0.00     2.3713954707      13.660806191  
2020 11 15  18 37  0.00     2.3713936088      13.660792032  
2020 11 15  18 38  0.00     2.3713917474      13.660777871  
2020 11 15  18 39  0.00     2.3713898864      13.660763707  
2020 11 15  18 40  0.00     2.3713880258      13.660749542  
2020 11 15  18 41  0.00     2.3713861657      13.660735375  
2020 11 15  18 42  0.00     2.3713843059      13.660721206  
2020 11 15  18 43  0.00     2.3713824466      13.660707035  
2020 11 15  18 44  0.00     2.3713805877      13.660692861  
2020 11 15  18 45  0.00     2.3713787293      13.660678686  
2020 11 15  18 46  0.00     2.3713768712      13.660664509  
2020 11 15  18 47  0.00     2.3713750136      13.660650330  
2020 11 15  18 48  0.00     2.3713731564      13.660636149  
2020 11 15  18 49  0.00     2.3713712996      13.660621966  
2020 11 15  18 50  0.00     2.3713694433      13.660607781  
2020 11 15  18 51  0.00     2.3713675873      13.660593594  
2020 11 15  18 52  0.00     2.3713657318      13.660579405  
2020 11 15  18 53  0.00     2.3713638768      13.660565214  
2020 11 15  18 54  0.00     2.3713620221      13.660551021  
2020 11 15  18 55  0.00     2.3713601679      13.660536827  
2020 11 15  18 56  0.00     2.3713583141      13.660522630  
2020 11 15  18 57  0.00     2.3713564608      13.660508432  
2020 11 15  18 58  0.00     2.3713546078      13.660494231  
2020 11 15  18 59  0.00     2.3713527553      13.660480029  
2020 11 15  19  0  0.00     2.3713509033      13.660465825  
2020 11 15  19  1  0.00     2.3713490516      13.660451619  
2020 11 15  19  2  0.00     2.3713472004      13.660437411  
2020 11 15  19  3  0.00     2.3713453497      13.660423202  
2020 11 15  19  4  0.00     2.3713434993      13.660408990  
2020 11 15  19  5  0.00     2.3713416494      13.660394777  
2020 11 15  19  6  0.00     2.3713397999      13.660380562  
2020 11 15  19  7  0.00     2.3713379509      13.660366345  
2020 11 15  19  8  0.00     2.3713361023      13.660352126  
2020 11 15  19  9  0.00     2.3713342541      13.660337905  
2020 11 15  19 10  0.00     2.3713324064      13.660323683  
2020 11 15  19 11  0.00     2.3713305591      13.660309459  
2020 11 15  19 12  0.00     2.3713287123      13.660295233  
2020 11 15  19 13  0.00     2.3713268658      13.660281005  
2020 11 15  19 14  0.00     2.3713250199      13.660266776  
2020 11 15  19 15  0.00     2.3713231743      13.660252544  
2020 11 15  19 16  0.00     2.3713213292      13.660238311  
2020 11 15  19 17  0.00     2.3713194845      13.660224077  
2020 11 15  19 18  0.00     2.3713176403      13.660209840  
2020 11 15  19 19  0.00     2.3713157965      13.660195602  
2020 11 15  19 20  0.00     2.3713139532      13.660181362  
2020 11 15  19 21  0.00     2.3713121103      13.660167121  
2020 11 15  19 22  0.00     2.3713102678      13.660152877  
2020 11 15  19 23  0.00     2.3713084258      13.660138632  
2020 11 15  19 24  0.00     2.3713065842      13.660124386  
2020 11 15  19 25  0.00     2.3713047431      13.660110137  
2020 11 15  19 26  0.00     2.3713029024      13.660095887  
2020 11 15  19 27  0.00     2.3713010621      13.660081636  
2020 11 15  19 28  0.00     2.3712992223      13.660067383  
2020 11 15  19 29  0.00     2.3712973830      13.660053128  
2020 11 15  19 30  0.00     2.3712955441      13.660038871  
2020 11 15  19 31  0.00     2.3712937056      13.660024613  
2020 11 15  19 32  0.00     2.3712918676      13.660010353  
2020 11 15  19 33  0.00     2.3712900300      13.659996092  
2020 11 15  19 34  0.00     2.3712881929      13.659981828  
2020 11 15  19 35  0.00     2.3712863562      13.659967564  
2020 11 15  19 36  0.00     2.3712845200      13.659953298  
2020 11 15  19 37  0.00     2.3712826842      13.659939030  
2020 11 15  19 38  0.00     2.3712808488      13.659924760  
2020 11 15  19 39  0.00     2.3712790140      13.659910490  
2020 11 15  19 40  0.00     2.3712771795      13.659896217  
2020 11 15  19 41  0.00     2.3712753455      13.659881943  
2020 11 15  19 42  0.00     2.3712735120      13.659867667  
2020 11 15  19 43  0.00     2.3712716789      13.659853390  
2020 11 15  19 44  0.00     2.3712698463      13.659839112  
2020 11 15  19 45  0.00     2.3712680141      13.659824832  
2020 11 15  19 46  0.00     2.3712661824      13.659810550  
2020 11 15  19 47  0.00     2.3712643511      13.659796267  
2020 11 15  19 48  0.00     2.3712625203      13.659781982  
2020 11 15  19 49  0.00     2.3712606899      13.659767696  
2020 11 15  19 50  0.00     2.3712588600      13.659753409  
2020 11 15  19 51  0.00     2.3712570305      13.659739120  
2020 11 15  19 52  0.00     2.3712552015      13.659724829  
2020 11 15  19 53  0.00     2.3712533729      13.659710537  
2020 11 15  19 54  0.00     2.3712515448      13.659696244  
2020 11 15  19 55  0.00     2.3712497172      13.659681949  
2020 11 15  19 56  0.00     2.3712478900      13.659667653  
2020 11 15  19 57  0.00     2.3712460633      13.659653355  
2020 11 15  19 58  0.00     2.3712442370      13.659639056  
2020 11 15  19 59  0.00     2.3712424112      13.659624755  
2020 11 15  20  0  0.00     2.3712405858      13.659610454  
2020 11 15  20  1  0.00     2.3712387609      13.659596150  
2020 11 15  20  2  0.00     2.3712369365      13.659581846  
2020 11 15  20  3  0.00     2.3712351125      13.659567540  
2020 11 15  20  4  0.00     2.3712332889      13.659553232  
2020 11 15  20  5  0.00     2.3712314659      13.659538924  
2020 11 15  20  6  0.00     2.3712296433      13.659524614  
2020 11 15  20  7  0.00     2.3712278211      13.659510302  
2020 11 15  20  8  0.00     2.3712259994      13.659495990  
2020 11 15  20  9  0.00     2.3712241782      13.659481676  
2020 11 15  20 10  0.00     2.3712223574      13.659467360  
2020 11 15  20 11  0.00     2.3712205371      13.659453044  
2020 11 15  20 12  0.00     2.3712187172      13.659438726  
2020 11 15  20 13  0.00     2.3712168979      13.659424407  
2020 11 15  20 14  0.00     2.3712150789      13.659410086  
2020 11 15  20 15  0.00     2.3712132605      13.659395765  
2020 11 15  20 16  0.00     2.3712114425      13.659381442  
2020 11 15  20 17  0.00     2.3712096249      13.659367117  
2020 11 15  20 18  0.00     2.3712078079      13.659352792  
2020 11 15  20 19  0.00     2.3712059912      13.659338465  
2020 11 15  20 20  0.00     2.3712041751      13.659324137  
2020 11 15  20 21  0.00     2.3712023594      13.659309808  
2020 11 15  20 22  0.00     2.3712005442      13.659295478  
2020 11 15  20 23  0.00     2.3711987294      13.659281146  
2020 11 15  20 24  0.00     2.3711969152      13.659266814  
2020 11 15  20 25  0.00     2.3711951013      13.659252480  
2020 11 15  20 26  0.00     2.3711932880      13.659238145  
2020 11 15  20 27  0.00     2.3711914751      13.659223808  
2020 11 15  20 28  0.00     2.3711896627      13.659209471  
2020 11 15  20 29  0.00     2.3711878507      13.659195132  
2020 11 15  20 30  0.00     2.3711860392      13.659180793  
2020 11 15  20 31  0.00     2.3711842282      13.659166452  
2020 11 15  20 32  0.00     2.3711824176      13.659152110  
2020 11 15  20 33  0.00     2.3711806075      13.659137767  
2020 11 15  20 34  0.00     2.3711787979      13.659123422  
2020 11 15  20 35  0.00     2.3711769887      13.659109077  
2020 11 15  20 36  0.00     2.3711751801      13.659094731  
2020 11 15  20 37  0.00     2.3711733718      13.659080383  
2020 11 15  20 38  0.00     2.3711715641      13.659066035  
2020 11 15  20 39  0.00     2.3711697568      13.659051685  
2020 11 15  20 40  0.00     2.3711679500      13.659037334  
2020 11 15  20 41  0.00     2.3711661436      13.659022983  
2020 11 15  20 42  0.00     2.3711643378      13.659008630  
2020 11 15  20 43  0.00     2.3711625324      13.658994276  
2020 11 15  20 44  0.00     2.3711607274      13.658979921  
2020 11 15  20 45  0.00     2.3711589230      13.658965566  
2020 11 15  20 46  0.00     2.3711571190      13.658951209  
---
2020 11 16  10 53  0.00     2.3697638983      13.647206740  
2020 11 16  10 54  0.00     2.3697623421      13.647194065  
2020 11 16  10 55  0.00     2.3697607860      13.647181394  
2020 11 16  10 56  0.00     2.3697592300      13.647168727  
2020 11 16  10 57  0.00     2.3697576740      13.647156063  
2020 11 16  10 58  0.00     2.3697561181      13.647143404  
2020 11 16  10 59  0.00     2.3697545623      13.647130749  
2020 11 16  11  0  0.00     2.3697530066      13.647118097  
2020 11 16  11  1  0.00     2.3697514509      13.647105450  
2020 11 16  11  2  0.00     2.3697498953      13.647092806  
2020 11 16  11  3  0.00     2.3697483398      13.647080166  
2020 11 16  11  4  0.00     2.3697467844      13.647067530  
2020 11 16  11  5  0.00     2.3697452290      13.647054898  
2020 11 16  11  6  0.00     2.3697436738      13.647042270  
2020 11 16  11  7  0.00     2.3697421185      13.647029646  
2020 11 16  11  8  0.00     2.3697405634      13.647017026  
2020 11 16  11  9  0.00     2.3697390084      13.647004409  
2020 11 16  11 10  0.00     2.3697374534      13.646991797  
2020 11 16  11 11  0.00     2.3697358985      13.646979189  
2020 11 16  11 12  0.00     2.3697343437      13.646966584  
2020 11 16  11 13  0.00     2.3697327889      13.646953983  
2020 11 16  11 14  0.00     2.3697312343      13.646941387  
2020 11 16  11 15  0.00     2.3697296797      13.646928794  
2020 11 16  11 16  0.00     2.3697281251      13.646916205  
2020 11 16  11 17  0.00     2.3697265707      13.646903620  
2020 11 16  11 18  0.00     2.3697250163      13.646891039  
2020 11 16  11 19  0.00     2.3697234620      13.646878462  
2020 11 16  11 20  0.00     2.3697219078      13.646865889  
2020 11 16  11 21  0.00     2.3697203537      13.646853320  
2020 11 16  11 22  0.00     2.3697187996      13.646840755  
2020 11 16  11 23  0.00     2.3697172457      13.646828194  
2020 11 16  11 24  0.00     2.3697156917      13.646815636  
2020 11 16  11 25  0.00     2.3697141379      13.646803083  
2020 11 16  11 26  0.00     2.3697125842      13.646790534  
2020 11 16  11 27  0.00     2.3697110305      13.646777988  
2020 11 16  11 28  0.00     2.3697094769      13.646765447  
2020 11 16  11 29  0.00     2.3697079233      13.646752909  
2020 11 16  11 30  0.00     2.3697063699      13.646740376  
2020 11 16  11 31  0.00     2.3697048165      13.646727846  
2020 11 16  11 32  0.00     2.3697032632      13.646715321  
2020 11 16  11 33  0.00     2.3697017100      13.646702799  
2020 11 16  11 34  0.00     2.3697001569      13.646690282  
2020 11 16  11 35  0.00     2.3696986038      13.646677768  
2020 11 16  11 36  0.00     2.3696970508      13.646665258  
2020 11 16  11 37  0.00     2.3696954979      13.646652753  
2020 11 16  11 38  0.00     2.3696939450      13.646640251  
2020 11 16  11 39  0.00     2.3696923923      13.646627753  
2020 11 16  11 40  0.00     2.3696908396      13.646615260  
2020 11 16  11 41  0.00     2.3696892870      13.646602770  
2020 11 16  11 42  0.00     2.3696877345      13.646590284  
2020 11 16  11 43  0.00     2.3696861820      13.646577803  
2020 11 16  11 44  0.00     2.3696846296      13.646565325  
2020 11 16  11 45  0.00     2.3696830773      13.646552851  
2020 11 16  11 46  0.00     2.3696815251      13.646540381  
2020 11 16  11 47  0.00     2.3696799730      13.646527916  
2020 11 16  11 48  0.00     2.3696784209      13.646515454  
2020 11 16  11 49  0.00     2.3696768689      13.646502996  
2020 11 16  11 50  0.00     2.3696753170      13.646490543  
2020 11 16  11 51  0.00     2.3696737652      13.646478093  
2020 11 16  11 52  0.00     2.3696722134      13.646465647  
2020 11 16  11 53  0.00     2.3696706618      13.646453206  
2020 11 16  11 54  0.00     2.3696691102      13.646440768  
2020 11 16  11 55  0.00     2.3696675586      13.646428335  
2020 11 16  11 56  0.00     2.3696660072      13.646415905  
2020 11 16  11 57  0.00     2.3696644558      13.646403480  
2020 11 16  11 58  0.00     2.3696629046      13.646391058  
2020 11 16  11 59  0.00     2.3696613534      13.646378641  
2020 11 16  12  0  0.00     2.3696598022      13.646366227  
2020 11 16  12  1  0.00     2.3696582512      13.646353818  
2020 11 16  12  2  0.00     2.3696567002      13.646341413  
2020 11 16  12  3  0.00     2.3696551493      13.646329011  
2020 11 16  12  4  0.00     2.3696535985      13.646316614  
2020 11 16  12  5  0.00     2.3696520478      13.646304221  
2020 11 16  12  6  0.00     2.3696504971      13.646291832  
2020 11 16  12  7  0.00     2.3696489466      13.646279447  
2020 11 16  12  8  0.00     2.3696473961      13.646267066  
2020 11 16  12  9  0.00     2.3696458457      13.646254689  
2020 11 16  12 10  0.00     2.3696442953      13.646242316  
2020 11 16  12 11  0.00     2.3696427451      13.646229947  
2020 11 16  12 12  0.00     2.3696411949      13.646217582  
2020 11 16  12 13  0.00     2.3696396448      13.646205222  
2020 11 16  12 14  0.00     2.3696380948      13.646192865  
2020 11 16  12 15  0.00     2.3696365449      13.646180513  
2020 11 16  12 16  0.00     2.3696349950      13.646168164  
2020 11 16  12 17  0.00     2.3696334453      13.646155820  
2020 11 16  12 18  0.00     2.3696318956      13.646143479  
2020 11 16  12 19  0.00     2.3696303460      13.646131143  
2020 11 16  12 20  0.00     2.3696287965      13.646118811  
2020 11 16  12 21  0.00     2.3696272470      13.646106483  
2020 11 16  12 22  0.00     2.3696256977      13.646094159  
2020 11 16  12 23  0.00     2.3696241484      13.646081839  
2020 11 16  12 24  0.00     2.3696225992      13.646069523  
2020 11 16  12 25  0.00     2.3696210501      13.646057211  
2020 11 16  12 26  0.00     2.3696195011      13.646044904  
2020 11 16  12 27  0.00     2.3696179521      13.646032600  
2020 11 16  12 28  0.00     2.3696164032      13.646020301  
2020 11 16  12 29  0.00     2.3696148545      13.646008006  
2020 11 16  12 30  0.00     2.3696133058      13.645995714  
2020 11 16  12 31  0.00     2.3696117571      13.645983427  
2020 11 16  12 32  0.00     2.3696102086      13.645971144  
2020 11 16  12 33  0.00     2.3696086602      13.645958866  
2020 11 16  12 34  0.00     2.3696071118      13.645946591  
2020 11 16  12 35  0.00     2.3696055635      13.645934320  
2020 11 16  12 36  0.00     2.3696040153      13.645922054  
2020 11 16  12 37  0.00     2.3696024672      13.645909791  
2020 11 16  12 38  0.00     2.3696009192      13.645897533  
2020 11 16  12 39  0.00     2.3695993713      13.645885279  
2020 11 16  12 40  0.00     2.3695978234      13.645873029  
2020 11 16  12 41  0.00     2.3695962756      13.645860783  
2020 11 16  12 42  0.00     2.3695947279      13.645848541  
2020 11 16  12 43  0.00     2.3695931803      13.645836304  
2020 11 16  12 44  0.00     2.3695916328      13.645824070  
2020 11 16  12 45  0.00     2.3695900854      13.645811841  
2020 11 16  12 46  0.00     2.3695885381      13.645799616  
2020 11 16  12 47  0.00     2.3695869908      13.645787395  
2020 11 16  12 48  0.00     2.3695854436      13.645775178  
2020 11 16  12 49  0.00     2.3695838966      13.645762965  
2020 11 16  12 50  0.00     2.3695823496      13.645750757  
2020 11 16  12 51  0.00     2.3695808027      13.645738553  
2020 11 16  12 52  0.00     2.3695792558      13.645726352  
2020 11 16  12 53  0.00     2.3695777091      13.645714156  
2020 11 16  12 54  0.00     2.3695761625      13.645701964  
2020 11 16  12 55  0.00     2.3695746159      13.645689777  
2020 11 16  12 56  0.00     2.3695730695      13.645677593  
2020 11 16  12 57  0.00     2.3695715231      13.645665414  
2020 11 16  12 58  0.00     2.3695699768      13.645653238  
2020 11 16  12 59  0.00     2.3695684306      13.645641067  
2020 11 16  13  0  0.00     2.3695668845      13.645628901  
2020 11 16  13  1  0.00     2.3695653385      13.645616738  
2020 11 16  13  2  0.00     2.3695637925      13.645604579  
2020 11 16  13  3  0.00     2.3695622467      13.645592425  
2020 11 16  13  4  0.00     2.3695607009      13.645580275  
2020 11 16  13  5  0.00     2.3695591553      13.645568129  
2020 11 16  13  6  0.00     2.3695576097      13.645555987  
2020 11 16  13  7  0.00     2.3695560642      13.645543850  
2020 11 16  13  8  0.00     2.3695545189      13.645531717  
2020 11 16  13  9  0.00     2.3695529736      13.645519587  
2020 11 16  13 10  0.00     2.3695514284      13.645507463  
2020 11 16  13 11  0.00     2.3695498832      13.645495342  
2020 11 16  13 12  0.00     2.3695483382      13.645483225  
2020 11 16  13 13  0.00     2.3695467933      13.645471113  
2020 11 16  13 14  0.00     2.3695452485      13.645459005  
2020 11 16  13 15  0.00     2.3695437037      13.645446901  
2020 11 16  13 16  0.00     2.3695421591      13.645434802  
2020 11 16  13 17  0.00     2.3695406145      13.645422706  
2020 11 16  13 18  0.00     2.3695390701      13.645410615  
2020 11 16  13 19  0.00     2.3695375257      13.645398528  
2020 11 16  13 20  0.00     2.3695359815      13.645386445  
2020 11 16  13 21  0.00     2.3695344373      13.645374367  
2020 11 16  13 22  0.00     2.3695328932      13.645362292  
2020 11 16  13 23  0.00     2.3695313492      13.645350222  
2020 11 16  13 24  0.00     2.3695298053      13.645338157  
2020 11 16  13 25  0.00     2.3695282615      13.645326095  
2020 11 16  13 26  0.00     2.3695267178      13.645314038  
2020 11 16  13 27  0.00     2.3695251742      13.645301985  
2020 11 16  13 28  0.00     2.3695236307      13.645289936  
2020 11 16  13 29  0.00     2.3695220873      13.645277891  
2020 11 16  13 30  0.00     2.3695205440      13.645265851  
2020 11 16  13 31  0.00     2.3695190008      13.645253815  
2020 11 16  13 32  0.00     2.3695174577      13.645241783  
2020 11 16  13 33  0.00     2.3695159147      13.645229756  
2020 11 16  13 34  0.00     2.3695143718      13.645217732  
2020 11 16  13 35  0.00     2.3695128290      13.645205713  
2020 11 16  13 36  0.00     2.3695112862      13.645193699  
2020 11 16  13 37  0.00     2.3695097436      13.645181688  
2020 11 16  13 38  0.00     2.3695082011      13.645169682  
2020 11 16  13 39  0.00     2.3695066587      13.645157680  
2020 11 16  13 40  0.00     2.3695051164      13.645145683  
2020 11 16  13 41  0.00     2.3695035741      13.645133689  
2020 11 16  13 42  0.00     2.3695020320      13.645121700  
2020 11 16  13 43  0.00     2.3695004900      13.645109715  
2020 11 16  13 44  0.00     2.3694989481      13.645097735  
2020 11 16  13 45  0.00     2.3694974063      13.645085759  
2020 11 16  13 46  0.00     2.3694958646      13.645073787  
2020 11 16  13 47  0.00     2.3694943230      13.645061819  
2020 11 16  13 48  0.00     2.3694927815      13.645049856  
2020 11 16  13 49  0.00     2.3694912401      13.645037897  
2020 11 16  13 50  0.00     2.3694896988      13.645025942  
2020 11 16  13 51  0.00     2.3694881576      13.645013992  
2020 11 16  13 52  0.00     2.3694866165      13.645002046  
2020 11 16  13 53  0.00     2.3694850755      13.644990104  
2020 11 16  13 54  0.00     2.3694835346      13.644978167  
2020 11 16  13 55  0.00     2.3694819938      13.644966234  
2020 11 16  13 56  0.00     2.3694804531      13.644954305  
2020 11 16  13 57  0.00     2.3694789126      13.644942380  
2020 11 16  13 58  0.00     2.3694773721      13.644930460  
2020 11 16  13 59  0.00     2.3694758318      13.644918545  
2020 11 16  14  0  0.00     2.3694742915      13.644906633  
2020 11 16  14  1  0.00     2.3694727514      13.644894726  
2020 11 16  14  2  0.00     2.3694712113      13.644882823  
2020 11 16  14  3  0.00     2.3694696714      13.644870925  
2020 11 16  14  4  0.00     2.3694681316      13.644859031  
2020 11 16  14  5  0.00     2.3694665919      13.644847141  
2020 11 16  14  6  0.00     2.3694650523      13.644835255  
2020 11 16  14  7  0.00     2.3694635128      13.644823374  
2020 11 16  14  8  0.00     2.3694619734      13.644811498  
2020 11 16  14  9  0.00     2.3694604341      13.644799625  
2020 11 16  14 10  0.00     2.3694588949      13.644787757  
2020 11 16  14 11  0.00     2.3694573559      13.644775894  
2020 11 16  14 12  0.00     2.3694558169      13.644764034  
2020 11 16  14 13  0.00     2.3694542781      13.644752179  
2020 11 16  14 14  0.00     2.3694527394      13.644740329  
2020 11 16  14 15  0.00     2.3694512008      13.644728483  
2020 11 16  14 16  0.00     2.3694496623      13.644716641  
2020 11 16  14 17  0.00     2.3694481239      13.644704803  
2020 11 16  14 18  0.00     2.3694465856      13.644692970  
2020 11 16  14 19  0.00     2.3694450474      13.644681142  
2020 11 16  14 20  0.00     2.3694435094      13.644669317  
2020 11 16  14 21  0.00     2.3694419714      13.644657498  
2020 11 16  14 22  0.00     2.3694404336      13.644645682  
2020 11 16  14 23  0.00     2.3694388959      13.644633871  
2020 11 16  14 24  0.00     2.3694373583      13.644622064  
2020 11 16  14 25  0.00     2.3694358208      13.644610262  
2020 11 16  14 26  0.00     2.3694342835      13.644598464  
2020 11 16  14 27  0.00     2.3694327462      13.644586671  
2020 11 16  14 28  0.00     2.3694312091      13.644574882  
2020 11 16  14 29  0.00     2.3694296721      13.644563097  
2020 11 16  14 30  0.00     2.3694281352      13.644551317  
2020 11 16  14 31  0.00     2.3694265984      13.644539541  
2020 11 16  14 32  0.00     2.3694250617      13.644527769  
2020 11 16  14 33  0.00     2.3694235252      13.644516002  
2020 11 16  14 34  0.00     2.3694219888      13.644504240  
2020 11 16  14 35  0.00     2.3694204525      13.644492482  
2020 11 16  14 36  0.00     2.3694189163      13.644480728  
2020 11 16  14 37  0.00     2.3694173802      13.644468979  
2020 11 16  14 38  0.00     2.3694158442      13.644457234  
2020 11 16  14 39  0.00     2.3694143084      13.644445493  
2020 11 16  14 40  0.00     2.3694127727      13.644433757  
2020 11 16  14 41  0.00     2.3694112371      13.644422026  
2020 11 16  14 42  0.00     2.3694097016      13.644410299  
2020 11 16  14 43  0.00     2.3694081663      13.644398576  
2020 11 16  14 44  0.00     2.3694066311      13.644386858  
2020 11 16  14 45  0.00     2.3694050959      13.644375144  
2020 11 16  14 46  0.00     2.3694035610      13.644363435  
2020 11 16  14 47  0.00     2.3694020261      13.644351730  
2020 11 16  14 48  0.00     2.3694004914      13.644340030  
2020 11 16  14 49  0.00     2.3693989568      13.644328334  
2020 11 16  14 50  0.00     2.3693974223      13.644316642  
2020 11 16  14 51  0.00     2.3693958879      13.644304956  
2020 11 16  14 52  0.00     2.3693943537      13.644293273  
2020 11 16  14 53  0.00     2.3693928195      13.644281595  
2020 11 16  14 54  0.00     2.3693912856      13.644269922  
2020 11 16  14 55  0.00     2.3693897517      13.644258253  
2020 11 16  14 56  0.00     2.3693882180      13.644246588  
2020 11 16  14 57  0.00     2.3693866843      13.644234928  
2020 11 16  14 58  0.00     2.3693851509      13.644223273  
2020 11 16  14 59  0.00     2.3693836175      13.644211621  
2020 11 16  15  0  0.00     2.3693820843      13.644199975  
2020 11 16  15  1  0.00     2.3693805512      13.644188333  
2020 11 16  15  2  0.00     2.3693790182      13.644176695  
2020 11 16  15  3  0.00     2.3693774854      13.644165062  
2020 11 16  15  4  0.00     2.3693759526      13.644153434  
2020 11 16  15  5  0.00     2.3693744201      13.644141810  
2020 11 16  15  6  0.00     2.3693728876      13.644130190  
2020 11 16  15  7  0.00     2.3693713553      13.644118575  
2020 11 16  15  8  0.00     2.3693698231      13.644106965  
2020 11 16  15  9  0.00     2.3693682910      13.644095359  
2020 11 16  15 10  0.00     2.3693667591      13.644083757  
2020 11 16  15 11  0.00     2.3693652273      13.644072161  
2020 11 16  15 12  0.00     2.3693636956      13.644060568  
2020 11 16  15 13  0.00     2.3693621641      13.644048980  
2020 11 16  15 14  0.00     2.3693606327      13.644037397  
2020 11 16  15 15  0.00     2.3693591014      13.644025818  
2020 11 16  15 16  0.00     2.3693575703      13.644014244  
2020 11 16  15 17  0.00     2.3693560393      13.644002675  
2020 11 16  15 18  0.00     2.3693545084      13.643991110  
2020 11 16  15 19  0.00     2.3693529777      13.643979549  
2020 11 16  15 20  0.00     2.3693514471      13.643967993  
2020 11 16  15 21  0.00     2.3693499166      13.643956442  
2020 11 16  15 22  0.00     2.3693483863      13.643944895  
2020 11 16  15 23  0.00     2.3693468561      13.643933353  
2020 11 16  15 24  0.00     2.3693453261      13.643921815  
2020 11 16  15 25  0.00     2.3693437962      13.643910282  
2020 11 16  15 26  0.00     2.3693422664      13.643898753  
2020 11 16  15 27  0.00     2.3693407368      13.643887229  
2020 11 16  15 28  0.00     2.3693392073      13.643875710  
2020 11 16  15 29  0.00     2.3693376779      13.643864195  
2020 11 16  15 30  0.00     2.3693361487      13.643852685  
2020 11 16  15 31  0.00     2.3693346196      13.643841179  
2020 11 16  15 32  0.00     2.3693330906      13.643829678  
2020 11 16  15 33  0.00     2.3693315618      13.643818182  
2020 11 16  15 34  0.00     2.3693300332      13.643806690  
2020 11 16  15 35  0.00     2.3693285047      13.643795202  
2020 11 16  15 36  0.00     2.3693269763      13.643783720  
2020 11 16  15 37  0.00     2.3693254480      13.643772242  
2020 11 16  15 38  0.00     2.3693239199      13.643760768  
2020 11 16  15 39  0.00     2.3693223920      13.643749300  
2020 11 16  15 40  0.00     2.3693208642      13.643737835  
2020 11 16  15 41  0.00     2.3693193365      13.643726376  
2020 11 16  15 42  0.00     2.3693178090      13.643714921  
2020 11 16  15 43  0.00     2.3693162816      13.643703471  
2020 11 16  15 44  0.00     2.3693147544      13.643692025  
2020 11 16  15 45  0.00     2.3693132273      13.643680584  
2020 11 16  15 46  0.00     2.3693117003      13.643669147  
2020 11 16  15 47  0.00     2.3693101735      13.643657716  
2020 11 16  15 48  0.00     2.3693086469      13.643646289  
2020 11 16  15 49  0.00     2.3693071204      13.643634866  
2020 11 16  15 50  0.00     2.3693055940      13.643623448  
2020 11 16  15 51  0.00     2.3693040678      13.643612035  
2020 11 16  15 52  0.00     2.3693025417      13.643600627  
2020 11 16  15 53  0.00     2.3693010158      13.643589223  
2020 11 16  15 54  0.00     2.3692994901      13.643577823  
2020 11 16  15 55  0.00     2.3692979644      13.643566429  
2020 11 16  15 56  0.00     2.3692964390      13.643555039  
2020 11 16  15 57  0.00     2.3692949136      13.643543654  
2020 11 16  15 58  0.00     2.3692933885      13.643532273  
2020 11 16  15 59  0.00     2.3692918634      13.643520898  
2020 11 16  16  0  0.00     2.3692903386      13.643509526  
2020 11 16  16  1  0.00     2.3692888139      13.643498160  
2020 11 16  16  2  0.00     2.3692872893      13.643486798  
2020 11 16  16  3  0.00     2.3692857649      13.643475441  
2020 11 16  16  4  0.00     2.3692842406      13.643464089  
2020 11 16  16  5  0.00     2.3692827165      13.643452741  
2020 11 16  16  6  0.00     2.3692811925      13.643441398  
2020 11 16  16  7  0.00     2.3692796687      13.643430060  
2020 11 16  16  8  0.00     2.3692781451      13.643418726  
2020 11 16  16  9  0.00     2.3692766216      13.643407397  
2020 11 16  16 10  0.00     2.3692750982      13.643396073  
2020 11 16  16 11  0.00     2.3692735750      13.643384753  
2020 11 16  16 12  0.00     2.3692720520      13.643373439  
2020 11 16  16 13  0.00     2.3692705291      13.643362129  
2020 11 16  16 14  0.00     2.3692690064      13.643350823  
2020 11 16  16 15  0.00     2.3692674838      13.643339523  
2020 11 16  16 16  0.00     2.3692659614      13.643328227  
2020 11 16  16 17  0.00     2.3692644392      13.643316936  
2020 11 16  16 18  0.00     2.3692629171      13.643305650  
2020 11 16  16 19  0.00     2.3692613951      13.643294368  
2020 11 16  16 20  0.00     2.3692598733      13.643283091  
2020 11 16  16 21  0.00     2.3692583517      13.643271819  
2020 11 16  16 22  0.00     2.3692568302      13.643260552  
2020 11 16  16 23  0.00     2.3692553089      13.643249289  
2020 11 16  16 24  0.00     2.3692537878      13.643238031  
2020 11 16  16 25  0.00     2.3692522668      13.643226778  
2020 11 16  16 26  0.00     2.3692507460      13.643215530  
2020 11 16  16 27  0.00     2.3692492253      13.643204286  
2020 11 16  16 28  0.00     2.3692477048      13.643193047  
2020 11 16  16 29  0.00     2.3692461845      13.643181813  
2020 11 16  16 30  0.00     2.3692446643      13.643170584  
2020 11 16  16 31  0.00     2.3692431443      13.643159360  
2020 11 16  16 32  0.00     2.3692416244      13.643148140  
2020 11 16  16 33  0.00     2.3692401047      13.643136925  
2020 11 16  16 34  0.00     2.3692385852      13.643125715  
2020 11 16  16 35  0.00     2.3692370658      13.643114510  
2020 11 16  16 36  0.00     2.3692355466      13.643103309  
2020 11 16  16 37  0.00     2.3692340276      13.643092114  
2020 11 16  16 38  0.00     2.3692325087      13.643080923  
2020 11 16  16 39  0.00     2.3692309900      13.643069737  
2020 11 16  16 40  0.00     2.3692294715      13.643058556  
2020 11 16  16 41  0.00     2.3692279531      13.643047379  
2020 11 16  16 42  0.00     2.3692264349      13.643036207  
2020 11 16  16 43  0.00     2.3692249168      13.643025041  
2020 11 16  16 44  0.00     2.3692233989      13.643013879  
2020 11 16  16 45  0.00     2.3692218812      13.643002722  
2020 11 16  16 46  0.00     2.3692203637      13.642991569  
2020 11 16  16 47  0.00     2.3692188463      13.642980422  
2020 11 16  16 48  0.00     2.3692173291      13.642969279  
2020 11 16  16 49  0.00     2.3692158121      13.642958141  
2020 11 16  16 50  0.00     2.3692142952      13.642947008  
2020 11 16  16 51  0.00     2.3692127785      13.642935880  
2020 11 16  16 52  0.00     2.3692112620      13.642924757  
2020 11 16  16 53  0.00     2.3692097456      13.642913639  
2020 11 16  16 54  0.00     2.3692082294      13.642902525  
2020 11 16  16 55  0.00     2.3692067134      13.642891416  
2020 11 16  16 56  0.00     2.3692051975      13.642880313  
2020 11 16  16 57  0.00     2.3692036819      13.642869214  
2020 11 16  16 58  0.00     2.3692021663      13.642858120  
2020 11 16  16 59  0.00     2.3692006510      13.642847030  
2020 11 16  17  0  0.00     2.3691991358      13.642835946  
2020 11 16  17  1  0.00     2.3691976209      13.642824867  
2020 11 16  17  2  0.00     2.3691961060      13.642813792  
2020 11 16  17  3  0.00     2.3691945914      13.642802723  
2020 11 16  17  4  0.00     2.3691930769      13.642791658  
2020 11 16  17  5  0.00     2.3691915626      13.642780598  
2020 11 16  17  6  0.00     2.3691900485      13.642769543  
2020 11 16  17  7  0.00     2.3691885346      13.642758493  
2020 11 16  17  8  0.00     2.3691870208      13.642747448  
2020 11 16  17  9  0.00     2.3691855072      13.642736408  
2020 11 16  17 10  0.00     2.3691839938      13.642725372  
2020 11 16  17 11  0.00     2.3691824805      13.642714342  
2020 11 16  17 12  0.00     2.3691809675      13.642703316  
2020 11 16  17 13  0.00     2.3691794546      13.642692296  
2020 11 16  17 14  0.00     2.3691779418      13.642681280  
2020 11 16  17 15  0.00     2.3691764293      13.642670270  
2020 11 16  17 16  0.00     2.3691749170      13.642659264  
2020 11 16  17 17  0.00     2.3691734048      13.642648263  
2020 11 16  17 18  0.00     2.3691718928      13.642637267  
2020 11 16  17 19  0.00     2.3691703809      13.642626276  
2020 11 16  17 20  0.00     2.3691688693      13.642615290  
2020 11 16  17 21  0.00     2.3691673578      13.642604309  
2020 11 16  17 22  0.00     2.3691658465      13.642593333  
2020 11 16  17 23  0.00     2.3691643354      13.642582362  
2020 11 16  17 24  0.00     2.3691628245      13.642571396  
2020 11 16  17 25  0.00     2.3691613138      13.642560435  
2020 11 16  17 26  0.00     2.3691598032      13.642549479  
2020 11 16  17 27  0.00     2.3691582928      13.642538527  
2020 11 16  17 28  0.00     2.3691567826      13.642527581  
2020 11 16  17 29  0.00     2.3691552726      13.642516640  
2020 11 16  17 30  0.00     2.3691537627      13.642505703  
2020 11 16  17 31  0.00     2.3691522531      13.642494772  
2020 11 16  17 32  0.00     2.3691507436      13.642483846  
2020 11 16  17 33  0.00     2.3691492343      13.642472925  
2020 11 16  17 34  0.00     2.3691477252      13.642462008  
2020 11 16  17 35  0.00     2.3691462163      13.642451097  
2020 11 16  17 36  0.00     2.3691447075      13.642440191  
2020 11 16  17 37  0.00     2.3691431990      13.642429289  
2020 11 16  17 38  0.00     2.3691416906      13.642418393  
2020 11 16  17 39  0.00     2.3691401824      13.642407502  
2020 11 16  17 40  0.00     2.3691386744      13.642396616  
2020 11 16  17 41  0.00     2.3691371666      13.642385734  
2020 11 16  17 42  0.00     2.3691356589      13.642374858  
2020 11 16  17 43  0.00     2.3691341515      13.642363987  
2020 11 16  17 44  0.00     2.3691326442      13.642353121  
2020 11 16  17 45  0.00     2.3691311372      13.642342260  
2020 11 16  17 46  0.00     2.3691296303      13.642331404  
2020 11 16  17 47  0.00     2.3691281236      13.642320553  
2020 11 16  17 48  0.00     2.3691266171      13.642309707  
2020 11 16  17 49  0.00     2.3691251107      13.642298866  
2020 11 16  17 50  0.00     2.3691236046      13.642288030  
2020 11 16  17 51  0.00     2.3691220986      13.642277199  
2020 11 16  17 52  0.00     2.3691205929      13.642266374  
2020 11 16  17 53  0.00     2.3691190873      13.642255553  
2020 11 16  17 54  0.00     2.3691175819      13.642244738  
2020 11 16  17 55  0.00     2.3691160767      13.642233927  
2020 11 16  17 56  0.00     2.3691145717      13.642223122  
2020 11 16  17 57  0.00     2.3691130669      13.642212321  
2020 11 16  17 58  0.00     2.3691115623      13.642201526  
2020 11 16  17 59  0.00     2.3691100578      13.642190736  
2020 11 16  18  0  0.00     2.3691085536      13.642179951  
2020 11 16  18  1  0.00     2.3691070495      13.642169171  
2020 11 16  18  2  0.00     2.3691055457      13.642158396  
2020 11 16  18  3  0.00     2.3691040420      13.642147626  
2020 11 16  18  4  0.00     2.3691025385      13.642136862  
2020 11 16  18  5  0.00     2.3691010352      13.642126102  
2020 11 16  18  6  0.00     2.3690995321      13.642115348  
2020 11 16  18  7  0.00     2.3690980292      13.642104598  
2020 11 16  18  8  0.00     2.3690965265      13.642093854  
2020 11 16  18  9  0.00     2.3690950240      13.642083115  
2020 11 16  18 10  0.00     2.3690935216      13.642072381  
2020 11 16  18 11  0.00     2.3690920195      13.642061652  
2020 11 16  18 12  0.00     2.3690905176      13.642050929  
2020 11 16  18 13  0.00     2.3690890158      13.642040210  
2020 11 16  18 14  0.00     2.3690875142      13.642029497  
2020 11 16  18 15  0.00     2.3690860129      13.642018789  
2020 11 16  18 16  0.00     2.3690845117      13.642008086  
2020 11 16  18 17  0.00     2.3690830107      13.641997388  
2020 11 16  18 18  0.00     2.3690815100      13.641986695  
2020 11 16  18 19  0.00     2.3690800094      13.641976007  
2020 11 16  18 20  0.00     2.3690785090      13.641965325  
2020 11 16  18 21  0.00     2.3690770088      13.641954648  
2020 11 16  18 22  0.00     2.3690755088      13.641943975  
2020 11 16  18 23  0.00     2.3690740090      13.641933309  
2020 11 16  18 24  0.00     2.3690725094      13.641922647  
2020 11 16  18 25  0.00     2.3690710100      13.641911990  
2020 11 16  18 26  0.00     2.3690695108      13.641901339  
2020 11 16  18 27  0.00     2.3690680118      13.641890693  
2020 11 16  18 28  0.00     2.3690665129      13.641880052  
2020 11 16  18 29  0.00     2.3690650143      13.641869416  
2020 11 16  18 30  0.00     2.3690635159      13.641858785  
2020 11 16  18 31  0.00     2.3690620177      13.641848160  
2020 11 16  18 32  0.00     2.3690605196      13.641837540  
2020 11 16  18 33  0.00     2.3690590218      13.641826925  
2020 11 16  18 34  0.00     2.3690575242      13.641816315  
2020 11 16  18 35  0.00     2.3690560267      13.641805711  
2020 11 16  18 36  0.00     2.3690545295      13.641795112  
2020 11 16  18 37  0.00     2.3690530325      13.641784518  
2020 11 16  18 38  0.00     2.3690515356      13.641773929  
2020 11 16  18 39  0.00     2.3690500390      13.641763345  
2020 11 16  18 40  0.00     2.3690485425      13.641752767  
2020 11 16  18 41  0.00     2.3690470463      13.641742194  
2020 11 16  18 42  0.00     2.3690455502      13.641731626  
2020 11 16  18 43  0.00     2.3690440544      13.641721063  
2020 11 16  18 44  0.00     2.3690425588      13.641710506  
2020 11 16  18 45  0.00     2.3690410633      13.641699954  
2020 11 16  18 46  0.00     2.3690395681      13.641689407  
2020 11 16  18 47  0.00     2.3690380730      13.641678866  
2020 11 16  18 48  0.00     2.3690365782      13.641668329  
2020 11 16  18 49  0.00     2.3690350835      13.641657798  
2020 11 16  18 50  0.00     2.3690335891      13.641647273  
2020 11 16  18 51  0.00     2.3690320949      13.641636752  
2020 11 16  18 52  0.00     2.3690306008      13.641626237  
2020 11 16  18 53  0.00     2.3690291070      13.641615727  
2020 11 16  18 54  0.00     2.3690276134      13.641605223  
2020 11 16  18 55  0.00     2.3690261199      13.641594723  
2020 11 16  18 56  0.00     2.3690246267      13.641584229  
2020 11 16  18 57  0.00     2.3690231337      13.641573741  
2020 11 16  18 58  0.00     2.3690216408      13.641563257  
2020 11 16  18 59  0.00     2.3690201482      13.641552779  
2020 11 16  19  0  0.00     2.3690186558      13.641542307  
2020 11 16  19  1  0.00     2.3690171636      13.641531839  
2020 11 16  19  2  0.00     2.3690156715      13.641521377  
2020 11 16  19  3  0.00     2.3690141797      13.641510920  
2020 11 16  19  4  0.00     2.3690126881      13.641500469  
2020 11 16  19  5  0.00     2.3690111967      13.641490023  
2020 11 16  19  6  0.00     2.3690097055      13.641479582  
2020 11 16  19  7  0.00     2.3690082145      13.641469147  
2020 11 16  19  8  0.00     2.3690067237      13.641458717  
2020 11 16  19  9  0.00     2.3690052331      13.641448292  
2020 11 16  19 10  0.00     2.3690037427      13.641437872  
2020 11 16  19 11  0.00     2.3690022525      13.641427458  
2020 11 16  19 12  0.00     2.3690007625      13.641417050  
2020 11 16  19 13  0.00     2.3689992727      13.641406646  
2020 11 16  19 14  0.00     2.3689977832      13.641396249  
2020 11 16  19 15  0.00     2.3689962938      13.641385856  
2020 11 16  19 16  0.00     2.3689948046      13.641375469  
2020 11 16  19 17  0.00     2.3689933156      13.641365087  
2020 11 16  19 18  0.00     2.3689918269      13.641354711  
2020 11 16  19 19  0.00     2.3689903383      13.641344340  
2020 11 16  19 20  0.00     2.3689888500      13.641333974  
2020 11 16  19 21  0.00     2.3689873618      13.641323614  
2020 11 16  19 22  0.00     2.3689858739      13.641313259  
2020 11 16  19 23  0.00     2.3689843861      13.641302909  
2020 11 16  19 24  0.00     2.3689828986      13.641292565  
2020 11 16  19 25  0.00     2.3689814113      13.641282227  
2020 11 16  19 26  0.00     2.3689799242      13.641271893  
2020 11 16  19 27  0.00     2.3689784372      13.641261566  
2020 11 16  19 28  0.00     2.3689769505      13.641251243  
2020 11 16  19 29  0.00     2.3689754640      13.641240926  
2020 11 16  19 30  0.00     2.3689739777      13.641230615  
2020 11 16  19 31  0.00     2.3689724916      13.641220309  
2020 11 16  19 32  0.00     2.3689710057      13.641210008  
2020 11 16  19 33  0.00     2.3689695200      13.641199713  
2020 11 16  19 34  0.00     2.3689680345      13.641189423  
2020 11 16  19 35  0.00     2.3689665493      13.641179139  
2020 11 16  19 36  0.00     2.3689650642      13.641168860  
2020 11 16  19 37  0.00     2.3689635793      13.641158586  
2020 11 16  19 38  0.00     2.3689620947      13.641148318  
2020 11 16  19 39  0.00     2.3689606102      13.641138056  
2020 11 16  19 40  0.00     2.3689591260      13.641127799  
2020 11 16  19 41  0.00     2.3689576419      13.641117547  
2020 11 16  19 42  0.00     2.3689561581      13.641107301  
2020 11 16  19 43  0.00     2.3689546745      13.641097060  
2020 11 16  19 44  0.00     2.3689531911      13.641086825  
2020 11 16  19 45  0.00     2.3689517078      13.641076596  
2020 11 16  19 46  0.00     2.3689502248      13.641066371  
2020 11 16  19 47  0.00     2.3689487420      13.641056153  
2020 11 16  19 48  0.00     2.3689472594      13.641045940  
2020 11 16  19 49  0.00     2.3689457770      13.641035732  
2020 11 16  19 50  0.00     2.3689442948      13.641025530  
2020 11 16  19 51  0.00     2.3689428129      13.641015333  
2020 11 16  19 52  0.00     2.3689413311      13.641005142  
2020 11 16  19 53  0.00     2.3689398495      13.640994956  
2020 11 16  19 54  0.00     2.3689383681      13.640984776  
2020 11 16  19 55  0.00     2.3689368870      13.640974601  
2020 11 16  19 56  0.00     2.3689354060      13.640964432  
2020 11 16  19 57  0.00     2.3689339253      13.640954269  
2020 11 16  19 58  0.00     2.3689324448      13.640944111  
2020 11 16  19 59  0.00     2.3689309644      13.640933958  
2020 11 16  20  0  0.00     2.3689294843      13.640923811  
2020 11 16  20  1  0.00     2.3689280044      13.640913670  
2020 11 16  20  2  0.00     2.3689265247      13.640903534  
2020 11 16  20  3  0.00     2.3689250451      13.640893404  
2020 11 16  20  4  0.00     2.3689235658      13.640883279  
2020 11 16  20  5  0.00     2.3689220868      13.640873160  
2020 11 16  20  6  0.00     2.3689206079      13.640863046  
2020 11 16  20  7  0.00     2.3689191292      13.640852938  
2020 11 16  20  8  0.00     2.3689176507      13.640842835  
2020 11 16  20  9  0.00     2.3689161724      13.640832738  
2020 11 16  20 10  0.00     2.3689146944      13.640822647  
2020 11 16  20 11  0.00     2.3689132165      13.640812561  
2020 11 16  20 12  0.00     2.3689117388      13.640802481  
2020 11 16  20 13  0.00     2.3689102614      13.640792406  
2020 11 16  20 14  0.00     2.3689087841      13.640782337  
2020 11 16  20 15  0.00     2.3689073071      13.640772274  
2020 11 16  20 16  0.00     2.3689058303      13.640762216  
2020 11 16  20 17  0.00     2.3689043536      13.640752164  
2020 11 16  20 18  0.00     2.3689028772      13.640742117  
2020 11 16  20 19  0.00     2.3689014010      13.640732076  
2020 11 16  20 20  0.00     2.3688999250      13.640722041  
2020 11 16  20 21  0.00     2.3688984492      13.640712011  
2020 11 16  20 22  0.00     2.3688969736      13.640701987  
2020 11 16  20 23  0.00     2.3688954982      13.640691968  
2020 11 16  20 24  0.00     2.3688940230      13.640681956  
2020 11 16  20 25  0.00     2.3688925480      13.640671948  
2020 11 16  20 26  0.00     2.3688910732      13.640661947  
2020 11 16  20 27  0.00     2.3688895986      13.640651951  
2020 11 16  20 28  0.00     2.3688881243      13.640641960  
2020 11 16  20 29  0.00     2.3688866501      13.640631976  
2020 11 16  20 30  0.00     2.3688851761      13.640621996  
2020 11 16  20 31  0.00     2.3688837024      13.640612023  
2020 11 16  20 32  0.00     2.3688822288      13.640602055  
2020 11 16  20 33  0.00     2.3688807554      13.640592093  
2020 11 16  20 34  0.00     2.3688792823      13.640582137  
2020 11 16  20 35  0.00     2.3688778094      13.640572186  
2020 11 16  20 36  0.00     2.3688763366      13.640562241  
2020 11 16  20 37  0.00     2.3688748641      13.640552302  
2020 11 16  20 38  0.00     2.3688733917      13.640542368  
2020 11 16  20 39  0.00     2.3688719196      13.640532440  
2020 11 16  20 40  0.00     2.3688704477      13.640522517  
2020 11 16  20 41  0.00     2.3688689760      13.640512601  
2020 11 16  20 42  0.00     2.3688675044      13.640502690  
---
2020 11 17  10 48  0.00     2.3676334635      13.634311140  
2020 11 17  10 49  0.00     2.3676319245      13.634306252  
2020 11 17  10 50  0.00     2.3676303851      13.634301370  
2020 11 17  10 51  0.00     2.3676288454      13.634296491  
2020 11 17  10 52  0.00     2.3676273053      13.634291617  
2020 11 17  10 53  0.00     2.3676257649      13.634286748  
2020 11 17  10 54  0.00     2.3676242241      13.634281884  
2020 11 17  10 55  0.00     2.3676226830      13.634277023  
2020 11 17  10 56  0.00     2.3676211415      13.634272168  
2020 11 17  10 57  0.00     2.3676195997      13.634267317  
2020 11 17  10 58  0.00     2.3676180575      13.634262470  
2020 11 17  10 59  0.00     2.3676165150      13.634257628  
2020 11 17  11  0  0.00     2.3676149721      13.634252790  
2020 11 17  11  1  0.00     2.3676134288      13.634247957  
2020 11 17  11  2  0.00     2.3676118852      13.634243129  
2020 11 17  11  3  0.00     2.3676103413      13.634238305  
2020 11 17  11  4  0.00     2.3676087970      13.634233485  
2020 11 17  11  5  0.00     2.3676072523      13.634228670  
2020 11 17  11  6  0.00     2.3676057073      13.634223859  
2020 11 17  11  7  0.00     2.3676041620      13.634219053  
2020 11 17  11  8  0.00     2.3676026163      13.634214251  
2020 11 17  11  9  0.00     2.3676010702      13.634209454  
2020 11 17  11 10  0.00     2.3675995238      13.634204661  
2020 11 17  11 11  0.00     2.3675979771      13.634199873  
2020 11 17  11 12  0.00     2.3675964299      13.634195089  
2020 11 17  11 13  0.00     2.3675948825      13.634190309  
2020 11 17  11 14  0.00     2.3675933347      13.634185534  
2020 11 17  11 15  0.00     2.3675917865      13.634180763  
2020 11 17  11 16  0.00     2.3675902380      13.634175997  
2020 11 17  11 17  0.00     2.3675886891      13.634171235  
2020 11 17  11 18  0.00     2.3675871399      13.634166478  
2020 11 17  11 19  0.00     2.3675855903      13.634161724  
2020 11 17  11 20  0.00     2.3675840404      13.634156976  
2020 11 17  11 21  0.00     2.3675824901      13.634152231  
2020 11 17  11 22  0.00     2.3675809395      13.634147491  
2020 11 17  11 23  0.00     2.3675793885      13.634142756  
2020 11 17  11 24  0.00     2.3675778372      13.634138024  
2020 11 17  11 25  0.00     2.3675762855      13.634133297  
2020 11 17  11 26  0.00     2.3675747335      13.634128575  
2020 11 17  11 27  0.00     2.3675731811      13.634123857  
2020 11 17  11 28  0.00     2.3675716283      13.634119143  
2020 11 17  11 29  0.00     2.3675700753      13.634114433  
2020 11 17  11 30  0.00     2.3675685218      13.634109728  
2020 11 17  11 31  0.00     2.3675669680      13.634105027  
2020 11 17  11 32  0.00     2.3675654139      13.634100330  
2020 11 17  11 33  0.00     2.3675638594      13.634095638  
2020 11 17  11 34  0.00     2.3675623046      13.634090950  
2020 11 17  11 35  0.00     2.3675607494      13.634086266  
2020 11 17  11 36  0.00     2.3675591938      13.634081587  
2020 11 17  11 37  0.00     2.3675576379      13.634076912  
2020 11 17  11 38  0.00     2.3675560817      13.634072241  
2020 11 17  11 39  0.00     2.3675545251      13.634067574  
2020 11 17  11 40  0.00     2.3675529682      13.634062912  
2020 11 17  11 41  0.00     2.3675514109      13.634058253  
2020 11 17  11 42  0.00     2.3675498532      13.634053600  
2020 11 17  11 43  0.00     2.3675482952      13.634048950  
2020 11 17  11 44  0.00     2.3675467369      13.634044305  
2020 11 17  11 45  0.00     2.3675451782      13.634039663  
2020 11 17  11 46  0.00     2.3675436191      13.634035026  
2020 11 17  11 47  0.00     2.3675420597      13.634030394  
2020 11 17  11 48  0.00     2.3675405000      13.634025765  
2020 11 17  11 49  0.00     2.3675389399      13.634021141  
2020 11 17  11 50  0.00     2.3675373795      13.634016521  
2020 11 17  11 51  0.00     2.3675358187      13.634011905  
2020 11 17  11 52  0.00     2.3675342575      13.634007293  
2020 11 17  11 53  0.00     2.3675326961      13.634002685  
2020 11 17  11 54  0.00     2.3675311342      13.633998082  
2020 11 17  11 55  0.00     2.3675295720      13.633993483  
2020 11 17  11 56  0.00     2.3675280095      13.633988888  
2020 11 17  11 57  0.00     2.3675264466      13.633984297  
2020 11 17  11 58  0.00     2.3675248834      13.633979710  
2020 11 17  11 59  0.00     2.3675233198      13.633975127  
2020 11 17  12  0  0.00     2.3675217559      13.633970549  
2020 11 17  12  1  0.00     2.3675201916      13.633965975  
2020 11 17  12  2  0.00     2.3675186270      13.633961404  
2020 11 17  12  3  0.00     2.3675170620      13.633956838  
2020 11 17  12  4  0.00     2.3675154967      13.633952276  
2020 11 17  12  5  0.00     2.3675139311      13.633947718  
2020 11 17  12  6  0.00     2.3675123650      13.633943165  
2020 11 17  12  7  0.00     2.3675107987      13.633938615  
2020 11 17  12  8  0.00     2.3675092320      13.633934069  
2020 11 17  12  9  0.00     2.3675076649      13.633929528  
2020 11 17  12 10  0.00     2.3675060975      13.633924990  
2020 11 17  12 11  0.00     2.3675045298      13.633920457  
2020 11 17  12 12  0.00     2.3675029617      13.633915927  
2020 11 17  12 13  0.00     2.3675013933      13.633911402  
2020 11 17  12 14  0.00     2.3674998245      13.633906881  
2020 11 17  12 15  0.00     2.3674982554      13.633902364  
2020 11 17  12 16  0.00     2.3674966859      13.633897851  
2020 11 17  12 17  0.00     2.3674951161      13.633893342  
2020 11 17  12 18  0.00     2.3674935460      13.633888837  
2020 11 17  12 19  0.00     2.3674919754      13.633884335  
2020 11 17  12 20  0.00     2.3674904046      13.633879838  
2020 11 17  12 21  0.00     2.3674888334      13.633875345  
2020 11 17  12 22  0.00     2.3674872619      13.633870856  
2020 11 17  12 23  0.00     2.3674856900      13.633866371  
2020 11 17  12 24  0.00     2.3674841178      13.633861890  
2020 11 17  12 25  0.00     2.3674825452      13.633857413  
2020 11 17  12 26  0.00     2.3674809723      13.633852940  
2020 11 17  12 27  0.00     2.3674793991      13.633848471  
2020 11 17  12 28  0.00     2.3674778255      13.633844006  
2020 11 17  12 29  0.00     2.3674762515      13.633839545  
2020 11 17  12 30  0.00     2.3674746773      13.633835087  
2020 11 17  12 31  0.00     2.3674731026      13.633830634  
2020 11 17  12 32  0.00     2.3674715277      13.633826185  
2020 11 17  12 33  0.00     2.3674699524      13.633821739  
2020 11 17  12 34  0.00     2.3674683767      13.633817298  
2020 11 17  12 35  0.00     2.3674668007      13.633812860  
2020 11 17  12 36  0.00     2.3674652244      13.633808427  
2020 11 17  12 37  0.00     2.3674636477      13.633803997  
2020 11 17  12 38  0.00     2.3674620707      13.633799571  
2020 11 17  12 39  0.00     2.3674604934      13.633795149  
2020 11 17  12 40  0.00     2.3674589157      13.633790731  
2020 11 17  12 41  0.00     2.3674573377      13.633786317  
2020 11 17  12 42  0.00     2.3674557593      13.633781907  
2020 11 17  12 43  0.00     2.3674541806      13.633777500  
2020 11 17  12 44  0.00     2.3674526016      13.633773098  
2020 11 17  12 45  0.00     2.3674510222      13.633768699  
2020 11 17  12 46  0.00     2.3674494425      13.633764304  
2020 11 17  12 47  0.00     2.3674478624      13.633759913  
2020 11 17  12 48  0.00     2.3674462820      13.633755526  
2020 11 17  12 49  0.00     2.3674447013      13.633751143  
2020 11 17  12 50  0.00     2.3674431202      13.633746763  
2020 11 17  12 51  0.00     2.3674415388      13.633742388  
2020 11 17  12 52  0.00     2.3674399571      13.633738016  
2020 11 17  12 53  0.00     2.3674383750      13.633733648  
2020 11 17  12 54  0.00     2.3674367926      13.633729284  
2020 11 17  12 55  0.00     2.3674352098      13.633724923  
2020 11 17  12 56  0.00     2.3674336267      13.633720567  
2020 11 17  12 57  0.00     2.3674320433      13.633716214  
2020 11 17  12 58  0.00     2.3674304595      13.633711865  
2020 11 17  12 59  0.00     2.3674288755      13.633707519  
2020 11 17  13  0  0.00     2.3674272910      13.633703178  
2020 11 17  13  1  0.00     2.3674257063      13.633698840  
2020 11 17  13  2  0.00     2.3674241212      13.633694506  
2020 11 17  13  3  0.00     2.3674225357      13.633690176  
2020 11 17  13  4  0.00     2.3674209500      13.633685850  
2020 11 17  13  5  0.00     2.3674193639      13.633681527  
2020 11 17  13  6  0.00     2.3674177775      13.633677208  
2020 11 17  13  7  0.00     2.3674161907      13.633672893  
2020 11 17  13  8  0.00     2.3674146036      13.633668581  
2020 11 17  13  9  0.00     2.3674130162      13.633664273  
2020 11 17  13 10  0.00     2.3674114284      13.633659969  
2020 11 17  13 11  0.00     2.3674098404      13.633655669  
2020 11 17  13 12  0.00     2.3674082519      13.633651372  
2020 11 17  13 13  0.00     2.3674066632      13.633647079  
2020 11 17  13 14  0.00     2.3674050741      13.633642790  
2020 11 17  13 15  0.00     2.3674034847      13.633638504  
2020 11 17  13 16  0.00     2.3674018950      13.633634222  
2020 11 17  13 17  0.00     2.3674003049      13.633629944  
2020 11 17  13 18  0.00     2.3673987145      13.633625669  
2020 11 17  13 19  0.00     2.3673971238      13.633621398  
2020 11 17  13 20  0.00     2.3673955328      13.633617131  
2020 11 17  13 21  0.00     2.3673939414      13.633612867  
2020 11 17  13 22  0.00     2.3673923497      13.633608607  
2020 11 17  13 23  0.00     2.3673907577      13.633604351  
2020 11 17  13 24  0.00     2.3673891653      13.633600098  
2020 11 17  13 25  0.00     2.3673875726      13.633595849  
2020 11 17  13 26  0.00     2.3673859796      13.633591603  
2020 11 17  13 27  0.00     2.3673843863      13.633587361  
2020 11 17  13 28  0.00     2.3673827926      13.633583123  
2020 11 17  13 29  0.00     2.3673811987      13.633578888  
2020 11 17  13 30  0.00     2.3673796044      13.633574657  
2020 11 17  13 31  0.00     2.3673780097      13.633570429  
2020 11 17  13 32  0.00     2.3673764148      13.633566205  
2020 11 17  13 33  0.00     2.3673748195      13.633561985  
2020 11 17  13 34  0.00     2.3673732239      13.633557768  
2020 11 17  13 35  0.00     2.3673716280      13.633553555  
2020 11 17  13 36  0.00     2.3673700317      13.633549345  
2020 11 17  13 37  0.00     2.3673684352      13.633545139  
2020 11 17  13 38  0.00     2.3673668383      13.633540936  
2020 11 17  13 39  0.00     2.3673652411      13.633536737  
2020 11 17  13 40  0.00     2.3673636435      13.633532542  
2020 11 17  13 41  0.00     2.3673620457      13.633528350  
2020 11 17  13 42  0.00     2.3673604475      13.633524161  
2020 11 17  13 43  0.00     2.3673588490      13.633519976  
2020 11 17  13 44  0.00     2.3673572502      13.633515795  
2020 11 17  13 45  0.00     2.3673556511      13.633511617  
2020 11 17  13 46  0.00     2.3673540516      13.633507442  
2020 11 17  13 47  0.00     2.3673524519      13.633503271  
2020 11 17  13 48  0.00     2.3673508518      13.633499104  
2020 11 17  13 49  0.00     2.3673492514      13.633494940  
2020 11 17  13 50  0.00     2.3673476507      13.633490779  
2020 11 17  13 51  0.00     2.3673460496      13.633486622  
2020 11 17  13 52  0.00     2.3673444483      13.633482468  
2020 11 17  13 53  0.00     2.3673428466      13.633478318  
2020 11 17  13 54  0.00     2.3673412446      13.633474171  
2020 11 17  13 55  0.00     2.3673396423      13.633470028  
2020 11 17  13 56  0.00     2.3673380397      13.633465888  
2020 11 17  13 57  0.00     2.3673364368      13.633461752  
2020 11 17  13 58  0.00     2.3673348336      13.633457619  
2020 11 17  13 59  0.00     2.3673332300      13.633453489  
2020 11 17  14  0  0.00     2.3673316262      13.633449363  
2020 11 17  14  1  0.00     2.3673300220      13.633445240  
2020 11 17  14  2  0.00     2.3673284175      13.633441121  
2020 11 17  14  3  0.00     2.3673268127      13.633437005  
2020 11 17  14  4  0.00     2.3673252076      13.633432893  
2020 11 17  14  5  0.00     2.3673236022      13.633428783  
2020 11 17  14  6  0.00     2.3673219964      13.633424678  
2020 11 17  14  7  0.00     2.3673203904      13.633420575  
2020 11 17  14  8  0.00     2.3673187840      13.633416476  
2020 11 17  14  9  0.00     2.3673171774      13.633412381  
2020 11 17  14 10  0.00     2.3673155704      13.633408288  
2020 11 17  14 11  0.00     2.3673139631      13.633404199  
2020 11 17  14 12  0.00     2.3673123555      13.633400114  
2020 11 17  14 13  0.00     2.3673107476      13.633396031  
2020 11 17  14 14  0.00     2.3673091394      13.633391953  
2020 11 17  14 15  0.00     2.3673075309      13.633387877  
2020 11 17  14 16  0.00     2.3673059221      13.633383805  
2020 11 17  14 17  0.00     2.3673043130      13.633379736  
2020 11 17  14 18  0.00     2.3673027036      13.633375670  
2020 11 17  14 19  0.00     2.3673010939      13.633371608  
2020 11 17  14 20  0.00     2.3672994838      13.633367549  
2020 11 17  14 21  0.00     2.3672978735      13.633363493  
2020 11 17  14 22  0.00     2.3672962629      13.633359441  
2020 11 17  14 23  0.00     2.3672946519      13.633355391  
2020 11 17  14 24  0.00     2.3672930407      13.633351345  
2020 11 17  14 25  0.00     2.3672914291      13.633347303  
2020 11 17  14 26  0.00     2.3672898173      13.633343264  
2020 11 17  14 27  0.00     2.3672882051      13.633339227  
2020 11 17  14 28  0.00     2.3672865927      13.633335195  
2020 11 17  14 29  0.00     2.3672849799      13.633331165  
2020 11 17  14 30  0.00     2.3672833669      13.633327139  
2020 11 17  14 31  0.00     2.3672817535      13.633323116  
2020 11 17  14 32  0.00     2.3672801399      13.633319096  
2020 11 17  14 33  0.00     2.3672785259      13.633315079  
2020 11 17  14 34  0.00     2.3672769117      13.633311066  
2020 11 17  14 35  0.00     2.3672752971      13.633307055  
2020 11 17  14 36  0.00     2.3672736823      13.633303048  
2020 11 17  14 37  0.00     2.3672720672      13.633299045  
2020 11 17  14 38  0.00     2.3672704517      13.633295044  
2020 11 17  14 39  0.00     2.3672688360      13.633291047  
2020 11 17  14 40  0.00     2.3672672200      13.633287053  
2020 11 17  14 41  0.00     2.3672656037      13.633283062  
2020 11 17  14 42  0.00     2.3672639870      13.633279074  
2020 11 17  14 43  0.00     2.3672623701      13.633275089  
2020 11 17  14 44  0.00     2.3672607529      13.633271108  
2020 11 17  14 45  0.00     2.3672591354      13.633267129  
2020 11 17  14 46  0.00     2.3672575177      13.633263154  
2020 11 17  14 47  0.00     2.3672558996      13.633259182  
2020 11 17  14 48  0.00     2.3672542812      13.633255213  
2020 11 17  14 49  0.00     2.3672526626      13.633251247  
2020 11 17  14 50  0.00     2.3672510436      13.633247285  
2020 11 17  14 51  0.00     2.3672494244      13.633243325  
2020 11 17  14 52  0.00     2.3672478048      13.633239369  
2020 11 17  14 53  0.00     2.3672461850      13.633235416  
2020 11 17  14 54  0.00     2.3672445649      13.633231465  
2020 11 17  14 55  0.00     2.3672429445      13.633227518  
2020 11 17  14 56  0.00     2.3672413238      13.633223574  
2020 11 17  14 57  0.00     2.3672397029      13.633219634  
2020 11 17  14 58  0.00     2.3672380816      13.633215696  
2020 11 17  14 59  0.00     2.3672364601      13.633211761  
2020 11 17  15  0  0.00     2.3672348382      13.633207830  
2020 11 17  15  1  0.00     2.3672332161      13.633203901  
2020 11 17  15  2  0.00     2.3672315937      13.633199976  
2020 11 17  15  3  0.00     2.3672299710      13.633196053  
2020 11 17  15  4  0.00     2.3672283481      13.633192134  
2020 11 17  15  5  0.00     2.3672267248      13.633188218  
2020 11 17  15  6  0.00     2.3672251013      13.633184304  
2020 11 17  15  7  0.00     2.3672234775      13.633180394  
2020 11 17  15  8  0.00     2.3672218534      13.633176487  
2020 11 17  15  9  0.00     2.3672202290      13.633172583  
2020 11 17  15 10  0.00     2.3672186043      13.633168682  
2020 11 17  15 11  0.00     2.3672169794      13.633164784  
2020 11 17  15 12  0.00     2.3672153542      13.633160889  
2020 11 17  15 13  0.00     2.3672137287      13.633156997  
2020 11 17  15 14  0.00     2.3672121029      13.633153107  
2020 11 17  15 15  0.00     2.3672104768      13.633149221  
2020 11 17  15 16  0.00     2.3672088505      13.633145338  
2020 11 17  15 17  0.00     2.3672072239      13.633141458  
2020 11 17  15 18  0.00     2.3672055970      13.633137581  
2020 11 17  15 19  0.00     2.3672039698      13.633133707  
2020 11 17  15 20  0.00     2.3672023424      13.633129836  
2020 11 17  15 21  0.00     2.3672007147      13.633125968  
2020 11 17  15 22  0.00     2.3671990867      13.633122102  
2020 11 17  15 23  0.00     2.3671974584      13.633118240  
2020 11 17  15 24  0.00     2.3671958299      13.633114381  
2020 11 17  15 25  0.00     2.3671942011      13.633110524  
2020 11 17  15 26  0.00     2.3671925720      13.633106671  
2020 11 17  15 27  0.00     2.3671909426      13.633102820  
2020 11 17  15 28  0.00     2.3671893130      13.633098973  
2020 11 17  15 29  0.00     2.3671876831      13.633095128  
2020 11 17  15 30  0.00     2.3671860529      13.633091286  
2020 11 17  15 31  0.00     2.3671844225      13.633087448  
2020 11 17  15 32  0.00     2.3671827918      13.633083612  
2020 11 17  15 33  0.00     2.3671811608      13.633079779  
2020 11 17  15 34  0.00     2.3671795295      13.633075948  
2020 11 17  15 35  0.00     2.3671778980      13.633072121  
2020 11 17  15 36  0.00     2.3671762662      13.633068297  
2020 11 17  15 37  0.00     2.3671746342      13.633064475  
2020 11 17  15 38  0.00     2.3671730018      13.633060657  
2020 11 17  15 39  0.00     2.3671713693      13.633056841  
2020 11 17  15 40  0.00     2.3671697364      13.633053028  
2020 11 17  15 41  0.00     2.3671681033      13.633049218  
2020 11 17  15 42  0.00     2.3671664699      13.633045411  
2020 11 17  15 43  0.00     2.3671648363      13.633041607  
2020 11 17  15 44  0.00     2.3671632023      13.633037805  
2020 11 17  15 45  0.00     2.3671615682      13.633034007  
2020 11 17  15 46  0.00     2.3671599337      13.633030211  
2020 11 17  15 47  0.00     2.3671582990      13.633026418  
2020 11 17  15 48  0.00     2.3671566641      13.633022628  
2020 11 17  15 49  0.00     2.3671550289      13.633018840  
2020 11 17  15 50  0.00     2.3671533934      13.633015056  
2020 11 17  15 51  0.00     2.3671517576      13.633011274  
2020 11 17  15 52  0.00     2.3671501216      13.633007495  
2020 11 17  15 53  0.00     2.3671484854      13.633003719  
2020 11 17  15 54  0.00     2.3671468488      13.632999946  
2020 11 17  15 55  0.00     2.3671452121      13.632996175  
2020 11 17  15 56  0.00     2.3671435750      13.632992408  
2020 11 17  15 57  0.00     2.3671419377      13.632988643  
2020 11 17  15 58  0.00     2.3671403002      13.632984881  
2020 11 17  15 59  0.00     2.3671386624      13.632981121  
2020 11 17  16  0  0.00     2.3671370243      13.632977365  
2020 11 17  16  1  0.00     2.3671353860      13.632973611  
2020 11 17  16  2  0.00     2.3671337474      13.632969859  
2020 11 17  16  3  0.00     2.3671321086      13.632966111  
2020 11 17  16  4  0.00     2.3671304695      13.632962365  
2020 11 17  16  5  0.00     2.3671288302      13.632958623  
2020 11 17  16  6  0.00     2.3671271906      13.632954882  
2020 11 17  16  7  0.00     2.3671255508      13.632951145  
2020 11 17  16  8  0.00     2.3671239107      13.632947410  
2020 11 17  16  9  0.00     2.3671222704      13.632943678  
2020 11 17  16 10  0.00     2.3671206298      13.632939949  
2020 11 17  16 11  0.00     2.3671189889      13.632936222  
2020 11 17  16 12  0.00     2.3671173478      13.632932498  
2020 11 17  16 13  0.00     2.3671157065      13.632928777  
2020 11 17  16 14  0.00     2.3671140649      13.632925059  
2020 11 17  16 15  0.00     2.3671124231      13.632921343  
2020 11 17  16 16  0.00     2.3671107810      13.632917630  
2020 11 17  16 17  0.00     2.3671091387      13.632913919  
2020 11 17  16 18  0.00     2.3671074961      13.632910211  
2020 11 17  16 19  0.00     2.3671058533      13.632906506  
2020 11 17  16 20  0.00     2.3671042102      13.632902804  
2020 11 17  16 21  0.00     2.3671025669      13.632899104  
2020 11 17  16 22  0.00     2.3671009234      13.632895407  
2020 11 17  16 23  0.00     2.3670992796      13.632891712  
2020 11 17  16 24  0.00     2.3670976355      13.632888020  
2020 11 17  16 25  0.00     2.3670959912      13.632884331  
2020 11 17  16 26  0.00     2.3670943467      13.632880645  
2020 11 17  16 27  0.00     2.3670927020      13.632876961  
2020 11 17  16 28  0.00     2.3670910569      13.632873279  
2020 11 17  16 29  0.00     2.3670894117      13.632869601  
2020 11 17  16 30  0.00     2.3670877662      13.632865924  
2020 11 17  16 31  0.00     2.3670861205      13.632862251  
2020 11 17  16 32  0.00     2.3670844745      13.632858580  
2020 11 17  16 33  0.00     2.3670828283      13.632854912  
2020 11 17  16 34  0.00     2.3670811819      13.632851246  
2020 11 17  16 35  0.00     2.3670795352      13.632847583  
2020 11 17  16 36  0.00     2.3670778883      13.632843922  
2020 11 17  16 37  0.00     2.3670762411      13.632840264  
2020 11 17  16 38  0.00     2.3670745937      13.632836609  
2020 11 17  16 39  0.00     2.3670729461      13.632832956  
2020 11 17  16 40  0.00     2.3670712982      13.632829306  
2020 11 17  16 41  0.00     2.3670696501      13.632825658  
2020 11 17  16 42  0.00     2.3670680018      13.632822013  
2020 11 17  16 43  0.00     2.3670663532      13.632818371  
2020 11 17  16 44  0.00     2.3670647044      13.632814730  
2020 11 17  16 45  0.00     2.3670630554      13.632811093  
2020 11 17  16 46  0.00     2.3670614062      13.632807458  
2020 11 17  16 47  0.00     2.3670597567      13.632803826  
2020 11 17  16 48  0.00     2.3670581069      13.632800196  
2020 11 17  16 49  0.00     2.3670564570      13.632796568  
2020 11 17  16 50  0.00     2.3670548068      13.632792943  
2020 11 17  16 51  0.00     2.3670531564      13.632789321  
2020 11 17  16 52  0.00     2.3670515057      13.632785701  
2020 11 17  16 53  0.00     2.3670498549      13.632782084  
2020 11 17  16 54  0.00     2.3670482038      13.632778469  
2020 11 17  16 55  0.00     2.3670465525      13.632774857  
2020 11 17  16 56  0.00     2.3670449009      13.632771247  
2020 11 17  16 57  0.00     2.3670432491      13.632767639  
2020 11 17  16 58  0.00     2.3670415971      13.632764034  
2020 11 17  16 59  0.00     2.3670399449      13.632760432  
2020 11 17  17  0  0.00     2.3670382924      13.632756832  
2020 11 17  17  1  0.00     2.3670366397      13.632753234  
2020 11 17  17  2  0.00     2.3670349868      13.632749639  
2020 11 17  17  3  0.00     2.3670333337      13.632746047  
2020 11 17  17  4  0.00     2.3670316804      13.632742457  
2020 11 17  17  5  0.00     2.3670300268      13.632738869  
2020 11 17  17  6  0.00     2.3670283730      13.632735284  
2020 11 17  17  7  0.00     2.3670267190      13.632731701  
2020 11 17  17  8  0.00     2.3670250647      13.632728121  
2020 11 17  17  9  0.00     2.3670234103      13.632724543  
2020 11 17  17 10  0.00     2.3670217556      13.632720967  
2020 11 17  17 11  0.00     2.3670201007      13.632717394  
2020 11 17  17 12  0.00     2.3670184456      13.632713823  
2020 11 17  17 13  0.00     2.3670167902      13.632710255  
2020 11 17  17 14  0.00     2.3670151347      13.632706689  
2020 11 17  17 15  0.00     2.3670134789      13.632703126  
2020 11 17  17 16  0.00     2.3670118229      13.632699564  
2020 11 17  17 17  0.00     2.3670101667      13.632696006  
2020 11 17  17 18  0.00     2.3670085103      13.632692449  
2020 11 17  17 19  0.00     2.3670068537      13.632688895  
2020 11 17  17 20  0.00     2.3670051968      13.632685344  
2020 11 17  17 21  0.00     2.3670035397      13.632681795  
2020 11 17  17 22  0.00     2.3670018825      13.632678248  
2020 11 17  17 23  0.00     2.3670002250      13.632674703  
2020 11 17  17 24  0.00     2.3669985673      13.632671161  
2020 11 17  17 25  0.00     2.3669969093      13.632667622  
2020 11 17  17 26  0.00     2.3669952512      13.632664084  
2020 11 17  17 27  0.00     2.3669935929      13.632660549  
2020 11 17  17 28  0.00     2.3669919343      13.632657016  
2020 11 17  17 29  0.00     2.3669902755      13.632653486  
2020 11 17  17 30  0.00     2.3669886166      13.632649958  
2020 11 17  17 31  0.00     2.3669869574      13.632646432  
2020 11 17  17 32  0.00     2.3669852980      13.632642909  
2020 11 17  17 33  0.00     2.3669836384      13.632639388  
2020 11 17  17 34  0.00     2.3669819786      13.632635869  
2020 11 17  17 35  0.00     2.3669803185      13.632632353  
2020 11 17  17 36  0.00     2.3669786583      13.632628839  
2020 11 17  17 37  0.00     2.3669769979      13.632625327  
2020 11 17  17 38  0.00     2.3669753372      13.632621817  
2020 11 17  17 39  0.00     2.3669736764      13.632618310  
2020 11 17  17 40  0.00     2.3669720153      13.632614805  
2020 11 17  17 41  0.00     2.3669703540      13.632611302  
2020 11 17  17 42  0.00     2.3669686926      13.632607802  
2020 11 17  17 43  0.00     2.3669670309      13.632604304  
2020 11 17  17 44  0.00     2.3669653690      13.632600808  
2020 11 17  17 45  0.00     2.3669637070      13.632597314  
2020 11 17  17 46  0.00     2.3669620447      13.632593823  
2020 11 17  17 47  0.00     2.3669603822      13.632590334  
2020 11 17  17 48  0.00     2.3669587195      13.632586847  
2020 11 17  17 49  0.00     2.3669570566      13.632583362  
2020 11 17  17 50  0.00     2.3669553935      13.632579880  
2020 11 17  17 51  0.00     2.3669537302      13.632576400  
2020 11 17  17 52  0.00     2.3669520668      13.632572922  
2020 11 17  17 53  0.00     2.3669504031      13.632569446  
2020 11 17  17 54  0.00     2.3669487392      13.632565973  
2020 11 17  17 55  0.00     2.3669470751      13.632562502  
2020 11 17  17 56  0.00     2.3669454108      13.632559033  
2020 11 17  17 57  0.00     2.3669437463      13.632555566  
2020 11 17  17 58  0.00     2.3669420816      13.632552101  
2020 11 17  17 59  0.00     2.3669404168      13.632548639  
2020 11 17  18  0  0.00     2.3669387517      13.632545179  
2020 11 17  18  1  0.00     2.3669370864      13.632541721  
2020 11 17  18  2  0.00     2.3669354209      13.632538265  
2020 11 17  18  3  0.00     2.3669337553      13.632534811  
2020 11 17  18  4  0.00     2.3669320894      13.632531360  
2020 11 17  18  5  0.00     2.3669304234      13.632527911  
2020 11 17  18  6  0.00     2.3669287571      13.632524464  
2020 11 17  18  7  0.00     2.3669270907      13.632521019  
2020 11 17  18  8  0.00     2.3669254240      13.632517576  
2020 11 17  18  9  0.00     2.3669237572      13.632514136  
2020 11 17  18 10  0.00     2.3669220902      13.632510697  
2020 11 17  18 11  0.00     2.3669204230      13.632507261  
2020 11 17  18 12  0.00     2.3669187556      13.632503827  
2020 11 17  18 13  0.00     2.3669170880      13.632500395  
2020 11 17  18 14  0.00     2.3669154202      13.632496965  
2020 11 17  18 15  0.00     2.3669137522      13.632493537  
2020 11 17  18 16  0.00     2.3669120841      13.632490112  
2020 11 17  18 17  0.00     2.3669104157      13.632486688  
2020 11 17  18 18  0.00     2.3669087472      13.632483267  
2020 11 17  18 19  0.00     2.3669070784      13.632479848  
2020 11 17  18 20  0.00     2.3669054095      13.632476431  
2020 11 17  18 21  0.00     2.3669037404      13.632473016  
2020 11 17  18 22  0.00     2.3669020711      13.632469603  
2020 11 17  18 23  0.00     2.3669004016      13.632466192  
2020 11 17  18 24  0.00     2.3668987319      13.632462783  
2020 11 17  18 25  0.00     2.3668970621      13.632459377  
2020 11 17  18 26  0.00     2.3668953920      13.632455972  
2020 11 17  18 27  0.00     2.3668937218      13.632452570  
2020 11 17  18 28  0.00     2.3668920514      13.632449170  
2020 11 17  18 29  0.00     2.3668903808      13.632445771  
2020 11 17  18 30  0.00     2.3668887100      13.632442375  
2020 11 17  18 31  0.00     2.3668870391      13.632438981  
2020 11 17  18 32  0.00     2.3668853679      13.632435589  
2020 11 17  18 33  0.00     2.3668836966      13.632432199  
2020 11 17  18 34  0.00     2.3668820251      13.632428811  
2020 11 17  18 35  0.00     2.3668803534      13.632425425  
2020 11 17  18 36  0.00     2.3668786815      13.632422041  
2020 11 17  18 37  0.00     2.3668770094      13.632418659  
2020 11 17  18 38  0.00     2.3668753372      13.632415280  
2020 11 17  18 39  0.00     2.3668736648      13.632411902  
2020 11 17  18 40  0.00     2.3668719922      13.632408526  
2020 11 17  18 41  0.00     2.3668703194      13.632405153  
2020 11 17  18 42  0.00     2.3668686464      13.632401781  
2020 11 17  18 43  0.00     2.3668669733      13.632398411  
2020 11 17  18 44  0.00     2.3668653000      13.632395044  
2020 11 17  18 45  0.00     2.3668636265      13.632391678  
2020 11 17  18 46  0.00     2.3668619528      13.632388314  
2020 11 17  18 47  0.00     2.3668602789      13.632384953  
2020 11 17  18 48  0.00     2.3668586049      13.632381593  
2020 11 17  18 49  0.00     2.3668569307      13.632378236  
2020 11 17  18 50  0.00     2.3668552563      13.632374880  
2020 11 17  18 51  0.00     2.3668535817      13.632371526  
2020 11 17  18 52  0.00     2.3668519070      13.632368175  
2020 11 17  18 53  0.00     2.3668502321      13.632364825  
2020 11 17  18 54  0.00     2.3668485570      13.632361477  
2020 11 17  18 55  0.00     2.3668468817      13.632358132  
2020 11 17  18 56  0.00     2.3668452063      13.632354788  
2020 11 17  18 57  0.00     2.3668435307      13.632351446  
2020 11 17  18 58  0.00     2.3668418549      13.632348106  
2020 11 17  18 59  0.00     2.3668401789      13.632344768  
2020 11 17  19  0  0.00     2.3668385028      13.632341432  
2020 11 17  19  1  0.00     2.3668368265      13.632338098  
2020 11 17  19  2  0.00     2.3668351500      13.632334766  
2020 11 17  19  3  0.00     2.3668334733      13.632331436  
2020 11 17  19  4  0.00     2.3668317965      13.632328108  
2020 11 17  19  5  0.00     2.3668301195      13.632324782  
2020 11 17  19  6  0.00     2.3668284423      13.632321457  
2020 11 17  19  7  0.00     2.3668267650      13.632318135  
2020 11 17  19  8  0.00     2.3668250875      13.632314814  
2020 11 17  19  9  0.00     2.3668234098      13.632311496  
2020 11 17  19 10  0.00     2.3668217320      13.632308179  
2020 11 17  19 11  0.00     2.3668200539      13.632304864  
2020 11 17  19 12  0.00     2.3668183758      13.632301551  
2020 11 17  19 13  0.00     2.3668166974      13.632298240  
2020 11 17  19 14  0.00     2.3668150189      13.632294931  
2020 11 17  19 15  0.00     2.3668133402      13.632291624  
2020 11 17  19 16  0.00     2.3668116613      13.632288319  
2020 11 17  19 17  0.00     2.3668099823      13.632285015  
2020 11 17  19 18  0.00     2.3668083031      13.632281713  
2020 11 17  19 19  0.00     2.3668066237      13.632278414  
2020 11 17  19 20  0.00     2.3668049442      13.632275116  
2020 11 17  19 21  0.00     2.3668032645      13.632271820  
2020 11 17  19 22  0.00     2.3668015846      13.632268526  
2020 11 17  19 23  0.00     2.3667999046      13.632265234  
2020 11 17  19 24  0.00     2.3667982244      13.632261943  
2020 11 17  19 25  0.00     2.3667965440      13.632258655  
2020 11 17  19 26  0.00     2.3667948635      13.632255368  
2020 11 17  19 27  0.00     2.3667931828      13.632252083  
2020 11 17  19 28  0.00     2.3667915020      13.632248800  
2020 11 17  19 29  0.00     2.3667898209      13.632245519  
2020 11 17  19 30  0.00     2.3667881398      13.632242239  
2020 11 17  19 31  0.00     2.3667864584      13.632238962  
2020 11 17  19 32  0.00     2.3667847769      13.632235686  
2020 11 17  19 33  0.00     2.3667830952      13.632232412  
2020 11 17  19 34  0.00     2.3667814134      13.632229140  
2020 11 17  19 35  0.00     2.3667797314      13.632225870  
2020 11 17  19 36  0.00     2.3667780492      13.632222601  
2020 11 17  19 37  0.00     2.3667763669      13.632219335  
2020 11 17  19 38  0.00     2.3667746844      13.632216070  
2020 11 17  19 39  0.00     2.3667730018      13.632212807  
2020 11 17  19 40  0.00     2.3667713189      13.632209545  
2020 11 17  19 41  0.00     2.3667696360      13.632206286  
2020 11 17  19 42  0.00     2.3667679528      13.632203028  
2020 11 17  19 43  0.00     2.3667662696      13.632199772  
2020 11 17  19 44  0.00     2.3667645861      13.632196518  
2020 11 17  19 45  0.00     2.3667629025      13.632193265  
2020 11 17  19 46  0.00     2.3667612187      13.632190015  
2020 11 17  19 47  0.00     2.3667595348      13.632186766  
2020 11 17  19 48  0.00     2.3667578507      13.632183519  
2020 11 17  19 49  0.00     2.3667561664      13.632180273  
2020 11 17  19 50  0.00     2.3667544820      13.632177030  
2020 11 17  19 51  0.00     2.3667527975      13.632173788  
2020 11 17  19 52  0.00     2.3667511127      13.632170548  
2020 11 17  19 53  0.00     2.3667494279      13.632167309  
2020 11 17  19 54  0.00     2.3667477428      13.632164073  
2020 11 17  19 55  0.00     2.3667460576      13.632160838  
2020 11 17  19 56  0.00     2.3667443723      13.632157604  
2020 11 17  19 57  0.00     2.3667426867      13.632154373  
2020 11 17  19 58  0.00     2.3667410011      13.632151143  
2020 11 17  19 59  0.00     2.3667393152      13.632147915  
2020 11 17  20  0  0.00     2.3667376293      13.632144689  
2020 11 17  20  1  0.00     2.3667359431      13.632141464  
2020 11 17  20  2  0.00     2.3667342568      13.632138241  
2020 11 17  20  3  0.00     2.3667325704      13.632135020  
2020 11 17  20  4  0.00     2.3667308838      13.632131801  
2020 11 17  20  5  0.00     2.3667291970      13.632128583  
2020 11 17  20  6  0.00     2.3667275101      13.632125367  
2020 11 17  20  7  0.00     2.3667258230      13.632122152  
2020 11 17  20  8  0.00     2.3667241358      13.632118939  
2020 11 17  20  9  0.00     2.3667224484      13.632115728  
2020 11 17  20 10  0.00     2.3667207608      13.632112519  
2020 11 17  20 11  0.00     2.3667190731      13.632109311  
2020 11 17  20 12  0.00     2.3667173853      13.632106105  
2020 11 17  20 13  0.00     2.3667156973      13.632102900  
2020 11 17  20 14  0.00     2.3667140091      13.632099698  
2020 11 17  20 15  0.00     2.3667123208      13.632096497  
2020 11 17  20 16  0.00     2.3667106324      13.632093297  
2020 11 17  20 17  0.00     2.3667089437      13.632090099  
2020 11 17  20 18  0.00     2.3667072550      13.632086903  
2020 11 17  20 19  0.00     2.3667055660      13.632083709  
2020 11 17  20 20  0.00     2.3667038770      13.632080516  
2020 11 17  20 21  0.00     2.3667021877      13.632077324  
2020 11 17  20 22  0.00     2.3667004984      13.632074135  
2020 11 17  20 23  0.00     2.3666988088      13.632070947  
2020 11 17  20 24  0.00     2.3666971191      13.632067760  
2020 11 17  20 25  0.00     2.3666954293      13.632064575  
2020 11 17  20 26  0.00     2.3666937393      13.632061392  
2020 11 17  20 27  0.00     2.3666920492      13.632058211  
2020 11 17  20 28  0.00     2.3666903589      13.632055031  
2020 11 17  20 29  0.00     2.3666886684      13.632051852  
2020 11 17  20 30  0.00     2.3666869778      13.632048676  
2020 11 17  20 31  0.00     2.3666852871      13.632045500  
2020 11 17  20 32  0.00     2.3666835962      13.632042327  
2020 11 17  20 33  0.00     2.3666819051      13.632039155  
2020 11 17  20 34  0.00     2.3666802139      13.632035984  
2020 11 17  20 35  0.00     2.3666785226      13.632032816  
2020 11 17  20 36  0.00     2.3666768311      13.632029648  
2020 11 17  20 37  0.00     2.3666751394      13.632026483  
2020 11 17  20 38  0.00     2.3666734476      13.632023319  
---
2020 11 18  10 44  0.00     2.3651594165      13.629431226  
2020 11 18  10 45  0.00     2.3651574818      13.629427528  
2020 11 18  10 46  0.00     2.3651555468      13.629423827  
2020 11 18  10 47  0.00     2.3651536114      13.629420121  
2020 11 18  10 48  0.00     2.3651516756      13.629416413  
2020 11 18  10 49  0.00     2.3651497394      13.629412700  
2020 11 18  10 50  0.00     2.3651478028      13.629408984  
2020 11 18  10 51  0.00     2.3651458659      13.629405265  
2020 11 18  10 52  0.00     2.3651439286      13.629401542  
2020 11 18  10 53  0.00     2.3651419909      13.629397815  
2020 11 18  10 54  0.00     2.3651400528      13.629394084  
2020 11 18  10 55  0.00     2.3651381143      13.629390350  
2020 11 18  10 56  0.00     2.3651361755      13.629386613  
2020 11 18  10 57  0.00     2.3651342363      13.629382872  
2020 11 18  10 58  0.00     2.3651322967      13.629379127  
2020 11 18  10 59  0.00     2.3651303567      13.629375378  
2020 11 18  11  0  0.00     2.3651284163      13.629371626  
2020 11 18  11  1  0.00     2.3651264756      13.629367870  
2020 11 18  11  2  0.00     2.3651245345      13.629364110  
2020 11 18  11  3  0.00     2.3651225930      13.629360347  
2020 11 18  11  4  0.00     2.3651206512      13.629356580  
2020 11 18  11  5  0.00     2.3651187089      13.629352809  
2020 11 18  11  6  0.00     2.3651167663      13.629349035  
2020 11 18  11  7  0.00     2.3651148234      13.629345257  
2020 11 18  11  8  0.00     2.3651128800      13.629341475  
2020 11 18  11  9  0.00     2.3651109363      13.629337689  
2020 11 18  11 10  0.00     2.3651089922      13.629333900  
2020 11 18  11 11  0.00     2.3651070477      13.629330107  
2020 11 18  11 12  0.00     2.3651051029      13.629326310  
2020 11 18  11 13  0.00     2.3651031577      13.629322509  
2020 11 18  11 14  0.00     2.3651012121      13.629318705  
2020 11 18  11 15  0.00     2.3650992661      13.629314897  
2020 11 18  11 16  0.00     2.3650973198      13.629311085  
2020 11 18  11 17  0.00     2.3650953731      13.629307269  
2020 11 18  11 18  0.00     2.3650934261      13.629303450  
2020 11 18  11 19  0.00     2.3650914787      13.629299626  
2020 11 18  11 20  0.00     2.3650895309      13.629295799  
2020 11 18  11 21  0.00     2.3650875827      13.629291968  
2020 11 18  11 22  0.00     2.3650856342      13.629288134  
2020 11 18  11 23  0.00     2.3650836853      13.629284295  
2020 11 18  11 24  0.00     2.3650817360      13.629280453  
2020 11 18  11 25  0.00     2.3650797864      13.629276606  
2020 11 18  11 26  0.00     2.3650778364      13.629272756  
2020 11 18  11 27  0.00     2.3650758861      13.629268902  
2020 11 18  11 28  0.00     2.3650739354      13.629265044  
2020 11 18  11 29  0.00     2.3650719843      13.629261183  
2020 11 18  11 30  0.00     2.3650700328      13.629257317  
2020 11 18  11 31  0.00     2.3650680811      13.629253447  
2020 11 18  11 32  0.00     2.3650661289      13.629249574  
2020 11 18  11 33  0.00     2.3650641764      13.629245697  
2020 11 18  11 34  0.00     2.3650622235      13.629241816  
2020 11 18  11 35  0.00     2.3650602702      13.629237930  
2020 11 18  11 36  0.00     2.3650583166      13.629234041  
2020 11 18  11 37  0.00     2.3650563627      13.629230148  
2020 11 18  11 38  0.00     2.3650544084      13.629226251  
2020 11 18  11 39  0.00     2.3650524537      13.629222351  
2020 11 18  11 40  0.00     2.3650504987      13.629218446  
2020 11 18  11 41  0.00     2.3650485433      13.629214537  
2020 11 18  11 42  0.00     2.3650465875      13.629210624  
2020 11 18  11 43  0.00     2.3650446315      13.629206707  
2020 11 18  11 44  0.00     2.3650426750      13.629202787  
2020 11 18  11 45  0.00     2.3650407182      13.629198862  
2020 11 18  11 46  0.00     2.3650387610      13.629194933  
2020 11 18  11 47  0.00     2.3650368035      13.629191001  
2020 11 18  11 48  0.00     2.3650348457      13.629187064  
2020 11 18  11 49  0.00     2.3650328875      13.629183123  
2020 11 18  11 50  0.00     2.3650309289      13.629179178  
2020 11 18  11 51  0.00     2.3650289700      13.629175230  
2020 11 18  11 52  0.00     2.3650270107      13.629171277  
2020 11 18  11 53  0.00     2.3650250511      13.629167320  
2020 11 18  11 54  0.00     2.3650230911      13.629163359  
2020 11 18  11 55  0.00     2.3650211308      13.629159394  
2020 11 18  11 56  0.00     2.3650191702      13.629155425  
2020 11 18  11 57  0.00     2.3650172092      13.629151452  
2020 11 18  11 58  0.00     2.3650152478      13.629147475  
2020 11 18  11 59  0.00     2.3650132861      13.629143493  
2020 11 18  12  0  0.00     2.3650113241      13.629139508  
2020 11 18  12  1  0.00     2.3650093617      13.629135519  
2020 11 18  12  2  0.00     2.3650073990      13.629131525  
2020 11 18  12  3  0.00     2.3650054359      13.629127527  
2020 11 18  12  4  0.00     2.3650034725      13.629123526  
2020 11 18  12  5  0.00     2.3650015087      13.629119520  
2020 11 18  12  6  0.00     2.3649995446      13.629115510  
2020 11 18  12  7  0.00     2.3649975802      13.629111496  
2020 11 18  12  8  0.00     2.3649956154      13.629107477  
2020 11 18  12  9  0.00     2.3649936503      13.629103455  
2020 11 18  12 10  0.00     2.3649916848      13.629099428  
2020 11 18  12 11  0.00     2.3649897190      13.629095397  
2020 11 18  12 12  0.00     2.3649877529      13.629091362  
2020 11 18  12 13  0.00     2.3649857864      13.629087323  
2020 11 18  12 14  0.00     2.3649838196      13.629083280  
2020 11 18  12 15  0.00     2.3649818525      13.629079232  
2020 11 18  12 16  0.00     2.3649798850      13.629075180  
2020 11 18  12 17  0.00     2.3649779172      13.629071125  
2020 11 18  12 18  0.00     2.3649759491      13.629067064  
2020 11 18  12 19  0.00     2.3649739806      13.629063000  
2020 11 18  12 20  0.00     2.3649720118      13.629058931  
2020 11 18  12 21  0.00     2.3649700427      13.629054859  
2020 11 18  12 22  0.00     2.3649680732      13.629050781  
2020 11 18  12 23  0.00     2.3649661034      13.629046700  
2020 11 18  12 24  0.00     2.3649641333      13.629042615  
2020 11 18  12 25  0.00     2.3649621628      13.629038525  
2020 11 18  12 26  0.00     2.3649601920      13.629034431  
2020 11 18  12 27  0.00     2.3649582209      13.629030332  
2020 11 18  12 28  0.00     2.3649562495      13.629026230  
2020 11 18  12 29  0.00     2.3649542777      13.629022123  
2020 11 18  12 30  0.00     2.3649523056      13.629018011  
2020 11 18  12 31  0.00     2.3649503332      13.629013896  
2020 11 18  12 32  0.00     2.3649483605      13.629009776  
2020 11 18  12 33  0.00     2.3649463874      13.629005652  
2020 11 18  12 34  0.00     2.3649444140      13.629001524  
2020 11 18  12 35  0.00     2.3649424403      13.628997391  
2020 11 18  12 36  0.00     2.3649404663      13.628993254  
2020 11 18  12 37  0.00     2.3649384920      13.628989112  
2020 11 18  12 38  0.00     2.3649365173      13.628984966  
2020 11 18  12 39  0.00     2.3649345423      13.628980816  
2020 11 18  12 40  0.00     2.3649325670      13.628976662  
2020 11 18  12 41  0.00     2.3649305914      13.628972503  
2020 11 18  12 42  0.00     2.3649286155      13.628968340  
2020 11 18  12 43  0.00     2.3649266392      13.628964172  
2020 11 18  12 44  0.00     2.3649246626      13.628960000  
2020 11 18  12 45  0.00     2.3649226858      13.628955824  
2020 11 18  12 46  0.00     2.3649207086      13.628951643  
2020 11 18  12 47  0.00     2.3649187311      13.628947458  
2020 11 18  12 48  0.00     2.3649167532      13.628943268  
2020 11 18  12 49  0.00     2.3649147751      13.628939074  
2020 11 18  12 50  0.00     2.3649127967      13.628934876  
2020 11 18  12 51  0.00     2.3649108179      13.628930673  
2020 11 18  12 52  0.00     2.3649088389      13.628926466  
2020 11 18  12 53  0.00     2.3649068595      13.628922254  
2020 11 18  12 54  0.00     2.3649048798      13.628918038  
2020 11 18  12 55  0.00     2.3649028998      13.628913817  
2020 11 18  12 56  0.00     2.3649009195      13.628909592  
2020 11 18  12 57  0.00     2.3648989389      13.628905363  
2020 11 18  12 58  0.00     2.3648969580      13.628901129  
2020 11 18  12 59  0.00     2.3648949768      13.628896890  
2020 11 18  13  0  0.00     2.3648929953      13.628892647  
2020 11 18  13  1  0.00     2.3648910135      13.628888400  
2020 11 18  13  2  0.00     2.3648890314      13.628884148  
2020 11 18  13  3  0.00     2.3648870490      13.628879892  
2020 11 18  13  4  0.00     2.3648850663      13.628875631  
2020 11 18  13  5  0.00     2.3648830832      13.628871365  
2020 11 18  13  6  0.00     2.3648810999      13.628867095  
2020 11 18  13  7  0.00     2.3648791163      13.628862821  
2020 11 18  13  8  0.00     2.3648771324      13.628858542  
2020 11 18  13  9  0.00     2.3648751482      13.628854258  
2020 11 18  13 10  0.00     2.3648731637      13.628849970  
2020 11 18  13 11  0.00     2.3648711789      13.628845678  
2020 11 18  13 12  0.00     2.3648691938      13.628841381  
2020 11 18  13 13  0.00     2.3648672085      13.628837079  
2020 11 18  13 14  0.00     2.3648652228      13.628832773  
2020 11 18  13 15  0.00     2.3648632368      13.628828462  
2020 11 18  13 16  0.00     2.3648612506      13.628824146  
2020 11 18  13 17  0.00     2.3648592640      13.628819826  
2020 11 18  13 18  0.00     2.3648572772      13.628815502  
2020 11 18  13 19  0.00     2.3648552901      13.628811172  
2020 11 18  13 20  0.00     2.3648533026      13.628806838  
2020 11 18  13 21  0.00     2.3648513149      13.628802500  
2020 11 18  13 22  0.00     2.3648493270      13.628798157  
2020 11 18  13 23  0.00     2.3648473387      13.628793809  
2020 11 18  13 24  0.00     2.3648453501      13.628789457  
2020 11 18  13 25  0.00     2.3648433613      13.628785100  
2020 11 18  13 26  0.00     2.3648413722      13.628780739  
2020 11 18  13 27  0.00     2.3648393828      13.628776372  
2020 11 18  13 28  0.00     2.3648373931      13.628772002  
2020 11 18  13 29  0.00     2.3648354031      13.628767626  
2020 11 18  13 30  0.00     2.3648334129      13.628763246  
2020 11 18  13 31  0.00     2.3648314224      13.628758861  
2020 11 18  13 32  0.00     2.3648294316      13.628754472  
2020 11 18  13 33  0.00     2.3648274405      13.628750077  
2020 11 18  13 34  0.00     2.3648254492      13.628745679  
2020 11 18  13 35  0.00     2.3648234575      13.628741275  
2020 11 18  13 36  0.00     2.3648214656      13.628736867  
2020 11 18  13 37  0.00     2.3648194734      13.628732454  
2020 11 18  13 38  0.00     2.3648174810      13.628728036  
2020 11 18  13 39  0.00     2.3648154883      13.628723614  
2020 11 18  13 40  0.00     2.3648134953      13.628719187  
2020 11 18  13 41  0.00     2.3648115020      13.628714755  
2020 11 18  13 42  0.00     2.3648095085      13.628710319  
2020 11 18  13 43  0.00     2.3648075147      13.628705877  
2020 11 18  13 44  0.00     2.3648055206      13.628701431  
2020 11 18  13 45  0.00     2.3648035263      13.628696981  
2020 11 18  13 46  0.00     2.3648015317      13.628692525  
2020 11 18  13 47  0.00     2.3647995368      13.628688065  
2020 11 18  13 48  0.00     2.3647975417      13.628683600  
2020 11 18  13 49  0.00     2.3647955463      13.628679130  
2020 11 18  13 50  0.00     2.3647935507      13.628674656  
2020 11 18  13 51  0.00     2.3647915547      13.628670176  
2020 11 18  13 52  0.00     2.3647895586      13.628665692  
2020 11 18  13 53  0.00     2.3647875621      13.628661203  
2020 11 18  13 54  0.00     2.3647855654      13.628656710  
2020 11 18  13 55  0.00     2.3647835685      13.628652211  
2020 11 18  13 56  0.00     2.3647815713      13.628647708  
2020 11 18  13 57  0.00     2.3647795738      13.628643200  
2020 11 18  13 58  0.00     2.3647775761      13.628638687  
2020 11 18  13 59  0.00     2.3647755781      13.628634169  
2020 11 18  14  0  0.00     2.3647735799      13.628629647  
2020 11 18  14  1  0.00     2.3647715814      13.628625119  
2020 11 18  14  2  0.00     2.3647695826      13.628620587  
2020 11 18  14  3  0.00     2.3647675836      13.628616050  
2020 11 18  14  4  0.00     2.3647655844      13.628611508  
2020 11 18  14  5  0.00     2.3647635849      13.628606962  
2020 11 18  14  6  0.00     2.3647615852      13.628602410  
2020 11 18  14  7  0.00     2.3647595852      13.628597853  
2020 11 18  14  8  0.00     2.3647575849      13.628593292  
2020 11 18  14  9  0.00     2.3647555845      13.628588726  
2020 11 18  14 10  0.00     2.3647535837      13.628584155  
2020 11 18  14 11  0.00     2.3647515828      13.628579579  
2020 11 18  14 12  0.00     2.3647495816      13.628574998  
2020 11 18  14 13  0.00     2.3647475801      13.628570412  
2020 11 18  14 14  0.00     2.3647455784      13.628565822  
2020 11 18  14 15  0.00     2.3647435765      13.628561226  
2020 11 18  14 16  0.00     2.3647415743      13.628556626  
2020 11 18  14 17  0.00     2.3647395719      13.628552020  
2020 11 18  14 18  0.00     2.3647375692      13.628547410  
2020 11 18  14 19  0.00     2.3647355663      13.628542795  
2020 11 18  14 20  0.00     2.3647335632      13.628538175  
2020 11 18  14 21  0.00     2.3647315598      13.628533549  
2020 11 18  14 22  0.00     2.3647295563      13.628528919  
2020 11 18  14 23  0.00     2.3647275524      13.628524284  
2020 11 18  14 24  0.00     2.3647255484      13.628519645  
2020 11 18  14 25  0.00     2.3647235441      13.628515000  
2020 11 18  14 26  0.00     2.3647215395      13.628510350  
2020 11 18  14 27  0.00     2.3647195348      13.628505695  
2020 11 18  14 28  0.00     2.3647175298      13.628501035  
2020 11 18  14 29  0.00     2.3647155246      13.628496371  
2020 11 18  14 30  0.00     2.3647135191      13.628491701  
2020 11 18  14 31  0.00     2.3647115135      13.628487026  
2020 11 18  14 32  0.00     2.3647095076      13.628482346  
2020 11 18  14 33  0.00     2.3647075015      13.628477662  
2020 11 18  14 34  0.00     2.3647054951      13.628472972  
2020 11 18  14 35  0.00     2.3647034886      13.628468277  
2020 11 18  14 36  0.00     2.3647014818      13.628463578  
2020 11 18  14 37  0.00     2.3646994748      13.628458873  
2020 11 18  14 38  0.00     2.3646974676      13.628454163  
2020 11 18  14 39  0.00     2.3646954601      13.628449448  
2020 11 18  14 40  0.00     2.3646934525      13.628444729  
2020 11 18  14 41  0.00     2.3646914446      13.628440004  
2020 11 18  14 42  0.00     2.3646894365      13.628435274  
2020 11 18  14 43  0.00     2.3646874282      13.628430539  
2020 11 18  14 44  0.00     2.3646854197      13.628425799  
2020 11 18  14 45  0.00     2.3646834109      13.628421054  
2020 11 18  14 46  0.00     2.3646814020      13.628416304  
2020 11 18  14 47  0.00     2.3646793928      13.628411549  
2020 11 18  14 48  0.00     2.3646773834      13.628406789  
2020 11 18  14 49  0.00     2.3646753739      13.628402024  
2020 11 18  14 50  0.00     2.3646733641      13.628397253  
2020 11 18  14 51  0.00     2.3646713541      13.628392478  
2020 11 18  14 52  0.00     2.3646693439      13.628387698  
2020 11 18  14 53  0.00     2.3646673335      13.628382912  
2020 11 18  14 54  0.00     2.3646653229      13.628378121  
2020 11 18  14 55  0.00     2.3646633120      13.628373326  
2020 11 18  14 56  0.00     2.3646613010      13.628368525  
2020 11 18  14 57  0.00     2.3646592898      13.628363719  
2020 11 18  14 58  0.00     2.3646572784      13.628358908  
2020 11 18  14 59  0.00     2.3646552667      13.628354092  
2020 11 18  15  0  0.00     2.3646532549      13.628349270  
2020 11 18  15  1  0.00     2.3646512429      13.628344444  
2020 11 18  15  2  0.00     2.3646492307      13.628339612  
2020 11 18  15  3  0.00     2.3646472183      13.628334776  
2020 11 18  15  4  0.00     2.3646452056      13.628329934  
2020 11 18  15  5  0.00     2.3646431928      13.628325087  
2020 11 18  15  6  0.00     2.3646411798      13.628320235  
2020 11 18  15  7  0.00     2.3646391666      13.628315377  
2020 11 18  15  8  0.00     2.3646371533      13.628310515  
2020 11 18  15  9  0.00     2.3646351397      13.628305647  
2020 11 18  15 10  0.00     2.3646331259      13.628300775  
2020 11 18  15 11  0.00     2.3646311120      13.628295897  
2020 11 18  15 12  0.00     2.3646290978      13.628291014  
2020 11 18  15 13  0.00     2.3646270835      13.628286126  
2020 11 18  15 14  0.00     2.3646250690      13.628281232  
2020 11 18  15 15  0.00     2.3646230543      13.628276333  
2020 11 18  15 16  0.00     2.3646210394      13.628271430  
2020 11 18  15 17  0.00     2.3646190243      13.628266521  
2020 11 18  15 18  0.00     2.3646170091      13.628261607  
2020 11 18  15 19  0.00     2.3646149936      13.628256687  
2020 11 18  15 20  0.00     2.3646129780      13.628251763  
2020 11 18  15 21  0.00     2.3646109622      13.628246833  
2020 11 18  15 22  0.00     2.3646089463      13.628241898  
2020 11 18  15 23  0.00     2.3646069301      13.628236957  
2020 11 18  15 24  0.00     2.3646049138      13.628232012  
2020 11 18  15 25  0.00     2.3646028973      13.628227061  
2020 11 18  15 26  0.00     2.3646008806      13.628222105  
2020 11 18  15 27  0.00     2.3645988638      13.628217144  
2020 11 18  15 28  0.00     2.3645968468      13.628212178  
2020 11 18  15 29  0.00     2.3645948296      13.628207206  
2020 11 18  15 30  0.00     2.3645928122      13.628202229  
2020 11 18  15 31  0.00     2.3645907947      13.628197247  
2020 11 18  15 32  0.00     2.3645887770      13.628192260  
2020 11 18  15 33  0.00     2.3645867591      13.628187267  
2020 11 18  15 34  0.00     2.3645847411      13.628182269  
2020 11 18  15 35  0.00     2.3645827228      13.628177266  
2020 11 18  15 36  0.00     2.3645807045      13.628172258  
2020 11 18  15 37  0.00     2.3645786859      13.628167244  
2020 11 18  15 38  0.00     2.3645766673      13.628162225  
2020 11 18  15 39  0.00     2.3645746484      13.628157201  
2020 11 18  15 40  0.00     2.3645726294      13.628152171  
2020 11 18  15 41  0.00     2.3645706102      13.628147137  
2020 11 18  15 42  0.00     2.3645685909      13.628142096  
2020 11 18  15 43  0.00     2.3645665714      13.628137051  
2020 11 18  15 44  0.00     2.3645645517      13.628132000  
2020 11 18  15 45  0.00     2.3645625319      13.628126944  
2020 11 18  15 46  0.00     2.3645605119      13.628121883  
2020 11 18  15 47  0.00     2.3645584918      13.628116816  
2020 11 18  15 48  0.00     2.3645564715      13.628111744  
2020 11 18  15 49  0.00     2.3645544511      13.628106667  
2020 11 18  15 50  0.00     2.3645524305      13.628101585  
2020 11 18  15 51  0.00     2.3645504098      13.628096497  
2020 11 18  15 52  0.00     2.3645483889      13.628091403  
2020 11 18  15 53  0.00     2.3645463679      13.628086305  
2020 11 18  15 54  0.00     2.3645443467      13.628081201  
2020 11 18  15 55  0.00     2.3645423254      13.628076092  
2020 11 18  15 56  0.00     2.3645403039      13.628070977  
2020 11 18  15 57  0.00     2.3645382823      13.628065857  
2020 11 18  15 58  0.00     2.3645362605      13.628060732  
2020 11 18  15 59  0.00     2.3645342386      13.628055601  
2020 11 18  16  0  0.00     2.3645322166      13.628050465  
2020 11 18  16  1  0.00     2.3645301944      13.628045324  
2020 11 18  16  2  0.00     2.3645281721      13.628040177  
2020 11 18  16  3  0.00     2.3645261496      13.628035025  
2020 11 18  16  4  0.00     2.3645241270      13.628029867  
2020 11 18  16  5  0.00     2.3645221043      13.628024705  
2020 11 18  16  6  0.00     2.3645200814      13.628019536  
2020 11 18  16  7  0.00     2.3645180584      13.628014363  
2020 11 18  16  8  0.00     2.3645160352      13.628009184  
2020 11 18  16  9  0.00     2.3645140120      13.628003999  
2020 11 18  16 10  0.00     2.3645119885      13.627998810  
2020 11 18  16 11  0.00     2.3645099650      13.627993614  
2020 11 18  16 12  0.00     2.3645079413      13.627988414  
2020 11 18  16 13  0.00     2.3645059175      13.627983208  
2020 11 18  16 14  0.00     2.3645038936      13.627977996  
2020 11 18  16 15  0.00     2.3645018695      13.627972780  
2020 11 18  16 16  0.00     2.3644998453      13.627967557  
2020 11 18  16 17  0.00     2.3644978210      13.627962330  
2020 11 18  16 18  0.00     2.3644957966      13.627957097  
2020 11 18  16 19  0.00     2.3644937720      13.627951858  
2020 11 18  16 20  0.00     2.3644917473      13.627946614  
2020 11 18  16 21  0.00     2.3644897225      13.627941365  
2020 11 18  16 22  0.00     2.3644876976      13.627936110  
2020 11 18  16 23  0.00     2.3644856726      13.627930850  
2020 11 18  16 24  0.00     2.3644836474      13.627925585  
2020 11 18  16 25  0.00     2.3644816221      13.627920314  
2020 11 18  16 26  0.00     2.3644795967      13.627915037  
2020 11 18  16 27  0.00     2.3644775712      13.627909755  
2020 11 18  16 28  0.00     2.3644755456      13.627904468  
2020 11 18  16 29  0.00     2.3644735198      13.627899175  
2020 11 18  16 30  0.00     2.3644714940      13.627893877  
2020 11 18  16 31  0.00     2.3644694680      13.627888573  
2020 11 18  16 32  0.00     2.3644674419      13.627883264  
2020 11 18  16 33  0.00     2.3644654157      13.627877949  
2020 11 18  16 34  0.00     2.3644633894      13.627872629  
2020 11 18  16 35  0.00     2.3644613630      13.627867303  
2020 11 18  16 36  0.00     2.3644593365      13.627861972  
2020 11 18  16 37  0.00     2.3644573098      13.627856635  
2020 11 18  16 38  0.00     2.3644552831      13.627851293  
2020 11 18  16 39  0.00     2.3644532563      13.627845946  
2020 11 18  16 40  0.00     2.3644512293      13.627840593  
2020 11 18  16 41  0.00     2.3644492023      13.627835234  
2020 11 18  16 42  0.00     2.3644471751      13.627829870  
2020 11 18  16 43  0.00     2.3644451479      13.627824501  
2020 11 18  16 44  0.00     2.3644431205      13.627819126  
2020 11 18  16 45  0.00     2.3644410931      13.627813745  
2020 11 18  16 46  0.00     2.3644390655      13.627808359  
2020 11 18  16 47  0.00     2.3644370379      13.627802968  
2020 11 18  16 48  0.00     2.3644350101      13.627797571  
2020 11 18  16 49  0.00     2.3644329823      13.627792168  
2020 11 18  16 50  0.00     2.3644309544      13.627786760  
2020 11 18  16 51  0.00     2.3644289264      13.627781347  
2020 11 18  16 52  0.00     2.3644268982      13.627775927  
2020 11 18  16 53  0.00     2.3644248700      13.627770503  
2020 11 18  16 54  0.00     2.3644228417      13.627765073  
2020 11 18  16 55  0.00     2.3644208133      13.627759637  
2020 11 18  16 56  0.00     2.3644187849      13.627754196  
2020 11 18  16 57  0.00     2.3644167563      13.627748749  
2020 11 18  16 58  0.00     2.3644147276      13.627743297  
2020 11 18  16 59  0.00     2.3644126989      13.627737839  
2020 11 18  17  0  0.00     2.3644106701      13.627732376  
2020 11 18  17  1  0.00     2.3644086412      13.627726907  
2020 11 18  17  2  0.00     2.3644066122      13.627721433  
2020 11 18  17  3  0.00     2.3644045831      13.627715953  
2020 11 18  17  4  0.00     2.3644025540      13.627710467  
2020 11 18  17  5  0.00     2.3644005247      13.627704976  
2020 11 18  17  6  0.00     2.3643984954      13.627699479  
2020 11 18  17  7  0.00     2.3643964660      13.627693977  
2020 11 18  17  8  0.00     2.3643944365      13.627688469  
2020 11 18  17  9  0.00     2.3643924070      13.627682956  
2020 11 18  17 10  0.00     2.3643903774      13.627677437  
2020 11 18  17 11  0.00     2.3643883477      13.627671913  
2020 11 18  17 12  0.00     2.3643863179      13.627666383  
2020 11 18  17 13  0.00     2.3643842881      13.627660847  
2020 11 18  17 14  0.00     2.3643822581      13.627655306  
2020 11 18  17 15  0.00     2.3643802282      13.627649759  
2020 11 18  17 16  0.00     2.3643781981      13.627644207  
2020 11 18  17 17  0.00     2.3643761680      13.627638649  
2020 11 18  17 18  0.00     2.3643741378      13.627633086  
2020 11 18  17 19  0.00     2.3643721075      13.627627517  
2020 11 18  17 20  0.00     2.3643700772      13.627621942  
2020 11 18  17 21  0.00     2.3643680468      13.627616362  
2020 11 18  17 22  0.00     2.3643660163      13.627610776  
2020 11 18  17 23  0.00     2.3643639858      13.627605184  
2020 11 18  17 24  0.00     2.3643619552      13.627599587  
2020 11 18  17 25  0.00     2.3643599246      13.627593985  
2020 11 18  17 26  0.00     2.3643578938      13.627588376  
2020 11 18  17 27  0.00     2.3643558631      13.627582763  
2020 11 18  17 28  0.00     2.3643538322      13.627577143  
2020 11 18  17 29  0.00     2.3643518014      13.627571518  
2020 11 18  17 30  0.00     2.3643497704      13.627565887  
2020 11 18  17 31  0.00     2.3643477394      13.627560251  
2020 11 18  17 32  0.00     2.3643457083      13.627554609  
2020 11 18  17 33  0.00     2.3643436772      13.627548962  
2020 11 18  17 34  0.00     2.3643416461      13.627543309  
2020 11 18  17 35  0.00     2.3643396148      13.627537650  
2020 11 18  17 36  0.00     2.3643375836      13.627531985  
2020 11 18  17 37  0.00     2.3643355522      13.627526315  
2020 11 18  17 38  0.00     2.3643335209      13.627520640  
2020 11 18  17 39  0.00     2.3643314894      13.627514959  
2020 11 18  17 40  0.00     2.3643294580      13.627509272  
2020 11 18  17 41  0.00     2.3643274264      13.627503579  
2020 11 18  17 42  0.00     2.3643253949      13.627497881  
2020 11 18  17 43  0.00     2.3643233633      13.627492177  
2020 11 18  17 44  0.00     2.3643213316      13.627486468  
2020 11 18  17 45  0.00     2.3643192999      13.627480753  
2020 11 18  17 46  0.00     2.3643172681      13.627475032  
2020 11 18  17 47  0.00     2.3643152364      13.627469306  
2020 11 18  17 48  0.00     2.3643132045      13.627463574  
2020 11 18  17 49  0.00     2.3643111726      13.627457836  
2020 11 18  17 50  0.00     2.3643091407      13.627452093  
2020 11 18  17 51  0.00     2.3643071088      13.627446344  
2020 11 18  17 52  0.00     2.3643050768      13.627440589  
2020 11 18  17 53  0.00     2.3643030448      13.627434829  
2020 11 18  17 54  0.00     2.3643010127      13.627429063  
2020 11 18  17 55  0.00     2.3642989806      13.627423291  
2020 11 18  17 56  0.00     2.3642969485      13.627417514  
2020 11 18  17 57  0.00     2.3642949163      13.627411731  
2020 11 18  17 58  0.00     2.3642928841      13.627405943  
2020 11 18  17 59  0.00     2.3642908519      13.627400148  
2020 11 18  18  0  0.00     2.3642888196      13.627394348  
2020 11 18  18  1  0.00     2.3642867873      13.627388543  
2020 11 18  18  2  0.00     2.3642847550      13.627382732  
2020 11 18  18  3  0.00     2.3642827227      13.627376915  
2020 11 18  18  4  0.00     2.3642806903      13.627371092  
2020 11 18  18  5  0.00     2.3642786579      13.627365264  
2020 11 18  18  6  0.00     2.3642766254      13.627359430  
2020 11 18  18  7  0.00     2.3642745930      13.627353590  
2020 11 18  18  8  0.00     2.3642725605      13.627347745  
2020 11 18  18  9  0.00     2.3642705280      13.627341894  
2020 11 18  18 10  0.00     2.3642684955      13.627336037  
2020 11 18  18 11  0.00     2.3642664629      13.627330175  
2020 11 18  18 12  0.00     2.3642644304      13.627324307  
2020 11 18  18 13  0.00     2.3642623978      13.627318433  
2020 11 18  18 14  0.00     2.3642603652      13.627312554  
2020 11 18  18 15  0.00     2.3642583325      13.627306669  
2020 11 18  18 16  0.00     2.3642562999      13.627300778  
2020 11 18  18 17  0.00     2.3642542672      13.627294881  
2020 11 18  18 18  0.00     2.3642522345      13.627288979  
2020 11 18  18 19  0.00     2.3642502019      13.627283071  
2020 11 18  18 20  0.00     2.3642481691      13.627277158  
2020 11 18  18 21  0.00     2.3642461364      13.627271238  
2020 11 18  18 22  0.00     2.3642441037      13.627265313  
2020 11 18  18 23  0.00     2.3642420709      13.627259383  
2020 11 18  18 24  0.00     2.3642400382      13.627253446  
2020 11 18  18 25  0.00     2.3642380054      13.627247504  
2020 11 18  18 26  0.00     2.3642359727      13.627241556  
2020 11 18  18 27  0.00     2.3642339399      13.627235603  
2020 11 18  18 28  0.00     2.3642319071      13.627229644  
2020 11 18  18 29  0.00     2.3642298743      13.627223679  
2020 11 18  18 30  0.00     2.3642278415      13.627217708  
2020 11 18  18 31  0.00     2.3642258087      13.627211732  
2020 11 18  18 32  0.00     2.3642237758      13.627205750  
2020 11 18  18 33  0.00     2.3642217430      13.627199762  
2020 11 18  18 34  0.00     2.3642197102      13.627193768  
2020 11 18  18 35  0.00     2.3642176774      13.627187769  
2020 11 18  18 36  0.00     2.3642156446      13.627181764  
2020 11 18  18 37  0.00     2.3642136117      13.627175753  
2020 11 18  18 38  0.00     2.3642115789      13.627169737  
2020 11 18  18 39  0.00     2.3642095461      13.627163715  
2020 11 18  18 40  0.00     2.3642075133      13.627157687  
2020 11 18  18 41  0.00     2.3642054804      13.627151653  
2020 11 18  18 42  0.00     2.3642034476      13.627145614  
2020 11 18  18 43  0.00     2.3642014148      13.627139569  
2020 11 18  18 44  0.00     2.3641993820      13.627133518  
2020 11 18  18 45  0.00     2.3641973492      13.627127462  
2020 11 18  18 46  0.00     2.3641953164      13.627121400  
2020 11 18  18 47  0.00     2.3641932836      13.627115332  
2020 11 18  18 48  0.00     2.3641912509      13.627109258  
2020 11 18  18 49  0.00     2.3641892181      13.627103179  
2020 11 18  18 50  0.00     2.3641871853      13.627097094  
2020 11 18  18 51  0.00     2.3641851526      13.627091003  
2020 11 18  18 52  0.00     2.3641831198      13.627084906  
2020 11 18  18 53  0.00     2.3641810871      13.627078804  
2020 11 18  18 54  0.00     2.3641790544      13.627072696  
2020 11 18  18 55  0.00     2.3641770217      13.627066582  
2020 11 18  18 56  0.00     2.3641749890      13.627060462  
2020 11 18  18 57  0.00     2.3641729563      13.627054337  
2020 11 18  18 58  0.00     2.3641709237      13.627048206  
2020 11 18  18 59  0.00     2.3641688911      13.627042069  
2020 11 18  19  0  0.00     2.3641668584      13.627035927  
2020 11 18  19  1  0.00     2.3641648258      13.627029778  
2020 11 18  19  2  0.00     2.3641627932      13.627023624  
2020 11 18  19  3  0.00     2.3641607607      13.627017464  
2020 11 18  19  4  0.00     2.3641587281      13.627011299  
2020 11 18  19  5  0.00     2.3641566956      13.627005128  
2020 11 18  19  6  0.00     2.3641546631      13.626998951  
2020 11 18  19  7  0.00     2.3641526306      13.626992768  
2020 11 18  19  8  0.00     2.3641505982      13.626986579  
2020 11 18  19  9  0.00     2.3641485657      13.626980385  
2020 11 18  19 10  0.00     2.3641465333      13.626974185  
2020 11 18  19 11  0.00     2.3641445010      13.626967979  
2020 11 18  19 12  0.00     2.3641424686      13.626961768  
2020 11 18  19 13  0.00     2.3641404363      13.626955550  
2020 11 18  19 14  0.00     2.3641384040      13.626949327  
2020 11 18  19 15  0.00     2.3641363717      13.626943099  
2020 11 18  19 16  0.00     2.3641343394      13.626936864  
2020 11 18  19 17  0.00     2.3641323072      13.626930624  
2020 11 18  19 18  0.00     2.3641302750      13.626924378  
2020 11 18  19 19  0.00     2.3641282429      13.626918126  
2020 11 18  19 20  0.00     2.3641262108      13.626911868  
2020 11 18  19 21  0.00     2.3641241787      13.626905605  
2020 11 18  19 22  0.00     2.3641221466      13.626899336  
2020 11 18  19 23  0.00     2.3641201146      13.626893061  
2020 11 18  19 24  0.00     2.3641180826      13.626886780  
2020 11 18  19 25  0.00     2.3641160507      13.626880494  
2020 11 18  19 26  0.00     2.3641140187      13.626874202  
2020 11 18  19 27  0.00     2.3641119869      13.626867904  
2020 11 18  19 28  0.00     2.3641099550      13.626861600  
2020 11 18  19 29  0.00     2.3641079232      13.626855291  
2020 11 18  19 30  0.00     2.3641058915      13.626848976  
2020 11 18  19 31  0.00     2.3641038597      13.626842655  
2020 11 18  19 32  0.00     2.3641018280      13.626836328  
2020 11 18  19 33  0.00     2.3640997964      13.626829995  
2020 11 18  19 34  0.00     2.3640977648      13.626823657  
2020 11 18  19 35  0.00     2.3640957332      13.626817313  
2020 11 18  19 36  0.00     2.3640937017      13.626810963  
2020 11 18  19 37  0.00     2.3640916702      13.626804608  
2020 11 18  19 38  0.00     2.3640896388      13.626798247  
2020 11 18  19 39  0.00     2.3640876074      13.626791879  
2020 11 18  19 40  0.00     2.3640855761      13.626785507  
2020 11 18  19 41  0.00     2.3640835448      13.626779128  
2020 11 18  19 42  0.00     2.3640815135      13.626772744  
2020 11 18  19 43  0.00     2.3640794823      13.626766353  
2020 11 18  19 44  0.00     2.3640774512      13.626759957  
2020 11 18  19 45  0.00     2.3640754201      13.626753556  
2020 11 18  19 46  0.00     2.3640733890      13.626747148  
2020 11 18  19 47  0.00     2.3640713580      13.626740735  
2020 11 18  19 48  0.00     2.3640693271      13.626734316  
2020 11 18  19 49  0.00     2.3640672961      13.626727891  
2020 11 18  19 50  0.00     2.3640652653      13.626721461  
2020 11 18  19 51  0.00     2.3640632345      13.626715024  
2020 11 18  19 52  0.00     2.3640612038      13.626708582  
2020 11 18  19 53  0.00     2.3640591731      13.626702134  
2020 11 18  19 54  0.00     2.3640571424      13.626695681  
2020 11 18  19 55  0.00     2.3640551118      13.626689221  
2020 11 18  19 56  0.00     2.3640530813      13.626682756  
2020 11 18  19 57  0.00     2.3640510508      13.626676285  
2020 11 18  19 58  0.00     2.3640490204      13.626669808  
2020 11 18  19 59  0.00     2.3640469901      13.626663326  
2020 11 18  20  0  0.00     2.3640449598      13.626656837  
2020 11 18  20  1  0.00     2.3640429295      13.626650343  
2020 11 18  20  2  0.00     2.3640408993      13.626643843  
2020 11 18  20  3  0.00     2.3640388692      13.626637338  
2020 11 18  20  4  0.00     2.3640368392      13.626630826  
2020 11 18  20  5  0.00     2.3640348092      13.626624309  
2020 11 18  20  6  0.00     2.3640327792      13.626617786  
2020 11 18  20  7  0.00     2.3640307493      13.626611257  
2020 11 18  20  8  0.00     2.3640287195      13.626604723  
2020 11 18  20  9  0.00     2.3640266898      13.626598183  
2020 11 18  20 10  0.00     2.3640246601      13.626591637  
2020 11 18  20 11  0.00     2.3640226305      13.626585085  
2020 11 18  20 12  0.00     2.3640206009      13.626578527  
2020 11 18  20 13  0.00     2.3640185714      13.626571964  
2020 11 18  20 14  0.00     2.3640165420      13.626565395  
2020 11 18  20 15  0.00     2.3640145126      13.626558820  
2020 11 18  20 16  0.00     2.3640124833      13.626552239  
2020 11 18  20 17  0.00     2.3640104541      13.626545652  
2020 11 18  20 18  0.00     2.3640084250      13.626539060  
2020 11 18  20 19  0.00     2.3640063959      13.626532462  
2020 11 18  20 20  0.00     2.3640043669      13.626525858  
2020 11 18  20 21  0.00     2.3640023379      13.626519249  
2020 11 18  20 22  0.00     2.3640003090      13.626512633  
2020 11 18  20 23  0.00     2.3639982802      13.626506012  
2020 11 18  20 24  0.00     2.3639962515      13.626499385  
2020 11 18  20 25  0.00     2.3639942228      13.626492753  
2020 11 18  20 26  0.00     2.3639921943      13.626486114  
2020 11 18  20 27  0.00     2.3639901657      13.626479470  
2020 11 18  20 28  0.00     2.3639881373      13.626472820  
2020 11 18  20 29  0.00     2.3639861089      13.626466164  
2020 11 18  20 30  0.00     2.3639840806      13.626459502  
2020 11 18  20 31  0.00     2.3639820524      13.626452835  
2020 11 18  20 32  0.00     2.3639800243      13.626446162  
2020 11 18  20 33  0.00     2.3639779962      13.626439483  
2020 11 18  20 34  0.00     2.3639759682      13.626432798  
---
2020 11 19  10 40  0.00     2.3622920905      13.618793020  
2020 11 19  10 41  0.00     2.3622901199      13.618781731  
2020 11 19  10 42  0.00     2.3622881494      13.618770437  
2020 11 19  10 43  0.00     2.3622861789      13.618759138  
2020 11 19  10 44  0.00     2.3622842085      13.618747834  
2020 11 19  10 45  0.00     2.3622822382      13.618736525  
2020 11 19  10 46  0.00     2.3622802679      13.618725210  
2020 11 19  10 47  0.00     2.3622782976      13.618713891  
2020 11 19  10 48  0.00     2.3622763275      13.618702566  
2020 11 19  10 49  0.00     2.3622743573      13.618691236  
2020 11 19  10 50  0.00     2.3622723872      13.618679901  
2020 11 19  10 51  0.00     2.3622704172      13.618668561  
2020 11 19  10 52  0.00     2.3622684472      13.618657215  
2020 11 19  10 53  0.00     2.3622664773      13.618645865  
2020 11 19  10 54  0.00     2.3622645074      13.618634509  
2020 11 19  10 55  0.00     2.3622625376      13.618623149  
2020 11 19  10 56  0.00     2.3622605679      13.618611783  
2020 11 19  10 57  0.00     2.3622585982      13.618600411  
2020 11 19  10 58  0.00     2.3622566285      13.618589035  
2020 11 19  10 59  0.00     2.3622546590      13.618577654  
2020 11 19  11  0  0.00     2.3622526894      13.618566267  
2020 11 19  11  1  0.00     2.3622507200      13.618554876  
2020 11 19  11  2  0.00     2.3622487506      13.618543479  
2020 11 19  11  3  0.00     2.3622467812      13.618532077  
2020 11 19  11  4  0.00     2.3622448120      13.618520670  
2020 11 19  11  5  0.00     2.3622428427      13.618509258  
2020 11 19  11  6  0.00     2.3622408736      13.618497840  
2020 11 19  11  7  0.00     2.3622389045      13.618486418  
2020 11 19  11  8  0.00     2.3622369355      13.618474990  
2020 11 19  11  9  0.00     2.3622349665      13.618463558  
2020 11 19  11 10  0.00     2.3622329976      13.618452120  
2020 11 19  11 11  0.00     2.3622310287      13.618440677  
2020 11 19  11 12  0.00     2.3622290600      13.618429229  
2020 11 19  11 13  0.00     2.3622270913      13.618417776  
2020 11 19  11 14  0.00     2.3622251226      13.618406317  
2020 11 19  11 15  0.00     2.3622231540      13.618394854  
2020 11 19  11 16  0.00     2.3622211855      13.618383385  
2020 11 19  11 17  0.00     2.3622192171      13.618371912  
2020 11 19  11 18  0.00     2.3622172487      13.618360433  
2020 11 19  11 19  0.00     2.3622152804      13.618348949  
2020 11 19  11 20  0.00     2.3622133122      13.618337460  
2020 11 19  11 21  0.00     2.3622113440      13.618325966  
2020 11 19  11 22  0.00     2.3622093759      13.618314467  
2020 11 19  11 23  0.00     2.3622074079      13.618302963  
2020 11 19  11 24  0.00     2.3622054399      13.618291453  
2020 11 19  11 25  0.00     2.3622034720      13.618279939  
2020 11 19  11 26  0.00     2.3622015042      13.618268419  
2020 11 19  11 27  0.00     2.3621995365      13.618256894  
2020 11 19  11 28  0.00     2.3621975688      13.618245364  
2020 11 19  11 29  0.00     2.3621956012      13.618233829  
2020 11 19  11 30  0.00     2.3621936337      13.618222289  
2020 11 19  11 31  0.00     2.3621916663      13.618210744  
2020 11 19  11 32  0.00     2.3621896989      13.618199194  
2020 11 19  11 33  0.00     2.3621877317      13.618187639  
2020 11 19  11 34  0.00     2.3621857644      13.618176078  
2020 11 19  11 35  0.00     2.3621837973      13.618164513  
2020 11 19  11 36  0.00     2.3621818303      13.618152942  
2020 11 19  11 37  0.00     2.3621798633      13.618141367  
2020 11 19  11 38  0.00     2.3621778964      13.618129786  
2020 11 19  11 39  0.00     2.3621759296      13.618118200  
2020 11 19  11 40  0.00     2.3621739629      13.618106609  
2020 11 19  11 41  0.00     2.3621719962      13.618095013  
2020 11 19  11 42  0.00     2.3621700296      13.618083412  
2020 11 19  11 43  0.00     2.3621680632      13.618071806  
2020 11 19  11 44  0.00     2.3621660968      13.618060195  
2020 11 19  11 45  0.00     2.3621641304      13.618048579  
2020 11 19  11 46  0.00     2.3621621642      13.618036958  
2020 11 19  11 47  0.00     2.3621601981      13.618025331  
2020 11 19  11 48  0.00     2.3621582320      13.618013700  
2020 11 19  11 49  0.00     2.3621562660      13.618002063  
2020 11 19  11 50  0.00     2.3621543001      13.617990422  
2020 11 19  11 51  0.00     2.3621523343      13.617978775  
2020 11 19  11 52  0.00     2.3621503686      13.617967123  
2020 11 19  11 53  0.00     2.3621484030      13.617955467  
2020 11 19  11 54  0.00     2.3621464375      13.617943805  
2020 11 19  11 55  0.00     2.3621444720      13.617932138  
2020 11 19  11 56  0.00     2.3621425067      13.617920466  
2020 11 19  11 57  0.00     2.3621405414      13.617908789  
2020 11 19  11 58  0.00     2.3621385762      13.617897107  
2020 11 19  11 59  0.00     2.3621366111      13.617885420  
2020 11 19  12  0  0.00     2.3621346462      13.617873728  
2020 11 19  12  1  0.00     2.3621326813      13.617862031  
2020 11 19  12  2  0.00     2.3621307165      13.617850329  
2020 11 19  12  3  0.00     2.3621287518      13.617838622  
2020 11 19  12  4  0.00     2.3621267872      13.617826910  
2020 11 19  12  5  0.00     2.3621248227      13.617815192  
2020 11 19  12  6  0.00     2.3621228582      13.617803470  
2020 11 19  12  7  0.00     2.3621208939      13.617791743  
2020 11 19  12  8  0.00     2.3621189297      13.617780011  
2020 11 19  12  9  0.00     2.3621169656      13.617768273  
2020 11 19  12 10  0.00     2.3621150016      13.617756531  
2020 11 19  12 11  0.00     2.3621130377      13.617744784  
2020 11 19  12 12  0.00     2.3621110739      13.617733031  
2020 11 19  12 13  0.00     2.3621091101      13.617721274  
2020 11 19  12 14  0.00     2.3621071465      13.617709511  
2020 11 19  12 15  0.00     2.3621051830      13.617697744  
2020 11 19  12 16  0.00     2.3621032196      13.617685971  
2020 11 19  12 17  0.00     2.3621012563      13.617674194  
2020 11 19  12 18  0.00     2.3620992931      13.617662412  
2020 11 19  12 19  0.00     2.3620973300      13.617650624  
2020 11 19  12 20  0.00     2.3620953671      13.617638832  
2020 11 19  12 21  0.00     2.3620934042      13.617627034  
2020 11 19  12 22  0.00     2.3620914414      13.617615232  
2020 11 19  12 23  0.00     2.3620894788      13.617603424  
2020 11 19  12 24  0.00     2.3620875162      13.617591612  
2020 11 19  12 25  0.00     2.3620855538      13.617579795  
2020 11 19  12 26  0.00     2.3620835915      13.617567972  
2020 11 19  12 27  0.00     2.3620816292      13.617556145  
2020 11 19  12 28  0.00     2.3620796671      13.617544312  
2020 11 19  12 29  0.00     2.3620777051      13.617532475  
2020 11 19  12 30  0.00     2.3620757433      13.617520633  
2020 11 19  12 31  0.00     2.3620737815      13.617508785  
2020 11 19  12 32  0.00     2.3620718199      13.617496933  
2020 11 19  12 33  0.00     2.3620698583      13.617485076  
2020 11 19  12 34  0.00     2.3620678969      13.617473214  
2020 11 19  12 35  0.00     2.3620659356      13.617461346  
2020 11 19  12 36  0.00     2.3620639744      13.617449474  
2020 11 19  12 37  0.00     2.3620620134      13.617437597  
2020 11 19  12 38  0.00     2.3620600524      13.617425715  
2020 11 19  12 39  0.00     2.3620580916      13.617413828  
2020 11 19  12 40  0.00     2.3620561309      13.617401936  
2020 11 19  12 41  0.00     2.3620541703      13.617390039  
2020 11 19  12 42  0.00     2.3620522099      13.617378137  
2020 11 19  12 43  0.00     2.3620502495      13.617366231  
2020 11 19  12 44  0.00     2.3620482893      13.617354319  
2020 11 19  12 45  0.00     2.3620463292      13.617342402  
2020 11 19  12 46  0.00     2.3620443693      13.617330480  
2020 11 19  12 47  0.00     2.3620424094      13.617318554  
2020 11 19  12 48  0.00     2.3620404497      13.617306622  
2020 11 19  12 49  0.00     2.3620384901      13.617294686  
2020 11 19  12 50  0.00     2.3620365307      13.617282745  
2020 11 19  12 51  0.00     2.3620345714      13.617270798  
2020 11 19  12 52  0.00     2.3620326122      13.617258847  
2020 11 19  12 53  0.00     2.3620306531      13.617246891  
2020 11 19  12 54  0.00     2.3620286942      13.617234930  
2020 11 19  12 55  0.00     2.3620267354      13.617222964  
2020 11 19  12 56  0.00     2.3620247767      13.617210993  
2020 11 19  12 57  0.00     2.3620228181      13.617199017  
2020 11 19  12 58  0.00     2.3620208597      13.617187037  
2020 11 19  12 59  0.00     2.3620189015      13.617175051  
2020 11 19  13  0  0.00     2.3620169433      13.617163060  
2020 11 19  13  1  0.00     2.3620149853      13.617151065  
2020 11 19  13  2  0.00     2.3620130275      13.617139065  
2020 11 19  13  3  0.00     2.3620110698      13.617127059  
2020 11 19  13  4  0.00     2.3620091122      13.617115049  
2020 11 19  13  5  0.00     2.3620071547      13.617103034  
2020 11 19  13  6  0.00     2.3620051974      13.617091015  
2020 11 19  13  7  0.00     2.3620032403      13.617078990  
2020 11 19  13  8  0.00     2.3620012832      13.617066960  
2020 11 19  13  9  0.00     2.3619993264      13.617054926  
2020 11 19  13 10  0.00     2.3619973696      13.617042886  
2020 11 19  13 11  0.00     2.3619954130      13.617030842  
2020 11 19  13 12  0.00     2.3619934566      13.617018793  
2020 11 19  13 13  0.00     2.3619915003      13.617006739  
2020 11 19  13 14  0.00     2.3619895441      13.616994680  
2020 11 19  13 15  0.00     2.3619875881      13.616982616  
2020 11 19  13 16  0.00     2.3619856323      13.616970548  
2020 11 19  13 17  0.00     2.3619836766      13.616958474  
2020 11 19  13 18  0.00     2.3619817210      13.616946396  
2020 11 19  13 19  0.00     2.3619797656      13.616934313  
2020 11 19  13 20  0.00     2.3619778103      13.616922225  
2020 11 19  13 21  0.00     2.3619758552      13.616910132  
2020 11 19  13 22  0.00     2.3619739003      13.616898034  
2020 11 19  13 23  0.00     2.3619719455      13.616885932  
2020 11 19  13 24  0.00     2.3619699908      13.616873824  
2020 11 19  13 25  0.00     2.3619680363      13.616861712  
2020 11 19  13 26  0.00     2.3619660820      13.616849595  
2020 11 19  13 27  0.00     2.3619641278      13.616837474  
2020 11 19  13 28  0.00     2.3619621738      13.616825347  
2020 11 19  13 29  0.00     2.3619602199      13.616813215  
2020 11 19  13 30  0.00     2.3619582662      13.616801079  
2020 11 19  13 31  0.00     2.3619563127      13.616788938  
2020 11 19  13 32  0.00     2.3619543593      13.616776792  
2020 11 19  13 33  0.00     2.3619524060      13.616764641  
2020 11 19  13 34  0.00     2.3619504530      13.616752486  
2020 11 19  13 35  0.00     2.3619485001      13.616740326  
2020 11 19  13 36  0.00     2.3619465473      13.616728160  
2020 11 19  13 37  0.00     2.3619445948      13.616715991  
2020 11 19  13 38  0.00     2.3619426424      13.616703816  
2020 11 19  13 39  0.00     2.3619406901      13.616691636  
2020 11 19  13 40  0.00     2.3619387381      13.616679452  
2020 11 19  13 41  0.00     2.3619367862      13.616667263  
2020 11 19  13 42  0.00     2.3619348344      13.616655069  
2020 11 19  13 43  0.00     2.3619328829      13.616642871  
2020 11 19  13 44  0.00     2.3619309315      13.616630667  
2020 11 19  13 45  0.00     2.3619289802      13.616618459  
2020 11 19  13 46  0.00     2.3619270292      13.616606246  
2020 11 19  13 47  0.00     2.3619250783      13.616594029  
2020 11 19  13 48  0.00     2.3619231276      13.616581806  
2020 11 19  13 49  0.00     2.3619211771      13.616569579  
2020 11 19  13 50  0.00     2.3619192267      13.616557347  
2020 11 19  13 51  0.00     2.3619172765      13.616545110  
2020 11 19  13 52  0.00     2.3619153265      13.616532869  
2020 11 19  13 53  0.00     2.3619133767      13.616520623  
2020 11 19  13 54  0.00     2.3619114270      13.616508372  
2020 11 19  13 55  0.00     2.3619094776      13.616496116  
2020 11 19  13 56  0.00     2.3619075283      13.616483856  
2020 11 19  13 57  0.00     2.3619055792      13.616471591  
2020 11 19  13 58  0.00     2.3619036303      13.616459321  
2020 11 19  13 59  0.00     2.3619016815      13.616447046  
2020 11 19  14  0  0.00     2.3618997330      13.616434767  
2020 11 19  14  1  0.00     2.3618977846      13.616422483  
2020 11 19  14  2  0.00     2.3618958364      13.616410194  
2020 11 19  14  3  0.00     2.3618938884      13.616397901  
2020 11 19  14  4  0.00     2.3618919406      13.616385603  
2020 11 19  14  5  0.00     2.3618899930      13.616373300  
2020 11 19  14  6  0.00     2.3618880455      13.616360993  
2020 11 19  14  7  0.00     2.3618860983      13.616348680  
2020 11 19  14  8  0.00     2.3618841512      13.616336364  
2020 11 19  14  9  0.00     2.3618822043      13.616324042  
2020 11 19  14 10  0.00     2.3618802577      13.616311716  
2020 11 19  14 11  0.00     2.3618783112      13.616299385  
2020 11 19  14 12  0.00     2.3618763649      13.616287049  
2020 11 19  14 13  0.00     2.3618744188      13.616274709  
2020 11 19  14 14  0.00     2.3618724729      13.616262364  
2020 11 19  14 15  0.00     2.3618705272      13.616250014  
2020 11 19  14 16  0.00     2.3618685817      13.616237660  
2020 11 19  14 17  0.00     2.3618666364      13.616225301  
2020 11 19  14 18  0.00     2.3618646913      13.616212938  
2020 11 19  14 19  0.00     2.3618627464      13.616200569  
2020 11 19  14 20  0.00     2.3618608016      13.616188197  
2020 11 19  14 21  0.00     2.3618588571      13.616175819  
2020 11 19  14 22  0.00     2.3618569128      13.616163437  
2020 11 19  14 23  0.00     2.3618549687      13.616151050  
2020 11 19  14 24  0.00     2.3618530248      13.616138659  
2020 11 19  14 25  0.00     2.3618510811      13.616126263  
2020 11 19  14 26  0.00     2.3618491376      13.616113862  
2020 11 19  14 27  0.00     2.3618471944      13.616101457  
2020 11 19  14 28  0.00     2.3618452513      13.616089047  
2020 11 19  14 29  0.00     2.3618433084      13.616076632  
2020 11 19  14 30  0.00     2.3618413658      13.616064213  
2020 11 19  14 31  0.00     2.3618394233      13.616051790  
2020 11 19  14 32  0.00     2.3618374811      13.616039361  
2020 11 19  14 33  0.00     2.3618355391      13.616026929  
2020 11 19  14 34  0.00     2.3618335972      13.616014491  
2020 11 19  14 35  0.00     2.3618316556      13.616002049  
2020 11 19  14 36  0.00     2.3618297143      13.615989602  
2020 11 19  14 37  0.00     2.3618277731      13.615977151  
2020 11 19  14 38  0.00     2.3618258321      13.615964695  
2020 11 19  14 39  0.00     2.3618238914      13.615952235  
2020 11 19  14 40  0.00     2.3618219509      13.615939770  
2020 11 19  14 41  0.00     2.3618200106      13.615927300  
2020 11 19  14 42  0.00     2.3618180705      13.615914826  
2020 11 19  14 43  0.00     2.3618161306      13.615902348  
2020 11 19  14 44  0.00     2.3618141910      13.615889865  
2020 11 19  14 45  0.00     2.3618122516      13.615877377  
2020 11 19  14 46  0.00     2.3618103124      13.615864885  
2020 11 19  14 47  0.00     2.3618083734      13.615852388  
2020 11 19  14 48  0.00     2.3618064346      13.615839887  
2020 11 19  14 49  0.00     2.3618044961      13.615827381  
2020 11 19  14 50  0.00     2.3618025578      13.615814870  
2020 11 19  14 51  0.00     2.3618006198      13.615802355  
2020 11 19  14 52  0.00     2.3617986819      13.615789836  
2020 11 19  14 53  0.00     2.3617967443      13.615777312  
2020 11 19  14 54  0.00     2.3617948069      13.615764784  
2020 11 19  14 55  0.00     2.3617928698      13.615752251  
2020 11 19  14 56  0.00     2.3617909328      13.615739713  
2020 11 19  14 57  0.00     2.3617889962      13.615727171  
2020 11 19  14 58  0.00     2.3617870597      13.615714625  
2020 11 19  14 59  0.00     2.3617851235      13.615702074  
2020 11 19  15  0  0.00     2.3617831875      13.615689519  
2020 11 19  15  1  0.00     2.3617812517      13.615676959  
2020 11 19  15  2  0.00     2.3617793162      13.615664394  
2020 11 19  15  3  0.00     2.3617773810      13.615651826  
2020 11 19  15  4  0.00     2.3617754459      13.615639252  
2020 11 19  15  5  0.00     2.3617735111      13.615626675  
2020 11 19  15  6  0.00     2.3617715766      13.615614092  
2020 11 19  15  7  0.00     2.3617696422      13.615601506  
2020 11 19  15  8  0.00     2.3617677082      13.615588915  
2020 11 19  15  9  0.00     2.3617657743      13.615576319  
2020 11 19  15 10  0.00     2.3617638408      13.615563719  
2020 11 19  15 11  0.00     2.3617619074      13.615551115  
2020 11 19  15 12  0.00     2.3617599743      13.615538506  
2020 11 19  15 13  0.00     2.3617580415      13.615525893  
2020 11 19  15 14  0.00     2.3617561089      13.615513275  
2020 11 19  15 15  0.00     2.3617541765      13.615500653  
2020 11 19  15 16  0.00     2.3617522444      13.615488027  
2020 11 19  15 17  0.00     2.3617503125      13.615475396  
2020 11 19  15 18  0.00     2.3617483809      13.615462760  
2020 11 19  15 19  0.00     2.3617464496      13.615450121  
2020 11 19  15 20  0.00     2.3617445185      13.615437477  
2020 11 19  15 21  0.00     2.3617425876      13.615424828  
2020 11 19  15 22  0.00     2.3617406570      13.615412175  
2020 11 19  15 23  0.00     2.3617387267      13.615399518  
2020 11 19  15 24  0.00     2.3617367966      13.615386856  
2020 11 19  15 25  0.00     2.3617348668      13.615374190  
2020 11 19  15 26  0.00     2.3617329372      13.615361520  
2020 11 19  15 27  0.00     2.3617310079      13.615348845  
2020 11 19  15 28  0.00     2.3617290788      13.615336166  
2020 11 19  15 29  0.00     2.3617271500      13.615323483  
2020 11 19  15 30  0.00     2.3617252215      13.615310795  
2020 11 19  15 31  0.00     2.3617232932      13.615298103  
2020 11 19  15 32  0.00     2.3617213652      13.615285407  
2020 11 19  15 33  0.00     2.3617194375      13.615272706  
2020 11 19  15 34  0.00     2.3617175100      13.615260001  
2020 11 19  15 35  0.00     2.3617155828      13.615247291  
2020 11 19  15 36  0.00     2.3617136558      13.615234578  
2020 11 19  15 37  0.00     2.3617117292      13.615221860  
2020 11 19  15 38  0.00     2.3617098027      13.615209137  
2020 11 19  15 39  0.00     2.3617078766      13.615196411  
2020 11 19  15 40  0.00     2.3617059507      13.615183680  
2020 11 19  15 41  0.00     2.3617040251      13.615170944  
2020 11 19  15 42  0.00     2.3617020998      13.615158205  
2020 11 19  15 43  0.00     2.3617001747      13.615145461  
2020 11 19  15 44  0.00     2.3616982499      13.615132713  
2020 11 19  15 45  0.00     2.3616963254      13.615119961  
2020 11 19  15 46  0.00     2.3616944012      13.615107204  
2020 11 19  15 47  0.00     2.3616924772      13.615094443  
2020 11 19  15 48  0.00     2.3616905536      13.615081678  
2020 11 19  15 49  0.00     2.3616886301      13.615068909  
2020 11 19  15 50  0.00     2.3616867070      13.615056135  
2020 11 19  15 51  0.00     2.3616847842      13.615043357  
2020 11 19  15 52  0.00     2.3616828616      13.615030575  
2020 11 19  15 53  0.00     2.3616809393      13.615017789  
2020 11 19  15 54  0.00     2.3616790173      13.615004998  
2020 11 19  15 55  0.00     2.3616770956      13.614992203  
2020 11 19  15 56  0.00     2.3616751741      13.614979404  
2020 11 19  15 57  0.00     2.3616732530      13.614966601  
2020 11 19  15 58  0.00     2.3616713321      13.614953794  
2020 11 19  15 59  0.00     2.3616694115      13.614940982  
2020 11 19  16  0  0.00     2.3616674912      13.614928166  
2020 11 19  16  1  0.00     2.3616655712      13.614915346  
2020 11 19  16  2  0.00     2.3616636515      13.614902522  
2020 11 19  16  3  0.00     2.3616617321      13.614889694  
2020 11 19  16  4  0.00     2.3616598129      13.614876861  
2020 11 19  16  5  0.00     2.3616578941      13.614864025  
2020 11 19  16  6  0.00     2.3616559755      13.614851184  
2020 11 19  16  7  0.00     2.3616540573      13.614838339  
2020 11 19  16  8  0.00     2.3616521393      13.614825490  
2020 11 19  16  9  0.00     2.3616502216      13.614812636  
2020 11 19  16 10  0.00     2.3616483042      13.614799779  
2020 11 19  16 11  0.00     2.3616463872      13.614786917  
2020 11 19  16 12  0.00     2.3616444704      13.614774051  
2020 11 19  16 13  0.00     2.3616425539      13.614761182  
2020 11 19  16 14  0.00     2.3616406377      13.614748308  
2020 11 19  16 15  0.00     2.3616387218      13.614735430  
2020 11 19  16 16  0.00     2.3616368062      13.614722547  
2020 11 19  16 17  0.00     2.3616348909      13.614709661  
2020 11 19  16 18  0.00     2.3616329760      13.614696771  
2020 11 19  16 19  0.00     2.3616310613      13.614683876  
2020 11 19  16 20  0.00     2.3616291469      13.614670978  
2020 11 19  16 21  0.00     2.3616272328      13.614658075  
2020 11 19  16 22  0.00     2.3616253191      13.614645168  
2020 11 19  16 23  0.00     2.3616234056      13.614632257  
2020 11 19  16 24  0.00     2.3616214924      13.614619342  
2020 11 19  16 25  0.00     2.3616195796      13.614606424  
2020 11 19  16 26  0.00     2.3616176671      13.614593501  
2020 11 19  16 27  0.00     2.3616157548      13.614580573  
2020 11 19  16 28  0.00     2.3616138429      13.614567642  
2020 11 19  16 29  0.00     2.3616119313      13.614554707  
2020 11 19  16 30  0.00     2.3616100200      13.614541768  
2020 11 19  16 31  0.00     2.3616081090      13.614528825  
2020 11 19  16 32  0.00     2.3616061984      13.614515878  
2020 11 19  16 33  0.00     2.3616042880      13.614502927  
2020 11 19  16 34  0.00     2.3616023780      13.614489971  
2020 11 19  16 35  0.00     2.3616004683      13.614477012  
2020 11 19  16 36  0.00     2.3615985589      13.614464049  
2020 11 19  16 37  0.00     2.3615966498      13.614451082  
2020 11 19  16 38  0.00     2.3615947410      13.614438110  
2020 11 19  16 39  0.00     2.3615928326      13.614425135  
2020 11 19  16 40  0.00     2.3615909245      13.614412156  
2020 11 19  16 41  0.00     2.3615890167      13.614399173  
2020 11 19  16 42  0.00     2.3615871092      13.614386186  
2020 11 19  16 43  0.00     2.3615852020      13.614373195  
2020 11 19  16 44  0.00     2.3615832952      13.614360200  
2020 11 19  16 45  0.00     2.3615813887      13.614347201  
2020 11 19  16 46  0.00     2.3615794825      13.614334198  
2020 11 19  16 47  0.00     2.3615775767      13.614321191  
2020 11 19  16 48  0.00     2.3615756711      13.614308180  
2020 11 19  16 49  0.00     2.3615737659      13.614295166  
2020 11 19  16 50  0.00     2.3615718611      13.614282147  
2020 11 19  16 51  0.00     2.3615699565      13.614269125  
2020 11 19  16 52  0.00     2.3615680523      13.614256098  
2020 11 19  16 53  0.00     2.3615661484      13.614243068  
2020 11 19  16 54  0.00     2.3615642449      13.614230034  
2020 11 19  16 55  0.00     2.3615623417      13.614216996  
2020 11 19  16 56  0.00     2.3615604388      13.614203954  
2020 11 19  16 57  0.00     2.3615585363      13.614190908  
2020 11 19  16 58  0.00     2.3615566340      13.614177858  
2020 11 19  16 59  0.00     2.3615547322      13.614164805  
2020 11 19  17  0  0.00     2.3615528306      13.614151747  
2020 11 19  17  1  0.00     2.3615509294      13.614138686  
2020 11 19  17  2  0.00     2.3615490286      13.614125621  
2020 11 19  17  3  0.00     2.3615471281      13.614112552  
2020 11 19  17  4  0.00     2.3615452279      13.614099479  
2020 11 19  17  5  0.00     2.3615433280      13.614086402  
2020 11 19  17  6  0.00     2.3615414285      13.614073322  
2020 11 19  17  7  0.00     2.3615395294      13.614060238  
2020 11 19  17  8  0.00     2.3615376306      13.614047150  
2020 11 19  17  9  0.00     2.3615357321      13.614034058  
2020 11 19  17 10  0.00     2.3615338340      13.614020962  
2020 11 19  17 11  0.00     2.3615319362      13.614007863  
2020 11 19  17 12  0.00     2.3615300388      13.613994760  
2020 11 19  17 13  0.00     2.3615281417      13.613981653  
2020 11 19  17 14  0.00     2.3615262449      13.613968542  
2020 11 19  17 15  0.00     2.3615243485      13.613955427  
2020 11 19  17 16  0.00     2.3615224525      13.613942309  
2020 11 19  17 17  0.00     2.3615205568      13.613929187  
2020 11 19  17 18  0.00     2.3615186615      13.613916061  
2020 11 19  17 19  0.00     2.3615167665      13.613902932  
2020 11 19  17 20  0.00     2.3615148719      13.613889798  
2020 11 19  17 21  0.00     2.3615129776      13.613876661  
2020 11 19  17 22  0.00     2.3615110836      13.613863521  
2020 11 19  17 23  0.00     2.3615091901      13.613850376  
2020 11 19  17 24  0.00     2.3615072969      13.613837228  
2020 11 19  17 25  0.00     2.3615054040      13.613824076  
2020 11 19  17 26  0.00     2.3615035115      13.613810921  
2020 11 19  17 27  0.00     2.3615016193      13.613797761  
2020 11 19  17 28  0.00     2.3614997276      13.613784599  
2020 11 19  17 29  0.00     2.3614978361      13.613771432  
2020 11 19  17 30  0.00     2.3614959451      13.613758262  
2020 11 19  17 31  0.00     2.3614940544      13.613745088  
2020 11 19  17 32  0.00     2.3614921640      13.613731910  
2020 11 19  17 33  0.00     2.3614902740      13.613718729  
2020 11 19  17 34  0.00     2.3614883844      13.613705544  
2020 11 19  17 35  0.00     2.3614864952      13.613692356  
2020 11 19  17 36  0.00     2.3614846063      13.613679164  
2020 11 19  17 37  0.00     2.3614827177      13.613665968  
2020 11 19  17 38  0.00     2.3614808296      13.613652768  
2020 11 19  17 39  0.00     2.3614789418      13.613639565  
2020 11 19  17 40  0.00     2.3614770544      13.613626359  
2020 11 19  17 41  0.00     2.3614751673      13.613613149  
2020 11 19  17 42  0.00     2.3614732806      13.613599935  
2020 11 19  17 43  0.00     2.3614713943      13.613586718  
2020 11 19  17 44  0.00     2.3614695084      13.613573497  
2020 11 19  17 45  0.00     2.3614676228      13.613560272  
2020 11 19  17 46  0.00     2.3614657376      13.613547044  
2020 11 19  17 47  0.00     2.3614638528      13.613533812  
2020 11 19  17 48  0.00     2.3614619683      13.613520577  
2020 11 19  17 49  0.00     2.3614600842      13.613507339  
2020 11 19  17 50  0.00     2.3614582005      13.613494096  
2020 11 19  17 51  0.00     2.3614563172      13.613480850  
2020 11 19  17 52  0.00     2.3614544342      13.613467601  
2020 11 19  17 53  0.00     2.3614525516      13.613454348  
2020 11 19  17 54  0.00     2.3614506694      13.613441092  
2020 11 19  17 55  0.00     2.3614487876      13.613427832  
2020 11 19  17 56  0.00     2.3614469062      13.613414569  
2020 11 19  17 57  0.00     2.3614450251      13.613401302  
2020 11 19  17 58  0.00     2.3614431444      13.613388032  
2020 11 19  17 59  0.00     2.3614412641      13.613374758  
2020 11 19  18  0  0.00     2.3614393842      13.613361480  
2020 11 19  18  1  0.00     2.3614375046      13.613348200  
2020 11 19  18  2  0.00     2.3614356255      13.613334915  
2020 11 19  18  3  0.00     2.3614337467      13.613321628  
2020 11 19  18  4  0.00     2.3614318683      13.613308337  
2020 11 19  18  5  0.00     2.3614299903      13.613295042  
2020 11 19  18  6  0.00     2.3614281127      13.613281744  
2020 11 19  18  7  0.00     2.3614262355      13.613268443  
2020 11 19  18  8  0.00     2.3614243586      13.613255138  
2020 11 19  18  9  0.00     2.3614224822      13.613241830  
2020 11 19  18 10  0.00     2.3614206061      13.613228518  
2020 11 19  18 11  0.00     2.3614187304      13.613215203  
2020 11 19  18 12  0.00     2.3614168552      13.613201885  
2020 11 19  18 13  0.00     2.3614149803      13.613188563  
2020 11 19  18 14  0.00     2.3614131058      13.613175238  
2020 11 19  18 15  0.00     2.3614112316      13.613161909  
2020 11 19  18 16  0.00     2.3614093579      13.613148577  
2020 11 19  18 17  0.00     2.3614074846      13.613135242  
2020 11 19  18 18  0.00     2.3614056117      13.613121904  
2020 11 19  18 19  0.00     2.3614037391      13.613108562  
2020 11 19  18 20  0.00     2.3614018670      13.613095216  
2020 11 19  18 21  0.00     2.3613999952      13.613081868  
2020 11 19  18 22  0.00     2.3613981239      13.613068516  
2020 11 19  18 23  0.00     2.3613962529      13.613055161  
2020 11 19  18 24  0.00     2.3613943824      13.613041802  
2020 11 19  18 25  0.00     2.3613925122      13.613028440  
2020 11 19  18 26  0.00     2.3613906425      13.613015075  
2020 11 19  18 27  0.00     2.3613887731      13.613001707  
2020 11 19  18 28  0.00     2.3613869042      13.612988335  
2020 11 19  18 29  0.00     2.3613850356      13.612974960  
2020 11 19  18 30  0.00     2.3613831675      13.612961582  
2020 11 19  18 31  0.00     2.3613812997      13.612948201  
2020 11 19  18 32  0.00     2.3613794324      13.612934816  
2020 11 19  18 33  0.00     2.3613775654      13.612921428  
2020 11 19  18 34  0.00     2.3613756989      13.612908037  
2020 11 19  18 35  0.00     2.3613738327      13.612894642  
2020 11 19  18 36  0.00     2.3613719670      13.612881245  
2020 11 19  18 37  0.00     2.3613701017      13.612867844  
2020 11 19  18 38  0.00     2.3613682368      13.612854440  
2020 11 19  18 39  0.00     2.3613663723      13.612841033  
2020 11 19  18 40  0.00     2.3613645082      13.612827622  
2020 11 19  18 41  0.00     2.3613626445      13.612814209  
2020 11 19  18 42  0.00     2.3613607812      13.612800792  
2020 11 19  18 43  0.00     2.3613589183      13.612787372  
2020 11 19  18 44  0.00     2.3613570558      13.612773949  
2020 11 19  18 45  0.00     2.3613551938      13.612760522  
2020 11 19  18 46  0.00     2.3613533321      13.612747093  
2020 11 19  18 47  0.00     2.3613514709      13.612733660  
2020 11 19  18 48  0.00     2.3613496101      13.612720225  
2020 11 19  18 49  0.00     2.3613477497      13.612706786  
2020 11 19  18 50  0.00     2.3613458897      13.612693344  
2020 11 19  18 51  0.00     2.3613440301      13.612679899  
2020 11 19  18 52  0.00     2.3613421710      13.612666451  
2020 11 19  18 53  0.00     2.3613403122      13.612652999  
2020 11 19  18 54  0.00     2.3613384539      13.612639545  
2020 11 19  18 55  0.00     2.3613365960      13.612626088  
2020 11 19  18 56  0.00     2.3613347385      13.612612627  
2020 11 19  18 57  0.00     2.3613328814      13.612599164  
2020 11 19  18 58  0.00     2.3613310247      13.612585697  
2020 11 19  18 59  0.00     2.3613291685      13.612572227  
2020 11 19  19  0  0.00     2.3613273127      13.612558755  
2020 11 19  19  1  0.00     2.3613254573      13.612545279  
2020 11 19  19  2  0.00     2.3613236023      13.612531800  
2020 11 19  19  3  0.00     2.3613217477      13.612518318  
2020 11 19  19  4  0.00     2.3613198936      13.612504834  
2020 11 19  19  5  0.00     2.3613180399      13.612491346  
2020 11 19  19  6  0.00     2.3613161866      13.612477855  
2020 11 19  19  7  0.00     2.3613143337      13.612464361  
2020 11 19  19  8  0.00     2.3613124813      13.612450864  
2020 11 19  19  9  0.00     2.3613106293      13.612437364  
2020 11 19  19 10  0.00     2.3613087777      13.612423862  
2020 11 19  19 11  0.00     2.3613069265      13.612410356  
2020 11 19  19 12  0.00     2.3613050758      13.612396847  
2020 11 19  19 13  0.00     2.3613032254      13.612383336  
2020 11 19  19 14  0.00     2.3613013755      13.612369821  
2020 11 19  19 15  0.00     2.3612995261      13.612356304  
2020 11 19  19 16  0.00     2.3612976770      13.612342783  
2020 11 19  19 17  0.00     2.3612958284      13.612329260  
2020 11 19  19 18  0.00     2.3612939803      13.612315734  
2020 11 19  19 19  0.00     2.3612921325      13.612302205  
2020 11 19  19 20  0.00     2.3612902852      13.612288673  
2020 11 19  19 21  0.00     2.3612884383      13.612275138  
2020 11 19  19 22  0.00     2.3612865918      13.612261600  
2020 11 19  19 23  0.00     2.3612847458      13.612248059  
2020 11 19  19 24  0.00     2.3612829002      13.612234516  
2020 11 19  19 25  0.00     2.3612810551      13.612220969  
2020 11 19  19 26  0.00     2.3612792103      13.612207420  
2020 11 19  19 27  0.00     2.3612773660      13.612193868  
2020 11 19  19 28  0.00     2.3612755222      13.612180313  
2020 11 19  19 29  0.00     2.3612736787      13.612166755  
2020 11 19  19 30  0.00     2.3612718358      13.612153195  
2020 11 19  19 31  0.00     2.3612699932      13.612139631  
2020 11 19  19 32  0.00     2.3612681511      13.612126065  
2020 11 19  19 33  0.00     2.3612663094      13.612112496  
2020 11 19  19 34  0.00     2.3612644681      13.612098925  
2020 11 19  19 35  0.00     2.3612626273      13.612085350  
2020 11 19  19 36  0.00     2.3612607870      13.612071773  
2020 11 19  19 37  0.00     2.3612589470      13.612058193  
2020 11 19  19 38  0.00     2.3612571075      13.612044610  
2020 11 19  19 39  0.00     2.3612552685      13.612031024  
2020 11 19  19 40  0.00     2.3612534299      13.612017436  
2020 11 19  19 41  0.00     2.3612515917      13.612003845  
2020 11 19  19 42  0.00     2.3612497539      13.611990251  
2020 11 19  19 43  0.00     2.3612479166      13.611976655  
2020 11 19  19 44  0.00     2.3612460798      13.611963056  
2020 11 19  19 45  0.00     2.3612442434      13.611949454  
2020 11 19  19 46  0.00     2.3612424074      13.611935849  
2020 11 19  19 47  0.00     2.3612405719      13.611922242  
2020 11 19  19 48  0.00     2.3612387368      13.611908632  
2020 11 19  19 49  0.00     2.3612369021      13.611895019  
2020 11 19  19 50  0.00     2.3612350679      13.611881404  
2020 11 19  19 51  0.00     2.3612332342      13.611867786  
2020 11 19  19 52  0.00     2.3612314009      13.611854165  
2020 11 19  19 53  0.00     2.3612295680      13.611840542  
2020 11 19  19 54  0.00     2.3612277356      13.611826916  
2020 11 19  19 55  0.00     2.3612259036      13.611813288  
2020 11 19  19 56  0.00     2.3612240721      13.611799657  
2020 11 19  19 57  0.00     2.3612222410      13.611786023  
2020 11 19  19 58  0.00     2.3612204104      13.611772387  
2020 11 19  19 59  0.00     2.3612185802      13.611758748  
2020 11 19  20  0  0.00     2.3612167504      13.611745106  
2020 11 19  20  1  0.00     2.3612149211      13.611731462  
2020 11 19  20  2  0.00     2.3612130923      13.611717816  
2020 11 19  20  3  0.00     2.3612112639      13.611704167  
2020 11 19  20  4  0.00     2.3612094359      13.611690515  
2020 11 19  20  5  0.00     2.3612076084      13.611676861  
2020 11 19  20  6  0.00     2.3612057814      13.611663204  
2020 11 19  20  7  0.00     2.3612039548      13.611649544  
2020 11 19  20  8  0.00     2.3612021287      13.611635883  
2020 11 19  20  9  0.00     2.3612003030      13.611622218  
2020 11 19  20 10  0.00     2.3611984777      13.611608551  
2020 11 19  20 11  0.00     2.3611966529      13.611594882  
2020 11 19  20 12  0.00     2.3611948286      13.611581210  
2020 11 19  20 13  0.00     2.3611930047      13.611567536  
2020 11 19  20 14  0.00     2.3611911813      13.611553859  
2020 11 19  20 15  0.00     2.3611893583      13.611540180  
2020 11 19  20 16  0.00     2.3611875358      13.611526498  
2020 11 19  20 17  0.00     2.3611857137      13.611512814  
2020 11 19  20 18  0.00     2.3611838921      13.611499127  
2020 11 19  20 19  0.00     2.3611820709      13.611485438  
2020 11 19  20 20  0.00     2.3611802502      13.611471746  
2020 11 19  20 21  0.00     2.3611784299      13.611458053  
2020 11 19  20 22  0.00     2.3611766101      13.611444356  
2020 11 19  20 23  0.00     2.3611747908      13.611430658  
2020 11 19  20 24  0.00     2.3611729719      13.611416956  
2020 11 19  20 25  0.00     2.3611711535      13.611403253  
2020 11 19  20 26  0.00     2.3611693355      13.611389547  
2020 11 19  20 27  0.00     2.3611675180      13.611375839  
2020 11 19  20 28  0.00     2.3611657009      13.611362128  
2020 11 19  20 29  0.00     2.3611638843      13.611348415  
2020 11 19  20 30  0.00     2.3611620681      13.611334700  
---
2020 11 20  10 36  0.00     2.3597631774      13.599660727  
2020 11 20  10 37  0.00     2.3597616249      13.599647575  
2020 11 20  10 38  0.00     2.3597600725      13.599634425  
2020 11 20  10 39  0.00     2.3597585203      13.599621278  
2020 11 20  10 40  0.00     2.3597569682      13.599608135  
2020 11 20  10 41  0.00     2.3597554162      13.599594993  
2020 11 20  10 42  0.00     2.3597538644      13.599581855  
2020 11 20  10 43  0.00     2.3597523126      13.599568720  
2020 11 20  10 44  0.00     2.3597507610      13.599555587  
2020 11 20  10 45  0.00     2.3597492096      13.599542457  
2020 11 20  10 46  0.00     2.3597476582      13.599529329  
2020 11 20  10 47  0.00     2.3597461070      13.599516205  
2020 11 20  10 48  0.00     2.3597445559      13.599503083  
2020 11 20  10 49  0.00     2.3597430049      13.599489965  
2020 11 20  10 50  0.00     2.3597414541      13.599476849  
2020 11 20  10 51  0.00     2.3597399033      13.599463735  
2020 11 20  10 52  0.00     2.3597383527      13.599450625  
2020 11 20  10 53  0.00     2.3597368022      13.599437517  
2020 11 20  10 54  0.00     2.3597352519      13.599424413  
2020 11 20  10 55  0.00     2.3597337017      13.599411311  
2020 11 20  10 56  0.00     2.3597321516      13.599398212  
2020 11 20  10 57  0.00     2.3597306016      13.599385115  
2020 11 20  10 58  0.00     2.3597290517      13.599372022  
2020 11 20  10 59  0.00     2.3597275020      13.599358931  
2020 11 20  11  0  0.00     2.3597259524      13.599345843  
2020 11 20  11  1  0.00     2.3597244030      13.599332758  
2020 11 20  11  2  0.00     2.3597228536      13.599319676  
2020 11 20  11  3  0.00     2.3597213044      13.599306597  
2020 11 20  11  4  0.00     2.3597197553      13.599293521  
2020 11 20  11  5  0.00     2.3597182063      13.599280447  
2020 11 20  11  6  0.00     2.3597166575      13.599267376  
2020 11 20  11  7  0.00     2.3597151088      13.599254308  
2020 11 20  11  8  0.00     2.3597135602      13.599241243  
2020 11 20  11  9  0.00     2.3597120117      13.599228181  
2020 11 20  11 10  0.00     2.3597104634      13.599215122  
2020 11 20  11 11  0.00     2.3597089152      13.599202065  
2020 11 20  11 12  0.00     2.3597073671      13.599189012  
2020 11 20  11 13  0.00     2.3597058191      13.599175961  
2020 11 20  11 14  0.00     2.3597042713      13.599162914  
2020 11 20  11 15  0.00     2.3597027236      13.599149869  
2020 11 20  11 16  0.00     2.3597011760      13.599136827  
2020 11 20  11 17  0.00     2.3596996285      13.599123787  
2020 11 20  11 18  0.00     2.3596980812      13.599110751  
2020 11 20  11 19  0.00     2.3596965340      13.599097718  
2020 11 20  11 20  0.00     2.3596949870      13.599084687  
2020 11 20  11 21  0.00     2.3596934400      13.599071660  
2020 11 20  11 22  0.00     2.3596918932      13.599058635  
2020 11 20  11 23  0.00     2.3596903465      13.599045614  
2020 11 20  11 24  0.00     2.3596888000      13.599032595  
2020 11 20  11 25  0.00     2.3596872535      13.599019579  
2020 11 20  11 26  0.00     2.3596857072      13.599006566  
2020 11 20  11 27  0.00     2.3596841611      13.598993556  
2020 11 20  11 28  0.00     2.3596826150      13.598980549  
2020 11 20  11 29  0.00     2.3596810691      13.598967545  
2020 11 20  11 30  0.00     2.3596795233      13.598954543  
2020 11 20  11 31  0.00     2.3596779776      13.598941545  
2020 11 20  11 32  0.00     2.3596764321      13.598928550  
2020 11 20  11 33  0.00     2.3596748867      13.598915557  
2020 11 20  11 34  0.00     2.3596733414      13.598902568  
2020 11 20  11 35  0.00     2.3596717963      13.598889581  
2020 11 20  11 36  0.00     2.3596702513      13.598876598  
2020 11 20  11 37  0.00     2.3596687064      13.598863617  
2020 11 20  11 38  0.00     2.3596671616      13.598850639  
2020 11 20  11 39  0.00     2.3596656170      13.598837665  
2020 11 20  11 40  0.00     2.3596640725      13.598824693  
2020 11 20  11 41  0.00     2.3596625282      13.598811724  
2020 11 20  11 42  0.00     2.3596609839      13.598798758  
2020 11 20  11 43  0.00     2.3596594398      13.598785795  
2020 11 20  11 44  0.00     2.3596578959      13.598772835  
2020 11 20  11 45  0.00     2.3596563520      13.598759879  
2020 11 20  11 46  0.00     2.3596548083      13.598746925  
2020 11 20  11 47  0.00     2.3596532647      13.598733974  
2020 11 20  11 48  0.00     2.3596517213      13.598721026  
2020 11 20  11 49  0.00     2.3596501780      13.598708081  
2020 11 20  11 50  0.00     2.3596486348      13.598695139  
2020 11 20  11 51  0.00     2.3596470917      13.598682200  
2020 11 20  11 52  0.00     2.3596455488      13.598669264  
2020 11 20  11 53  0.00     2.3596440060      13.598656331  
2020 11 20  11 54  0.00     2.3596424634      13.598643401  
2020 11 20  11 55  0.00     2.3596409209      13.598630474  
2020 11 20  11 56  0.00     2.3596393785      13.598617550  
2020 11 20  11 57  0.00     2.3596378362      13.598604629  
2020 11 20  11 58  0.00     2.3596362941      13.598591712  
2020 11 20  11 59  0.00     2.3596347521      13.598578797  
2020 11 20  12  0  0.00     2.3596332103      13.598565885  
2020 11 20  12  1  0.00     2.3596316685      13.598552976  
2020 11 20  12  2  0.00     2.3596301269      13.598540071  
2020 11 20  12  3  0.00     2.3596285855      13.598527168  
2020 11 20  12  4  0.00     2.3596270442      13.598514268  
2020 11 20  12  5  0.00     2.3596255030      13.598501372  
2020 11 20  12  6  0.00     2.3596239619      13.598488478  
2020 11 20  12  7  0.00     2.3596224210      13.598475588  
2020 11 20  12  8  0.00     2.3596208803      13.598462700  
2020 11 20  12  9  0.00     2.3596193396      13.598449816  
2020 11 20  12 10  0.00     2.3596177991      13.598436934  
2020 11 20  12 11  0.00     2.3596162587      13.598424056  
2020 11 20  12 12  0.00     2.3596147185      13.598411181  
2020 11 20  12 13  0.00     2.3596131784      13.598398309  
2020 11 20  12 14  0.00     2.3596116385      13.598385440  
2020 11 20  12 15  0.00     2.3596100986      13.598372574  
2020 11 20  12 16  0.00     2.3596085590      13.598359711  
2020 11 20  12 17  0.00     2.3596070194      13.598346851  
2020 11 20  12 18  0.00     2.3596054800      13.598333995  
2020 11 20  12 19  0.00     2.3596039407      13.598321141  
2020 11 20  12 20  0.00     2.3596024016      13.598308290  
2020 11 20  12 21  0.00     2.3596008626      13.598295443  
2020 11 20  12 22  0.00     2.3595993237      13.598282599  
2020 11 20  12 23  0.00     2.3595977850      13.598269758  
2020 11 20  12 24  0.00     2.3595962465      13.598256920  
2020 11 20  12 25  0.00     2.3595947080      13.598244085  
2020 11 20  12 26  0.00     2.3595931697      13.598231253  
2020 11 20  12 27  0.00     2.3595916316      13.598218424  
2020 11 20  12 28  0.00     2.3595900935      13.598205598  
2020 11 20  12 29  0.00     2.3595885557      13.598192776  
2020 11 20  12 30  0.00     2.3595870179      13.598179956  
2020 11 20  12 31  0.00     2.3595854803      13.598167140  
2020 11 20  12 32  0.00     2.3595839429      13.598154327  
2020 11 20  12 33  0.00     2.3595824056      13.598141517  
2020 11 20  12 34  0.00     2.3595808684      13.598128710  
2020 11 20  12 35  0.00     2.3595793314      13.598115907  
2020 11 20  12 36  0.00     2.3595777945      13.598103106  
2020 11 20  12 37  0.00     2.3595762577      13.598090309  
2020 11 20  12 38  0.00     2.3595747211      13.598077515  
2020 11 20  12 39  0.00     2.3595731847      13.598064724  
2020 11 20  12 40  0.00     2.3595716484      13.598051936  
2020 11 20  12 41  0.00     2.3595701122      13.598039151  
2020 11 20  12 42  0.00     2.3595685762      13.598026370  
2020 11 20  12 43  0.00     2.3595670403      13.598013591  
2020 11 20  12 44  0.00     2.3595655046      13.598000816  
2020 11 20  12 45  0.00     2.3595639690      13.597988044  
2020 11 20  12 46  0.00     2.3595624335      13.597975275  
2020 11 20  12 47  0.00     2.3595608982      13.597962510  
2020 11 20  12 48  0.00     2.3595593631      13.597949747  
2020 11 20  12 49  0.00     2.3595578280      13.597936988  
2020 11 20  12 50  0.00     2.3595562932      13.597924232  
2020 11 20  12 51  0.00     2.3595547585      13.597911479  
2020 11 20  12 52  0.00     2.3595532239      13.597898729  
2020 11 20  12 53  0.00     2.3595516895      13.597885983  
2020 11 20  12 54  0.00     2.3595501552      13.597873240  
2020 11 20  12 55  0.00     2.3595486211      13.597860500  
2020 11 20  12 56  0.00     2.3595470871      13.597847763  
2020 11 20  12 57  0.00     2.3595455533      13.597835029  
2020 11 20  12 58  0.00     2.3595440196      13.597822299  
2020 11 20  12 59  0.00     2.3595424861      13.597809572  
2020 11 20  13  0  0.00     2.3595409527      13.597796848  
2020 11 20  13  1  0.00     2.3595394194      13.597784128  
2020 11 20  13  2  0.00     2.3595378864      13.597771410  
2020 11 20  13  3  0.00     2.3595363534      13.597758696  
2020 11 20  13  4  0.00     2.3595348206      13.597745985  
2020 11 20  13  5  0.00     2.3595332880      13.597733277  
2020 11 20  13  6  0.00     2.3595317555      13.597720573  
2020 11 20  13  7  0.00     2.3595302232      13.597707872  
2020 11 20  13  8  0.00     2.3595286910      13.597695174  
2020 11 20  13  9  0.00     2.3595271590      13.597682479  
2020 11 20  13 10  0.00     2.3595256271      13.597669788  
2020 11 20  13 11  0.00     2.3595240954      13.597657100  
2020 11 20  13 12  0.00     2.3595225639      13.597644415  
2020 11 20  13 13  0.00     2.3595210324      13.597631734  
2020 11 20  13 14  0.00     2.3595195012      13.597619055  
2020 11 20  13 15  0.00     2.3595179701      13.597606380  
2020 11 20  13 16  0.00     2.3595164391      13.597593709  
2020 11 20  13 17  0.00     2.3595149083      13.597581040  
2020 11 20  13 18  0.00     2.3595133777      13.597568375  
2020 11 20  13 19  0.00     2.3595118472      13.597555714  
2020 11 20  13 20  0.00     2.3595103169      13.597543055  
2020 11 20  13 21  0.00     2.3595087867      13.597530400  
2020 11 20  13 22  0.00     2.3595072567      13.597517748  
2020 11 20  13 23  0.00     2.3595057269      13.597505100  
2020 11 20  13 24  0.00     2.3595041972      13.597492454  
2020 11 20  13 25  0.00     2.3595026676      13.597479812  
2020 11 20  13 26  0.00     2.3595011383      13.597467174  
2020 11 20  13 27  0.00     2.3594996090      13.597454539  
2020 11 20  13 28  0.00     2.3594980800      13.597441907  
2020 11 20  13 29  0.00     2.3594965511      13.597429278  
2020 11 20  13 30  0.00     2.3594950223      13.597416653  
2020 11 20  13 31  0.00     2.3594934937      13.597404031  
2020 11 20  13 32  0.00     2.3594919653      13.597391413  
2020 11 20  13 33  0.00     2.3594904370      13.597378797  
2020 11 20  13 34  0.00     2.3594889089      13.597366186  
2020 11 20  13 35  0.00     2.3594873810      13.597353577  
2020 11 20  13 36  0.00     2.3594858532      13.597340972  
2020 11 20  13 37  0.00     2.3594843256      13.597328370  
2020 11 20  13 38  0.00     2.3594827981      13.597315772  
2020 11 20  13 39  0.00     2.3594812708      13.597303177  
2020 11 20  13 40  0.00     2.3594797437      13.597290585  
2020 11 20  13 41  0.00     2.3594782167      13.597277997  
2020 11 20  13 42  0.00     2.3594766899      13.597265412  
2020 11 20  13 43  0.00     2.3594751633      13.597252831  
2020 11 20  13 44  0.00     2.3594736368      13.597240253  
2020 11 20  13 45  0.00     2.3594721105      13.597227678  
2020 11 20  13 46  0.00     2.3594705844      13.597215107  
2020 11 20  13 47  0.00     2.3594690584      13.597202539  
2020 11 20  13 48  0.00     2.3594675326      13.597189974  
2020 11 20  13 49  0.00     2.3594660069      13.597177413  
2020 11 20  13 50  0.00     2.3594644815      13.597164855  
2020 11 20  13 51  0.00     2.3594629561      13.597152301  
2020 11 20  13 52  0.00     2.3594614310      13.597139750  
2020 11 20  13 53  0.00     2.3594599060      13.597127203  
2020 11 20  13 54  0.00     2.3594583812      13.597114659  
2020 11 20  13 55  0.00     2.3594568566      13.597102118  
2020 11 20  13 56  0.00     2.3594553321      13.597089581  
2020 11 20  13 57  0.00     2.3594538078      13.597077048  
2020 11 20  13 58  0.00     2.3594522837      13.597064517  
2020 11 20  13 59  0.00     2.3594507597      13.597051991  
2020 11 20  14  0  0.00     2.3594492359      13.597039467  
2020 11 20  14  1  0.00     2.3594477123      13.597026948  
2020 11 20  14  2  0.00     2.3594461889      13.597014431  
2020 11 20  14  3  0.00     2.3594446656      13.597001918  
2020 11 20  14  4  0.00     2.3594431425      13.596989409  
2020 11 20  14  5  0.00     2.3594416196      13.596976903  
2020 11 20  14  6  0.00     2.3594400968      13.596964400  
2020 11 20  14  7  0.00     2.3594385742      13.596951901  
2020 11 20  14  8  0.00     2.3594370518      13.596939406  
2020 11 20  14  9  0.00     2.3594355296      13.596926913  
2020 11 20  14 10  0.00     2.3594340075      13.596914425  
2020 11 20  14 11  0.00     2.3594324857      13.596901940  
2020 11 20  14 12  0.00     2.3594309639      13.596889458  
2020 11 20  14 13  0.00     2.3594294424      13.596876980  
2020 11 20  14 14  0.00     2.3594279211      13.596864505  
2020 11 20  14 15  0.00     2.3594263999      13.596852034  
2020 11 20  14 16  0.00     2.3594248789      13.596839567  
2020 11 20  14 17  0.00     2.3594233580      13.596827103  
2020 11 20  14 18  0.00     2.3594218374      13.596814642  
2020 11 20  14 19  0.00     2.3594203169      13.596802185  
2020 11 20  14 20  0.00     2.3594187966      13.596789732  
2020 11 20  14 21  0.00     2.3594172765      13.596777282  
2020 11 20  14 22  0.00     2.3594157566      13.596764835  
2020 11 20  14 23  0.00     2.3594142368      13.596752392  
2020 11 20  14 24  0.00     2.3594127173      13.596739953  
2020 11 20  14 25  0.00     2.3594111979      13.596727517  
2020 11 20  14 26  0.00     2.3594096787      13.596715085  
2020 11 20  14 27  0.00     2.3594081596      13.596702656  
2020 11 20  14 28  0.00     2.3594066408      13.596690231  
2020 11 20  14 29  0.00     2.3594051221      13.596677809  
2020 11 20  14 30  0.00     2.3594036037      13.596665391  
2020 11 20  14 31  0.00     2.3594020854      13.596652977  
2020 11 20  14 32  0.00     2.3594005672      13.596640566  
2020 11 20  14 33  0.00     2.3593990493      13.596628159  
2020 11 20  14 34  0.00     2.3593975316      13.596615755  
2020 11 20  14 35  0.00     2.3593960140      13.596603355  
2020 11 20  14 36  0.00     2.3593944966      13.596590959  
2020 11 20  14 37  0.00     2.3593929794      13.596578566  
2020 11 20  14 38  0.00     2.3593914624      13.596566176  
2020 11 20  14 39  0.00     2.3593899456      13.596553791  
2020 11 20  14 40  0.00     2.3593884290      13.596541408  
2020 11 20  14 41  0.00     2.3593869125      13.596529030  
2020 11 20  14 42  0.00     2.3593853963      13.596516655  
2020 11 20  14 43  0.00     2.3593838802      13.596504284  
2020 11 20  14 44  0.00     2.3593823643      13.596491916  
2020 11 20  14 45  0.00     2.3593808487      13.596479552  
2020 11 20  14 46  0.00     2.3593793332      13.596467192  
2020 11 20  14 47  0.00     2.3593778178      13.596454835  
2020 11 20  14 48  0.00     2.3593763027      13.596442482  
2020 11 20  14 49  0.00     2.3593747878      13.596430132  
2020 11 20  14 50  0.00     2.3593732731      13.596417786  
2020 11 20  14 51  0.00     2.3593717585      13.596405444  
2020 11 20  14 52  0.00     2.3593702442      13.596393106  
2020 11 20  14 53  0.00     2.3593687300      13.596380771  
2020 11 20  14 54  0.00     2.3593672160      13.596368440  
2020 11 20  14 55  0.00     2.3593657023      13.596356112  
2020 11 20  14 56  0.00     2.3593641887      13.596343788  
2020 11 20  14 57  0.00     2.3593626753      13.596331468  
2020 11 20  14 58  0.00     2.3593611621      13.596319152  
2020 11 20  14 59  0.00     2.3593596491      13.596306839  
2020 11 20  15  0  0.00     2.3593581363      13.596294530  
2020 11 20  15  1  0.00     2.3593566237      13.596282224  
2020 11 20  15  2  0.00     2.3593551113      13.596269922  
2020 11 20  15  3  0.00     2.3593535991      13.596257624  
2020 11 20  15  4  0.00     2.3593520870      13.596245330  
2020 11 20  15  5  0.00     2.3593505752      13.596233039  
2020 11 20  15  6  0.00     2.3593490636      13.596220752  
2020 11 20  15  7  0.00     2.3593475522      13.596208469  
2020 11 20  15  8  0.00     2.3593460409      13.596196190  
2020 11 20  15  9  0.00     2.3593445299      13.596183914  
2020 11 20  15 10  0.00     2.3593430191      13.596171642  
2020 11 20  15 11  0.00     2.3593415085      13.596159373  
2020 11 20  15 12  0.00     2.3593399980      13.596147109  
2020 11 20  15 13  0.00     2.3593384878      13.596134848  
2020 11 20  15 14  0.00     2.3593369778      13.596122591  
2020 11 20  15 15  0.00     2.3593354680      13.596110338  
2020 11 20  15 16  0.00     2.3593339583      13.596098088  
2020 11 20  15 17  0.00     2.3593324489      13.596085842  
2020 11 20  15 18  0.00     2.3593309397      13.596073600  
2020 11 20  15 19  0.00     2.3593294307      13.596061362  
2020 11 20  15 20  0.00     2.3593279219      13.596049127  
2020 11 20  15 21  0.00     2.3593264133      13.596036897  
2020 11 20  15 22  0.00     2.3593249049      13.596024670  
2020 11 20  15 23  0.00     2.3593233967      13.596012446  
2020 11 20  15 24  0.00     2.3593218887      13.596000227  
2020 11 20  15 25  0.00     2.3593203809      13.595988011  
2020 11 20  15 26  0.00     2.3593188733      13.595975800  
2020 11 20  15 27  0.00     2.3593173660      13.595963591  
2020 11 20  15 28  0.00     2.3593158588      13.595951387  
2020 11 20  15 29  0.00     2.3593143519      13.595939187  
2020 11 20  15 30  0.00     2.3593128451      13.595926990  
2020 11 20  15 31  0.00     2.3593113386      13.595914797  
2020 11 20  15 32  0.00     2.3593098322      13.595902609  
2020 11 20  15 33  0.00     2.3593083261      13.595890423  
2020 11 20  15 34  0.00     2.3593068202      13.595878242  
2020 11 20  15 35  0.00     2.3593053145      13.595866065  
2020 11 20  15 36  0.00     2.3593038090      13.595853891  
2020 11 20  15 37  0.00     2.3593023037      13.595841721  
2020 11 20  15 38  0.00     2.3593007987      13.595829555  
2020 11 20  15 39  0.00     2.3592992938      13.595817393  
2020 11 20  15 40  0.00     2.3592977892      13.595805235  
2020 11 20  15 41  0.00     2.3592962847      13.595793081  
2020 11 20  15 42  0.00     2.3592947805      13.595780930  
2020 11 20  15 43  0.00     2.3592932765      13.595768783  
2020 11 20  15 44  0.00     2.3592917727      13.595756641  
2020 11 20  15 45  0.00     2.3592902692      13.595744502  
2020 11 20  15 46  0.00     2.3592887658      13.595732367  
2020 11 20  15 47  0.00     2.3592872627      13.595720236  
2020 11 20  15 48  0.00     2.3592857597      13.595708108  
2020 11 20  15 49  0.00     2.3592842570      13.595695985  
2020 11 20  15 50  0.00     2.3592827545      13.595683866  
2020 11 20  15 51  0.00     2.3592812522      13.595671750  
2020 11 20  15 52  0.00     2.3592797502      13.595659639  
2020 11 20  15 53  0.00     2.3592782483      13.595647531  
2020 11 20  15 54  0.00     2.3592767467      13.595635427  
2020 11 20  15 55  0.00     2.3592752453      13.595623327  
2020 11 20  15 56  0.00     2.3592737441      13.595611231  
2020 11 20  15 57  0.00     2.3592722431      13.595599139  
2020 11 20  15 58  0.00     2.3592707424      13.595587051  
2020 11 20  15 59  0.00     2.3592692418      13.595574967  
2020 11 20  16  0  0.00     2.3592677415      13.595562887  
2020 11 20  16  1  0.00     2.3592662414      13.595550811  
2020 11 20  16  2  0.00     2.3592647416      13.595538738  
2020 11 20  16  3  0.00     2.3592632419      13.595526670  
2020 11 20  16  4  0.00     2.3592617425      13.595514606  
2020 11 20  16  5  0.00     2.3592602433      13.595502545  
2020 11 20  16  6  0.00     2.3592587443      13.595490489  
2020 11 20  16  7  0.00     2.3592572456      13.595478436  
2020 11 20  16  8  0.00     2.3592557470      13.595466388  
2020 11 20  16  9  0.00     2.3592542487      13.595454343  
2020 11 20  16 10  0.00     2.3592527507      13.595442303  
2020 11 20  16 11  0.00     2.3592512528      13.595430266  
2020 11 20  16 12  0.00     2.3592497552      13.595418234  
2020 11 20  16 13  0.00     2.3592482578      13.595406205  
2020 11 20  16 14  0.00     2.3592467606      13.595394181  
2020 11 20  16 15  0.00     2.3592452636      13.595382160  
2020 11 20  16 16  0.00     2.3592437669      13.595370144  
2020 11 20  16 17  0.00     2.3592422704      13.595358131  
2020 11 20  16 18  0.00     2.3592407741      13.595346123  
2020 11 20  16 19  0.00     2.3592392781      13.595334118  
2020 11 20  16 20  0.00     2.3592377823      13.595322118  
2020 11 20  16 21  0.00     2.3592362867      13.595310121  
2020 11 20  16 22  0.00     2.3592347914      13.595298129  
2020 11 20  16 23  0.00     2.3592332962      13.595286141  
2020 11 20  16 24  0.00     2.3592318013      13.595274157  
2020 11 20  16 25  0.00     2.3592303067      13.595262176  
2020 11 20  16 26  0.00     2.3592288122      13.595250200  
2020 11 20  16 27  0.00     2.3592273180      13.595238228  
2020 11 20  16 28  0.00     2.3592258241      13.595226260  
2020 11 20  16 29  0.00     2.3592243303      13.595214296  
2020 11 20  16 30  0.00     2.3592228368      13.595202337  
2020 11 20  16 31  0.00     2.3592213436      13.595190381  
2020 11 20  16 32  0.00     2.3592198505      13.595178429  
2020 11 20  16 33  0.00     2.3592183577      13.595166482  
2020 11 20  16 34  0.00     2.3592168651      13.595154538  
2020 11 20  16 35  0.00     2.3592153728      13.595142599  
2020 11 20  16 36  0.00     2.3592138807      13.595130664  
2020 11 20  16 37  0.00     2.3592123888      13.595118733  
2020 11 20  16 38  0.00     2.3592108972      13.595106806  
2020 11 20  16 39  0.00     2.3592094058      13.595094883  
2020 11 20  16 40  0.00     2.3592079147      13.595082964  
2020 11 20  16 41  0.00     2.3592064238      13.595071049  
2020 11 20  16 42  0.00     2.3592049331      13.595059139  
2020 11 20  16 43  0.00     2.3592034426      13.595047232  
2020 11 20  16 44  0.00     2.3592019524      13.595035330  
2020 11 20  16 45  0.00     2.3592004625      13.595023432  
2020 11 20  16 46  0.00     2.3591989727      13.595011538  
2020 11 20  16 47  0.00     2.3591974832      13.594999648  
2020 11 20  16 48  0.00     2.3591959940      13.594987763  
2020 11 20  16 49  0.00     2.3591945050      13.594975881  
2020 11 20  16 50  0.00     2.3591930162      13.594964004  
2020 11 20  16 51  0.00     2.3591915277      13.594952131  
2020 11 20  16 52  0.00     2.3591900394      13.594940262  
2020 11 20  16 53  0.00     2.3591885513      13.594928397  
2020 11 20  16 54  0.00     2.3591870635      13.594916537  
2020 11 20  16 55  0.00     2.3591855760      13.594904680  
2020 11 20  16 56  0.00     2.3591840886      13.594892828  
2020 11 20  16 57  0.00     2.3591826016      13.594880980  
2020 11 20  16 58  0.00     2.3591811147      13.594869137  
2020 11 20  16 59  0.00     2.3591796281      13.594857297  
2020 11 20  17  0  0.00     2.3591781418      13.594845462  
2020 11 20  17  1  0.00     2.3591766557      13.594833631  
2020 11 20  17  2  0.00     2.3591751698      13.594821804  
2020 11 20  17  3  0.00     2.3591736842      13.594809981  
2020 11 20  17  4  0.00     2.3591721988      13.594798163  
2020 11 20  17  5  0.00     2.3591707137      13.594786349  
2020 11 20  17  6  0.00     2.3591692288      13.594774539  
2020 11 20  17  7  0.00     2.3591677442      13.594762733  
2020 11 20  17  8  0.00     2.3591662598      13.594750932  
2020 11 20  17  9  0.00     2.3591647757      13.594739135  
2020 11 20  17 10  0.00     2.3591632918      13.594727342  
2020 11 20  17 11  0.00     2.3591618081      13.594715553  
2020 11 20  17 12  0.00     2.3591603247      13.594703769  
2020 11 20  17 13  0.00     2.3591588416      13.594691989  
2020 11 20  17 14  0.00     2.3591573587      13.594680213  
2020 11 20  17 15  0.00     2.3591558760      13.594668442  
2020 11 20  17 16  0.00     2.3591543936      13.594656674  
2020 11 20  17 17  0.00     2.3591529115      13.594644912  
2020 11 20  17 18  0.00     2.3591514296      13.594633153  
2020 11 20  17 19  0.00     2.3591499479      13.594621399  
2020 11 20  17 20  0.00     2.3591484665      13.594609649  
2020 11 20  17 21  0.00     2.3591469854      13.594597903  
2020 11 20  17 22  0.00     2.3591455045      13.594586162  
2020 11 20  17 23  0.00     2.3591440238      13.594574425  
2020 11 20  17 24  0.00     2.3591425434      13.594562692  
2020 11 20  17 25  0.00     2.3591410633      13.594550964  
2020 11 20  17 26  0.00     2.3591395834      13.594539240  
2020 11 20  17 27  0.00     2.3591381038      13.594527520  
2020 11 20  17 28  0.00     2.3591366244      13.594515805  
2020 11 20  17 29  0.00     2.3591351453      13.594504094  
2020 11 20  17 30  0.00     2.3591336664      13.594492388  
2020 11 20  17 31  0.00     2.3591321878      13.594480686  
2020 11 20  17 32  0.00     2.3591307094      13.594468988  
2020 11 20  17 33  0.00     2.3591292313      13.594457294  
2020 11 20  17 34  0.00     2.3591277534      13.594445605  
2020 11 20  17 35  0.00     2.3591262758      13.594433921  
2020 11 20  17 36  0.00     2.3591247985      13.594422240  
2020 11 20  17 37  0.00     2.3591233214      13.594410565  
2020 11 20  17 38  0.00     2.3591218446      13.594398893  
2020 11 20  17 39  0.00     2.3591203680      13.594387226  
2020 11 20  17 40  0.00     2.3591188917      13.594375563  
2020 11 20  17 41  0.00     2.3591174156      13.594363905  
2020 11 20  17 42  0.00     2.3591159398      13.594352251  
2020 11 20  17 43  0.00     2.3591144642      13.594340602  
2020 11 20  17 44  0.00     2.3591129890      13.594328957  
2020 11 20  17 45  0.00     2.3591115139      13.594317316  
2020 11 20  17 46  0.00     2.3591100392      13.594305680  
2020 11 20  17 47  0.00     2.3591085646      13.594294049  
2020 11 20  17 48  0.00     2.3591070904      13.594282421  
2020 11 20  17 49  0.00     2.3591056164      13.594270799  
2020 11 20  17 50  0.00     2.3591041427      13.594259180  
2020 11 20  17 51  0.00     2.3591026692      13.594247567  
2020 11 20  17 52  0.00     2.3591011960      13.594235957  
2020 11 20  17 53  0.00     2.3590997230      13.594224352  
2020 11 20  17 54  0.00     2.3590982503      13.594212752  
2020 11 20  17 55  0.00     2.3590967779      13.594201156  
2020 11 20  17 56  0.00     2.3590953057      13.594189565  
2020 11 20  17 57  0.00     2.3590938338      13.594177978  
2020 11 20  17 58  0.00     2.3590923621      13.594166395  
2020 11 20  17 59  0.00     2.3590908908      13.594154817  
2020 11 20  18  0  0.00     2.3590894196      13.594143244  
2020 11 20  18  1  0.00     2.3590879488      13.594131675  
2020 11 20  18  2  0.00     2.3590864782      13.594120111  
2020 11 20  18  3  0.00     2.3590850078      13.594108551  
2020 11 20  18  4  0.00     2.3590835378      13.594096995  
2020 11 20  18  5  0.00     2.3590820680      13.594085445  
2020 11 20  18  6  0.00     2.3590805984      13.594073898  
2020 11 20  18  7  0.00     2.3590791291      13.594062357  
2020 11 20  18  8  0.00     2.3590776601      13.594050819  
2020 11 20  18  9  0.00     2.3590761914      13.594039287  
2020 11 20  18 10  0.00     2.3590747229      13.594027759  
2020 11 20  18 11  0.00     2.3590732547      13.594016235  
2020 11 20  18 12  0.00     2.3590717867      13.594004716  
2020 11 20  18 13  0.00     2.3590703190      13.593993202  
2020 11 20  18 14  0.00     2.3590688516      13.593981692  
2020 11 20  18 15  0.00     2.3590673844      13.593970187  
2020 11 20  18 16  0.00     2.3590659175      13.593958686  
2020 11 20  18 17  0.00     2.3590644509      13.593947190  
2020 11 20  18 18  0.00     2.3590629846      13.593935699  
2020 11 20  18 19  0.00     2.3590615185      13.593924212  
2020 11 20  18 20  0.00     2.3590600526      13.593912730  
2020 11 20  18 21  0.00     2.3590585871      13.593901252  
2020 11 20  18 22  0.00     2.3590571218      13.593889779  
2020 11 20  18 23  0.00     2.3590556568      13.593878311  
2020 11 20  18 24  0.00     2.3590541920      13.593866847  
2020 11 20  18 25  0.00     2.3590527275      13.593855388  
2020 11 20  18 26  0.00     2.3590512633      13.593843934  
2020 11 20  18 27  0.00     2.3590497994      13.593832484  
2020 11 20  18 28  0.00     2.3590483357      13.593821039  
2020 11 20  18 29  0.00     2.3590468723      13.593809598  
2020 11 20  18 30  0.00     2.3590454091      13.593798162  
2020 11 20  18 31  0.00     2.3590439463      13.593786731  
2020 11 20  18 32  0.00     2.3590424837      13.593775305  
2020 11 20  18 33  0.00     2.3590410213      13.593763883  
2020 11 20  18 34  0.00     2.3590395593      13.593752466  
2020 11 20  18 35  0.00     2.3590380975      13.593741053  
2020 11 20  18 36  0.00     2.3590366360      13.593729645  
2020 11 20  18 37  0.00     2.3590351747      13.593718242  
2020 11 20  18 38  0.00     2.3590337137      13.593706844  
2020 11 20  18 39  0.00     2.3590322530      13.593695450  
2020 11 20  18 40  0.00     2.3590307926      13.593684061  
2020 11 20  18 41  0.00     2.3590293324      13.593672677  
2020 11 20  18 42  0.00     2.3590278725      13.593661297  
2020 11 20  18 43  0.00     2.3590264129      13.593649922  
2020 11 20  18 44  0.00     2.3590249535      13.593638552  
2020 11 20  18 45  0.00     2.3590234944      13.593627187  
2020 11 20  18 46  0.00     2.3590220356      13.593615826  
2020 11 20  18 47  0.00     2.3590205771      13.593604470  
2020 11 20  18 48  0.00     2.3590191188      13.593593119  
2020 11 20  18 49  0.00     2.3590176608      13.593581773  
2020 11 20  18 50  0.00     2.3590162031      13.593570431  
2020 11 20  18 51  0.00     2.3590147457      13.593559094  
2020 11 20  18 52  0.00     2.3590132885      13.593547762  
2020 11 20  18 53  0.00     2.3590118316      13.593536435  
2020 11 20  18 54  0.00     2.3590103750      13.593525112  
2020 11 20  18 55  0.00     2.3590089186      13.593513795  
2020 11 20  18 56  0.00     2.3590074625      13.593502482  
2020 11 20  18 57  0.00     2.3590060067      13.593491173  
2020 11 20  18 58  0.00     2.3590045512      13.593479870  
2020 11 20  18 59  0.00     2.3590030959      13.593468571  
2020 11 20  19  0  0.00     2.3590016409      13.593457278  
2020 11 20  19  1  0.00     2.3590001862      13.593445989  
2020 11 20  19  2  0.00     2.3589987318      13.593434705  
2020 11 20  19  3  0.00     2.3589972776      13.593423425  
2020 11 20  19  4  0.00     2.3589958237      13.593412151  
2020 11 20  19  5  0.00     2.3589943701      13.593400881  
2020 11 20  19  6  0.00     2.3589929168      13.593389616  
2020 11 20  19  7  0.00     2.3589914637      13.593378356  
2020 11 20  19  8  0.00     2.3589900109      13.593367101  
2020 11 20  19  9  0.00     2.3589885584      13.593355851  
2020 11 20  19 10  0.00     2.3589871062      13.593344605  
2020 11 20  19 11  0.00     2.3589856542      13.593333365  
2020 11 20  19 12  0.00     2.3589842025      13.593322129  
2020 11 20  19 13  0.00     2.3589827511      13.593310898  
2020 11 20  19 14  0.00     2.3589813000      13.593299672  
2020 11 20  19 15  0.00     2.3589798491      13.593288451  
2020 11 20  19 16  0.00     2.3589783985      13.593277235  
2020 11 20  19 17  0.00     2.3589769482      13.593266024  
2020 11 20  19 18  0.00     2.3589754982      13.593254818  
2020 11 20  19 19  0.00     2.3589740484      13.593243616  
2020 11 20  19 20  0.00     2.3589725989      13.593232420  
2020 11 20  19 21  0.00     2.3589711497      13.593221228  
2020 11 20  19 22  0.00     2.3589697008      13.593210041  
2020 11 20  19 23  0.00     2.3589682521      13.593198859  
2020 11 20  19 24  0.00     2.3589668037      13.593187683  
2020 11 20  19 25  0.00     2.3589653556      13.593176511  
2020 11 20  19 26  0.00     2.3589639078      13.593165344  
2020 11 20  19 27  0.00     2.3589624603      13.593154182  
2020 11 20  19 28  0.00     2.3589610130      13.593143025  
2020 11 20  19 29  0.00     2.3589595660      13.593131872  
2020 11 20  19 30  0.00     2.3589581193      13.593120725  
2020 11 20  19 31  0.00     2.3589566728      13.593109583  
2020 11 20  19 32  0.00     2.3589552267      13.593098446  
2020 11 20  19 33  0.00     2.3589537808      13.593087314  
2020 11 20  19 34  0.00     2.3589523352      13.593076186  
2020 11 20  19 35  0.00     2.3589508898      13.593065064  
2020 11 20  19 36  0.00     2.3589494448      13.593053947  
2020 11 20  19 37  0.00     2.3589480000      13.593042834  
2020 11 20  19 38  0.00     2.3589465555      13.593031727  
2020 11 20  19 39  0.00     2.3589451112      13.593020625  
2020 11 20  19 40  0.00     2.3589436673      13.593009528  
2020 11 20  19 41  0.00     2.3589422236      13.592998435  
2020 11 20  19 42  0.00     2.3589407802      13.592987348  
2020 11 20  19 43  0.00     2.3589393371      13.592976266  
2020 11 20  19 44  0.00     2.3589378942      13.592965189  
2020 11 20  19 45  0.00     2.3589364517      13.592954116  
2020 11 20  19 46  0.00     2.3589350094      13.592943049  
2020 11 20  19 47  0.00     2.3589335674      13.592931987  
2020 11 20  19 48  0.00     2.3589321256      13.592920930  
2020 11 20  19 49  0.00     2.3589306842      13.592909878  
2020 11 20  19 50  0.00     2.3589292430      13.592898831  
2020 11 20  19 51  0.00     2.3589278021      13.592887789  
2020 11 20  19 52  0.00     2.3589263614      13.592876753  
2020 11 20  19 53  0.00     2.3589249211      13.592865721  
2020 11 20  19 54  0.00     2.3589234810      13.592854694  
2020 11 20  19 55  0.00     2.3589220412      13.592843673  
2020 11 20  19 56  0.00     2.3589206017      13.592832656  
2020 11 20  19 57  0.00     2.3589191624      13.592821645  
2020 11 20  19 58  0.00     2.3589177235      13.592810639  
2020 11 20  19 59  0.00     2.3589162848      13.592799638  
2020 11 20  20  0  0.00     2.3589148463      13.592788642  
2020 11 20  20  1  0.00     2.3589134082      13.592777651  
2020 11 20  20  2  0.00     2.3589119703      13.592766665  
2020 11 20  20  3  0.00     2.3589105328      13.592755684  
2020 11 20  20  4  0.00     2.3589090954      13.592744709  
2020 11 20  20  5  0.00     2.3589076584      13.592733738  
2020 11 20  20  6  0.00     2.3589062216      13.592722773  
2020 11 20  20  7  0.00     2.3589047852      13.592711813  
2020 11 20  20  8  0.00     2.3589033490      13.592700858  
2020 11 20  20  9  0.00     2.3589019130      13.592689908  
2020 11 20  20 10  0.00     2.3589004774      13.592678964  
2020 11 20  20 11  0.00     2.3588990420      13.592668024  
2020 11 20  20 12  0.00     2.3588976069      13.592657090  
2020 11 20  20 13  0.00     2.3588961721      13.592646161  
2020 11 20  20 14  0.00     2.3588947375      13.592635237  
2020 11 20  20 15  0.00     2.3588933033      13.592624318  
2020 11 20  20 16  0.00     2.3588918693      13.592613405  
2020 11 20  20 17  0.00     2.3588904355      13.592602496  
2020 11 20  20 18  0.00     2.3588890021      13.592591593  
2020 11 20  20 19  0.00     2.3588875689      13.592580695  
2020 11 20  20 20  0.00     2.3588861360      13.592569802  
2020 11 20  20 21  0.00     2.3588847034      13.592558915  
2020 11 20  20 22  0.00     2.3588832711      13.592548033  
2020 11 20  20 23  0.00     2.3588818390      13.592537156  
2020 11 20  20 24  0.00     2.3588804072      13.592526284  
2020 11 20  20 25  0.00     2.3588789757      13.592515417  
2020 11 20  20 26  0.00     2.3588775444      13.592504556  
---
2020 11 21  10 32  0.00     2.3577037449      13.585488630  
2020 11 21  10 33  0.00     2.3577023067      13.585482913  
2020 11 21  10 34  0.00     2.3577008682      13.585477201  
2020 11 21  10 35  0.00     2.3576994295      13.585471495  
2020 11 21  10 36  0.00     2.3576979904      13.585465793  
2020 11 21  10 37  0.00     2.3576965511      13.585460098  
2020 11 21  10 38  0.00     2.3576951114      13.585454407  
2020 11 21  10 39  0.00     2.3576936715      13.585448722  
2020 11 21  10 40  0.00     2.3576922313      13.585443042  
2020 11 21  10 41  0.00     2.3576907908      13.585437367  
2020 11 21  10 42  0.00     2.3576893500      13.585431697  
2020 11 21  10 43  0.00     2.3576879090      13.585426033  
2020 11 21  10 44  0.00     2.3576864676      13.585420374  
2020 11 21  10 45  0.00     2.3576850260      13.585414720  
2020 11 21  10 46  0.00     2.3576835840      13.585409072  
2020 11 21  10 47  0.00     2.3576821418      13.585403428  
2020 11 21  10 48  0.00     2.3576806993      13.585397790  
2020 11 21  10 49  0.00     2.3576792565      13.585392157  
2020 11 21  10 50  0.00     2.3576778133      13.585386530  
2020 11 21  10 51  0.00     2.3576763700      13.585380907  
2020 11 21  10 52  0.00     2.3576749263      13.585375290  
2020 11 21  10 53  0.00     2.3576734823      13.585369678  
2020 11 21  10 54  0.00     2.3576720380      13.585364071  
2020 11 21  10 55  0.00     2.3576705935      13.585358470  
2020 11 21  10 56  0.00     2.3576691486      13.585352873  
2020 11 21  10 57  0.00     2.3576677035      13.585347282  
2020 11 21  10 58  0.00     2.3576662581      13.585341696  
2020 11 21  10 59  0.00     2.3576648124      13.585336115  
2020 11 21  11  0  0.00     2.3576633664      13.585330539  
2020 11 21  11  1  0.00     2.3576619201      13.585324969  
2020 11 21  11  2  0.00     2.3576604735      13.585319403  
2020 11 21  11  3  0.00     2.3576590266      13.585313843  
2020 11 21  11  4  0.00     2.3576575795      13.585308288  
2020 11 21  11  5  0.00     2.3576561320      13.585302738  
2020 11 21  11  6  0.00     2.3576546843      13.585297193  
2020 11 21  11  7  0.00     2.3576532362      13.585291653  
2020 11 21  11  8  0.00     2.3576517879      13.585286119  
2020 11 21  11  9  0.00     2.3576503393      13.585280589  
2020 11 21  11 10  0.00     2.3576488904      13.585275065  
2020 11 21  11 11  0.00     2.3576474412      13.585269546  
2020 11 21  11 12  0.00     2.3576459917      13.585264032  
2020 11 21  11 13  0.00     2.3576445419      13.585258523  
2020 11 21  11 14  0.00     2.3576430919      13.585253019  
2020 11 21  11 15  0.00     2.3576416415      13.585247520  
2020 11 21  11 16  0.00     2.3576401908      13.585242026  
2020 11 21  11 17  0.00     2.3576387399      13.585236538  
2020 11 21  11 18  0.00     2.3576372887      13.585231054  
2020 11 21  11 19  0.00     2.3576358372      13.585225576  
2020 11 21  11 20  0.00     2.3576343854      13.585220102  
2020 11 21  11 21  0.00     2.3576329333      13.585214634  
2020 11 21  11 22  0.00     2.3576314809      13.585209171  
2020 11 21  11 23  0.00     2.3576300282      13.585203713  
2020 11 21  11 24  0.00     2.3576285752      13.585198259  
2020 11 21  11 25  0.00     2.3576271220      13.585192811  
2020 11 21  11 26  0.00     2.3576256684      13.585187368  
2020 11 21  11 27  0.00     2.3576242146      13.585181930  
2020 11 21  11 28  0.00     2.3576227605      13.585176497  
2020 11 21  11 29  0.00     2.3576213060      13.585171069  
2020 11 21  11 30  0.00     2.3576198513      13.585165646  
2020 11 21  11 31  0.00     2.3576183963      13.585160228  
2020 11 21  11 32  0.00     2.3576169410      13.585154815  
2020 11 21  11 33  0.00     2.3576154855      13.585149408  
2020 11 21  11 34  0.00     2.3576140296      13.585144005  
2020 11 21  11 35  0.00     2.3576125735      13.585138607  
2020 11 21  11 36  0.00     2.3576111170      13.585133214  
2020 11 21  11 37  0.00     2.3576096603      13.585127826  
2020 11 21  11 38  0.00     2.3576082033      13.585122443  
2020 11 21  11 39  0.00     2.3576067459      13.585117065  
2020 11 21  11 40  0.00     2.3576052883      13.585111692  
2020 11 21  11 41  0.00     2.3576038305      13.585106324  
2020 11 21  11 42  0.00     2.3576023723      13.585100961  
2020 11 21  11 43  0.00     2.3576009138      13.585095603  
2020 11 21  11 44  0.00     2.3575994551      13.585090250  
2020 11 21  11 45  0.00     2.3575979960      13.585084901  
2020 11 21  11 46  0.00     2.3575965367      13.585079558  
2020 11 21  11 47  0.00     2.3575950771      13.585074220  
2020 11 21  11 48  0.00     2.3575936172      13.585068886  
2020 11 21  11 49  0.00     2.3575921570      13.585063558  
2020 11 21  11 50  0.00     2.3575906965      13.585058234  
2020 11 21  11 51  0.00     2.3575892357      13.585052916  
2020 11 21  11 52  0.00     2.3575877747      13.585047602  
2020 11 21  11 53  0.00     2.3575863133      13.585042293  
2020 11 21  11 54  0.00     2.3575848517      13.585036989  
2020 11 21  11 55  0.00     2.3575833898      13.585031690  
2020 11 21  11 56  0.00     2.3575819276      13.585026396  
2020 11 21  11 57  0.00     2.3575804651      13.585021107  
2020 11 21  11 58  0.00     2.3575790023      13.585015823  
2020 11 21  11 59  0.00     2.3575775392      13.585010543  
2020 11 21  12  0  0.00     2.3575760759      13.585005269  
2020 11 21  12  1  0.00     2.3575746122      13.584999999  
2020 11 21  12  2  0.00     2.3575731483      13.584994734  
2020 11 21  12  3  0.00     2.3575716841      13.584989474  
2020 11 21  12  4  0.00     2.3575702196      13.584984219  
2020 11 21  12  5  0.00     2.3575687548      13.584978969  
2020 11 21  12  6  0.00     2.3575672898      13.584973723  
2020 11 21  12  7  0.00     2.3575658244      13.584968483  
2020 11 21  12  8  0.00     2.3575643588      13.584963247  
2020 11 21  12  9  0.00     2.3575628929      13.584958016  
2020 11 21  12 10  0.00     2.3575614266      13.584952790  
2020 11 21  12 11  0.00     2.3575599601      13.584947569  
2020 11 21  12 12  0.00     2.3575584934      13.584942352  
2020 11 21  12 13  0.00     2.3575570263      13.584937140  
2020 11 21  12 14  0.00     2.3575555590      13.584931934  
2020 11 21  12 15  0.00     2.3575540913      13.584926731  
2020 11 21  12 16  0.00     2.3575526234      13.584921534  
2020 11 21  12 17  0.00     2.3575511552      13.584916342  
2020 11 21  12 18  0.00     2.3575496867      13.584911154  
2020 11 21  12 19  0.00     2.3575482180      13.584905971  
2020 11 21  12 20  0.00     2.3575467489      13.584900793  
2020 11 21  12 21  0.00     2.3575452796      13.584895620  
2020 11 21  12 22  0.00     2.3575438100      13.584890451  
2020 11 21  12 23  0.00     2.3575423401      13.584885287  
2020 11 21  12 24  0.00     2.3575408699      13.584880128  
2020 11 21  12 25  0.00     2.3575393994      13.584874974  
2020 11 21  12 26  0.00     2.3575379287      13.584869824  
2020 11 21  12 27  0.00     2.3575364577      13.584864679  
2020 11 21  12 28  0.00     2.3575349864      13.584859539  
2020 11 21  12 29  0.00     2.3575335148      13.584854404  
2020 11 21  12 30  0.00     2.3575320429      13.584849273  
2020 11 21  12 31  0.00     2.3575305708      13.584844147  
2020 11 21  12 32  0.00     2.3575290983      13.584839026  
2020 11 21  12 33  0.00     2.3575276256      13.584833910  
2020 11 21  12 34  0.00     2.3575261526      13.584828798  
2020 11 21  12 35  0.00     2.3575246794      13.584823691  
2020 11 21  12 36  0.00     2.3575232058      13.584818588  
2020 11 21  12 37  0.00     2.3575217320      13.584813491  
2020 11 21  12 38  0.00     2.3575202579      13.584808398  
2020 11 21  12 39  0.00     2.3575187835      13.584803309  
2020 11 21  12 40  0.00     2.3575173088      13.584798226  
2020 11 21  12 41  0.00     2.3575158339      13.584793147  
2020 11 21  12 42  0.00     2.3575143587      13.584788072  
2020 11 21  12 43  0.00     2.3575128832      13.584783003  
2020 11 21  12 44  0.00     2.3575114074      13.584777938  
2020 11 21  12 45  0.00     2.3575099313      13.584772877  
2020 11 21  12 46  0.00     2.3575084550      13.584767822  
2020 11 21  12 47  0.00     2.3575069784      13.584762771  
2020 11 21  12 48  0.00     2.3575055015      13.584757724  
2020 11 21  12 49  0.00     2.3575040243      13.584752682  
2020 11 21  12 50  0.00     2.3575025469      13.584747645  
2020 11 21  12 51  0.00     2.3575010692      13.584742613  
2020 11 21  12 52  0.00     2.3574995912      13.584737585  
2020 11 21  12 53  0.00     2.3574981129      13.584732562  
2020 11 21  12 54  0.00     2.3574966344      13.584727543  
2020 11 21  12 55  0.00     2.3574951555      13.584722529  
2020 11 21  12 56  0.00     2.3574936764      13.584717519  
2020 11 21  12 57  0.00     2.3574921971      13.584712514  
2020 11 21  12 58  0.00     2.3574907174      13.584707514  
2020 11 21  12 59  0.00     2.3574892375      13.584702518  
2020 11 21  13  0  0.00     2.3574877573      13.584697527  
2020 11 21  13  1  0.00     2.3574862769      13.584692541  
2020 11 21  13  2  0.00     2.3574847961      13.584687559  
2020 11 21  13  3  0.00     2.3574833151      13.584682581  
2020 11 21  13  4  0.00     2.3574818338      13.584677609  
2020 11 21  13  5  0.00     2.3574803523      13.584672640  
2020 11 21  13  6  0.00     2.3574788704      13.584667677  
2020 11 21  13  7  0.00     2.3574773883      13.584662717  
2020 11 21  13  8  0.00     2.3574759060      13.584657763  
2020 11 21  13  9  0.00     2.3574744233      13.584652813  
2020 11 21  13 10  0.00     2.3574729404      13.584647867  
2020 11 21  13 11  0.00     2.3574714572      13.584642926  
2020 11 21  13 12  0.00     2.3574699738      13.584637990  
2020 11 21  13 13  0.00     2.3574684901      13.584633058  
2020 11 21  13 14  0.00     2.3574670061      13.584628130  
2020 11 21  13 15  0.00     2.3574655218      13.584623207  
2020 11 21  13 16  0.00     2.3574640373      13.584618289  
2020 11 21  13 17  0.00     2.3574625525      13.584613375  
2020 11 21  13 18  0.00     2.3574610674      13.584608465  
2020 11 21  13 19  0.00     2.3574595821      13.584603560  
2020 11 21  13 20  0.00     2.3574580965      13.584598660  
2020 11 21  13 21  0.00     2.3574566106      13.584593764  
2020 11 21  13 22  0.00     2.3574551245      13.584588872  
2020 11 21  13 23  0.00     2.3574536381      13.584583985  
2020 11 21  13 24  0.00     2.3574521514      13.584579102  
2020 11 21  13 25  0.00     2.3574506645      13.584574224  
2020 11 21  13 26  0.00     2.3574491773      13.584569350  
2020 11 21  13 27  0.00     2.3574476898      13.584564481  
2020 11 21  13 28  0.00     2.3574462021      13.584559616  
2020 11 21  13 29  0.00     2.3574447141      13.584554756  
2020 11 21  13 30  0.00     2.3574432258      13.584549900  
2020 11 21  13 31  0.00     2.3574417373      13.584545049  
2020 11 21  13 32  0.00     2.3574402485      13.584540202  
2020 11 21  13 33  0.00     2.3574387595      13.584535359  
2020 11 21  13 34  0.00     2.3574372701      13.584530521  
2020 11 21  13 35  0.00     2.3574357806      13.584525687  
2020 11 21  13 36  0.00     2.3574342907      13.584520857  
2020 11 21  13 37  0.00     2.3574328006      13.584516032  
2020 11 21  13 38  0.00     2.3574313103      13.584511212  
2020 11 21  13 39  0.00     2.3574298196      13.584506396  
2020 11 21  13 40  0.00     2.3574283287      13.584501584  
2020 11 21  13 41  0.00     2.3574268376      13.584496776  
2020 11 21  13 42  0.00     2.3574253462      13.584491973  
2020 11 21  13 43  0.00     2.3574238545      13.584487175  
2020 11 21  13 44  0.00     2.3574223626      13.584482380  
2020 11 21  13 45  0.00     2.3574208704      13.584477590  
2020 11 21  13 46  0.00     2.3574193780      13.584472805  
2020 11 21  13 47  0.00     2.3574178853      13.584468024  
2020 11 21  13 48  0.00     2.3574163923      13.584463247  
2020 11 21  13 49  0.00     2.3574148991      13.584458474  
2020 11 21  13 50  0.00     2.3574134056      13.584453706  
2020 11 21  13 51  0.00     2.3574119119      13.584448942  
2020 11 21  13 52  0.00     2.3574104179      13.584444183  
2020 11 21  13 53  0.00     2.3574089236      13.584439428  
2020 11 21  13 54  0.00     2.3574074291      13.584434677  
2020 11 21  13 55  0.00     2.3574059344      13.584429930  
2020 11 21  13 56  0.00     2.3574044393      13.584425188  
2020 11 21  13 57  0.00     2.3574029441      13.584420450  
2020 11 21  13 58  0.00     2.3574014485      13.584415717  
2020 11 21  13 59  0.00     2.3573999528      13.584410987  
2020 11 21  14  0  0.00     2.3573984567      13.584406262  
2020 11 21  14  1  0.00     2.3573969605      13.584401542  
2020 11 21  14  2  0.00     2.3573954639      13.584396825  
2020 11 21  14  3  0.00     2.3573939671      13.584392113  
2020 11 21  14  4  0.00     2.3573924701      13.584387405  
2020 11 21  14  5  0.00     2.3573909728      13.584382702  
2020 11 21  14  6  0.00     2.3573894752      13.584378002  
2020 11 21  14  7  0.00     2.3573879774      13.584373307  
2020 11 21  14  8  0.00     2.3573864794      13.584368617  
2020 11 21  14  9  0.00     2.3573849811      13.584363930  
2020 11 21  14 10  0.00     2.3573834826      13.584359248  
2020 11 21  14 11  0.00     2.3573819838      13.584354570  
2020 11 21  14 12  0.00     2.3573804847      13.584349896  
2020 11 21  14 13  0.00     2.3573789854      13.584345226  
2020 11 21  14 14  0.00     2.3573774859      13.584340561  
2020 11 21  14 15  0.00     2.3573759861      13.584335900  
2020 11 21  14 16  0.00     2.3573744860      13.584331243  
2020 11 21  14 17  0.00     2.3573729858      13.584326591  
2020 11 21  14 18  0.00     2.3573714852      13.584321942  
2020 11 21  14 19  0.00     2.3573699844      13.584317298  
2020 11 21  14 20  0.00     2.3573684834      13.584312658  
2020 11 21  14 21  0.00     2.3573669822      13.584308022  
2020 11 21  14 22  0.00     2.3573654806      13.584303390  
2020 11 21  14 23  0.00     2.3573639789      13.584298763  
2020 11 21  14 24  0.00     2.3573624769      13.584294140  
2020 11 21  14 25  0.00     2.3573609746      13.584289521  
2020 11 21  14 26  0.00     2.3573594721      13.584284906  
2020 11 21  14 27  0.00     2.3573579694      13.584280295  
2020 11 21  14 28  0.00     2.3573564664      13.584275689  
2020 11 21  14 29  0.00     2.3573549632      13.584271086  
2020 11 21  14 30  0.00     2.3573534597      13.584266488  
2020 11 21  14 31  0.00     2.3573519560      13.584261894  
2020 11 21  14 32  0.00     2.3573504521      13.584257304  
2020 11 21  14 33  0.00     2.3573489479      13.584252718  
2020 11 21  14 34  0.00     2.3573474435      13.584248137  
2020 11 21  14 35  0.00     2.3573459388      13.584243559  
2020 11 21  14 36  0.00     2.3573444339      13.584238986  
2020 11 21  14 37  0.00     2.3573429288      13.584234417  
2020 11 21  14 38  0.00     2.3573414234      13.584229852  
2020 11 21  14 39  0.00     2.3573399178      13.584225291  
2020 11 21  14 40  0.00     2.3573384119      13.584220734  
2020 11 21  14 41  0.00     2.3573369058      13.584216181  
2020 11 21  14 42  0.00     2.3573353995      13.584211633  
2020 11 21  14 43  0.00     2.3573338929      13.584207088  
2020 11 21  14 44  0.00     2.3573323861      13.584202548  
2020 11 21  14 45  0.00     2.3573308791      13.584198011  
2020 11 21  14 46  0.00     2.3573293718      13.584193479  
2020 11 21  14 47  0.00     2.3573278643      13.584188951  
2020 11 21  14 48  0.00     2.3573263566      13.584184427  
2020 11 21  14 49  0.00     2.3573248486      13.584179907  
2020 11 21  14 50  0.00     2.3573233404      13.584175391  
2020 11 21  14 51  0.00     2.3573218320      13.584170879  
2020 11 21  14 52  0.00     2.3573203233      13.584166371  
2020 11 21  14 53  0.00     2.3573188144      13.584161867  
2020 11 21  14 54  0.00     2.3573173052      13.584157368  
2020 11 21  14 55  0.00     2.3573157959      13.584152872  
2020 11 21  14 56  0.00     2.3573142863      13.584148381  
2020 11 21  14 57  0.00     2.3573127764      13.584143893  
2020 11 21  14 58  0.00     2.3573112664      13.584139409  
2020 11 21  14 59  0.00     2.3573097561      13.584134930  
2020 11 21  15  0  0.00     2.3573082456      13.584130455  
2020 11 21  15  1  0.00     2.3573067348      13.584125983  
2020 11 21  15  2  0.00     2.3573052238      13.584121516  
2020 11 21  15  3  0.00     2.3573037126      13.584117052  
2020 11 21  15  4  0.00     2.3573022012      13.584112593  
2020 11 21  15  5  0.00     2.3573006896      13.584108138  
2020 11 21  15  6  0.00     2.3572991777      13.584103686  
2020 11 21  15  7  0.00     2.3572976656      13.584099239  
2020 11 21  15  8  0.00     2.3572961532      13.584094795  
2020 11 21  15  9  0.00     2.3572946407      13.584090356  
2020 11 21  15 10  0.00     2.3572931279      13.584085921  
2020 11 21  15 11  0.00     2.3572916149      13.584081489  
2020 11 21  15 12  0.00     2.3572901016      13.584077062  
2020 11 21  15 13  0.00     2.3572885882      13.584072638  
2020 11 21  15 14  0.00     2.3572870745      13.584068219  
2020 11 21  15 15  0.00     2.3572855606      13.584063803  
2020 11 21  15 16  0.00     2.3572840465      13.584059392  
2020 11 21  15 17  0.00     2.3572825321      13.584054984  
2020 11 21  15 18  0.00     2.3572810176      13.584050580  
2020 11 21  15 19  0.00     2.3572795028      13.584046181  
2020 11 21  15 20  0.00     2.3572779878      13.584041785  
2020 11 21  15 21  0.00     2.3572764726      13.584037393  
2020 11 21  15 22  0.00     2.3572749571      13.584033005  
2020 11 21  15 23  0.00     2.3572734415      13.584028621  
2020 11 21  15 24  0.00     2.3572719256      13.584024241  
2020 11 21  15 25  0.00     2.3572704095      13.584019865  
2020 11 21  15 26  0.00     2.3572688932      13.584015493  
2020 11 21  15 27  0.00     2.3572673766      13.584011124  
2020 11 21  15 28  0.00     2.3572658599      13.584006760  
2020 11 21  15 29  0.00     2.3572643429      13.584002399  
2020 11 21  15 30  0.00     2.3572628257      13.583998043  
2020 11 21  15 31  0.00     2.3572613083      13.583993690  
2020 11 21  15 32  0.00     2.3572597907      13.583989341  
2020 11 21  15 33  0.00     2.3572582729      13.583984996  
2020 11 21  15 34  0.00     2.3572567548      13.583980655  
2020 11 21  15 35  0.00     2.3572552366      13.583976318  
2020 11 21  15 36  0.00     2.3572537181      13.583971985  
2020 11 21  15 37  0.00     2.3572521994      13.583967655  
2020 11 21  15 38  0.00     2.3572506806      13.583963330  
2020 11 21  15 39  0.00     2.3572491614      13.583959008  
2020 11 21  15 40  0.00     2.3572476421      13.583954690  
2020 11 21  15 41  0.00     2.3572461226      13.583950376  
2020 11 21  15 42  0.00     2.3572446029      13.583946066  
2020 11 21  15 43  0.00     2.3572430829      13.583941760  
2020 11 21  15 44  0.00     2.3572415628      13.583937458  
2020 11 21  15 45  0.00     2.3572400424      13.583933159  
2020 11 21  15 46  0.00     2.3572385218      13.583928864  
2020 11 21  15 47  0.00     2.3572370011      13.583924573  
2020 11 21  15 48  0.00     2.3572354801      13.583920286  
2020 11 21  15 49  0.00     2.3572339589      13.583916003  
2020 11 21  15 50  0.00     2.3572324375      13.583911724  
2020 11 21  15 51  0.00     2.3572309159      13.583907448  
2020 11 21  15 52  0.00     2.3572293941      13.583903176  
2020 11 21  15 53  0.00     2.3572278720      13.583898908  
2020 11 21  15 54  0.00     2.3572263498      13.583894644  
2020 11 21  15 55  0.00     2.3572248274      13.583890383  
2020 11 21  15 56  0.00     2.3572233047      13.583886127  
2020 11 21  15 57  0.00     2.3572217819      13.583881874  
2020 11 21  15 58  0.00     2.3572202589      13.583877625  
2020 11 21  15 59  0.00     2.3572187356      13.583873380  
2020 11 21  16  0  0.00     2.3572172122      13.583869138  
2020 11 21  16  1  0.00     2.3572156885      13.583864900  
2020 11 21  16  2  0.00     2.3572141647      13.583860666  
2020 11 21  16  3  0.00     2.3572126407      13.583856436  
2020 11 21  16  4  0.00     2.3572111164      13.583852210  
2020 11 21  16  5  0.00     2.3572095920      13.583847987  
2020 11 21  16  6  0.00     2.3572080673      13.583843768  
2020 11 21  16  7  0.00     2.3572065425      13.583839553  
2020 11 21  16  8  0.00     2.3572050174      13.583835342  
2020 11 21  16  9  0.00     2.3572034922      13.583831134  
2020 11 21  16 10  0.00     2.3572019667      13.583826930  
2020 11 21  16 11  0.00     2.3572004411      13.583822730  
2020 11 21  16 12  0.00     2.3571989153      13.583818533  
2020 11 21  16 13  0.00     2.3571973892      13.583814340  
2020 11 21  16 14  0.00     2.3571958630      13.583810151  
2020 11 21  16 15  0.00     2.3571943366      13.583805966  
2020 11 21  16 16  0.00     2.3571928100      13.583801784  
2020 11 21  16 17  0.00     2.3571912832      13.583797607  
2020 11 21  16 18  0.00     2.3571897562      13.583793432  
2020 11 21  16 19  0.00     2.3571882290      13.583789262  
2020 11 21  16 20  0.00     2.3571867016      13.583785095  
2020 11 21  16 21  0.00     2.3571851740      13.583780932  
2020 11 21  16 22  0.00     2.3571836462      13.583776773  
2020 11 21  16 23  0.00     2.3571821182      13.583772617  
2020 11 21  16 24  0.00     2.3571805901      13.583768465  
2020 11 21  16 25  0.00     2.3571790617      13.583764316  
2020 11 21  16 26  0.00     2.3571775332      13.583760172  
2020 11 21  16 27  0.00     2.3571760045      13.583756031  
2020 11 21  16 28  0.00     2.3571744755      13.583751893  
2020 11 21  16 29  0.00     2.3571729464      13.583747760  
2020 11 21  16 30  0.00     2.3571714171      13.583743630  
2020 11 21  16 31  0.00     2.3571698876      13.583739503  
2020 11 21  16 32  0.00     2.3571683580      13.583735381  
2020 11 21  16 33  0.00     2.3571668281      13.583731262  
2020 11 21  16 34  0.00     2.3571652981      13.583727146  
2020 11 21  16 35  0.00     2.3571637678      13.583723034  
2020 11 21  16 36  0.00     2.3571622374      13.583718926  
2020 11 21  16 37  0.00     2.3571607068      13.583714822  
2020 11 21  16 38  0.00     2.3571591760      13.583710721  
2020 11 21  16 39  0.00     2.3571576450      13.583706624  
2020 11 21  16 40  0.00     2.3571561139      13.583702530  
2020 11 21  16 41  0.00     2.3571545825      13.583698440  
2020 11 21  16 42  0.00     2.3571530510      13.583694353  
2020 11 21  16 43  0.00     2.3571515193      13.583690271  
2020 11 21  16 44  0.00     2.3571499874      13.583686191  
2020 11 21  16 45  0.00     2.3571484553      13.583682116  
2020 11 21  16 46  0.00     2.3571469230      13.583678044  
2020 11 21  16 47  0.00     2.3571453906      13.583673975  
2020 11 21  16 48  0.00     2.3571438580      13.583669911  
2020 11 21  16 49  0.00     2.3571423252      13.583665849  
2020 11 21  16 50  0.00     2.3571407922      13.583661792  
2020 11 21  16 51  0.00     2.3571392590      13.583657738  
2020 11 21  16 52  0.00     2.3571377257      13.583653687  
2020 11 21  16 53  0.00     2.3571361922      13.583649640  
2020 11 21  16 54  0.00     2.3571346585      13.583645597  
2020 11 21  16 55  0.00     2.3571331246      13.583641557  
2020 11 21  16 56  0.00     2.3571315905      13.583637521  
2020 11 21  16 57  0.00     2.3571300563      13.583633488  
2020 11 21  16 58  0.00     2.3571285219      13.583629459  
2020 11 21  16 59  0.00     2.3571269873      13.583625434  
2020 11 21  17  0  0.00     2.3571254525      13.583621412  
2020 11 21  17  1  0.00     2.3571239176      13.583617393  
2020 11 21  17  2  0.00     2.3571223825      13.583613378  
2020 11 21  17  3  0.00     2.3571208472      13.583609367  
2020 11 21  17  4  0.00     2.3571193118      13.583605359  
2020 11 21  17  5  0.00     2.3571177761      13.583601355  
2020 11 21  17  6  0.00     2.3571162403      13.583597354  
2020 11 21  17  7  0.00     2.3571147043      13.583593356  
2020 11 21  17  8  0.00     2.3571131682      13.583589363  
2020 11 21  17  9  0.00     2.3571116319      13.583585372  
2020 11 21  17 10  0.00     2.3571100954      13.583581386  
2020 11 21  17 11  0.00     2.3571085587      13.583577402  
2020 11 21  17 12  0.00     2.3571070219      13.583573423  
2020 11 21  17 13  0.00     2.3571054849      13.583569446  
2020 11 21  17 14  0.00     2.3571039477      13.583565474  
2020 11 21  17 15  0.00     2.3571024103      13.583561504  
2020 11 21  17 16  0.00     2.3571008728      13.583557539  
2020 11 21  17 17  0.00     2.3570993351      13.583553576  
2020 11 21  17 18  0.00     2.3570977973      13.583549617  
2020 11 21  17 19  0.00     2.3570962593      13.583545662  
2020 11 21  17 20  0.00     2.3570947211      13.583541710  
2020 11 21  17 21  0.00     2.3570931827      13.583537762  
2020 11 21  17 22  0.00     2.3570916442      13.583533817  
2020 11 21  17 23  0.00     2.3570901055      13.583529875  
2020 11 21  17 24  0.00     2.3570885666      13.583525937  
2020 11 21  17 25  0.00     2.3570870276      13.583522003  
2020 11 21  17 26  0.00     2.3570854884      13.583518072  
2020 11 21  17 27  0.00     2.3570839491      13.583514144  
2020 11 21  17 28  0.00     2.3570824096      13.583510220  
2020 11 21  17 29  0.00     2.3570808699      13.583506299  
2020 11 21  17 30  0.00     2.3570793300      13.583502382  
2020 11 21  17 31  0.00     2.3570777900      13.583498468  
2020 11 21  17 32  0.00     2.3570762499      13.583494557  
2020 11 21  17 33  0.00     2.3570747095      13.583490650  
2020 11 21  17 34  0.00     2.3570731690      13.583486747  
2020 11 21  17 35  0.00     2.3570716284      13.583482846  
2020 11 21  17 36  0.00     2.3570700875      13.583478950  
2020 11 21  17 37  0.00     2.3570685466      13.583475056  
2020 11 21  17 38  0.00     2.3570670054      13.583471166  
2020 11 21  17 39  0.00     2.3570654641      13.583467280  
2020 11 21  17 40  0.00     2.3570639227      13.583463396  
2020 11 21  17 41  0.00     2.3570623810      13.583459517  
2020 11 21  17 42  0.00     2.3570608393      13.583455640  
2020 11 21  17 43  0.00     2.3570592973      13.583451767  
2020 11 21  17 44  0.00     2.3570577552      13.583447898  
2020 11 21  17 45  0.00     2.3570562130      13.583444031  
2020 11 21  17 46  0.00     2.3570546706      13.583440169  
2020 11 21  17 47  0.00     2.3570531280      13.583436309  
2020 11 21  17 48  0.00     2.3570515853      13.583432453  
2020 11 21  17 49  0.00     2.3570500424      13.583428600  
2020 11 21  17 50  0.00     2.3570484993      13.583424751  
2020 11 21  17 51  0.00     2.3570469562      13.583420905  
2020 11 21  17 52  0.00     2.3570454128      13.583417062  
2020 11 21  17 53  0.00     2.3570438693      13.583413223  
2020 11 21  17 54  0.00     2.3570423256      13.583409387  
2020 11 21  17 55  0.00     2.3570407818      13.583405554  
2020 11 21  17 56  0.00     2.3570392378      13.583401725  
2020 11 21  17 57  0.00     2.3570376937      13.583397899  
2020 11 21  17 58  0.00     2.3570361495      13.583394077  
2020 11 21  17 59  0.00     2.3570346050      13.583390257  
2020 11 21  18  0  0.00     2.3570330604      13.583386442  
2020 11 21  18  1  0.00     2.3570315157      13.583382629  
2020 11 21  18  2  0.00     2.3570299708      13.583378820  
2020 11 21  18  3  0.00     2.3570284258      13.583375014  
2020 11 21  18  4  0.00     2.3570268806      13.583371211  
2020 11 21  18  5  0.00     2.3570253352      13.583367412  
2020 11 21  18  6  0.00     2.3570237898      13.583363616  
2020 11 21  18  7  0.00     2.3570222441      13.583359823  
2020 11 21  18  8  0.00     2.3570206983      13.583356034  
2020 11 21  18  9  0.00     2.3570191524      13.583352248  
2020 11 21  18 10  0.00     2.3570176063      13.583348465  
2020 11 21  18 11  0.00     2.3570160601      13.583344686  
2020 11 21  18 12  0.00     2.3570145137      13.583340909  
2020 11 21  18 13  0.00     2.3570129671      13.583337137  
2020 11 21  18 14  0.00     2.3570114204      13.583333367  
2020 11 21  18 15  0.00     2.3570098736      13.583329601  
2020 11 21  18 16  0.00     2.3570083266      13.583325838  
2020 11 21  18 17  0.00     2.3570067795      13.583322078  
2020 11 21  18 18  0.00     2.3570052322      13.583318321  
2020 11 21  18 19  0.00     2.3570036848      13.583314568  
2020 11 21  18 20  0.00     2.3570021372      13.583310818  
2020 11 21  18 21  0.00     2.3570005895      13.583307071  
2020 11 21  18 22  0.00     2.3569990417      13.583303328  
2020 11 21  18 23  0.00     2.3569974937      13.583299588  
2020 11 21  18 24  0.00     2.3569959455      13.583295851  
2020 11 21  18 25  0.00     2.3569943972      13.583292117  
2020 11 21  18 26  0.00     2.3569928488      13.583288386  
2020 11 21  18 27  0.00     2.3569913002      13.583284659  
2020 11 21  18 28  0.00     2.3569897515      13.583280935  
2020 11 21  18 29  0.00     2.3569882026      13.583277214  
2020 11 21  18 30  0.00     2.3569866536      13.583273497  
2020 11 21  18 31  0.00     2.3569851045      13.583269782  
2020 11 21  18 32  0.00     2.3569835552      13.583266071  
2020 11 21  18 33  0.00     2.3569820057      13.583262364  
2020 11 21  18 34  0.00     2.3569804561      13.583258659  
2020 11 21  18 35  0.00     2.3569789064      13.583254957  
2020 11 21  18 36  0.00     2.3569773566      13.583251259  
2020 11 21  18 37  0.00     2.3569758066      13.583247564  
2020 11 21  18 38  0.00     2.3569742564      13.583243872  
2020 11 21  18 39  0.00     2.3569727061      13.583240184  
2020 11 21  18 40  0.00     2.3569711557      13.583236498  
2020 11 21  18 41  0.00     2.3569696051      13.583232816  
2020 11 21  18 42  0.00     2.3569680544      13.583229137  
2020 11 21  18 43  0.00     2.3569665036      13.583225461  
2020 11 21  18 44  0.00     2.3569649526      13.583221788  
2020 11 21  18 45  0.00     2.3569634015      13.583218119  
2020 11 21  18 46  0.00     2.3569618502      13.583214453  
2020 11 21  18 47  0.00     2.3569602988      13.583210789  
2020 11 21  18 48  0.00     2.3569587473      13.583207129  
2020 11 21  18 49  0.00     2.3569571956      13.583203473  
2020 11 21  18 50  0.00     2.3569556438      13.583199819  
2020 11 21  18 51  0.00     2.3569540919      13.583196168  
2020 11 21  18 52  0.00     2.3569525398      13.583192521  
2020 11 21  18 53  0.00     2.3569509875      13.583188877  
2020 11 21  18 54  0.00     2.3569494352      13.583185236  
2020 11 21  18 55  0.00     2.3569478827      13.583181598  
2020 11 21  18 56  0.00     2.3569463301      13.583177963  
2020 11 21  18 57  0.00     2.3569447773      13.583174332  
2020 11 21  18 58  0.00     2.3569432244      13.583170703  
2020 11 21  18 59  0.00     2.3569416713      13.583167078  
2020 11 21  19  0  0.00     2.3569401182      13.583163456  
2020 11 21  19  1  0.00     2.3569385649      13.583159837  
2020 11 21  19  2  0.00     2.3569370114      13.583156221  
2020 11 21  19  3  0.00     2.3569354578      13.583152608  
2020 11 21  19  4  0.00     2.3569339041      13.583148998  
2020 11 21  19  5  0.00     2.3569323503      13.583145392  
2020 11 21  19  6  0.00     2.3569307963      13.583141788  
2020 11 21  19  7  0.00     2.3569292422      13.583138188  
2020 11 21  19  8  0.00     2.3569276879      13.583134590  
2020 11 21  19  9  0.00     2.3569261336      13.583130996  
2020 11 21  19 10  0.00     2.3569245790      13.583127405  
2020 11 21  19 11  0.00     2.3569230244      13.583123817  
2020 11 21  19 12  0.00     2.3569214696      13.583120232  
2020 11 21  19 13  0.00     2.3569199147      13.583116650  
2020 11 21  19 14  0.00     2.3569183597      13.583113072  
2020 11 21  19 15  0.00     2.3569168045      13.583109496  
2020 11 21  19 16  0.00     2.3569152492      13.583105924  
2020 11 21  19 17  0.00     2.3569136938      13.583102354  
2020 11 21  19 18  0.00     2.3569121382      13.583098788  
2020 11 21  19 19  0.00     2.3569105825      13.583095224  
2020 11 21  19 20  0.00     2.3569090267      13.583091664  
2020 11 21  19 21  0.00     2.3569074707      13.583088107  
2020 11 21  19 22  0.00     2.3569059146      13.583084553  
2020 11 21  19 23  0.00     2.3569043584      13.583081002  
2020 11 21  19 24  0.00     2.3569028020      13.583077454  
2020 11 21  19 25  0.00     2.3569012456      13.583073909  
2020 11 21  19 26  0.00     2.3568996890      13.583070367  
2020 11 21  19 27  0.00     2.3568981322      13.583066828  
2020 11 21  19 28  0.00     2.3568965753      13.583063292  
2020 11 21  19 29  0.00     2.3568950183      13.583059759  
2020 11 21  19 30  0.00     2.3568934612      13.583056229  
2020 11 21  19 31  0.00     2.3568919040      13.583052702  
2020 11 21  19 32  0.00     2.3568903466      13.583049179  
2020 11 21  19 33  0.00     2.3568887891      13.583045658  
2020 11 21  19 34  0.00     2.3568872314      13.583042140  
2020 11 21  19 35  0.00     2.3568856737      13.583038626  
2020 11 21  19 36  0.00     2.3568841158      13.583035114  
2020 11 21  19 37  0.00     2.3568825577      13.583031605  
2020 11 21  19 38  0.00     2.3568809996      13.583028100  
2020 11 21  19 39  0.00     2.3568794413      13.583024597  
2020 11 21  19 40  0.00     2.3568778829      13.583021097  
2020 11 21  19 41  0.00     2.3568763244      13.583017601  
2020 11 21  19 42  0.00     2.3568747657      13.583014107  
2020 11 21  19 43  0.00     2.3568732069      13.583010616  
2020 11 21  19 44  0.00     2.3568716480      13.583007129  
2020 11 21  19 45  0.00     2.3568700890      13.583003644  
2020 11 21  19 46  0.00     2.3568685298      13.583000162  
2020 11 21  19 47  0.00     2.3568669705      13.582996684  
2020 11 21  19 48  0.00     2.3568654111      13.582993208  
2020 11 21  19 49  0.00     2.3568638515      13.582989735  
2020 11 21  19 50  0.00     2.3568622919      13.582986265  
2020 11 21  19 51  0.00     2.3568607321      13.582982798  
2020 11 21  19 52  0.00     2.3568591721      13.582979335  
2020 11 21  19 53  0.00     2.3568576121      13.582975874  
2020 11 21  19 54  0.00     2.3568560519      13.582972416  
2020 11 21  19 55  0.00     2.3568544916      13.582968961  
2020 11 21  19 56  0.00     2.3568529312      13.582965509  
2020 11 21  19 57  0.00     2.3568513706      13.582962060  
2020 11 21  19 58  0.00     2.3568498100      13.582958613  
2020 11 21  19 59  0.00     2.3568482491      13.582955170  