v5.21.05i     Planet: Saturn  (DE441)
        Satellite: S9 Phoebe  ( Desmars et al.(2013) ver.2020)
                               - ephemerides on 1874/07/01.0-2050/02/08.0
    Observatory N: 286 - Yunnan Observatory
        Timescale: UTC
Mean equator and equinox of J2000.  ICRF. 
Coordinates astrometric 
Year  M  D   H  M  S       alpha (h)          delta (o)
---
2025 11 21  10 16  0.00    23.7737606308      -4.056339455  
2025 11 21  10 17  0.00    23.7737601638      -4.056339856  
2025 11 21  10 18  0.00    23.7737596967      -4.056340256  
2025 11 21  10 19  0.00    23.7737592294      -4.056340656  
2025 11 21  10 20  0.00    23.7737587620      -4.056341055  
2025 11 21  10 21  0.00    23.7737582945      -4.056341453  
2025 11 21  10 22  0.00    23.7737578267      -4.056341851  
2025 11 21  10 23  0.00    23.7737573589      -4.056342248  
2025 11 21  10 24  0.00    23.7737568909      -4.056342644  
2025 11 21  10 25  0.00    23.7737564228      -4.056343040  
2025 11 21  10 26  0.00    23.7737559545      -4.056343436  
2025 11 21  10 27  0.00    23.7737554861      -4.056343831  
2025 11 21  10 28  0.00    23.7737550175      -4.056344225  
2025 11 21  10 29  0.00    23.7737545488      -4.056344618  
2025 11 21  10 30  0.00    23.7737540800      -4.056345011  
2025 11 21  10 31  0.00    23.7737536110      -4.056345404  
2025 11 21  10 32  0.00    23.7737531420      -4.056345796  
2025 11 21  10 33  0.00    23.7737526727      -4.056346187  
2025 11 21  10 34  0.00    23.7737522034      -4.056346577  
2025 11 21  10 35  0.00    23.7737517339      -4.056346967  
2025 11 21  10 36  0.00    23.7737512643      -4.056347357  
2025 11 21  10 37  0.00    23.7737507945      -4.056347745  
2025 11 21  10 38  0.00    23.7737503247      -4.056348134  
2025 11 21  10 39  0.00    23.7737498547      -4.056348521  
2025 11 21  10 40  0.00    23.7737493846      -4.056348908  
2025 11 21  10 41  0.00    23.7737489143      -4.056349294  
2025 11 21  10 42  0.00    23.7737484440      -4.056349680  
2025 11 21  10 43  0.00    23.7737479735      -4.056350065  
2025 11 21  10 44  0.00    23.7737475029      -4.056350450  
2025 11 21  10 45  0.00    23.7737470322      -4.056350834  
2025 11 21  10 46  0.00    23.7737465613      -4.056351217  
2025 11 21  10 47  0.00    23.7737460904      -4.056351600  
2025 11 21  10 48  0.00    23.7737456193      -4.056351982  
2025 11 21  10 49  0.00    23.7737451481      -4.056352363  
2025 11 21  10 50  0.00    23.7737446768      -4.056352744  
2025 11 21  10 51  0.00    23.7737442054      -4.056353124  
2025 11 21  10 52  0.00    23.7737437339      -4.056353504  
2025 11 21  10 53  0.00    23.7737432623      -4.056353883  
2025 11 21  10 54  0.00    23.7737427905      -4.056354261  
2025 11 21  10 55  0.00    23.7737423187      -4.056354639  
2025 11 21  10 56  0.00    23.7737418468      -4.056355016  
2025 11 21  10 57  0.00    23.7737413747      -4.056355392  
2025 11 21  10 58  0.00    23.7737409026      -4.056355768  
2025 11 21  10 59  0.00    23.7737404303      -4.056356143  
2025 11 21  11  0  0.00    23.7737399580      -4.056356518  
2025 11 21  11  1  0.00    23.7737394855      -4.056356892  
2025 11 21  11  2  0.00    23.7737390130      -4.056357265  
2025 11 21  11  3  0.00    23.7737385403      -4.056357638  
2025 11 21  11  4  0.00    23.7737380676      -4.056358010  
2025 11 21  11  5  0.00    23.7737375947      -4.056358382  
2025 11 21  11  6  0.00    23.7737371218      -4.056358752  
2025 11 21  11  7  0.00    23.7737366488      -4.056359123  
2025 11 21  11  8  0.00    23.7737361757      -4.056359492  
2025 11 21  11  9  0.00    23.7737357025      -4.056359861  
2025 11 21  11 10  0.00    23.7737352292      -4.056360230  
2025 11 21  11 11  0.00    23.7737347558      -4.056360597  
2025 11 21  11 12  0.00    23.7737342823      -4.056360964  
2025 11 21  11 13  0.00    23.7737338088      -4.056361331  
2025 11 21  11 14  0.00    23.7737333352      -4.056361697  
2025 11 21  11 15  0.00    23.7737328614      -4.056362062  
2025 11 21  11 16  0.00    23.7737323876      -4.056362426  
2025 11 21  11 17  0.00    23.7737319138      -4.056362790  
2025 11 21  11 18  0.00    23.7737314398      -4.056363154  
2025 11 21  11 19  0.00    23.7737309658      -4.056363516  
2025 11 21  11 20  0.00    23.7737304917      -4.056363878  
2025 11 21  11 21  0.00    23.7737300175      -4.056364240  
2025 11 21  11 22  0.00    23.7737295433      -4.056364600  
2025 11 21  11 23  0.00    23.7737290689      -4.056364961  
2025 11 21  11 24  0.00    23.7737285945      -4.056365320  
2025 11 21  11 25  0.00    23.7737281201      -4.056365679  
2025 11 21  11 26  0.00    23.7737276455      -4.056366037  
2025 11 21  11 27  0.00    23.7737271709      -4.056366395  
2025 11 21  11 28  0.00    23.7737266963      -4.056366752  
2025 11 21  11 29  0.00    23.7737262215      -4.056367108  
2025 11 21  11 30  0.00    23.7737257467      -4.056367463  
2025 11 21  11 31  0.00    23.7737252719      -4.056367818  
2025 11 21  11 32  0.00    23.7737247970      -4.056368173  
2025 11 21  11 33  0.00    23.7737243220      -4.056368526  
2025 11 21  11 34  0.00    23.7737238470      -4.056368880  
2025 11 21  11 35  0.00    23.7737233719      -4.056369232  
2025 11 21  11 36  0.00    23.7737228967      -4.056369584  
2025 11 21  11 37  0.00    23.7737224215      -4.056369935  
2025 11 21  11 38  0.00    23.7737219463      -4.056370285  
2025 11 21  11 39  0.00    23.7737214710      -4.056370635  
2025 11 21  11 40  0.00    23.7737209956      -4.056370984  
2025 11 21  11 41  0.00    23.7737205202      -4.056371333  
2025 11 21  11 42  0.00    23.7737200448      -4.056371681  
2025 11 21  11 43  0.00    23.7737195693      -4.056372028  
2025 11 21  11 44  0.00    23.7737190938      -4.056372375  
2025 11 21  11 45  0.00    23.7737186182      -4.056372721  
2025 11 21  11 46  0.00    23.7737181426      -4.056373066  
2025 11 21  11 47  0.00    23.7737176669      -4.056373411  
2025 11 21  11 48  0.00    23.7737171912      -4.056373755  
2025 11 21  11 49  0.00    23.7737167154      -4.056374098  
2025 11 21  11 50  0.00    23.7737162397      -4.056374441  
2025 11 21  11 51  0.00    23.7737157639      -4.056374783  
2025 11 21  11 52  0.00    23.7737152880      -4.056375124  
2025 11 21  11 53  0.00    23.7737148121      -4.056375465  
2025 11 21  11 54  0.00    23.7737143362      -4.056375805  
2025 11 21  11 55  0.00    23.7737138603      -4.056376145  
2025 11 21  11 56  0.00    23.7737133843      -4.056376484  
2025 11 21  11 57  0.00    23.7737129083      -4.056376822  
2025 11 21  11 58  0.00    23.7737124323      -4.056377159  
2025 11 21  11 59  0.00    23.7737119562      -4.056377496  
2025 11 21  12  0  0.00    23.7737114801      -4.056377832  
2025 11 21  12  1  0.00    23.7737110040      -4.056378168  
2025 11 21  12  2  0.00    23.7737105279      -4.056378503  
2025 11 21  12  3  0.00    23.7737100518      -4.056378837  
2025 11 21  12  4  0.00    23.7737095756      -4.056379171  
2025 11 21  12  5  0.00    23.7737090995      -4.056379504  
2025 11 21  12  6  0.00    23.7737086233      -4.056379836  
2025 11 21  12  7  0.00    23.7737081471      -4.056380167  
2025 11 21  12  8  0.00    23.7737076709      -4.056380498  
2025 11 21  12  9  0.00    23.7737071946      -4.056380829  
2025 11 21  12 10  0.00    23.7737067184      -4.056381158  
2025 11 21  12 11  0.00    23.7737062421      -4.056381487  
2025 11 21  12 12  0.00    23.7737057659      -4.056381816  
2025 11 21  12 13  0.00    23.7737052896      -4.056382143  
2025 11 21  12 14  0.00    23.7737048134      -4.056382470  
2025 11 21  12 15  0.00    23.7737043371      -4.056382797  
2025 11 21  12 16  0.00    23.7737038608      -4.056383123  
2025 11 21  12 17  0.00    23.7737033846      -4.056383448  
2025 11 21  12 18  0.00    23.7737029083      -4.056383772  
2025 11 21  12 19  0.00    23.7737024320      -4.056384096  
2025 11 21  12 20  0.00    23.7737019558      -4.056384419  
2025 11 21  12 21  0.00    23.7737014795      -4.056384741  
2025 11 21  12 22  0.00    23.7737010033      -4.056385063  
2025 11 21  12 23  0.00    23.7737005270      -4.056385384  
2025 11 21  12 24  0.00    23.7737000508      -4.056385705  
2025 11 21  12 25  0.00    23.7736995746      -4.056386024  
2025 11 21  12 26  0.00    23.7736990983      -4.056386344  
2025 11 21  12 27  0.00    23.7736986221      -4.056386662  
2025 11 21  12 28  0.00    23.7736981460      -4.056386980  
2025 11 21  12 29  0.00    23.7736976698      -4.056387297  
2025 11 21  12 30  0.00    23.7736971936      -4.056387613  
2025 11 21  12 31  0.00    23.7736967175      -4.056387929  
2025 11 21  12 32  0.00    23.7736962414      -4.056388244  
2025 11 21  12 33  0.00    23.7736957653      -4.056388559  
2025 11 21  12 34  0.00    23.7736952892      -4.056388873  
2025 11 21  12 35  0.00    23.7736948132      -4.056389186  
2025 11 21  12 36  0.00    23.7736943372      -4.056389498  
2025 11 21  12 37  0.00    23.7736938612      -4.056389810  
2025 11 21  12 38  0.00    23.7736933852      -4.056390122  
2025 11 21  12 39  0.00    23.7736929093      -4.056390432  
2025 11 21  12 40  0.00    23.7736924334      -4.056390742  
2025 11 21  12 41  0.00    23.7736919575      -4.056391051  
2025 11 21  12 42  0.00    23.7736914816      -4.056391360  
2025 11 21  12 43  0.00    23.7736910058      -4.056391668  
2025 11 21  12 44  0.00    23.7736905301      -4.056391975  
2025 11 21  12 45  0.00    23.7736900543      -4.056392281  
2025 11 21  12 46  0.00    23.7736895786      -4.056392587  
2025 11 21  12 47  0.00    23.7736891030      -4.056392893  
2025 11 21  12 48  0.00    23.7736886274      -4.056393197  
2025 11 21  12 49  0.00    23.7736881518      -4.056393501  
2025 11 21  12 50  0.00    23.7736876763      -4.056393804  
2025 11 21  12 51  0.00    23.7736872008      -4.056394107  
2025 11 21  12 52  0.00    23.7736867254      -4.056394409  
2025 11 21  12 53  0.00    23.7736862500      -4.056394710  
2025 11 21  12 54  0.00    23.7736857747      -4.056395011  
2025 11 21  12 55  0.00    23.7736852994      -4.056395311  
2025 11 21  12 56  0.00    23.7736848242      -4.056395610  
2025 11 21  12 57  0.00    23.7736843490      -4.056395909  
2025 11 21  12 58  0.00    23.7736838739      -4.056396207  
2025 11 21  12 59  0.00    23.7736833989      -4.056396504  
2025 11 21  13  0  0.00    23.7736829239      -4.056396800  
2025 11 21  13  1  0.00    23.7736824489      -4.056397096  
2025 11 21  13  2  0.00    23.7736819740      -4.056397392  
2025 11 21  13  3  0.00    23.7736814992      -4.056397686  
2025 11 21  13  4  0.00    23.7736810245      -4.056397980  
2025 11 21  13  5  0.00    23.7736805498      -4.056398274  
2025 11 21  13  6  0.00    23.7736800752      -4.056398566  
2025 11 21  13  7  0.00    23.7736796006      -4.056398858  
2025 11 21  13  8  0.00    23.7736791261      -4.056399150  
2025 11 21  13  9  0.00    23.7736786517      -4.056399440  
2025 11 21  13 10  0.00    23.7736781774      -4.056399730  
2025 11 21  13 11  0.00    23.7736777031      -4.056400020  
2025 11 21  13 12  0.00    23.7736772289      -4.056400309  
2025 11 21  13 13  0.00    23.7736767548      -4.056400597  
2025 11 21  13 14  0.00    23.7736762808      -4.056400884  
2025 11 21  13 15  0.00    23.7736758068      -4.056401171  
2025 11 21  13 16  0.00    23.7736753330      -4.056401457  
2025 11 21  13 17  0.00    23.7736748592      -4.056401742  
2025 11 21  13 18  0.00    23.7736743855      -4.056402027  
2025 11 21  13 19  0.00    23.7736739118      -4.056402311  
2025 11 21  13 20  0.00    23.7736734383      -4.056402594  
2025 11 21  13 21  0.00    23.7736729649      -4.056402877  
2025 11 21  13 22  0.00    23.7736724915      -4.056403159  
2025 11 21  13 23  0.00    23.7736720182      -4.056403441  
2025 11 21  13 24  0.00    23.7736715450      -4.056403721  
2025 11 21  13 25  0.00    23.7736710719      -4.056404001  
2025 11 21  13 26  0.00    23.7736705989      -4.056404281  
2025 11 21  13 27  0.00    23.7736701261      -4.056404560  
2025 11 21  13 28  0.00    23.7736696532      -4.056404838  
2025 11 21  13 29  0.00    23.7736691805      -4.056405115  
2025 11 21  13 30  0.00    23.7736687079      -4.056405392  
2025 11 21  13 31  0.00    23.7736682354      -4.056405668  
2025 11 21  13 32  0.00    23.7736677630      -4.056405944  
2025 11 21  13 33  0.00    23.7736672907      -4.056406219  
2025 11 21  13 34  0.00    23.7736668185      -4.056406493  
2025 11 21  13 35  0.00    23.7736663465      -4.056406766  
2025 11 21  13 36  0.00    23.7736658745      -4.056407039  
2025 11 21  13 37  0.00    23.7736654026      -4.056407312  
2025 11 21  13 38  0.00    23.7736649309      -4.056407583  
2025 11 21  13 39  0.00    23.7736644592      -4.056407854  
2025 11 21  13 40  0.00    23.7736639877      -4.056408124  
2025 11 21  13 41  0.00    23.7736635163      -4.056408394  
2025 11 21  13 42  0.00    23.7736630450      -4.056408663  
2025 11 21  13 43  0.00    23.7736625738      -4.056408931  
2025 11 21  13 44  0.00    23.7736621027      -4.056409199  
2025 11 21  13 45  0.00    23.7736616318      -4.056409466  
2025 11 21  13 46  0.00    23.7736611609      -4.056409732  
2025 11 21  13 47  0.00    23.7736606902      -4.056409998  
2025 11 21  13 48  0.00    23.7736602196      -4.056410263  
2025 11 21  13 49  0.00    23.7736597492      -4.056410527  
2025 11 21  13 50  0.00    23.7736592789      -4.056410791  
2025 11 21  13 51  0.00    23.7736588087      -4.056411054  
2025 11 21  13 52  0.00    23.7736583386      -4.056411316  
2025 11 21  13 53  0.00    23.7736578687      -4.056411578  
2025 11 21  13 54  0.00    23.7736573988      -4.056411839  
2025 11 21  13 55  0.00    23.7736569292      -4.056412100  
2025 11 21  13 56  0.00    23.7736564596      -4.056412359  
2025 11 21  13 57  0.00    23.7736559902      -4.056412619  
2025 11 21  13 58  0.00    23.7736555210      -4.056412877  
2025 11 21  13 59  0.00    23.7736550518      -4.056413135  
2025 11 21  14  0  0.00    23.7736545828      -4.056413392  
2025 11 21  14  1  0.00    23.7736541140      -4.056413649  
2025 11 21  14  2  0.00    23.7736536453      -4.056413905  
2025 11 21  14  3  0.00    23.7736531767      -4.056414160  
2025 11 21  14  4  0.00    23.7736527083      -4.056414415  
2025 11 21  14  5  0.00    23.7736522401      -4.056414669  
2025 11 21  14  6  0.00    23.7736517719      -4.056414922  
2025 11 21  14  7  0.00    23.7736513040      -4.056415175  
2025 11 21  14  8  0.00    23.7736508361      -4.056415427  
2025 11 21  14  9  0.00    23.7736503685      -4.056415678  
2025 11 21  14 10  0.00    23.7736499010      -4.056415929  
2025 11 21  14 11  0.00    23.7736494336      -4.056416179  
2025 11 21  14 12  0.00    23.7736489664      -4.056416428  
2025 11 21  14 13  0.00    23.7736484993      -4.056416677  
2025 11 21  14 14  0.00    23.7736480325      -4.056416925  
2025 11 21  14 15  0.00    23.7736475657      -4.056417173  
2025 11 21  14 16  0.00    23.7736470992      -4.056417420  
2025 11 21  14 17  0.00    23.7736466327      -4.056417666  
2025 11 21  14 18  0.00    23.7736461665      -4.056417912  
2025 11 21  14 19  0.00    23.7736457004      -4.056418157  
2025 11 21  14 20  0.00    23.7736452345      -4.056418401  
2025 11 21  14 21  0.00    23.7736447688      -4.056418645  
2025 11 21  14 22  0.00    23.7736443032      -4.056418888  
2025 11 21  14 23  0.00    23.7736438378      -4.056419130  
2025 11 21  14 24  0.00    23.7736433725      -4.056419372  
2025 11 21  14 25  0.00    23.7736429075      -4.056419613  
2025 11 21  14 26  0.00    23.7736424426      -4.056419853  
2025 11 21  14 27  0.00    23.7736419779      -4.056420093  
2025 11 21  14 28  0.00    23.7736415133      -4.056420333  
2025 11 21  14 29  0.00    23.7736410490      -4.056420571  
2025 11 21  14 30  0.00    23.7736405848      -4.056420809  
2025 11 21  14 31  0.00    23.7736401208      -4.056421046  
2025 11 21  14 32  0.00    23.7736396570      -4.056421283  
2025 11 21  14 33  0.00    23.7736391933      -4.056421519  
2025 11 21  14 34  0.00    23.7736387299      -4.056421755  
2025 11 21  14 35  0.00    23.7736382666      -4.056421989  
2025 11 21  14 36  0.00    23.7736378035      -4.056422224  
2025 11 21  14 37  0.00    23.7736373406      -4.056422457  
2025 11 21  14 38  0.00    23.7736368779      -4.056422690  
2025 11 21  14 39  0.00    23.7736364154      -4.056422922  
2025 11 21  14 40  0.00    23.7736359531      -4.056423154  
2025 11 21  14 41  0.00    23.7736354909      -4.056423385  
2025 11 21  14 42  0.00    23.7736350290      -4.056423615  
2025 11 21  14 43  0.00    23.7736345672      -4.056423845  
2025 11 21  14 44  0.00    23.7736341057      -4.056424074  
2025 11 21  14 45  0.00    23.7736336443      -4.056424303  
2025 11 21  14 46  0.00    23.7736331832      -4.056424531  
2025 11 21  14 47  0.00    23.7736327222      -4.056424758  
2025 11 21  14 48  0.00    23.7736322615      -4.056424985  
2025 11 21  14 49  0.00    23.7736318009      -4.056425211  
2025 11 21  14 50  0.00    23.7736313406      -4.056425436  
2025 11 21  14 51  0.00    23.7736308804      -4.056425661  
2025 11 21  14 52  0.00    23.7736304205      -4.056425885  
2025 11 21  14 53  0.00    23.7736299608      -4.056426109  
2025 11 21  14 54  0.00    23.7736295012      -4.056426332  
2025 11 21  14 55  0.00    23.7736290419      -4.056426554  
2025 11 21  14 56  0.00    23.7736285828      -4.056426776  
2025 11 21  14 57  0.00    23.7736281239      -4.056426997  
2025 11 21  14 58  0.00    23.7736276653      -4.056427217  
2025 11 21  14 59  0.00    23.7736272068      -4.056427437  
2025 11 21  15  0  0.00    23.7736267485      -4.056427656  
2025 11 21  15  1  0.00    23.7736262905      -4.056427875  
2025 11 21  15  2  0.00    23.7736258327      -4.056428093  
2025 11 21  15  3  0.00    23.7736253751      -4.056428310  
2025 11 21  15  4  0.00    23.7736249177      -4.056428527  
2025 11 21  15  5  0.00    23.7736244606      -4.056428743  
2025 11 21  15  6  0.00    23.7736240036      -4.056428959  
2025 11 21  15  7  0.00    23.7736235469      -4.056429174  
2025 11 21  15  8  0.00    23.7736230905      -4.056429388  
2025 11 21  15  9  0.00    23.7736226342      -4.056429602  
2025 11 21  15 10  0.00    23.7736221782      -4.056429815  
2025 11 21  15 11  0.00    23.7736217224      -4.056430027  
2025 11 21  15 12  0.00    23.7736212668      -4.056430239  
2025 11 21  15 13  0.00    23.7736208114      -4.056430451  
2025 11 21  15 14  0.00    23.7736203563      -4.056430661  
2025 11 21  15 15  0.00    23.7736199015      -4.056430871  
2025 11 21  15 16  0.00    23.7736194468      -4.056431081  
2025 11 21  15 17  0.00    23.7736189924      -4.056431290  
2025 11 21  15 18  0.00    23.7736185382      -4.056431498  
2025 11 21  15 19  0.00    23.7736180843      -4.056431706  
2025 11 21  15 20  0.00    23.7736176306      -4.056431913  
2025 11 21  15 21  0.00    23.7736171771      -4.056432119  
2025 11 21  15 22  0.00    23.7736167239      -4.056432325  
2025 11 21  15 23  0.00    23.7736162709      -4.056432531  
2025 11 21  15 24  0.00    23.7736158182      -4.056432735  
2025 11 21  15 25  0.00    23.7736153657      -4.056432940  
2025 11 21  15 26  0.00    23.7736149134      -4.056433143  
2025 11 21  15 27  0.00    23.7736144614      -4.056433346  
2025 11 21  15 28  0.00    23.7736140097      -4.056433548  
2025 11 21  15 29  0.00    23.7736135582      -4.056433750  
2025 11 21  15 30  0.00    23.7736131069      -4.056433951  
2025 11 21  15 31  0.00    23.7736126559      -4.056434152  
2025 11 21  15 32  0.00    23.7736122052      -4.056434352  
2025 11 21  15 33  0.00    23.7736117547      -4.056434551  
2025 11 21  15 34  0.00    23.7736113044      -4.056434750  
2025 11 21  15 35  0.00    23.7736108544      -4.056434948  
2025 11 21  15 36  0.00    23.7736104047      -4.056435146  
2025 11 21  15 37  0.00    23.7736099552      -4.056435343  
2025 11 21  15 38  0.00    23.7736095060      -4.056435540  
2025 11 21  15 39  0.00    23.7736090570      -4.056435735  
2025 11 21  15 40  0.00    23.7736086083      -4.056435931  
2025 11 21  15 41  0.00    23.7736081598      -4.056436125  
2025 11 21  15 42  0.00    23.7736077116      -4.056436320  
2025 11 21  15 43  0.00    23.7736072637      -4.056436513  
2025 11 21  15 44  0.00    23.7736068160      -4.056436706  
2025 11 21  15 45  0.00    23.7736063687      -4.056436899  
2025 11 21  15 46  0.00    23.7736059215      -4.056437090  
2025 11 21  15 47  0.00    23.7736054747      -4.056437282  
2025 11 21  15 48  0.00    23.7736050281      -4.056437472  
2025 11 21  15 49  0.00    23.7736045817      -4.056437663  
2025 11 21  15 50  0.00    23.7736041357      -4.056437852  
2025 11 21  15 51  0.00    23.7736036899      -4.056438041  
2025 11 21  15 52  0.00    23.7736032444      -4.056438230  
2025 11 21  15 53  0.00    23.7736027991      -4.056438417  
2025 11 21  15 54  0.00    23.7736023542      -4.056438605  
2025 11 21  15 55  0.00    23.7736019095      -4.056438791  
2025 11 21  15 56  0.00    23.7736014650      -4.056438978  
2025 11 21  15 57  0.00    23.7736010209      -4.056439163  
2025 11 21  15 58  0.00    23.7736005770      -4.056439348  
2025 11 21  15 59  0.00    23.7736001335      -4.056439533  
2025 11 21  16  0  0.00    23.7735996901      -4.056439717  
2025 11 21  16  1  0.00    23.7735992471      -4.056439900  
2025 11 21  16  2  0.00    23.7735988044      -4.056440083  
2025 11 21  16  3  0.00    23.7735983619      -4.056440265  
2025 11 21  16  4  0.00    23.7735979197      -4.056440447  
2025 11 21  16  5  0.00    23.7735974778      -4.056440628  
2025 11 21  16  6  0.00    23.7735970362      -4.056440808  
2025 11 21  16  7  0.00    23.7735965949      -4.056440988  
2025 11 21  16  8  0.00    23.7735961539      -4.056441168  
2025 11 21  16  9  0.00    23.7735957131      -4.056441347  
2025 11 21  16 10  0.00    23.7735952726      -4.056441525  
2025 11 21  16 11  0.00    23.7735948325      -4.056441703  
2025 11 21  16 12  0.00    23.7735943926      -4.056441880  
2025 11 21  16 13  0.00    23.7735939530      -4.056442057  
2025 11 21  16 14  0.00    23.7735935137      -4.056442233  
2025 11 21  16 15  0.00    23.7735930747      -4.056442408  
2025 11 21  16 16  0.00    23.7735926360      -4.056442583  
2025 11 21  16 17  0.00    23.7735921976      -4.056442758  
2025 11 21  16 18  0.00    23.7735917594      -4.056442932  
2025 11 21  16 19  0.00    23.7735913216      -4.056443105  
2025 11 21  16 20  0.00    23.7735908841      -4.056443278  
2025 11 21  16 21  0.00    23.7735904469      -4.056443451  
2025 11 21  16 22  0.00    23.7735900099      -4.056443622  
2025 11 21  16 23  0.00    23.7735895733      -4.056443794  
2025 11 21  16 24  0.00    23.7735891370      -4.056443965  
2025 11 21  16 25  0.00    23.7735887009      -4.056444135  
2025 11 21  16 26  0.00    23.7735882652      -4.056444304  
2025 11 21  16 27  0.00    23.7735878298      -4.056444474  
2025 11 21  16 28  0.00    23.7735873947      -4.056444642  
2025 11 21  16 29  0.00    23.7735869599      -4.056444810  
2025 11 21  16 30  0.00    23.7735865254      -4.056444978  
2025 11 21  16 31  0.00    23.7735860912      -4.056445145  
2025 11 21  16 32  0.00    23.7735856573      -4.056445311  
2025 11 21  16 33  0.00    23.7735852237      -4.056445477  
2025 11 21  16 34  0.00    23.7735847904      -4.056445643  
2025 11 21  16 35  0.00    23.7735843574      -4.056445808  
2025 11 21  16 36  0.00    23.7735839248      -4.056445972  
2025 11 21  16 37  0.00    23.7735834924      -4.056446136  
2025 11 21  16 38  0.00    23.7735830604      -4.056446299  
2025 11 21  16 39  0.00    23.7735826287      -4.056446462  
2025 11 21  16 40  0.00    23.7735821973      -4.056446625  
2025 11 21  16 41  0.00    23.7735817662      -4.056446786  
2025 11 21  16 42  0.00    23.7735813354      -4.056446948  
2025 11 21  16 43  0.00    23.7735809049      -4.056447108  
2025 11 21  16 44  0.00    23.7735804748      -4.056447269  
2025 11 21  16 45  0.00    23.7735800450      -4.056447429  
2025 11 21  16 46  0.00    23.7735796155      -4.056447588  
2025 11 21  16 47  0.00    23.7735791863      -4.056447747  
2025 11 21  16 48  0.00    23.7735787574      -4.056447905  
2025 11 21  16 49  0.00    23.7735783289      -4.056448063  
2025 11 21  16 50  0.00    23.7735779006      -4.056448220  
2025 11 21  16 51  0.00    23.7735774727      -4.056448376  
2025 11 21  16 52  0.00    23.7735770451      -4.056448533  
2025 11 21  16 53  0.00    23.7735766179      -4.056448688  
2025 11 21  16 54  0.00    23.7735761909      -4.056448844  
2025 11 21  16 55  0.00    23.7735757643      -4.056448998  
2025 11 21  16 56  0.00    23.7735753380      -4.056449153  
2025 11 21  16 57  0.00    23.7735749121      -4.056449306  
2025 11 21  16 58  0.00    23.7735744864      -4.056449460  
2025 11 21  16 59  0.00    23.7735740611      -4.056449612  
2025 11 21  17  0  0.00    23.7735736361      -4.056449764  
2025 11 21  17  1  0.00    23.7735732115      -4.056449916  
2025 11 21  17  2  0.00    23.7735727872      -4.056450067  
2025 11 21  17  3  0.00    23.7735723632      -4.056450218  
2025 11 21  17  4  0.00    23.7735719395      -4.056450369  
2025 11 21  17  5  0.00    23.7735715162      -4.056450518  
2025 11 21  17  6  0.00    23.7735710932      -4.056450668  
2025 11 21  17  7  0.00    23.7735706705      -4.056450816  
2025 11 21  17  8  0.00    23.7735702482      -4.056450965  
2025 11 21  17  9  0.00    23.7735698262      -4.056451113  
2025 11 21  17 10  0.00    23.7735694045      -4.056451260  
2025 11 21  17 11  0.00    23.7735689832      -4.056451407  
2025 11 21  17 12  0.00    23.7735685622      -4.056451553  
2025 11 21  17 13  0.00    23.7735681415      -4.056451699  
2025 11 21  17 14  0.00    23.7735677212      -4.056451845  
---
2025 11 22  10 16  0.00    23.7732207377      -4.056496772  
2025 11 22  10 17  0.00    23.7732203432      -4.056496681  
2025 11 22  10 18  0.00    23.7732199485      -4.056496590  
2025 11 22  10 19  0.00    23.7732195537      -4.056496497  
2025 11 22  10 20  0.00    23.7732191587      -4.056496405  
2025 11 22  10 21  0.00    23.7732187637      -4.056496311  
2025 11 22  10 22  0.00    23.7732183684      -4.056496217  
2025 11 22  10 23  0.00    23.7732179730      -4.056496122  
2025 11 22  10 24  0.00    23.7732175775      -4.056496027  
2025 11 22  10 25  0.00    23.7732171819      -4.056495931  
2025 11 22  10 26  0.00    23.7732167861      -4.056495835  
2025 11 22  10 27  0.00    23.7732163902      -4.056495738  
2025 11 22  10 28  0.00    23.7732159941      -4.056495640  
2025 11 22  10 29  0.00    23.7732155980      -4.056495542  
2025 11 22  10 30  0.00    23.7732152017      -4.056495443  
2025 11 22  10 31  0.00    23.7732148052      -4.056495344  
2025 11 22  10 32  0.00    23.7732144086      -4.056495244  
2025 11 22  10 33  0.00    23.7732140120      -4.056495143  
2025 11 22  10 34  0.00    23.7732136151      -4.056495042  
2025 11 22  10 35  0.00    23.7732132182      -4.056494940  
2025 11 22  10 36  0.00    23.7732128211      -4.056494838  
2025 11 22  10 37  0.00    23.7732124239      -4.056494734  
2025 11 22  10 38  0.00    23.7732120266      -4.056494631  
2025 11 22  10 39  0.00    23.7732116292      -4.056494526  
2025 11 22  10 40  0.00    23.7732112316      -4.056494422  
2025 11 22  10 41  0.00    23.7732108340      -4.056494316  
2025 11 22  10 42  0.00    23.7732104362      -4.056494210  
2025 11 22  10 43  0.00    23.7732100383      -4.056494103  
2025 11 22  10 44  0.00    23.7732096403      -4.056493996  
2025 11 22  10 45  0.00    23.7732092421      -4.056493888  
2025 11 22  10 46  0.00    23.7732088439      -4.056493779  
2025 11 22  10 47  0.00    23.7732084455      -4.056493670  
2025 11 22  10 48  0.00    23.7732080471      -4.056493560  
2025 11 22  10 49  0.00    23.7732076485      -4.056493450  
2025 11 22  10 50  0.00    23.7732072498      -4.056493339  
2025 11 22  10 51  0.00    23.7732068510      -4.056493227  
2025 11 22  10 52  0.00    23.7732064522      -4.056493115  
2025 11 22  10 53  0.00    23.7732060532      -4.056493002  
2025 11 22  10 54  0.00    23.7732056541      -4.056492888  
2025 11 22  10 55  0.00    23.7732052549      -4.056492774  
2025 11 22  10 56  0.00    23.7732048556      -4.056492659  
2025 11 22  10 57  0.00    23.7732044562      -4.056492544  
2025 11 22  10 58  0.00    23.7732040567      -4.056492428  
2025 11 22  10 59  0.00    23.7732036571      -4.056492311  
2025 11 22  11  0  0.00    23.7732032574      -4.056492194  
2025 11 22  11  1  0.00    23.7732028576      -4.056492076  
2025 11 22  11  2  0.00    23.7732024578      -4.056491957  
2025 11 22  11  3  0.00    23.7732020578      -4.056491838  
2025 11 22  11  4  0.00    23.7732016578      -4.056491718  
2025 11 22  11  5  0.00    23.7732012576      -4.056491598  
2025 11 22  11  6  0.00    23.7732008574      -4.056491477  
2025 11 22  11  7  0.00    23.7732004571      -4.056491355  
2025 11 22  11  8  0.00    23.7732000567      -4.056491233  
2025 11 22  11  9  0.00    23.7731996562      -4.056491110  
2025 11 22  11 10  0.00    23.7731992556      -4.056490986  
2025 11 22  11 11  0.00    23.7731988550      -4.056490862  
2025 11 22  11 12  0.00    23.7731984542      -4.056490737  
2025 11 22  11 13  0.00    23.7731980534      -4.056490612  
2025 11 22  11 14  0.00    23.7731976526      -4.056490485  
2025 11 22  11 15  0.00    23.7731972516      -4.056490359  
2025 11 22  11 16  0.00    23.7731968505      -4.056490231  
2025 11 22  11 17  0.00    23.7731964494      -4.056490103  
2025 11 22  11 18  0.00    23.7731960482      -4.056489975  
2025 11 22  11 19  0.00    23.7731956470      -4.056489845  
2025 11 22  11 20  0.00    23.7731952457      -4.056489715  
2025 11 22  11 21  0.00    23.7731948443      -4.056489585  
2025 11 22  11 22  0.00    23.7731944428      -4.056489453  
2025 11 22  11 23  0.00    23.7731940413      -4.056489322  
2025 11 22  11 24  0.00    23.7731936397      -4.056489189  
2025 11 22  11 25  0.00    23.7731932380      -4.056489056  
2025 11 22  11 26  0.00    23.7731928363      -4.056488922  
2025 11 22  11 27  0.00    23.7731924345      -4.056488788  
2025 11 22  11 28  0.00    23.7731920327      -4.056488653  
2025 11 22  11 29  0.00    23.7731916308      -4.056488517  
2025 11 22  11 30  0.00    23.7731912288      -4.056488381  
2025 11 22  11 31  0.00    23.7731908268      -4.056488244  
2025 11 22  11 32  0.00    23.7731904247      -4.056488106  
2025 11 22  11 33  0.00    23.7731900226      -4.056487968  
2025 11 22  11 34  0.00    23.7731896204      -4.056487829  
2025 11 22  11 35  0.00    23.7731892182      -4.056487689  
2025 11 22  11 36  0.00    23.7731888159      -4.056487549  
2025 11 22  11 37  0.00    23.7731884136      -4.056487408  
2025 11 22  11 38  0.00    23.7731880112      -4.056487267  
2025 11 22  11 39  0.00    23.7731876088      -4.056487124  
2025 11 22  11 40  0.00    23.7731872063      -4.056486982  
2025 11 22  11 41  0.00    23.7731868038      -4.056486838  
2025 11 22  11 42  0.00    23.7731864013      -4.056486694  
2025 11 22  11 43  0.00    23.7731859987      -4.056486549  
2025 11 22  11 44  0.00    23.7731855961      -4.056486404  
2025 11 22  11 45  0.00    23.7731851934      -4.056486258  
2025 11 22  11 46  0.00    23.7731847907      -4.056486111  
2025 11 22  11 47  0.00    23.7731843879      -4.056485964  
2025 11 22  11 48  0.00    23.7731839852      -4.056485816  
2025 11 22  11 49  0.00    23.7731835824      -4.056485667  
2025 11 22  11 50  0.00    23.7731831795      -4.056485518  
2025 11 22  11 51  0.00    23.7731827767      -4.056485368  
2025 11 22  11 52  0.00    23.7731823738      -4.056485217  
2025 11 22  11 53  0.00    23.7731819709      -4.056485066  
2025 11 22  11 54  0.00    23.7731815679      -4.056484914  
2025 11 22  11 55  0.00    23.7731811649      -4.056484762  
2025 11 22  11 56  0.00    23.7731807619      -4.056484608  
2025 11 22  11 57  0.00    23.7731803589      -4.056484455  
2025 11 22  11 58  0.00    23.7731799559      -4.056484300  
2025 11 22  11 59  0.00    23.7731795528      -4.056484145  
2025 11 22  12  0  0.00    23.7731791498      -4.056483989  
2025 11 22  12  1  0.00    23.7731787467      -4.056483833  
2025 11 22  12  2  0.00    23.7731783436      -4.056483675  
2025 11 22  12  3  0.00    23.7731779404      -4.056483518  
2025 11 22  12  4  0.00    23.7731775373      -4.056483359  
2025 11 22  12  5  0.00    23.7731771342      -4.056483200  
2025 11 22  12  6  0.00    23.7731767310      -4.056483040  
2025 11 22  12  7  0.00    23.7731763278      -4.056482880  
2025 11 22  12  8  0.00    23.7731759247      -4.056482719  
2025 11 22  12  9  0.00    23.7731755215      -4.056482557  
2025 11 22  12 10  0.00    23.7731751183      -4.056482395  
2025 11 22  12 11  0.00    23.7731747151      -4.056482232  
2025 11 22  12 12  0.00    23.7731743120      -4.056482068  
2025 11 22  12 13  0.00    23.7731739088      -4.056481904  
2025 11 22  12 14  0.00    23.7731735056      -4.056481739  
2025 11 22  12 15  0.00    23.7731731024      -4.056481573  
2025 11 22  12 16  0.00    23.7731726992      -4.056481407  
2025 11 22  12 17  0.00    23.7731722961      -4.056481240  
2025 11 22  12 18  0.00    23.7731718929      -4.056481072  
2025 11 22  12 19  0.00    23.7731714897      -4.056480904  
2025 11 22  12 20  0.00    23.7731710866      -4.056480735  
2025 11 22  12 21  0.00    23.7731706834      -4.056480565  
2025 11 22  12 22  0.00    23.7731702803      -4.056480395  
2025 11 22  12 23  0.00    23.7731698772      -4.056480224  
2025 11 22  12 24  0.00    23.7731694741      -4.056480052  
2025 11 22  12 25  0.00    23.7731690710      -4.056479880  
2025 11 22  12 26  0.00    23.7731686680      -4.056479707  
2025 11 22  12 27  0.00    23.7731682649      -4.056479533  
2025 11 22  12 28  0.00    23.7731678619      -4.056479359  
2025 11 22  12 29  0.00    23.7731674589      -4.056479184  
2025 11 22  12 30  0.00    23.7731670559      -4.056479009  
2025 11 22  12 31  0.00    23.7731666529      -4.056478832  
2025 11 22  12 32  0.00    23.7731662500      -4.056478655  
2025 11 22  12 33  0.00    23.7731658471      -4.056478478  
2025 11 22  12 34  0.00    23.7731654442      -4.056478300  
2025 11 22  12 35  0.00    23.7731650414      -4.056478121  
2025 11 22  12 36  0.00    23.7731646386      -4.056477941  
2025 11 22  12 37  0.00    23.7731642358      -4.056477761  
2025 11 22  12 38  0.00    23.7731638330      -4.056477580  
2025 11 22  12 39  0.00    23.7731634303      -4.056477399  
2025 11 22  12 40  0.00    23.7731630276      -4.056477216  
2025 11 22  12 41  0.00    23.7731626250      -4.056477034  
2025 11 22  12 42  0.00    23.7731622224      -4.056476850  
2025 11 22  12 43  0.00    23.7731618199      -4.056476666  
2025 11 22  12 44  0.00    23.7731614173      -4.056476481  
2025 11 22  12 45  0.00    23.7731610149      -4.056476295  
2025 11 22  12 46  0.00    23.7731606124      -4.056476109  
2025 11 22  12 47  0.00    23.7731602100      -4.056475922  
2025 11 22  12 48  0.00    23.7731598077      -4.056475735  
2025 11 22  12 49  0.00    23.7731594054      -4.056475547  
2025 11 22  12 50  0.00    23.7731590032      -4.056475358  
2025 11 22  12 51  0.00    23.7731586010      -4.056475169  
2025 11 22  12 52  0.00    23.7731581989      -4.056474978  
2025 11 22  12 53  0.00    23.7731577968      -4.056474788  
2025 11 22  12 54  0.00    23.7731573948      -4.056474596  
2025 11 22  12 55  0.00    23.7731569928      -4.056474404  
2025 11 22  12 56  0.00    23.7731565909      -4.056474211  
2025 11 22  12 57  0.00    23.7731561891      -4.056474018  
2025 11 22  12 58  0.00    23.7731557873      -4.056473824  
2025 11 22  12 59  0.00    23.7731553856      -4.056473629  
2025 11 22  13  0  0.00    23.7731549839      -4.056473433  
2025 11 22  13  1  0.00    23.7731545823      -4.056473237  
2025 11 22  13  2  0.00    23.7731541808      -4.056473041  
2025 11 22  13  3  0.00    23.7731537793      -4.056472843  
2025 11 22  13  4  0.00    23.7731533780      -4.056472645  
2025 11 22  13  5  0.00    23.7731529766      -4.056472446  
2025 11 22  13  6  0.00    23.7731525754      -4.056472247  
2025 11 22  13  7  0.00    23.7731521742      -4.056472047  
2025 11 22  13  8  0.00    23.7731517731      -4.056471846  
2025 11 22  13  9  0.00    23.7731513721      -4.056471645  
2025 11 22  13 10  0.00    23.7731509712      -4.056471443  
2025 11 22  13 11  0.00    23.7731505703      -4.056471240  
2025 11 22  13 12  0.00    23.7731501695      -4.056471037  
2025 11 22  13 13  0.00    23.7731497688      -4.056470833  
2025 11 22  13 14  0.00    23.7731493682      -4.056470628  
2025 11 22  13 15  0.00    23.7731489677      -4.056470423  
2025 11 22  13 16  0.00    23.7731485673      -4.056470217  
2025 11 22  13 17  0.00    23.7731481669      -4.056470010  
2025 11 22  13 18  0.00    23.7731477666      -4.056469803  
2025 11 22  13 19  0.00    23.7731473665      -4.056469595  
2025 11 22  13 20  0.00    23.7731469664      -4.056469386  
2025 11 22  13 21  0.00    23.7731465664      -4.056469177  
2025 11 22  13 22  0.00    23.7731461665      -4.056468967  
2025 11 22  13 23  0.00    23.7731457667      -4.056468756  
2025 11 22  13 24  0.00    23.7731453670      -4.056468545  
2025 11 22  13 25  0.00    23.7731449674      -4.056468333  
2025 11 22  13 26  0.00    23.7731445679      -4.056468120  
2025 11 22  13 27  0.00    23.7731441685      -4.056467907  
2025 11 22  13 28  0.00    23.7731437692      -4.056467693  
2025 11 22  13 29  0.00    23.7731433700      -4.056467478  
2025 11 22  13 30  0.00    23.7731429709      -4.056467263  
2025 11 22  13 31  0.00    23.7731425719      -4.056467047  
2025 11 22  13 32  0.00    23.7731421730      -4.056466831  
2025 11 22  13 33  0.00    23.7731417742      -4.056466614  
2025 11 22  13 34  0.00    23.7731413756      -4.056466396  
2025 11 22  13 35  0.00    23.7731409770      -4.056466177  
2025 11 22  13 36  0.00    23.7731405786      -4.056465958  
2025 11 22  13 37  0.00    23.7731401803      -4.056465738  
2025 11 22  13 38  0.00    23.7731397821      -4.056465518  
2025 11 22  13 39  0.00    23.7731393840      -4.056465297  
2025 11 22  13 40  0.00    23.7731389860      -4.056465075  
2025 11 22  13 41  0.00    23.7731385881      -4.056464852  
2025 11 22  13 42  0.00    23.7731381904      -4.056464629  
2025 11 22  13 43  0.00    23.7731377928      -4.056464406  
2025 11 22  13 44  0.00    23.7731373953      -4.056464181  
2025 11 22  13 45  0.00    23.7731369980      -4.056463956  
2025 11 22  13 46  0.00    23.7731366008      -4.056463730  
2025 11 22  13 47  0.00    23.7731362037      -4.056463504  
2025 11 22  13 48  0.00    23.7731358067      -4.056463277  
2025 11 22  13 49  0.00    23.7731354098      -4.056463049  
2025 11 22  13 50  0.00    23.7731350131      -4.056462821  
2025 11 22  13 51  0.00    23.7731346166      -4.056462592  
2025 11 22  13 52  0.00    23.7731342201      -4.056462362  
2025 11 22  13 53  0.00    23.7731338238      -4.056462132  
2025 11 22  13 54  0.00    23.7731334276      -4.056461901  
2025 11 22  13 55  0.00    23.7731330316      -4.056461670  
2025 11 22  13 56  0.00    23.7731326357      -4.056461437  
2025 11 22  13 57  0.00    23.7731322400      -4.056461205  
2025 11 22  13 58  0.00    23.7731318444      -4.056460971  
2025 11 22  13 59  0.00    23.7731314489      -4.056460737  
2025 11 22  14  0  0.00    23.7731310536      -4.056460502  
2025 11 22  14  1  0.00    23.7731306584      -4.056460267  
2025 11 22  14  2  0.00    23.7731302634      -4.056460031  
2025 11 22  14  3  0.00    23.7731298685      -4.056459794  
2025 11 22  14  4  0.00    23.7731294738      -4.056459556  
2025 11 22  14  5  0.00    23.7731290792      -4.056459318  
2025 11 22  14  6  0.00    23.7731286848      -4.056459080  
2025 11 22  14  7  0.00    23.7731282906      -4.056458840  
2025 11 22  14  8  0.00    23.7731278965      -4.056458600  
2025 11 22  14  9  0.00    23.7731275025      -4.056458360  
2025 11 22  14 10  0.00    23.7731271087      -4.056458118  
2025 11 22  14 11  0.00    23.7731267151      -4.056457877  
2025 11 22  14 12  0.00    23.7731263216      -4.056457634  
2025 11 22  14 13  0.00    23.7731259283      -4.056457391  
2025 11 22  14 14  0.00    23.7731255352      -4.056457147  
2025 11 22  14 15  0.00    23.7731251422      -4.056456903  
2025 11 22  14 16  0.00    23.7731247494      -4.056456657  
2025 11 22  14 17  0.00    23.7731243567      -4.056456412  
2025 11 22  14 18  0.00    23.7731239642      -4.056456165  
2025 11 22  14 19  0.00    23.7731235719      -4.056455918  
2025 11 22  14 20  0.00    23.7731231798      -4.056455671  
2025 11 22  14 21  0.00    23.7731227878      -4.056455422  
2025 11 22  14 22  0.00    23.7731223960      -4.056455173  
2025 11 22  14 23  0.00    23.7731220044      -4.056454924  
2025 11 22  14 24  0.00    23.7731216130      -4.056454674  
2025 11 22  14 25  0.00    23.7731212217      -4.056454423  
2025 11 22  14 26  0.00    23.7731208306      -4.056454171  
2025 11 22  14 27  0.00    23.7731204397      -4.056453919  
2025 11 22  14 28  0.00    23.7731200490      -4.056453667  
2025 11 22  14 29  0.00    23.7731196585      -4.056453413  
2025 11 22  14 30  0.00    23.7731192681      -4.056453159  
2025 11 22  14 31  0.00    23.7731188779      -4.056452905  
2025 11 22  14 32  0.00    23.7731184879      -4.056452649  
2025 11 22  14 33  0.00    23.7731180981      -4.056452393  
2025 11 22  14 34  0.00    23.7731177085      -4.056452137  
2025 11 22  14 35  0.00    23.7731173191      -4.056451880  
2025 11 22  14 36  0.00    23.7731169299      -4.056451622  
2025 11 22  14 37  0.00    23.7731165408      -4.056451364  
2025 11 22  14 38  0.00    23.7731161520      -4.056451105  
2025 11 22  14 39  0.00    23.7731157634      -4.056450845  
2025 11 22  14 40  0.00    23.7731153749      -4.056450585  
2025 11 22  14 41  0.00    23.7731149866      -4.056450324  
2025 11 22  14 42  0.00    23.7731145986      -4.056450062  
2025 11 22  14 43  0.00    23.7731142107      -4.056449800  
2025 11 22  14 44  0.00    23.7731138231      -4.056449537  
2025 11 22  14 45  0.00    23.7731134356      -4.056449274  
2025 11 22  14 46  0.00    23.7731130484      -4.056449010  
2025 11 22  14 47  0.00    23.7731126613      -4.056448745  
2025 11 22  14 48  0.00    23.7731122745      -4.056448480  
2025 11 22  14 49  0.00    23.7731118879      -4.056448214  
2025 11 22  14 50  0.00    23.7731115014      -4.056447948  
2025 11 22  14 51  0.00    23.7731111152      -4.056447680  
2025 11 22  14 52  0.00    23.7731107292      -4.056447413  
2025 11 22  14 53  0.00    23.7731103434      -4.056447144  
2025 11 22  14 54  0.00    23.7731099578      -4.056446875  
2025 11 22  14 55  0.00    23.7731095725      -4.056446606  
2025 11 22  14 56  0.00    23.7731091873      -4.056446336  
2025 11 22  14 57  0.00    23.7731088024      -4.056446065  
2025 11 22  14 58  0.00    23.7731084177      -4.056445793  
2025 11 22  14 59  0.00    23.7731080332      -4.056445521  
2025 11 22  15  0  0.00    23.7731076489      -4.056445249  
2025 11 22  15  1  0.00    23.7731072648      -4.056444975  
2025 11 22  15  2  0.00    23.7731068810      -4.056444701  
2025 11 22  15  3  0.00    23.7731064974      -4.056444427  
2025 11 22  15  4  0.00    23.7731061140      -4.056444152  
2025 11 22  15  5  0.00    23.7731057308      -4.056443876  
2025 11 22  15  6  0.00    23.7731053479      -4.056443600  
2025 11 22  15  7  0.00    23.7731049652      -4.056443323  
2025 11 22  15  8  0.00    23.7731045827      -4.056443045  
2025 11 22  15  9  0.00    23.7731042004      -4.056442767  
2025 11 22  15 10  0.00    23.7731038184      -4.056442489  
2025 11 22  15 11  0.00    23.7731034366      -4.056442209  
2025 11 22  15 12  0.00    23.7731030551      -4.056441929  
2025 11 22  15 13  0.00    23.7731026738      -4.056441649  
2025 11 22  15 14  0.00    23.7731022927      -4.056441368  
2025 11 22  15 15  0.00    23.7731019118      -4.056441086  
2025 11 22  15 16  0.00    23.7731015312      -4.056440804  
2025 11 22  15 17  0.00    23.7731011509      -4.056440521  
2025 11 22  15 18  0.00    23.7731007707      -4.056440237  
2025 11 22  15 19  0.00    23.7731003909      -4.056439953  
2025 11 22  15 20  0.00    23.7731000112      -4.056439668  
2025 11 22  15 21  0.00    23.7730996318      -4.056439383  
2025 11 22  15 22  0.00    23.7730992527      -4.056439097  
2025 11 22  15 23  0.00    23.7730988738      -4.056438811  
2025 11 22  15 24  0.00    23.7730984951      -4.056438524  
2025 11 22  15 25  0.00    23.7730981167      -4.056438236  
2025 11 22  15 26  0.00    23.7730977385      -4.056437948  
2025 11 22  15 27  0.00    23.7730973606      -4.056437659  
2025 11 22  15 28  0.00    23.7730969829      -4.056437369  
2025 11 22  15 29  0.00    23.7730966055      -4.056437079  
2025 11 22  15 30  0.00    23.7730962284      -4.056436789  
2025 11 22  15 31  0.00    23.7730958514      -4.056436497  
2025 11 22  15 32  0.00    23.7730954748      -4.056436206  
2025 11 22  15 33  0.00    23.7730950984      -4.056435913  
2025 11 22  15 34  0.00    23.7730947223      -4.056435620  
2025 11 22  15 35  0.00    23.7730943464      -4.056435327  
2025 11 22  15 36  0.00    23.7730939708      -4.056435033  
2025 11 22  15 37  0.00    23.7730935954      -4.056434738  
2025 11 22  15 38  0.00    23.7730932203      -4.056434443  
2025 11 22  15 39  0.00    23.7730928455      -4.056434147  
2025 11 22  15 40  0.00    23.7730924709      -4.056433850  
2025 11 22  15 41  0.00    23.7730920966      -4.056433553  
2025 11 22  15 42  0.00    23.7730917226      -4.056433256  
2025 11 22  15 43  0.00    23.7730913488      -4.056432958  
2025 11 22  15 44  0.00    23.7730909753      -4.056432659  
2025 11 22  15 45  0.00    23.7730906020      -4.056432360  
2025 11 22  15 46  0.00    23.7730902291      -4.056432060  
2025 11 22  15 47  0.00    23.7730898564      -4.056431759  
2025 11 22  15 48  0.00    23.7730894839      -4.056431458  
2025 11 22  15 49  0.00    23.7730891118      -4.056431157  
2025 11 22  15 50  0.00    23.7730887399      -4.056430854  
2025 11 22  15 51  0.00    23.7730883683      -4.056430552  
2025 11 22  15 52  0.00    23.7730879970      -4.056430248  
2025 11 22  15 53  0.00    23.7730876259      -4.056429945  
2025 11 22  15 54  0.00    23.7730872551      -4.056429640  
2025 11 22  15 55  0.00    23.7730868846      -4.056429335  
2025 11 22  15 56  0.00    23.7730865144      -4.056429030  
2025 11 22  15 57  0.00    23.7730861445      -4.056428724  
2025 11 22  15 58  0.00    23.7730857748      -4.056428417  
2025 11 22  15 59  0.00    23.7730854054      -4.056428110  
2025 11 22  16  0  0.00    23.7730850363      -4.056427802  
2025 11 22  16  1  0.00    23.7730846675      -4.056427494  
2025 11 22  16  2  0.00    23.7730842990      -4.056427185  
2025 11 22  16  3  0.00    23.7730839307      -4.056426875  
2025 11 22  16  4  0.00    23.7730835628      -4.056426565  
2025 11 22  16  5  0.00    23.7730831951      -4.056426255  
2025 11 22  16  6  0.00    23.7730828277      -4.056425944  
2025 11 22  16  7  0.00    23.7730824607      -4.056425632  
2025 11 22  16  8  0.00    23.7730820939      -4.056425320  
2025 11 22  16  9  0.00    23.7730817273      -4.056425007  
2025 11 22  16 10  0.00    23.7730813611      -4.056424694  
2025 11 22  16 11  0.00    23.7730809952      -4.056424380  
2025 11 22  16 12  0.00    23.7730806296      -4.056424065  
2025 11 22  16 13  0.00    23.7730802642      -4.056423751  
2025 11 22  16 14  0.00    23.7730798992      -4.056423435  
2025 11 22  16 15  0.00    23.7730795345      -4.056423119  
2025 11 22  16 16  0.00    23.7730791700      -4.056422803  
2025 11 22  16 17  0.00    23.7730788059      -4.056422485  
2025 11 22  16 18  0.00    23.7730784420      -4.056422168  
2025 11 22  16 19  0.00    23.7730780785      -4.056421850  
2025 11 22  16 20  0.00    23.7730777152      -4.056421531  
2025 11 22  16 21  0.00    23.7730773523      -4.056421212  
2025 11 22  16 22  0.00    23.7730769896      -4.056420892  
2025 11 22  16 23  0.00    23.7730766273      -4.056420572  
2025 11 22  16 24  0.00    23.7730762653      -4.056420251  
2025 11 22  16 25  0.00    23.7730759035      -4.056419929  
2025 11 22  16 26  0.00    23.7730755421      -4.056419608  
2025 11 22  16 27  0.00    23.7730751810      -4.056419285  
2025 11 22  16 28  0.00    23.7730748202      -4.056418962  
2025 11 22  16 29  0.00    23.7730744596      -4.056418639  
2025 11 22  16 30  0.00    23.7730740994      -4.056418315  
2025 11 22  16 31  0.00    23.7730737396      -4.056417990  
2025 11 22  16 32  0.00    23.7730733800      -4.056417665  
2025 11 22  16 33  0.00    23.7730730207      -4.056417340  
2025 11 22  16 34  0.00    23.7730726618      -4.056417013  
2025 11 22  16 35  0.00    23.7730723031      -4.056416687  
2025 11 22  16 36  0.00    23.7730719448      -4.056416360  
2025 11 22  16 37  0.00    23.7730715868      -4.056416032  
2025 11 22  16 38  0.00    23.7730712291      -4.056415704  
2025 11 22  16 39  0.00    23.7730708717      -4.056415375  
2025 11 22  16 40  0.00    23.7730705146      -4.056415046  
2025 11 22  16 41  0.00    23.7730701579      -4.056414716  
2025 11 22  16 42  0.00    23.7730698014      -4.056414386  
2025 11 22  16 43  0.00    23.7730694453      -4.056414056  
2025 11 22  16 44  0.00    23.7730690895      -4.056413724  
2025 11 22  16 45  0.00    23.7730687340      -4.056413393  
2025 11 22  16 46  0.00    23.7730683789      -4.056413060  
2025 11 22  16 47  0.00    23.7730680241      -4.056412728  
2025 11 22  16 48  0.00    23.7730676695      -4.056412394  
2025 11 22  16 49  0.00    23.7730673154      -4.056412061  
2025 11 22  16 50  0.00    23.7730669615      -4.056411726  
2025 11 22  16 51  0.00    23.7730666079      -4.056411392  
2025 11 22  16 52  0.00    23.7730662547      -4.056411056  
2025 11 22  16 53  0.00    23.7730659018      -4.056410721  
2025 11 22  16 54  0.00    23.7730655493      -4.056410384  
2025 11 22  16 55  0.00    23.7730651970      -4.056410048  
2025 11 22  16 56  0.00    23.7730648451      -4.056409711  
2025 11 22  16 57  0.00    23.7730644935      -4.056409373  
2025 11 22  16 58  0.00    23.7730641423      -4.056409035  
2025 11 22  16 59  0.00    23.7730637914      -4.056408696  
2025 11 22  17  0  0.00    23.7730634408      -4.056408357  
2025 11 22  17  1  0.00    23.7730630905      -4.056408017  
2025 11 22  17  2  0.00    23.7730627406      -4.056407677  
2025 11 22  17  3  0.00    23.7730623910      -4.056407336  
2025 11 22  17  4  0.00    23.7730620417      -4.056406995  
2025 11 22  17  5  0.00    23.7730616928      -4.056406654  
2025 11 22  17  6  0.00    23.7730613442      -4.056406311  
2025 11 22  17  7  0.00    23.7730609959      -4.056405969  
2025 11 22  17  8  0.00    23.7730606480      -4.056405626  
2025 11 22  17  9  0.00    23.7730603004      -4.056405282  
2025 11 22  17 10  0.00    23.7730599531      -4.056404938  
---
2025 11 23  10 15 59.99    23.7727863828      -4.055946899  
2025 11 23  10 16 59.99    23.7727860611      -4.055946316  
2025 11 23  10 17 59.99    23.7727857392      -4.055945731  
2025 11 23  10 18 59.99    23.7727854172      -4.055945147  
2025 11 23  10 19 59.99    23.7727850950      -4.055944561  
2025 11 23  10 20 59.99    23.7727847727      -4.055943975  
2025 11 23  10 21 59.99    23.7727844503      -4.055943389  
2025 11 23  10 22 59.99    23.7727841277      -4.055942802  
2025 11 23  10 23 59.99    23.7727838050      -4.055942214  
2025 11 23  10 24 59.99    23.7727834822      -4.055941625  
2025 11 23  10 25 59.99    23.7727831592      -4.055941036  
2025 11 23  10 26 59.99    23.7727828361      -4.055940447  
2025 11 23  10 27 59.99    23.7727825129      -4.055939857  
2025 11 23  10 28 59.99    23.7727821895      -4.055939266  
2025 11 23  10 29 59.99    23.7727818661      -4.055938674  
2025 11 23  10 30 59.99    23.7727815425      -4.055938082  
2025 11 23  10 31 59.99    23.7727812187      -4.055937490  
2025 11 23  10 32 59.99    23.7727808949      -4.055936897  
2025 11 23  10 33 59.99    23.7727805709      -4.055936303  
2025 11 23  10 34 59.99    23.7727802469      -4.055935708  
2025 11 23  10 35 59.99    23.7727799227      -4.055935113  
2025 11 23  10 36 59.99    23.7727795983      -4.055934517  
2025 11 23  10 37 59.99    23.7727792739      -4.055933921  
2025 11 23  10 38 59.99    23.7727789494      -4.055933324  
2025 11 23  10 39 59.99    23.7727786247      -4.055932727  
2025 11 23  10 40 59.99    23.7727782999      -4.055932129  
2025 11 23  10 41 59.99    23.7727779750      -4.055931530  
2025 11 23  10 42 59.99    23.7727776500      -4.055930930  
2025 11 23  10 43 59.99    23.7727773249      -4.055930330  
2025 11 23  10 44 59.99    23.7727769997      -4.055929730  
2025 11 23  10 45 59.99    23.7727766744      -4.055929129  
2025 11 23  10 46 59.99    23.7727763490      -4.055928527  
2025 11 23  10 47 59.99    23.7727760234      -4.055927924  
2025 11 23  10 48 59.99    23.7727756978      -4.055927321  
2025 11 23  10 49 59.99    23.7727753721      -4.055926718  
2025 11 23  10 50 59.99    23.7727750462      -4.055926113  
2025 11 23  10 51 59.99    23.7727747203      -4.055925508  
2025 11 23  10 52 59.99    23.7727743943      -4.055924903  
2025 11 23  10 53 59.99    23.7727740681      -4.055924296  
2025 11 23  10 54 59.99    23.7727737419      -4.055923690  
2025 11 23  10 55 59.99    23.7727734156      -4.055923082  
2025 11 23  10 56 59.99    23.7727730892      -4.055922474  
2025 11 23  10 57 59.99    23.7727727627      -4.055921865  
2025 11 23  10 58 59.99    23.7727724360      -4.055921256  
2025 11 23  10 59 59.99    23.7727721094      -4.055920646  
2025 11 23  11  0 59.99    23.7727717826      -4.055920036  
2025 11 23  11  1 59.99    23.7727714557      -4.055919424  
2025 11 23  11  2 59.99    23.7727711288      -4.055918812  
2025 11 23  11  3 59.99    23.7727708017      -4.055918200  
2025 11 23  11  4 59.99    23.7727704746      -4.055917587  
2025 11 23  11  5 59.99    23.7727701474      -4.055916973  
2025 11 23  11  6 59.99    23.7727698201      -4.055916359  
2025 11 23  11  7 59.99    23.7727694927      -4.055915744  
2025 11 23  11  8 59.99    23.7727691653      -4.055915128  
2025 11 23  11  9 59.99    23.7727688378      -4.055914512  
2025 11 23  11 10 59.99    23.7727685102      -4.055913895  
2025 11 23  11 11 59.99    23.7727681825      -4.055913277  
2025 11 23  11 12 59.99    23.7727678548      -4.055912659  
2025 11 23  11 13 59.99    23.7727675269      -4.055912040  
2025 11 23  11 14 59.99    23.7727671991      -4.055911421  
2025 11 23  11 15 59.99    23.7727668711      -4.055910801  
2025 11 23  11 16 59.99    23.7727665431      -4.055910180  
2025 11 23  11 17 59.99    23.7727662150      -4.055909559  
2025 11 23  11 18 59.99    23.7727658868      -4.055908937  
2025 11 23  11 19 59.99    23.7727655586      -4.055908314  
2025 11 23  11 20 59.99    23.7727652303      -4.055907691  
2025 11 23  11 21 59.99    23.7727649019      -4.055907067  
2025 11 23  11 22 59.99    23.7727645735      -4.055906442  
2025 11 23  11 23 59.99    23.7727642450      -4.055905817  
2025 11 23  11 24 59.99    23.7727639165      -4.055905191  
2025 11 23  11 25 59.99    23.7727635879      -4.055904565  
2025 11 23  11 26 59.99    23.7727632593      -4.055903938  
2025 11 23  11 27 59.99    23.7727629306      -4.055903310  
2025 11 23  11 28 59.99    23.7727626018      -4.055902681  
2025 11 23  11 29 59.99    23.7727622730      -4.055902052  
2025 11 23  11 30 59.99    23.7727619442      -4.055901423  
2025 11 23  11 31 59.99    23.7727616153      -4.055900792  
2025 11 23  11 32 59.99    23.7727612863      -4.055900161  
2025 11 23  11 33 59.99    23.7727609573      -4.055899530  
2025 11 23  11 34 59.99    23.7727606283      -4.055898897  
2025 11 23  11 35 59.99    23.7727602992      -4.055898264  
2025 11 23  11 36 59.99    23.7727599700      -4.055897631  
2025 11 23  11 37 59.99    23.7727596409      -4.055896997  
2025 11 23  11 38 59.99    23.7727593116      -4.055896362  
2025 11 23  11 39 59.99    23.7727589824      -4.055895726  
2025 11 23  11 40 59.99    23.7727586531      -4.055895090  
2025 11 23  11 41 59.99    23.7727583238      -4.055894453  
2025 11 23  11 42 59.99    23.7727579944      -4.055893816  
2025 11 23  11 43 59.99    23.7727576650      -4.055893177  
2025 11 23  11 44 59.99    23.7727573356      -4.055892539  
2025 11 23  11 45 59.99    23.7727570061      -4.055891899  
2025 11 23  11 46 59.99    23.7727566766      -4.055891259  
2025 11 23  11 47 59.99    23.7727563471      -4.055890618  
2025 11 23  11 48 59.99    23.7727560176      -4.055889977  
2025 11 23  11 49 59.99    23.7727556880      -4.055889335  
2025 11 23  11 50 59.99    23.7727553584      -4.055888692  
2025 11 23  11 51 59.99    23.7727550288      -4.055888049  
2025 11 23  11 52 59.99    23.7727546992      -4.055887405  
2025 11 23  11 53 59.99    23.7727543695      -4.055886760  
2025 11 23  11 54 59.99    23.7727540398      -4.055886115  
2025 11 23  11 55 59.99    23.7727537101      -4.055885469  
2025 11 23  11 56 59.99    23.7727533804      -4.055884822  
2025 11 23  11 57 59.99    23.7727530507      -4.055884175  
2025 11 23  11 58 59.99    23.7727527209      -4.055883527  
2025 11 23  11 59 59.99    23.7727523912      -4.055882879  
2025 11 23  12  0 59.99    23.7727520614      -4.055882229  
2025 11 23  12  1 59.99    23.7727517317      -4.055881579  
2025 11 23  12  2 59.99    23.7727514019      -4.055880929  
2025 11 23  12  3 59.99    23.7727510721      -4.055880278  
2025 11 23  12  4 59.99    23.7727507423      -4.055879626  
2025 11 23  12  5 59.99    23.7727504125      -4.055878973  
2025 11 23  12  6 59.99    23.7727500827      -4.055878320  
2025 11 23  12  7 59.99    23.7727497529      -4.055877666  
2025 11 23  12  8 59.99    23.7727494231      -4.055877012  
2025 11 23  12  9 59.99    23.7727490933      -4.055876357  
2025 11 23  12 10 59.99    23.7727487635      -4.055875701  
2025 11 23  12 11 59.99    23.7727484337      -4.055875044  
2025 11 23  12 12 59.99    23.7727481039      -4.055874387  
2025 11 23  12 13 59.99    23.7727477741      -4.055873729  
2025 11 23  12 14 59.99    23.7727474444      -4.055873071  
2025 11 23  12 15 59.99    23.7727471146      -4.055872412  
2025 11 23  12 16 59.99    23.7727467848      -4.055871752  
2025 11 23  12 17 59.99    23.7727464551      -4.055871092  
2025 11 23  12 18 59.99    23.7727461254      -4.055870431  
2025 11 23  12 19 59.99    23.7727457957      -4.055869769  
2025 11 23  12 20 59.99    23.7727454660      -4.055869106  
2025 11 23  12 21 59.99    23.7727451363      -4.055868443  
2025 11 23  12 22 59.99    23.7727448066      -4.055867780  
2025 11 23  12 23 59.99    23.7727444770      -4.055867115  
2025 11 23  12 24 59.99    23.7727441474      -4.055866450  
2025 11 23  12 25 59.99    23.7727438178      -4.055865784  
2025 11 23  12 26 59.99    23.7727434882      -4.055865118  
2025 11 23  12 27 59.99    23.7727431586      -4.055864451  
2025 11 23  12 28 59.99    23.7727428291      -4.055863783  
2025 11 23  12 29 59.99    23.7727424996      -4.055863115  
2025 11 23  12 30 59.99    23.7727421702      -4.055862446  
2025 11 23  12 31 59.99    23.7727418407      -4.055861776  
2025 11 23  12 32 59.99    23.7727415114      -4.055861106  
2025 11 23  12 33 59.99    23.7727411820      -4.055860435  
2025 11 23  12 34 59.99    23.7727408527      -4.055859763  
2025 11 23  12 35 59.99    23.7727405234      -4.055859091  
2025 11 23  12 36 59.99    23.7727401941      -4.055858418  
2025 11 23  12 37 59.99    23.7727398649      -4.055857744  
2025 11 23  12 38 59.99    23.7727395357      -4.055857070  
2025 11 23  12 39 59.99    23.7727392066      -4.055856395  
2025 11 23  12 40 59.99    23.7727388775      -4.055855719  
2025 11 23  12 41 59.99    23.7727385485      -4.055855043  
2025 11 23  12 42 59.99    23.7727382195      -4.055854366  
2025 11 23  12 43 59.99    23.7727378905      -4.055853689  
2025 11 23  12 44 59.99    23.7727375616      -4.055853010  
2025 11 23  12 45 59.99    23.7727372328      -4.055852331  
2025 11 23  12 46 59.99    23.7727369040      -4.055851652  
2025 11 23  12 47 59.99    23.7727365753      -4.055850972  
2025 11 23  12 48 59.99    23.7727362466      -4.055850291  
2025 11 23  12 49 59.99    23.7727359179      -4.055849609  
2025 11 23  12 50 59.99    23.7727355894      -4.055848927  
2025 11 23  12 51 59.99    23.7727352609      -4.055848244  
2025 11 23  12 52 59.99    23.7727349324      -4.055847560  
2025 11 23  12 53 59.99    23.7727346040      -4.055846876  
2025 11 23  12 54 59.99    23.7727342757      -4.055846191  
2025 11 23  12 55 59.99    23.7727339474      -4.055845506  
2025 11 23  12 56 59.99    23.7727336192      -4.055844819  
2025 11 23  12 57 59.99    23.7727332911      -4.055844132  
2025 11 23  12 58 59.99    23.7727329630      -4.055843445  
2025 11 23  12 59 59.99    23.7727326350      -4.055842757  
2025 11 23  13  0 59.99    23.7727323071      -4.055842068  
2025 11 23  13  1 59.99    23.7727319792      -4.055841378  
2025 11 23  13  2 59.99    23.7727316515      -4.055840688  
2025 11 23  13  3 59.99    23.7727313238      -4.055839997  
2025 11 23  13  4 59.99    23.7727309961      -4.055839306  
2025 11 23  13  5 59.99    23.7727306686      -4.055838614  
2025 11 23  13  6 59.99    23.7727303411      -4.055837921  
2025 11 23  13  7 59.99    23.7727300137      -4.055837227  
2025 11 23  13  8 59.99    23.7727296864      -4.055836533  
2025 11 23  13  9 59.99    23.7727293592      -4.055835838  
2025 11 23  13 10 59.99    23.7727290321      -4.055835143  
2025 11 23  13 11 59.99    23.7727287050      -4.055834447  
2025 11 23  13 12 59.99    23.7727283781      -4.055833750  
2025 11 23  13 13 59.99    23.7727280512      -4.055833052  
2025 11 23  13 14 59.99    23.7727277244      -4.055832354  
2025 11 23  13 15 59.99    23.7727273977      -4.055831656  
2025 11 23  13 16 59.99    23.7727270711      -4.055830956  
2025 11 23  13 17 59.99    23.7727267446      -4.055830256  
2025 11 23  13 18 59.99    23.7727264182      -4.055829555  
2025 11 23  13 19 59.99    23.7727260919      -4.055828854  
2025 11 23  13 20 59.99    23.7727257657      -4.055828152  
2025 11 23  13 21 59.99    23.7727254395      -4.055827449  
2025 11 23  13 22 59.99    23.7727251135      -4.055826746  
2025 11 23  13 23 59.99    23.7727247876      -4.055826042  
2025 11 23  13 24 59.99    23.7727244618      -4.055825337  
2025 11 23  13 25 59.99    23.7727241361      -4.055824632  
2025 11 23  13 26 59.99    23.7727238105      -4.055823926  
2025 11 23  13 27 59.99    23.7727234850      -4.055823219  
2025 11 23  13 28 59.99    23.7727231596      -4.055822512  
2025 11 23  13 29 59.99    23.7727228344      -4.055821804  
2025 11 23  13 30 59.99    23.7727225092      -4.055821095  
2025 11 23  13 31 59.99    23.7727221842      -4.055820386  
2025 11 23  13 32 59.99    23.7727218592      -4.055819676  
2025 11 23  13 33 59.99    23.7727215344      -4.055818965  
2025 11 23  13 34 59.99    23.7727212097      -4.055818254  
2025 11 23  13 35 59.99    23.7727208852      -4.055817542  
2025 11 23  13 36 59.99    23.7727205607      -4.055816830  
2025 11 23  13 37 59.99    23.7727202364      -4.055816116  
2025 11 23  13 38 59.99    23.7727199122      -4.055815402  
2025 11 23  13 39 59.99    23.7727195881      -4.055814688  
2025 11 23  13 40 59.99    23.7727192641      -4.055813973  
2025 11 23  13 41 59.99    23.7727189403      -4.055813257  
2025 11 23  13 42 59.99    23.7727186166      -4.055812540  
2025 11 23  13 43 59.99    23.7727182930      -4.055811823  
2025 11 23  13 44 59.99    23.7727179695      -4.055811106  
2025 11 23  13 45 59.99    23.7727176462      -4.055810387  
2025 11 23  13 46 59.99    23.7727173230      -4.055809668  
2025 11 23  13 47 59.99    23.7727170000      -4.055808948  
2025 11 23  13 48 59.99    23.7727166771      -4.055808228  
2025 11 23  13 49 59.99    23.7727163543      -4.055807507  
2025 11 23  13 50 59.99    23.7727160317      -4.055806785  
2025 11 23  13 51 59.99    23.7727157092      -4.055806063  
2025 11 23  13 52 59.99    23.7727153868      -4.055805340  
2025 11 23  13 53 59.99    23.7727150646      -4.055804616  
2025 11 23  13 54 59.99    23.7727147425      -4.055803892  
2025 11 23  13 55 59.99    23.7727144206      -4.055803167  
2025 11 23  13 56 59.99    23.7727140988      -4.055802442  
2025 11 23  13 57 59.99    23.7727137772      -4.055801715  
2025 11 23  13 58 59.99    23.7727134557      -4.055800988  
2025 11 23  13 59 59.99    23.7727131344      -4.055800261  
2025 11 23  14  0 59.99    23.7727128132      -4.055799533  
2025 11 23  14  1 59.99    23.7727124922      -4.055798804  
2025 11 23  14  2 59.99    23.7727121713      -4.055798075  
2025 11 23  14  3 59.99    23.7727118506      -4.055797345  
2025 11 23  14  4 59.99    23.7727115301      -4.055796614  
2025 11 23  14  5 59.99    23.7727112097      -4.055795882  
2025 11 23  14  6 59.99    23.7727108894      -4.055795150  
2025 11 23  14  7 59.99    23.7727105693      -4.055794418  
2025 11 23  14  8 59.99    23.7727102494      -4.055793685  
2025 11 23  14  9 59.99    23.7727099297      -4.055792951  
2025 11 23  14 10 59.99    23.7727096101      -4.055792216  
2025 11 23  14 11 59.99    23.7727092906      -4.055791481  
2025 11 23  14 12 59.99    23.7727089714      -4.055790745  
2025 11 23  14 13 59.99    23.7727086523      -4.055790008  
2025 11 23  14 14 59.99    23.7727083334      -4.055789271  
2025 11 23  14 15 59.99    23.7727080146      -4.055788534  
2025 11 23  14 16 59.99    23.7727076961      -4.055787795  
2025 11 23  14 17 59.99    23.7727073777      -4.055787056  
2025 11 23  14 18 59.99    23.7727070594      -4.055786316  
2025 11 23  14 19 59.99    23.7727067414      -4.055785576  
2025 11 23  14 20 59.99    23.7727064235      -4.055784835  
2025 11 23  14 21 59.99    23.7727061058      -4.055784094  
2025 11 23  14 22 59.99    23.7727057883      -4.055783351  
2025 11 23  14 23 59.99    23.7727054710      -4.055782609  
2025 11 23  14 24 59.99    23.7727051538      -4.055781865  
2025 11 23  14 25 59.99    23.7727048369      -4.055781121  
2025 11 23  14 26 59.99    23.7727045201      -4.055780376  
2025 11 23  14 27 59.99    23.7727042035      -4.055779631  
2025 11 23  14 28 59.99    23.7727038871      -4.055778885  
2025 11 23  14 29 59.99    23.7727035708      -4.055778138  
2025 11 23  14 30 59.99    23.7727032548      -4.055777391  
2025 11 23  14 31 59.99    23.7727029390      -4.055776643  
2025 11 23  14 32 59.99    23.7727026233      -4.055775895  
2025 11 23  14 33 59.99    23.7727023079      -4.055775146  
2025 11 23  14 34 59.99    23.7727019926      -4.055774396  
2025 11 23  14 35 59.99    23.7727016776      -4.055773645  
2025 11 23  14 36 59.99    23.7727013627      -4.055772894  
2025 11 23  14 37 59.99    23.7727010480      -4.055772143  
2025 11 23  14 38 59.99    23.7727007336      -4.055771390  
2025 11 23  14 39 59.99    23.7727004193      -4.055770638  
2025 11 23  14 40 59.99    23.7727001052      -4.055769884  
2025 11 23  14 41 59.99    23.7726997914      -4.055769130  
2025 11 23  14 42 59.99    23.7726994777      -4.055768375  
2025 11 23  14 43 59.99    23.7726991642      -4.055767620  
2025 11 23  14 44 59.99    23.7726988510      -4.055766864  
2025 11 23  14 45 59.99    23.7726985380      -4.055766107  
2025 11 23  14 46 59.99    23.7726982251      -4.055765350  
2025 11 23  14 47 59.99    23.7726979125      -4.055764592  
2025 11 23  14 48 59.99    23.7726976001      -4.055763834  
2025 11 23  14 49 59.99    23.7726972879      -4.055763075  
2025 11 23  14 50 59.99    23.7726969759      -4.055762315  
2025 11 23  14 51 59.99    23.7726966642      -4.055761555  
2025 11 23  14 52 59.99    23.7726963526      -4.055760794  
2025 11 23  14 53 59.99    23.7726960413      -4.055760032  
2025 11 23  14 54 59.99    23.7726957302      -4.055759270  
2025 11 23  14 55 59.99    23.7726954193      -4.055758507  
2025 11 23  14 56 59.99    23.7726951086      -4.055757744  
2025 11 23  14 57 59.99    23.7726947982      -4.055756980  
2025 11 23  14 58 59.99    23.7726944879      -4.055756215  
2025 11 23  14 59 59.99    23.7726941779      -4.055755450  
2025 11 23  15  0 59.99    23.7726938682      -4.055754684  
2025 11 23  15  1 59.99    23.7726935586      -4.055753918  
2025 11 23  15  2 59.99    23.7726932493      -4.055753151  
2025 11 23  15  3 59.99    23.7726929402      -4.055752383  
2025 11 23  15  4 59.99    23.7726926313      -4.055751615  
2025 11 23  15  5 59.99    23.7726923227      -4.055750846  
2025 11 23  15  6 59.99    23.7726920143      -4.055750077  
2025 11 23  15  7 59.99    23.7726917061      -4.055749307  
2025 11 23  15  8 59.99    23.7726913982      -4.055748536  
2025 11 23  15  9 59.99    23.7726910905      -4.055747765  
2025 11 23  15 10 59.99    23.7726907830      -4.055746993  
2025 11 23  15 11 59.99    23.7726904758      -4.055746221  
2025 11 23  15 12 59.99    23.7726901688      -4.055745448  
2025 11 23  15 13 59.99    23.7726898621      -4.055744674  
2025 11 23  15 14 59.99    23.7726895556      -4.055743900  
2025 11 23  15 15 59.99    23.7726892493      -4.055743125  
2025 11 23  15 16 59.99    23.7726889433      -4.055742350  
2025 11 23  15 17 59.99    23.7726886375      -4.055741574  
2025 11 23  15 18 59.99    23.7726883320      -4.055740797  
2025 11 23  15 19 59.99    23.7726880267      -4.055740020  
2025 11 23  15 20 59.99    23.7726877217      -4.055739242  
2025 11 23  15 21 59.99    23.7726874169      -4.055738464  
2025 11 23  15 22 59.99    23.7726871124      -4.055737685  
2025 11 23  15 23 59.99    23.7726868081      -4.055736905  
2025 11 23  15 24 59.99    23.7726865040      -4.055736125  
2025 11 23  15 25 59.99    23.7726862003      -4.055735344  
2025 11 23  15 26 59.99    23.7726858967      -4.055734563  
2025 11 23  15 27 59.99    23.7726855935      -4.055733781  
2025 11 23  15 28 59.99    23.7726852905      -4.055732999  
2025 11 23  15 29 59.99    23.7726849877      -4.055732216  
2025 11 23  15 30 59.99    23.7726846852      -4.055731432  
2025 11 23  15 31 59.99    23.7726843830      -4.055730648  
2025 11 23  15 32 59.99    23.7726840810      -4.055729863  
2025 11 23  15 33 59.99    23.7726837793      -4.055729078  
2025 11 23  15 34 59.99    23.7726834778      -4.055728292  
2025 11 23  15 35 59.99    23.7726831766      -4.055727505  
2025 11 23  15 36 59.99    23.7726828757      -4.055726718  
2025 11 23  15 37 59.99    23.7726825750      -4.055725930  
2025 11 23  15 38 59.99    23.7726822746      -4.055725142  
2025 11 23  15 39 59.99    23.7726819745      -4.055724353  
2025 11 23  15 40 59.99    23.7726816746      -4.055723564  
2025 11 23  15 41 59.99    23.7726813750      -4.055722774  
2025 11 23  15 42 59.99    23.7726810757      -4.055721983  
2025 11 23  15 43 59.99    23.7726807767      -4.055721192  
2025 11 23  15 44 59.99    23.7726804779      -4.055720401  
2025 11 23  15 45 59.99    23.7726801794      -4.055719608  
2025 11 23  15 46 59.99    23.7726798811      -4.055718815  
2025 11 23  15 47 59.99    23.7726795832      -4.055718022  
2025 11 23  15 48 59.99    23.7726792855      -4.055717228  
2025 11 23  15 49 59.99    23.7726789881      -4.055716434  
2025 11 23  15 50 59.99    23.7726786910      -4.055715639  
2025 11 23  15 51 59.99    23.7726783941      -4.055714843  
2025 11 23  15 52 59.99    23.7726780976      -4.055714047  
2025 11 23  15 53 59.99    23.7726778013      -4.055713250  
2025 11 23  15 54 59.99    23.7726775053      -4.055712453  
2025 11 23  15 55 59.99    23.7726772096      -4.055711655  
2025 11 23  15 56 59.99    23.7726769141      -4.055710856  
2025 11 23  15 57 59.99    23.7726766190      -4.055710057  
2025 11 23  15 58 59.99    23.7726763241      -4.055709258  
2025 11 23  15 59 59.99    23.7726760295      -4.055708458  
2025 11 23  16  0 59.99    23.7726757352      -4.055707657  
2025 11 23  16  1 59.99    23.7726754412      -4.055706856  
2025 11 23  16  2 59.99    23.7726751475      -4.055706054  
2025 11 23  16  3 59.99    23.7726748541      -4.055705252  
2025 11 23  16  4 59.99    23.7726745609      -4.055704449  
2025 11 23  16  5 59.99    23.7726742681      -4.055703646  
2025 11 23  16  6 59.99    23.7726739755      -4.055702842  
2025 11 23  16  7 59.99    23.7726736833      -4.055702037  
2025 11 23  16  8 59.99    23.7726733913      -4.055701232  
2025 11 23  16  9 59.99    23.7726730996      -4.055700427  
2025 11 23  16 10 59.99    23.7726728083      -4.055699621  
2025 11 23  16 11 59.99    23.7726725172      -4.055698814  
2025 11 23  16 12 59.99    23.7726722264      -4.055698007  
2025 11 23  16 13 59.99    23.7726719359      -4.055697199  
2025 11 23  16 14 59.99    23.7726716458      -4.055696391  
2025 11 23  16 15 59.99    23.7726713559      -4.055695582  
2025 11 23  16 16 59.99    23.7726710663      -4.055694773  
2025 11 23  16 17 59.99    23.7726707770      -4.055693963  
2025 11 23  16 18 59.99    23.7726704880      -4.055693152  
2025 11 23  16 19 59.99    23.7726701994      -4.055692341  
2025 11 23  16 20 59.99    23.7726699110      -4.055691530  
2025 11 23  16 21 59.99    23.7726696229      -4.055690718  
2025 11 23  16 22 59.99    23.7726693352      -4.055689905  
2025 11 23  16 23 59.99    23.7726690477      -4.055689092  
2025 11 23  16 24 59.99    23.7726687606      -4.055688279  
2025 11 23  16 25 59.99    23.7726684738      -4.055687465  
2025 11 23  16 26 59.99    23.7726681872      -4.055686650  
2025 11 23  16 27 59.99    23.7726679010      -4.055685835  
2025 11 23  16 28 59.99    23.7726676151      -4.055685019  
2025 11 23  16 29 59.99    23.7726673295      -4.055684203  
2025 11 23  16 30 59.99    23.7726670443      -4.055683386  
2025 11 23  16 31 59.99    23.7726667593      -4.055682569  
2025 11 23  16 32 59.99    23.7726664746      -4.055681752  
2025 11 23  16 33 59.99    23.7726661903      -4.055680933  
2025 11 23  16 34 59.99    23.7726659063      -4.055680115  
2025 11 23  16 35 59.99    23.7726656226      -4.055679295  
2025 11 23  16 36 59.99    23.7726653392      -4.055678475  
2025 11 23  16 37 59.99    23.7726650561      -4.055677655  
2025 11 23  16 38 59.99    23.7726647734      -4.055676834  
2025 11 23  16 39 59.99    23.7726644909      -4.055676013  
2025 11 23  16 40 59.99    23.7726642088      -4.055675191  
2025 11 23  16 41 59.99    23.7726639270      -4.055674369  
2025 11 23  16 42 59.99    23.7726636455      -4.055673546  
2025 11 23  16 43 59.99    23.7726633644      -4.055672723  
2025 11 23  16 44 59.99    23.7726630836      -4.055671899  
2025 11 23  16 45 59.99    23.7726628030      -4.055671075  
2025 11 23  16 46 59.99    23.7726625229      -4.055670250  
2025 11 23  16 47 59.99    23.7726622430      -4.055669424  
2025 11 23  16 48 59.99    23.7726619635      -4.055668599  
2025 11 23  16 49 59.99    23.7726616843      -4.055667772  
2025 11 23  16 50 59.99    23.7726614054      -4.055666945  
2025 11 23  16 51 59.99    23.7726611268      -4.055666118  
2025 11 23  16 52 59.99    23.7726608486      -4.055665290  
2025 11 23  16 53 59.99    23.7726605707      -4.055664462  
2025 11 23  16 54 59.99    23.7726602931      -4.055663633  
2025 11 23  16 55 59.99    23.7726600159      -4.055662804  
2025 11 23  16 56 59.99    23.7726597390      -4.055661974  
2025 11 23  16 57 59.99    23.7726594624      -4.055661144  
2025 11 23  16 58 59.99    23.7726591862      -4.055660313  
2025 11 23  16 59 59.99    23.7726589103      -4.055659482  
2025 11 23  17  0 59.99    23.7726586347      -4.055658650  
2025 11 23  17  1 59.99    23.7726583594      -4.055657818  
2025 11 23  17  2 59.99    23.7726580845      -4.055656985  
2025 11 23  17  3 59.99    23.7726578099      -4.055656152  
2025 11 23  17  4 59.99    23.7726575357      -4.055655319  
2025 11 23  17  5 59.99    23.7726572618      -4.055654485  
---
2025 11 24  10 15 59.98    23.7724579674      -4.054688998  
2025 11 24  10 16 59.98    23.7724577187      -4.054687921  
2025 11 24  10 17 59.98    23.7724574699      -4.054686844  
2025 11 24  10 18 59.98    23.7724572209      -4.054685766  
2025 11 24  10 19 59.98    23.7724569718      -4.054684688  
2025 11 24  10 20 59.98    23.7724567226      -4.054683609  
2025 11 24  10 21 59.98    23.7724564732      -4.054682529  
2025 11 24  10 22 59.98    23.7724562237      -4.054681449  
2025 11 24  10 23 59.98    23.7724559741      -4.054680368  
2025 11 24  10 24 59.98    23.7724557244      -4.054679287  
2025 11 24  10 25 59.98    23.7724554745      -4.054678205  
2025 11 24  10 26 59.98    23.7724552245      -4.054677122  
2025 11 24  10 27 59.98    23.7724549744      -4.054676039  
2025 11 24  10 28 59.98    23.7724547241      -4.054674955  
2025 11 24  10 29 59.98    23.7724544738      -4.054673871  
2025 11 24  10 30 59.98    23.7724542233      -4.054672786  
2025 11 24  10 31 59.98    23.7724539727      -4.054671700  
2025 11 24  10 32 59.98    23.7724537220      -4.054670614  
2025 11 24  10 33 59.98    23.7724534712      -4.054669527  
2025 11 24  10 34 59.98    23.7724532202      -4.054668440  
2025 11 24  10 35 59.98    23.7724529692      -4.054667351  
2025 11 24  10 36 59.98    23.7724527180      -4.054666263  
2025 11 24  10 37 59.98    23.7724524667      -4.054665173  
2025 11 24  10 38 59.98    23.7724522153      -4.054664083  
2025 11 24  10 39 59.98    23.7724519638      -4.054662993  
2025 11 24  10 40 59.98    23.7724517122      -4.054661902  
2025 11 24  10 41 59.98    23.7724514605      -4.054660810  
2025 11 24  10 42 59.98    23.7724512087      -4.054659718  
2025 11 24  10 43 59.98    23.7724509568      -4.054658625  
2025 11 24  10 44 59.98    23.7724507048      -4.054657531  
2025 11 24  10 45 59.98    23.7724504526      -4.054656437  
2025 11 24  10 46 59.98    23.7724502004      -4.054655342  
2025 11 24  10 47 59.98    23.7724499481      -4.054654246  
2025 11 24  10 48 59.98    23.7724496957      -4.054653150  
2025 11 24  10 49 59.98    23.7724494432      -4.054652053  
2025 11 24  10 50 59.98    23.7724491905      -4.054650956  
2025 11 24  10 51 59.98    23.7724489378      -4.054649858  
2025 11 24  10 52 59.98    23.7724486850      -4.054648759  
2025 11 24  10 53 59.98    23.7724484321      -4.054647660  
2025 11 24  10 54 59.98    23.7724481791      -4.054646560  
2025 11 24  10 55 59.98    23.7724479261      -4.054645460  
2025 11 24  10 56 59.98    23.7724476729      -4.054644358  
2025 11 24  10 57 59.98    23.7724474197      -4.054643257  
2025 11 24  10 58 59.98    23.7724471663      -4.054642154  
2025 11 24  10 59 59.98    23.7724469129      -4.054641051  
2025 11 24  11  0 59.98    23.7724466594      -4.054639947  
2025 11 24  11  1 59.98    23.7724464058      -4.054638843  
2025 11 24  11  2 59.98    23.7724461521      -4.054637738  
2025 11 24  11  3 59.98    23.7724458984      -4.054636633  
2025 11 24  11  4 59.98    23.7724456446      -4.054635526  
2025 11 24  11  5 59.98    23.7724453907      -4.054634420  
2025 11 24  11  6 59.98    23.7724451367      -4.054633312  
2025 11 24  11  7 59.98    23.7724448826      -4.054632204  
2025 11 24  11  8 59.98    23.7724446285      -4.054631095  
2025 11 24  11  9 59.98    23.7724443743      -4.054629986  
2025 11 24  11 10 59.98    23.7724441200      -4.054628876  
2025 11 24  11 11 59.98    23.7724438657      -4.054627765  
2025 11 24  11 12 59.98    23.7724436113      -4.054626654  
2025 11 24  11 13 59.98    23.7724433568      -4.054625542  
2025 11 24  11 14 59.98    23.7724431023      -4.054624430  
2025 11 24  11 15 59.98    23.7724428476      -4.054623316  
2025 11 24  11 16 59.98    23.7724425930      -4.054622203  
2025 11 24  11 17 59.98    23.7724423382      -4.054621088  
2025 11 24  11 18 59.98    23.7724420835      -4.054619973  
2025 11 24  11 19 59.98    23.7724418286      -4.054618857  
2025 11 24  11 20 59.98    23.7724415737      -4.054617741  
2025 11 24  11 21 59.98    23.7724413187      -4.054616624  
2025 11 24  11 22 59.98    23.7724410637      -4.054615506  
2025 11 24  11 23 59.98    23.7724408086      -4.054614388  
2025 11 24  11 24 59.98    23.7724405535      -4.054613269  
2025 11 24  11 25 59.98    23.7724402983      -4.054612149  
2025 11 24  11 26 59.98    23.7724400431      -4.054611029  
2025 11 24  11 27 59.98    23.7724397878      -4.054609908  
2025 11 24  11 28 59.98    23.7724395325      -4.054608786  
2025 11 24  11 29 59.98    23.7724392771      -4.054607664  
2025 11 24  11 30 59.98    23.7724390217      -4.054606541  
2025 11 24  11 31 59.98    23.7724387662      -4.054605418  
2025 11 24  11 32 59.98    23.7724385107      -4.054604294  
2025 11 24  11 33 59.98    23.7724382552      -4.054603169  
2025 11 24  11 34 59.98    23.7724379996      -4.054602043  
2025 11 24  11 35 59.98    23.7724377440      -4.054600917  
2025 11 24  11 36 59.98    23.7724374883      -4.054599791  
2025 11 24  11 37 59.98    23.7724372326      -4.054598663  
2025 11 24  11 38 59.98    23.7724369769      -4.054597535  
2025 11 24  11 39 59.98    23.7724367211      -4.054596407  
2025 11 24  11 40 59.98    23.7724364653      -4.054595277  
2025 11 24  11 41 59.98    23.7724362095      -4.054594147  
2025 11 24  11 42 59.98    23.7724359536      -4.054593017  
2025 11 24  11 43 59.98    23.7724356977      -4.054591885  
2025 11 24  11 44 59.98    23.7724354418      -4.054590753  
2025 11 24  11 45 59.98    23.7724351859      -4.054589621  
2025 11 24  11 46 59.98    23.7724349299      -4.054588488  
2025 11 24  11 47 59.98    23.7724346739      -4.054587354  
2025 11 24  11 48 59.98    23.7724344179      -4.054586219  
2025 11 24  11 49 59.98    23.7724341619      -4.054585084  
2025 11 24  11 50 59.98    23.7724339058      -4.054583948  
2025 11 24  11 51 59.98    23.7724336497      -4.054582812  
2025 11 24  11 52 59.98    23.7724333937      -4.054581674  
2025 11 24  11 53 59.98    23.7724331376      -4.054580537  
2025 11 24  11 54 59.98    23.7724328815      -4.054579398  
2025 11 24  11 55 59.98    23.7724326253      -4.054578259  
2025 11 24  11 56 59.98    23.7724323692      -4.054577119  
2025 11 24  11 57 59.98    23.7724321131      -4.054575979  
2025 11 24  11 58 59.98    23.7724318569      -4.054574838  
2025 11 24  11 59 59.98    23.7724316008      -4.054573696  
2025 11 24  12  0 59.98    23.7724313446      -4.054572554  
2025 11 24  12  1 59.98    23.7724310884      -4.054571411  
2025 11 24  12  2 59.98    23.7724308323      -4.054570267  
2025 11 24  12  3 59.98    23.7724305761      -4.054569122  
2025 11 24  12  4 59.98    23.7724303199      -4.054567977  
2025 11 24  12  5 59.98    23.7724300638      -4.054566832  
2025 11 24  12  6 59.98    23.7724298076      -4.054565685  
2025 11 24  12  7 59.98    23.7724295514      -4.054564538  
2025 11 24  12  8 59.98    23.7724292953      -4.054563391  
2025 11 24  12  9 59.98    23.7724290391      -4.054562242  
2025 11 24  12 10 59.98    23.7724287830      -4.054561093  
2025 11 24  12 11 59.98    23.7724285269      -4.054559944  
2025 11 24  12 12 59.98    23.7724282707      -4.054558794  
2025 11 24  12 13 59.98    23.7724280146      -4.054557643  
2025 11 24  12 14 59.98    23.7724277585      -4.054556491  
2025 11 24  12 15 59.98    23.7724275025      -4.054555339  
2025 11 24  12 16 59.98    23.7724272464      -4.054554186  
2025 11 24  12 17 59.98    23.7724269904      -4.054553032  
2025 11 24  12 18 59.98    23.7724267343      -4.054551878  
2025 11 24  12 19 59.98    23.7724264783      -4.054550723  
2025 11 24  12 20 59.98    23.7724262223      -4.054549567  
2025 11 24  12 21 59.98    23.7724259664      -4.054548411  
2025 11 24  12 22 59.98    23.7724257104      -4.054547254  
2025 11 24  12 23 59.98    23.7724254545      -4.054546097  
2025 11 24  12 24 59.98    23.7724251987      -4.054544939  
2025 11 24  12 25 59.98    23.7724249428      -4.054543780  
2025 11 24  12 26 59.98    23.7724246870      -4.054542620  
2025 11 24  12 27 59.98    23.7724244312      -4.054541460  
2025 11 24  12 28 59.98    23.7724241754      -4.054540299  
2025 11 24  12 29 59.98    23.7724239197      -4.054539138  
2025 11 24  12 30 59.98    23.7724236640      -4.054537975  
2025 11 24  12 31 59.98    23.7724234084      -4.054536813  
2025 11 24  12 32 59.98    23.7724231527      -4.054535649  
2025 11 24  12 33 59.98    23.7724228972      -4.054534485  
2025 11 24  12 34 59.98    23.7724226416      -4.054533320  
2025 11 24  12 35 59.98    23.7724223861      -4.054532155  
2025 11 24  12 36 59.98    23.7724221307      -4.054530988  
2025 11 24  12 37 59.98    23.7724218753      -4.054529822  
2025 11 24  12 38 59.98    23.7724216199      -4.054528654  
2025 11 24  12 39 59.98    23.7724213646      -4.054527486  
2025 11 24  12 40 59.98    23.7724211094      -4.054526317  
2025 11 24  12 41 59.98    23.7724208542      -4.054525148  
2025 11 24  12 42 59.98    23.7724205990      -4.054523978  
2025 11 24  12 43 59.98    23.7724203439      -4.054522807  
2025 11 24  12 44 59.98    23.7724200889      -4.054521636  
2025 11 24  12 45 59.98    23.7724198339      -4.054520463  
2025 11 24  12 46 59.98    23.7724195789      -4.054519291  
2025 11 24  12 47 59.98    23.7724193241      -4.054518117  
2025 11 24  12 48 59.98    23.7724190692      -4.054516943  
2025 11 24  12 49 59.98    23.7724188145      -4.054515768  
2025 11 24  12 50 59.98    23.7724185598      -4.054514593  
2025 11 24  12 51 59.98    23.7724183052      -4.054513417  
2025 11 24  12 52 59.98    23.7724180506      -4.054512240  
2025 11 24  12 53 59.98    23.7724177961      -4.054511063  
2025 11 24  12 54 59.98    23.7724175417      -4.054509885  
2025 11 24  12 55 59.98    23.7724172873      -4.054508706  
2025 11 24  12 56 59.98    23.7724170330      -4.054507527  
2025 11 24  12 57 59.98    23.7724167788      -4.054506347  
2025 11 24  12 58 59.98    23.7724165247      -4.054505166  
2025 11 24  12 59 59.98    23.7724162706      -4.054503985  
2025 11 24  13  0 59.98    23.7724160166      -4.054502803  
2025 11 24  13  1 59.98    23.7724157627      -4.054501620  
2025 11 24  13  2 59.98    23.7724155089      -4.054500437  
2025 11 24  13  3 59.98    23.7724152552      -4.054499253  
2025 11 24  13  4 59.98    23.7724150015      -4.054498068  
2025 11 24  13  5 59.98    23.7724147479      -4.054496883  
2025 11 24  13  6 59.98    23.7724144944      -4.054495697  
2025 11 24  13  7 59.98    23.7724142410      -4.054494510  
2025 11 24  13  8 59.98    23.7724139877      -4.054493323  
2025 11 24  13  9 59.98    23.7724137344      -4.054492135  
2025 11 24  13 10 59.98    23.7724134813      -4.054490946  
2025 11 24  13 11 59.98    23.7724132282      -4.054489757  
2025 11 24  13 12 59.98    23.7724129753      -4.054488567  
2025 11 24  13 13 59.98    23.7724127224      -4.054487376  
2025 11 24  13 14 59.98    23.7724124696      -4.054486185  
2025 11 24  13 15 59.98    23.7724122170      -4.054484993  
2025 11 24  13 16 59.98    23.7724119644      -4.054483801  
2025 11 24  13 17 59.98    23.7724117119      -4.054482608  
2025 11 24  13 18 59.98    23.7724114595      -4.054481414  
2025 11 24  13 19 59.98    23.7724112073      -4.054480219  
2025 11 24  13 20 59.98    23.7724109551      -4.054479024  
2025 11 24  13 21 59.98    23.7724107030      -4.054477828  
2025 11 24  13 22 59.98    23.7724104511      -4.054476632  
2025 11 24  13 23 59.98    23.7724101992      -4.054475434  
2025 11 24  13 24 59.98    23.7724099475      -4.054474237  
2025 11 24  13 25 59.98    23.7724096959      -4.054473038  
2025 11 24  13 26 59.98    23.7724094444      -4.054471839  
2025 11 24  13 27 59.98    23.7724091930      -4.054470639  
2025 11 24  13 28 59.98    23.7724089417      -4.054469439  
2025 11 24  13 29 59.98    23.7724086905      -4.054468238  
2025 11 24  13 30 59.98    23.7724084394      -4.054467036  
2025 11 24  13 31 59.98    23.7724081885      -4.054465834  
2025 11 24  13 32 59.98    23.7724079377      -4.054464631  
2025 11 24  13 33 59.98    23.7724076870      -4.054463427  
2025 11 24  13 34 59.98    23.7724074364      -4.054462223  
2025 11 24  13 35 59.98    23.7724071860      -4.054461018  
2025 11 24  13 36 59.98    23.7724069356      -4.054459812  
2025 11 24  13 37 59.98    23.7724066854      -4.054458606  
2025 11 24  13 38 59.98    23.7724064354      -4.054457399  
2025 11 24  13 39 59.98    23.7724061854      -4.054456191  
2025 11 24  13 40 59.98    23.7724059356      -4.054454983  
2025 11 24  13 41 59.98    23.7724056860      -4.054453774  
2025 11 24  13 42 59.98    23.7724054364      -4.054452564  
2025 11 24  13 43 59.98    23.7724051870      -4.054451354  
2025 11 24  13 44 59.98    23.7724049377      -4.054450143  
2025 11 24  13 45 59.98    23.7724046886      -4.054448932  
2025 11 24  13 46 59.98    23.7724044396      -4.054447720  
2025 11 24  13 47 59.98    23.7724041907      -4.054446507  
2025 11 24  13 48 59.98    23.7724039420      -4.054445293  
2025 11 24  13 49 59.98    23.7724036934      -4.054444079  
2025 11 24  13 50 59.98    23.7724034450      -4.054442864  
2025 11 24  13 51 59.98    23.7724031967      -4.054441649  
2025 11 24  13 52 59.98    23.7724029486      -4.054440433  
2025 11 24  13 53 59.98    23.7724027006      -4.054439216  
2025 11 24  13 54 59.98    23.7724024528      -4.054437999  
2025 11 24  13 55 59.98    23.7724022051      -4.054436781  
2025 11 24  13 56 59.98    23.7724019575      -4.054435562  
2025 11 24  13 57 59.98    23.7724017101      -4.054434343  
2025 11 24  13 58 59.98    23.7724014629      -4.054433123  
2025 11 24  13 59 59.98    23.7724012158      -4.054431903  
2025 11 24  14  0 59.98    23.7724009689      -4.054430682  
2025 11 24  14  1 59.98    23.7724007221      -4.054429460  
2025 11 24  14  2 59.98    23.7724004755      -4.054428237  
2025 11 24  14  3 59.98    23.7724002291      -4.054427014  
2025 11 24  14  4 59.98    23.7723999828      -4.054425790  
2025 11 24  14  5 59.98    23.7723997367      -4.054424566  
2025 11 24  14  6 59.98    23.7723994908      -4.054423341  
2025 11 24  14  7 59.98    23.7723992450      -4.054422115  
2025 11 24  14  8 59.98    23.7723989994      -4.054420889  
2025 11 24  14  9 59.98    23.7723987539      -4.054419662  
2025 11 24  14 10 59.98    23.7723985086      -4.054418434  
2025 11 24  14 11 59.98    23.7723982635      -4.054417206  
2025 11 24  14 12 59.98    23.7723980186      -4.054415977  
2025 11 24  14 13 59.98    23.7723977738      -4.054414748  
2025 11 24  14 14 59.98    23.7723975292      -4.054413518  
2025 11 24  14 15 59.98    23.7723972848      -4.054412287  
2025 11 24  14 16 59.98    23.7723970406      -4.054411055  
2025 11 24  14 17 59.98    23.7723967965      -4.054409823  
2025 11 24  14 18 59.98    23.7723965526      -4.054408591  
2025 11 24  14 19 59.98    23.7723963089      -4.054407357  
2025 11 24  14 20 59.98    23.7723960654      -4.054406124  
2025 11 24  14 21 59.98    23.7723958221      -4.054404889  
2025 11 24  14 22 59.98    23.7723955789      -4.054403654  
2025 11 24  14 23 59.98    23.7723953360      -4.054402418  
2025 11 24  14 24 59.98    23.7723950932      -4.054401181  
2025 11 24  14 25 59.98    23.7723948506      -4.054399944  
2025 11 24  14 26 59.98    23.7723946082      -4.054398707  
2025 11 24  14 27 59.98    23.7723943660      -4.054397468  
2025 11 24  14 28 59.98    23.7723941240      -4.054396229  
2025 11 24  14 29 59.98    23.7723938822      -4.054394990  
2025 11 24  14 30 59.98    23.7723936406      -4.054393750  
2025 11 24  14 31 59.98    23.7723933991      -4.054392509  
2025 11 24  14 32 59.98    23.7723931579      -4.054391267  
2025 11 24  14 33 59.98    23.7723929169      -4.054390025  
2025 11 24  14 34 59.98    23.7723926760      -4.054388782  
2025 11 24  14 35 59.98    23.7723924354      -4.054387539  
2025 11 24  14 36 59.98    23.7723921950      -4.054386295  
2025 11 24  14 37 59.98    23.7723919547      -4.054385051  
2025 11 24  14 38 59.98    23.7723917147      -4.054383805  
2025 11 24  14 39 59.98    23.7723914749      -4.054382560  
2025 11 24  14 40 59.98    23.7723912353      -4.054381313  
2025 11 24  14 41 59.98    23.7723909959      -4.054380066  
2025 11 24  14 42 59.98    23.7723907567      -4.054378818  
2025 11 24  14 43 59.98    23.7723905177      -4.054377570  
2025 11 24  14 44 59.98    23.7723902789      -4.054376321  
2025 11 24  14 45 59.98    23.7723900403      -4.054375072  
2025 11 24  14 46 59.98    23.7723898020      -4.054373821  
2025 11 24  14 47 59.98    23.7723895639      -4.054372571  
2025 11 24  14 48 59.98    23.7723893259      -4.054371319  
2025 11 24  14 49 59.98    23.7723890882      -4.054370067  
2025 11 24  14 50 59.98    23.7723888508      -4.054368815  
2025 11 24  14 51 59.98    23.7723886135      -4.054367562  
2025 11 24  14 52 59.98    23.7723883765      -4.054366308  
2025 11 24  14 53 59.98    23.7723881396      -4.054365053  
2025 11 24  14 54 59.98    23.7723879030      -4.054363798  
2025 11 24  14 55 59.98    23.7723876667      -4.054362543  
2025 11 24  14 56 59.98    23.7723874305      -4.054361286  
2025 11 24  14 57 59.98    23.7723871946      -4.054360030  
2025 11 24  14 58 59.98    23.7723869589      -4.054358772  
2025 11 24  14 59 59.98    23.7723867234      -4.054357514  
2025 11 24  15  0 59.98    23.7723864882      -4.054356255  
2025 11 24  15  1 59.98    23.7723862532      -4.054354996  
2025 11 24  15  2 59.98    23.7723860184      -4.054353736  
2025 11 24  15  3 59.98    23.7723857839      -4.054352476  
2025 11 24  15  4 59.98    23.7723855496      -4.054351215  
2025 11 24  15  5 59.98    23.7723853155      -4.054349953  
2025 11 24  15  6 59.98    23.7723850817      -4.054348691  
2025 11 24  15  7 59.98    23.7723848481      -4.054347428  
2025 11 24  15  8 59.98    23.7723846147      -4.054346164  
2025 11 24  15  9 59.98    23.7723843816      -4.054344900  
2025 11 24  15 10 59.98    23.7723841487      -4.054343636  
2025 11 24  15 11 59.98    23.7723839161      -4.054342370  
2025 11 24  15 12 59.98    23.7723836837      -4.054341105  
2025 11 24  15 13 59.98    23.7723834515      -4.054339838  
2025 11 24  15 14 59.98    23.7723832196      -4.054338571  
2025 11 24  15 15 59.98    23.7723829880      -4.054337304  
2025 11 24  15 16 59.98    23.7723827566      -4.054336035  
2025 11 24  15 17 59.98    23.7723825254      -4.054334766  
2025 11 24  15 18 59.98    23.7723822945      -4.054333497  
2025 11 24  15 19 59.98    23.7723820638      -4.054332227  
2025 11 24  15 20 59.98    23.7723818334      -4.054330957  
2025 11 24  15 21 59.98    23.7723816033      -4.054329685  
2025 11 24  15 22 59.98    23.7723813734      -4.054328414  
2025 11 24  15 23 59.98    23.7723811437      -4.054327141  
2025 11 24  15 24 59.98    23.7723809143      -4.054325868  
2025 11 24  15 25 59.98    23.7723806852      -4.054324595  
2025 11 24  15 26 59.98    23.7723804563      -4.054323321  
2025 11 24  15 27 59.98    23.7723802277      -4.054322046  
2025 11 24  15 28 59.98    23.7723799994      -4.054320771  
2025 11 24  15 29 59.98    23.7723797713      -4.054319495  
2025 11 24  15 30 59.98    23.7723795434      -4.054318219  
2025 11 24  15 31 59.98    23.7723793158      -4.054316942  
2025 11 24  15 32 59.98    23.7723790885      -4.054315664  
2025 11 24  15 33 59.98    23.7723788615      -4.054314386  
2025 11 24  15 34 59.98    23.7723786347      -4.054313107  
2025 11 24  15 35 59.98    23.7723784082      -4.054311828  
2025 11 24  15 36 59.98    23.7723781820      -4.054310548  
2025 11 24  15 37 59.98    23.7723779560      -4.054309268  
2025 11 24  15 38 59.98    23.7723777303      -4.054307987  
2025 11 24  15 39 59.98    23.7723775049      -4.054306705  
2025 11 24  15 40 59.98    23.7723772797      -4.054305423  
2025 11 24  15 41 59.98    23.7723770548      -4.054304141  
2025 11 24  15 42 59.98    23.7723768302      -4.054302857  
2025 11 24  15 43 59.98    23.7723766059      -4.054301573  
2025 11 24  15 44 59.98    23.7723763818      -4.054300289  
2025 11 24  15 45 59.98    23.7723761580      -4.054299004  
2025 11 24  15 46 59.98    23.7723759345      -4.054297719  
2025 11 24  15 47 59.98    23.7723757113      -4.054296433  
2025 11 24  15 48 59.98    23.7723754883      -4.054295146  
2025 11 24  15 49 59.98    23.7723752656      -4.054293859  
2025 11 24  15 50 59.98    23.7723750433      -4.054292571  
2025 11 24  15 51 59.98    23.7723748211      -4.054291283  
2025 11 24  15 52 59.98    23.7723745993      -4.054289994  
2025 11 24  15 53 59.98    23.7723743778      -4.054288704  
2025 11 24  15 54 59.98    23.7723741565      -4.054287415  
2025 11 24  15 55 59.98    23.7723739356      -4.054286124  
2025 11 24  15 56 59.98    23.7723737149      -4.054284833  
2025 11 24  15 57 59.98    23.7723734945      -4.054283541  
2025 11 24  15 58 59.98    23.7723732744      -4.054282249  
2025 11 24  15 59 59.98    23.7723730546      -4.054280956  
2025 11 24  16  0 59.98    23.7723728350      -4.054279663  
2025 11 24  16  1 59.98    23.7723726158      -4.054278369  
2025 11 24  16  2 59.98    23.7723723969      -4.054277075  
2025 11 24  16  3 59.98    23.7723721782      -4.054275780  
2025 11 24  16  4 59.98    23.7723719599      -4.054274485  
2025 11 24  16  5 59.98    23.7723717418      -4.054273189  
2025 11 24  16  6 59.98    23.7723715240      -4.054271892  
2025 11 24  16  7 59.98    23.7723713066      -4.054270595  
2025 11 24  16  8 59.98    23.7723710894      -4.054269297  
2025 11 24  16  9 59.98    23.7723708725      -4.054267999  
2025 11 24  16 10 59.98    23.7723706560      -4.054266701  
2025 11 24  16 11 59.98    23.7723704397      -4.054265401  
2025 11 24  16 12 59.98    23.7723702237      -4.054264102  
2025 11 24  16 13 59.98    23.7723700081      -4.054262801  
2025 11 24  16 14 59.98    23.7723697927      -4.054261501  
2025 11 24  16 15 59.98    23.7723695776      -4.054260199  
2025 11 24  16 16 59.98    23.7723693629      -4.054258897  
2025 11 24  16 17 59.98    23.7723691484      -4.054257595  
2025 11 24  16 18 59.98    23.7723689343      -4.054256292  
2025 11 24  16 19 59.98    23.7723687204      -4.054254988  
2025 11 24  16 20 59.98    23.7723685069      -4.054253684  
2025 11 24  16 21 59.98    23.7723682937      -4.054252380  
2025 11 24  16 22 59.98    23.7723680807      -4.054251075  
2025 11 24  16 23 59.98    23.7723678681      -4.054249769  
2025 11 24  16 24 59.98    23.7723676558      -4.054248463  
2025 11 24  16 25 59.98    23.7723674438      -4.054247157  
2025 11 24  16 26 59.98    23.7723672322      -4.054245850  
2025 11 24  16 27 59.98    23.7723670208      -4.054244542  
2025 11 24  16 28 59.98    23.7723668098      -4.054243234  
2025 11 24  16 29 59.98    23.7723665990      -4.054241925  
2025 11 24  16 30 59.98    23.7723663886      -4.054240616  
2025 11 24  16 31 59.98    23.7723661785      -4.054239306  
2025 11 24  16 32 59.98    23.7723659687      -4.054237996  
2025 11 24  16 33 59.98    23.7723657592      -4.054236685  
2025 11 24  16 34 59.98    23.7723655501      -4.054235374  
2025 11 24  16 35 59.98    23.7723653413      -4.054234062  
2025 11 24  16 36 59.98    23.7723651327      -4.054232750  
2025 11 24  16 37 59.98    23.7723649245      -4.054231437  
2025 11 24  16 38 59.98    23.7723647167      -4.054230124  
2025 11 24  16 39 59.98    23.7723645091      -4.054228810  
2025 11 24  16 40 59.98    23.7723643019      -4.054227496  
2025 11 24  16 41 59.98    23.7723640950      -4.054226181  
2025 11 24  16 42 59.98    23.7723638884      -4.054224866  
2025 11 24  16 43 59.98    23.7723636821      -4.054223550  
2025 11 24  16 44 59.98    23.7723634762      -4.054222234  
2025 11 24  16 45 59.98    23.7723632706      -4.054220917  
2025 11 24  16 46 59.98    23.7723630653      -4.054219600  
2025 11 24  16 47 59.98    23.7723628603      -4.054218282  
2025 11 24  16 48 59.98    23.7723626557      -4.054216964  
2025 11 24  16 49 59.98    23.7723624514      -4.054215646  
2025 11 24  16 50 59.98    23.7723622474      -4.054214326  
2025 11 24  16 51 59.98    23.7723620438      -4.054213007  
2025 11 24  16 52 59.98    23.7723618405      -4.054211686  
2025 11 24  16 53 59.98    23.7723616375      -4.054210366  
2025 11 24  16 54 59.98    23.7723614348      -4.054209045  
2025 11 24  16 55 59.98    23.7723612325      -4.054207723  
2025 11 24  16 56 59.98    23.7723610305      -4.054206401  
2025 11 24  16 57 59.98    23.7723608289      -4.054205078  
2025 11 24  16 58 59.98    23.7723606276      -4.054203755  
2025 11 24  16 59 59.98    23.7723604266      -4.054202432  
2025 11 24  17  0 59.98    23.7723602259      -4.054201108  
2025 11 24  17  1 59.98    23.7723600256      -4.054199783  
---
2025 11 25  10 15 59.98    23.7722358245      -4.052722689  
2025 11 25  10 16 59.98    23.7722356491      -4.052721119  
2025 11 25  10 17 59.98    23.7722354735      -4.052719549  
2025 11 25  10 18 59.98    23.7722352979      -4.052717978  
2025 11 25  10 19 59.98    23.7722351221      -4.052716407  
2025 11 25  10 20 59.98    23.7722349461      -4.052714835  
2025 11 25  10 21 59.98    23.7722347701      -4.052713262  
2025 11 25  10 22 59.98    23.7722345939      -4.052711689  
2025 11 25  10 23 59.98    23.7722344176      -4.052710115  
2025 11 25  10 24 59.98    23.7722342412      -4.052708541  
2025 11 25  10 25 59.98    23.7722340646      -4.052706965  
2025 11 25  10 26 59.98    23.7722338879      -4.052705390  
2025 11 25  10 27 59.98    23.7722337112      -4.052703813  
2025 11 25  10 28 59.98    23.7722335343      -4.052702236  
2025 11 25  10 29 59.98    23.7722333573      -4.052700659  
2025 11 25  10 30 59.98    23.7722331801      -4.052699081  
2025 11 25  10 31 59.98    23.7722330029      -4.052697502  
2025 11 25  10 32 59.98    23.7722328255      -4.052695923  
2025 11 25  10 33 59.98    23.7722326481      -4.052694343  
2025 11 25  10 34 59.98    23.7722324705      -4.052692762  
2025 11 25  10 35 59.98    23.7722322928      -4.052691181  
2025 11 25  10 36 59.98    23.7722321150      -4.052689599  
2025 11 25  10 37 59.98    23.7722319371      -4.052688016  
2025 11 25  10 38 59.98    23.7722317591      -4.052686433  
2025 11 25  10 39 59.98    23.7722315810      -4.052684850  
2025 11 25  10 40 59.98    23.7722314028      -4.052683265  
2025 11 25  10 41 59.98    23.7722312245      -4.052681680  
2025 11 25  10 42 59.98    23.7722310461      -4.052680095  
2025 11 25  10 43 59.98    23.7722308676      -4.052678509  
2025 11 25  10 44 59.98    23.7722306890      -4.052676922  
2025 11 25  10 45 59.98    23.7722305103      -4.052675334  
2025 11 25  10 46 59.98    23.7722303315      -4.052673746  
2025 11 25  10 47 59.98    23.7722301526      -4.052672158  
2025 11 25  10 48 59.98    23.7722299736      -4.052670568  
2025 11 25  10 49 59.98    23.7722297946      -4.052668978  
2025 11 25  10 50 59.98    23.7722296154      -4.052667388  
2025 11 25  10 51 59.98    23.7722294361      -4.052665797  
2025 11 25  10 52 59.98    23.7722292568      -4.052664205  
2025 11 25  10 53 59.98    23.7722290774      -4.052662612  
2025 11 25  10 54 59.98    23.7722288979      -4.052661019  
2025 11 25  10 55 59.98    23.7722287183      -4.052659426  
2025 11 25  10 56 59.98    23.7722285386      -4.052657831  
2025 11 25  10 57 59.98    23.7722283588      -4.052656236  
2025 11 25  10 58 59.98    23.7722281790      -4.052654641  
2025 11 25  10 59 59.98    23.7722279990      -4.052653045  
2025 11 25  11  0 59.98    23.7722278190      -4.052651448  
2025 11 25  11  1 59.98    23.7722276390      -4.052649850  
2025 11 25  11  2 59.98    23.7722274588      -4.052648252  
2025 11 25  11  3 59.98    23.7722272786      -4.052646653  
2025 11 25  11  4 59.98    23.7722270983      -4.052645054  
2025 11 25  11  5 59.98    23.7722269179      -4.052643454  
2025 11 25  11  6 59.98    23.7722267375      -4.052641853  
2025 11 25  11  7 59.98    23.7722265569      -4.052640252  
2025 11 25  11  8 59.98    23.7722263764      -4.052638650  
2025 11 25  11  9 59.98    23.7722261957      -4.052637048  
2025 11 25  11 10 59.98    23.7722260150      -4.052635444  
2025 11 25  11 11 59.98    23.7722258342      -4.052633840  
2025 11 25  11 12 59.98    23.7722256534      -4.052632236  
2025 11 25  11 13 59.98    23.7722254725      -4.052630631  
2025 11 25  11 14 59.98    23.7722252915      -4.052629025  
2025 11 25  11 15 59.98    23.7722251105      -4.052627419  
2025 11 25  11 16 59.98    23.7722249294      -4.052625812  
2025 11 25  11 17 59.98    23.7722247483      -4.052624204  
2025 11 25  11 18 59.98    23.7722245671      -4.052622596  
2025 11 25  11 19 59.98    23.7722243858      -4.052620987  
2025 11 25  11 20 59.98    23.7722242045      -4.052619377  
2025 11 25  11 21 59.98    23.7722240232      -4.052617767  
2025 11 25  11 22 59.98    23.7722238418      -4.052616156  
2025 11 25  11 23 59.98    23.7722236603      -4.052614544  
2025 11 25  11 24 59.98    23.7722234788      -4.052612932  
2025 11 25  11 25 59.98    23.7722232973      -4.052611319  
2025 11 25  11 26 59.98    23.7722231157      -4.052609706  
2025 11 25  11 27 59.98    23.7722229341      -4.052608092  
2025 11 25  11 28 59.98    23.7722227524      -4.052606477  
2025 11 25  11 29 59.98    23.7722225707      -4.052604862  
2025 11 25  11 30 59.98    23.7722223889      -4.052603245  
2025 11 25  11 31 59.98    23.7722222071      -4.052601629  
2025 11 25  11 32 59.98    23.7722220253      -4.052600011  
2025 11 25  11 33 59.98    23.7722218434      -4.052598393  
2025 11 25  11 34 59.98    23.7722216615      -4.052596775  
2025 11 25  11 35 59.98    23.7722214796      -4.052595155  
2025 11 25  11 36 59.98    23.7722212976      -4.052593535  
2025 11 25  11 37 59.98    23.7722211156      -4.052591915  
2025 11 25  11 38 59.98    23.7722209336      -4.052590294  
2025 11 25  11 39 59.98    23.7722207515      -4.052588672  
2025 11 25  11 40 59.98    23.7722205694      -4.052587049  
2025 11 25  11 41 59.98    23.7722203873      -4.052585426  
2025 11 25  11 42 59.98    23.7722202052      -4.052583802  
2025 11 25  11 43 59.98    23.7722200231      -4.052582178  
2025 11 25  11 44 59.98    23.7722198409      -4.052580552  
2025 11 25  11 45 59.98    23.7722196587      -4.052578927  
2025 11 25  11 46 59.98    23.7722194765      -4.052577300  
2025 11 25  11 47 59.98    23.7722192942      -4.052575673  
2025 11 25  11 48 59.98    23.7722191120      -4.052574045  
2025 11 25  11 49 59.98    23.7722189297      -4.052572417  
2025 11 25  11 50 59.98    23.7722187475      -4.052570788  
2025 11 25  11 51 59.98    23.7722185652      -4.052569158  
2025 11 25  11 52 59.98    23.7722183829      -4.052567528  
2025 11 25  11 53 59.98    23.7722182006      -4.052565897  
2025 11 25  11 54 59.98    23.7722180183      -4.052564265  
2025 11 25  11 55 59.98    23.7722178359      -4.052562632  
2025 11 25  11 56 59.98    23.7722176536      -4.052560999  
2025 11 25  11 57 59.98    23.7722174713      -4.052559366  
2025 11 25  11 58 59.98    23.7722172890      -4.052557731  
2025 11 25  11 59 59.98    23.7722171066      -4.052556096  
2025 11 25  12  0 59.98    23.7722169243      -4.052554461  
2025 11 25  12  1 59.98    23.7722167420      -4.052552825  
2025 11 25  12  2 59.98    23.7722165596      -4.052551188  
2025 11 25  12  3 59.98    23.7722163773      -4.052549550  
2025 11 25  12  4 59.98    23.7722161950      -4.052547912  
2025 11 25  12  5 59.98    23.7722160127      -4.052546273  
2025 11 25  12  6 59.98    23.7722158304      -4.052544633  
2025 11 25  12  7 59.98    23.7722156481      -4.052542993  
2025 11 25  12  8 59.98    23.7722154658      -4.052541352  
2025 11 25  12  9 59.98    23.7722152835      -4.052539711  
2025 11 25  12 10 59.98    23.7722151013      -4.052538068  
2025 11 25  12 11 59.98    23.7722149190      -4.052536425  
2025 11 25  12 12 59.98    23.7722147368      -4.052534782  
2025 11 25  12 13 59.98    23.7722145546      -4.052533138  
2025 11 25  12 14 59.98    23.7722143724      -4.052531493  
2025 11 25  12 15 59.98    23.7722141903      -4.052529847  
2025 11 25  12 16 59.98    23.7722140081      -4.052528201  
2025 11 25  12 17 59.98    23.7722138260      -4.052526554  
2025 11 25  12 18 59.98    23.7722136439      -4.052524907  
2025 11 25  12 19 59.98    23.7722134618      -4.052523259  
2025 11 25  12 20 59.98    23.7722132798      -4.052521610  
2025 11 25  12 21 59.98    23.7722130978      -4.052519960  
2025 11 25  12 22 59.98    23.7722129158      -4.052518310  
2025 11 25  12 23 59.98    23.7722127338      -4.052516660  
2025 11 25  12 24 59.98    23.7722125519      -4.052515008  
2025 11 25  12 25 59.98    23.7722123700      -4.052513356  
2025 11 25  12 26 59.98    23.7722121882      -4.052511703  
2025 11 25  12 27 59.98    23.7722120064      -4.052510050  
2025 11 25  12 28 59.98    23.7722118246      -4.052508396  
2025 11 25  12 29 59.98    23.7722116429      -4.052506741  
2025 11 25  12 30 59.98    23.7722114612      -4.052505086  
2025 11 25  12 31 59.98    23.7722112795      -4.052503429  
2025 11 25  12 32 59.98    23.7722110979      -4.052501773  
2025 11 25  12 33 59.98    23.7722109163      -4.052500115  
2025 11 25  12 34 59.98    23.7722107348      -4.052498457  
2025 11 25  12 35 59.98    23.7722105534      -4.052496799  
2025 11 25  12 36 59.98    23.7722103719      -4.052495139  
2025 11 25  12 37 59.98    23.7722101906      -4.052493479  
2025 11 25  12 38 59.98    23.7722100093      -4.052491819  
2025 11 25  12 39 59.98    23.7722098280      -4.052490157  
2025 11 25  12 40 59.98    23.7722096468      -4.052488495  
2025 11 25  12 41 59.98    23.7722094656      -4.052486832  
2025 11 25  12 42 59.98    23.7722092845      -4.052485169  
2025 11 25  12 43 59.98    23.7722091035      -4.052483505  
2025 11 25  12 44 59.98    23.7722089225      -4.052481840  
2025 11 25  12 45 59.98    23.7722087416      -4.052480175  
2025 11 25  12 46 59.98    23.7722085608      -4.052478509  
2025 11 25  12 47 59.98    23.7722083800      -4.052476843  
2025 11 25  12 48 59.98    23.7722081993      -4.052475175  
2025 11 25  12 49 59.98    23.7722080186      -4.052473507  
2025 11 25  12 50 59.98    23.7722078380      -4.052471839  
2025 11 25  12 51 59.98    23.7722076575      -4.052470169  
2025 11 25  12 52 59.98    23.7722074771      -4.052468499  
2025 11 25  12 53 59.98    23.7722072967      -4.052466829  
2025 11 25  12 54 59.98    23.7722071164      -4.052465158  
2025 11 25  12 55 59.98    23.7722069362      -4.052463486  
2025 11 25  12 56 59.98    23.7722067560      -4.052461813  
2025 11 25  12 57 59.98    23.7722065760      -4.052460140  
2025 11 25  12 58 59.98    23.7722063960      -4.052458466  
2025 11 25  12 59 59.98    23.7722062161      -4.052456791  
2025 11 25  13  0 59.98    23.7722060362      -4.052455116  
2025 11 25  13  1 59.98    23.7722058565      -4.052453440  
2025 11 25  13  2 59.98    23.7722056768      -4.052451764  
2025 11 25  13  3 59.98    23.7722054973      -4.052450087  
2025 11 25  13  4 59.98    23.7722053178      -4.052448409  
2025 11 25  13  5 59.98    23.7722051384      -4.052446730  
2025 11 25  13  6 59.98    23.7722049591      -4.052445051  
2025 11 25  13  7 59.98    23.7722047799      -4.052443371  
2025 11 25  13  8 59.98    23.7722046007      -4.052441691  
2025 11 25  13  9 59.98    23.7722044217      -4.052440010  
2025 11 25  13 10 59.98    23.7722042428      -4.052438328  
2025 11 25  13 11 59.98    23.7722040640      -4.052436645  
2025 11 25  13 12 59.98    23.7722038852      -4.052434962  
2025 11 25  13 13 59.98    23.7722037066      -4.052433279  
2025 11 25  13 14 59.98    23.7722035281      -4.052431594  
2025 11 25  13 15 59.98    23.7722033496      -4.052429909  
2025 11 25  13 16 59.98    23.7722031713      -4.052428223  
2025 11 25  13 17 59.98    23.7722029931      -4.052426537  
2025 11 25  13 18 59.98    23.7722028150      -4.052424850  
2025 11 25  13 19 59.98    23.7722026370      -4.052423162  
2025 11 25  13 20 59.98    23.7722024591      -4.052421474  
2025 11 25  13 21 59.98    23.7722022813      -4.052419785  
2025 11 25  13 22 59.98    23.7722021036      -4.052418095  
2025 11 25  13 23 59.98    23.7722019260      -4.052416405  
2025 11 25  13 24 59.98    23.7722017486      -4.052414714  
2025 11 25  13 25 59.98    23.7722015712      -4.052413022  
2025 11 25  13 26 59.98    23.7722013940      -4.052411330  
2025 11 25  13 27 59.98    23.7722012169      -4.052409637  
2025 11 25  13 28 59.98    23.7722010400      -4.052407943  
2025 11 25  13 29 59.98    23.7722008631      -4.052406249  
2025 11 25  13 30 59.98    23.7722006864      -4.052404554  
2025 11 25  13 31 59.98    23.7722005098      -4.052402859  
2025 11 25  13 32 59.98    23.7722003333      -4.052401163  
2025 11 25  13 33 59.98    23.7722001569      -4.052399466  
2025 11 25  13 34 59.98    23.7721999807      -4.052397768  
2025 11 25  13 35 59.98    23.7721998046      -4.052396070  
2025 11 25  13 36 59.98    23.7721996286      -4.052394371  
2025 11 25  13 37 59.98    23.7721994528      -4.052392672  
2025 11 25  13 38 59.98    23.7721992771      -4.052390972  
2025 11 25  13 39 59.98    23.7721991015      -4.052389271  
2025 11 25  13 40 59.98    23.7721989261      -4.052387570  
2025 11 25  13 41 59.98    23.7721987508      -4.052385868  
2025 11 25  13 42 59.98    23.7721985756      -4.052384165  
2025 11 25  13 43 59.98    23.7721984006      -4.052382462  
2025 11 25  13 44 59.98    23.7721982257      -4.052380758  
2025 11 25  13 45 59.98    23.7721980510      -4.052379053  
2025 11 25  13 46 59.98    23.7721978764      -4.052377348  
2025 11 25  13 47 59.98    23.7721977019      -4.052375642  
2025 11 25  13 48 59.98    23.7721975276      -4.052373935  
2025 11 25  13 49 59.98    23.7721973535      -4.052372228  
2025 11 25  13 50 59.98    23.7721971795      -4.052370520  
2025 11 25  13 51 59.98    23.7721970056      -4.052368812  
2025 11 25  13 52 59.98    23.7721968319      -4.052367103  
2025 11 25  13 53 59.98    23.7721966584      -4.052365393  
2025 11 25  13 54 59.98    23.7721964850      -4.052363682  
2025 11 25  13 55 59.98    23.7721963117      -4.052361971  
2025 11 25  13 56 59.98    23.7721961387      -4.052360260  
2025 11 25  13 57 59.98    23.7721959657      -4.052358547  
2025 11 25  13 58 59.98    23.7721957930      -4.052356834  
2025 11 25  13 59 59.98    23.7721956204      -4.052355121  
2025 11 25  14  0 59.98    23.7721954479      -4.052353406  
2025 11 25  14  1 59.98    23.7721952756      -4.052351691  
2025 11 25  14  2 59.98    23.7721951035      -4.052349976  
2025 11 25  14  3 59.98    23.7721949316      -4.052348260  
2025 11 25  14  4 59.98    23.7721947598      -4.052346543  
2025 11 25  14  5 59.98    23.7721945882      -4.052344825  
2025 11 25  14  6 59.98    23.7721944167      -4.052343107  
2025 11 25  14  7 59.98    23.7721942454      -4.052341388  
2025 11 25  14  8 59.98    23.7721940743      -4.052339669  
2025 11 25  14  9 59.98    23.7721939034      -4.052337949  
2025 11 25  14 10 59.98    23.7721937327      -4.052336228  
2025 11 25  14 11 59.98    23.7721935621      -4.052334507  
2025 11 25  14 12 59.98    23.7721933917      -4.052332785  
2025 11 25  14 13 59.98    23.7721932215      -4.052331063  
2025 11 25  14 14 59.98    23.7721930514      -4.052329340  
2025 11 25  14 15 59.98    23.7721928815      -4.052327616  
2025 11 25  14 16 59.98    23.7721927119      -4.052325891  
2025 11 25  14 17 59.98    23.7721925424      -4.052324166  
2025 11 25  14 18 59.98    23.7721923731      -4.052322441  
2025 11 25  14 19 59.98    23.7721922039      -4.052320714  
2025 11 25  14 20 59.98    23.7721920350      -4.052318987  
2025 11 25  14 21 59.98    23.7721918662      -4.052317260  
2025 11 25  14 22 59.98    23.7721916977      -4.052315531  
2025 11 25  14 23 59.98    23.7721915293      -4.052313803  
2025 11 25  14 24 59.98    23.7721913611      -4.052312073  
2025 11 25  14 25 59.98    23.7721911931      -4.052310343  
2025 11 25  14 26 59.98    23.7721910253      -4.052308612  
2025 11 25  14 27 59.98    23.7721908577      -4.052306881  
2025 11 25  14 28 59.98    23.7721906903      -4.052305149  
2025 11 25  14 29 59.98    23.7721905231      -4.052303416  
2025 11 25  14 30 59.98    23.7721903561      -4.052301683  
2025 11 25  14 31 59.98    23.7721901893      -4.052299949  
2025 11 25  14 32 59.98    23.7721900227      -4.052298215  
2025 11 25  14 33 59.98    23.7721898563      -4.052296480  
2025 11 25  14 34 59.98    23.7721896901      -4.052294744  
2025 11 25  14 35 59.98    23.7721895241      -4.052293008  
2025 11 25  14 36 59.98    23.7721893583      -4.052291271  
2025 11 25  14 37 59.98    23.7721891928      -4.052289533  
2025 11 25  14 38 59.98    23.7721890274      -4.052287795  
2025 11 25  14 39 59.98    23.7721888622      -4.052286056  
2025 11 25  14 40 59.98    23.7721886973      -4.052284317  
2025 11 25  14 41 59.98    23.7721885326      -4.052282577  
2025 11 25  14 42 59.98    23.7721883680      -4.052280836  
2025 11 25  14 43 59.98    23.7721882037      -4.052279095  
2025 11 25  14 44 59.98    23.7721880397      -4.052277353  
2025 11 25  14 45 59.98    23.7721878758      -4.052275611  
2025 11 25  14 46 59.98    23.7721877121      -4.052273868  
2025 11 25  14 47 59.98    23.7721875487      -4.052272124  
2025 11 25  14 48 59.98    23.7721873855      -4.052270380  
2025 11 25  14 49 59.98    23.7721872225      -4.052268635  
2025 11 25  14 50 59.98    23.7721870597      -4.052266889  
2025 11 25  14 51 59.98    23.7721868972      -4.052265143  
2025 11 25  14 52 59.98    23.7721867348      -4.052263397  
2025 11 25  14 53 59.98    23.7721865727      -4.052261649  
2025 11 25  14 54 59.98    23.7721864109      -4.052259901  
2025 11 25  14 55 59.98    23.7721862492      -4.052258153  
2025 11 25  14 56 59.98    23.7721860878      -4.052256404  
2025 11 25  14 57 59.98    23.7721859266      -4.052254654  
2025 11 25  14 58 59.98    23.7721857657      -4.052252903  
2025 11 25  14 59 59.98    23.7721856050      -4.052251153  
2025 11 25  15  0 59.98    23.7721854445      -4.052249401  
2025 11 25  15  1 59.98    23.7721852842      -4.052247649  
2025 11 25  15  2 59.98    23.7721851242      -4.052245896  
2025 11 25  15  3 59.98    23.7721849645      -4.052244143  
2025 11 25  15  4 59.98    23.7721848049      -4.052242389  
2025 11 25  15  5 59.98    23.7721846456      -4.052240634  
2025 11 25  15  6 59.98    23.7721844866      -4.052238879  
2025 11 25  15  7 59.98    23.7721843278      -4.052237123  
2025 11 25  15  8 59.98    23.7721841692      -4.052235367  
2025 11 25  15  9 59.98    23.7721840109      -4.052233610  
2025 11 25  15 10 59.98    23.7721838528      -4.052231853  
2025 11 25  15 11 59.98    23.7721836950      -4.052230095  
2025 11 25  15 12 59.98    23.7721835374      -4.052228336  
2025 11 25  15 13 59.98    23.7721833800      -4.052226577  
2025 11 25  15 14 59.98    23.7721832229      -4.052224817  
2025 11 25  15 15 59.98    23.7721830661      -4.052223056  
2025 11 25  15 16 59.98    23.7721829095      -4.052221295  
2025 11 25  15 17 59.98    23.7721827532      -4.052219534  
2025 11 25  15 18 59.98    23.7721825971      -4.052217771  
2025 11 25  15 19 59.98    23.7721824413      -4.052216009  
2025 11 25  15 20 59.98    23.7721822857      -4.052214245  
2025 11 25  15 21 59.98    23.7721821304      -4.052212481  
2025 11 25  15 22 59.98    23.7721819753      -4.052210717  
2025 11 25  15 23 59.98    23.7721818205      -4.052208952  
2025 11 25  15 24 59.98    23.7721816660      -4.052207186  
2025 11 25  15 25 59.98    23.7721815117      -4.052205420  
2025 11 25  15 26 59.98    23.7721813577      -4.052203653  
2025 11 25  15 27 59.98    23.7721812039      -4.052201885  
2025 11 25  15 28 59.98    23.7721810504      -4.052200117  
2025 11 25  15 29 59.98    23.7721808972      -4.052198349  
2025 11 25  15 30 59.98    23.7721807442      -4.052196580  
2025 11 25  15 31 59.98    23.7721805915      -4.052194810  
2025 11 25  15 32 59.98    23.7721804391      -4.052193040  
2025 11 25  15 33 59.98    23.7721802869      -4.052191269  
2025 11 25  15 34 59.98    23.7721801351      -4.052189497  
2025 11 25  15 35 59.98    23.7721799834      -4.052187725  
2025 11 25  15 36 59.98    23.7721798321      -4.052185953  
2025 11 25  15 37 59.98    23.7721796810      -4.052184180  
2025 11 25  15 38 59.98    23.7721795302      -4.052182406  
2025 11 25  15 39 59.98    23.7721793797      -4.052180632  
2025 11 25  15 40 59.98    23.7721792294      -4.052178857  
2025 11 25  15 41 59.98    23.7721790795      -4.052177082  
2025 11 25  15 42 59.98    23.7721789298      -4.052175306  
2025 11 25  15 43 59.98    23.7721787803      -4.052173529  
2025 11 25  15 44 59.98    23.7721786312      -4.052171752  
2025 11 25  15 45 59.98    23.7721784823      -4.052169974  
2025 11 25  15 46 59.98    23.7721783338      -4.052168196  
2025 11 25  15 47 59.98    23.7721781855      -4.052166417  
2025 11 25  15 48 59.98    23.7721780374      -4.052164638  
2025 11 25  15 49 59.98    23.7721778897      -4.052162858  
2025 11 25  15 50 59.98    23.7721777423      -4.052161078  
2025 11 25  15 51 59.98    23.7721775951      -4.052159297  
2025 11 25  15 52 59.98    23.7721774482      -4.052157515  
2025 11 25  15 53 59.98    23.7721773016      -4.052155733  
2025 11 25  15 54 59.98    23.7721771554      -4.052153951  
2025 11 25  15 55 59.98    23.7721770093      -4.052152168  
2025 11 25  15 56 59.98    23.7721768636      -4.052150384  
2025 11 25  15 57 59.98    23.7721767182      -4.052148600  
2025 11 25  15 58 59.98    23.7721765731      -4.052146815  
2025 11 25  15 59 59.98    23.7721764282      -4.052145029  
2025 11 25  16  0 59.98    23.7721762837      -4.052143244  
2025 11 25  16  1 59.98    23.7721761394      -4.052141457  
2025 11 25  16  2 59.98    23.7721759955      -4.052139670  
2025 11 25  16  3 59.98    23.7721758518      -4.052137883  
2025 11 25  16  4 59.98    23.7721757084      -4.052136095  
2025 11 25  16  5 59.98    23.7721755654      -4.052134306  
2025 11 25  16  6 59.98    23.7721754226      -4.052132517  
2025 11 25  16  7 59.98    23.7721752801      -4.052130727  
2025 11 25  16  8 59.98    23.7721751380      -4.052128937  
2025 11 25  16  9 59.98    23.7721749961      -4.052127146  
2025 11 25  16 10 59.98    23.7721748545      -4.052125355  
2025 11 25  16 11 59.98    23.7721747133      -4.052123563  
2025 11 25  16 12 59.98    23.7721745723      -4.052121771  
2025 11 25  16 13 59.98    23.7721744316      -4.052119978  
2025 11 25  16 14 59.98    23.7721742913      -4.052118185  
2025 11 25  16 15 59.98    23.7721741513      -4.052116391  
2025 11 25  16 16 59.98    23.7721740115      -4.052114596  
2025 11 25  16 17 59.98    23.7721738721      -4.052112801  
2025 11 25  16 18 59.98    23.7721737330      -4.052111006  
2025 11 25  16 19 59.98    23.7721735942      -4.052109210  
2025 11 25  16 20 59.98    23.7721734557      -4.052107414  
2025 11 25  16 21 59.98    23.7721733175      -4.052105616  
2025 11 25  16 22 59.98    23.7721731796      -4.052103819  
2025 11 25  16 23 59.98    23.7721730420      -4.052102021  
2025 11 25  16 24 59.98    23.7721729048      -4.052100222  
2025 11 25  16 25 59.98    23.7721727678      -4.052098423  
2025 11 25  16 26 59.98    23.7721726312      -4.052096624  
2025 11 25  16 27 59.98    23.7721724949      -4.052094823  
2025 11 25  16 28 59.98    23.7721723589      -4.052093023  
2025 11 25  16 29 59.98    23.7721722232      -4.052091222  
2025 11 25  16 30 59.98    23.7721720879      -4.052089420  
2025 11 25  16 31 59.98    23.7721719528      -4.052087618  
2025 11 25  16 32 59.98    23.7721718181      -4.052085815  
2025 11 25  16 33 59.98    23.7721716837      -4.052084012  
2025 11 25  16 34 59.98    23.7721715496      -4.052082208  
2025 11 25  16 35 59.98    23.7721714159      -4.052080404  
2025 11 25  16 36 59.98    23.7721712824      -4.052078600  
2025 11 25  16 37 59.98    23.7721711493      -4.052076794  
2025 11 25  16 38 59.98    23.7721710165      -4.052074989  
2025 11 25  16 39 59.98    23.7721708840      -4.052073183  
2025 11 25  16 40 59.98    23.7721707519      -4.052071376  
2025 11 25  16 41 59.98    23.7721706201      -4.052069569  
2025 11 25  16 42 59.98    23.7721704886      -4.052067761  
2025 11 25  16 43 59.98    23.7721703574      -4.052065953  
2025 11 25  16 44 59.98    23.7721702266      -4.052064144  
2025 11 25  16 45 59.98    23.7721700960      -4.052062335  
2025 11 25  16 46 59.98    23.7721699659      -4.052060525  
2025 11 25  16 47 59.98    23.7721698360      -4.052058715  
2025 11 25  16 48 59.98    23.7721697065      -4.052056905  
2025 11 25  16 49 59.98    23.7721695773      -4.052055094  
2025 11 25  16 50 59.98    23.7721694484      -4.052053282  
2025 11 25  16 51 59.98    23.7721693199      -4.052051470  
2025 11 25  16 52 59.98    23.7721691917      -4.052049658  
2025 11 25  16 53 59.98    23.7721690638      -4.052047845  
2025 11 25  16 54 59.98    23.7721689363      -4.052046031  
2025 11 25  16 55 59.98    23.7721688091      -4.052044217  
2025 11 25  16 56 59.98    23.7721686822      -4.052042403  
2025 11 25  16 57 59.98    23.7721685557      -4.052040588  
---