  2020 11 13.634543  2 22 38.8065 +13 41  2.377  35.6616936  13.6839937  35.6616879  13.6839942    0.0200   -0.0017    0.0628 15 13 44.50     5.00 
  2020 11 13.635006  2 22 38.8045 +13 41  2.300  35.6616856  13.6839721  35.6616705  13.6839918    0.0526   -0.0709    0.0684 15 14 24.50     5.00 
  2020 11 13.635469  2 22 38.7932 +13 41  2.310  35.6616384  13.6839749  35.6616532  13.6839895   -0.0518   -0.0526    0.0400 15 15  4.50     5.00 
  2020 11 13.636007  2 22 38.7915 +13 41  2.356  35.6616313  13.6839878  35.6616331  13.6839868   -0.0060    0.0037    0.0183 15 15 51.00    10.00 
  2020 11 13.636528  2 22 38.7873 +13 41  2.351  35.6616139  13.6839865  35.6616135  13.6839841    0.0011    0.0085    0.0269 15 16 36.00    10.00 
  2020 11 13.637049  2 22 38.7812 +13 41  2.366  35.6615883  13.6839905  35.6615940  13.6839815   -0.0202    0.0322    0.0328 15 17 21.00    10.00 
  2020 11 13.637569  2 22 38.7749 +13 41  2.329  35.6615620  13.6839802  35.6615745  13.6839789   -0.0439    0.0046    0.0168 15 18  6.00    10.00 
  2020 11 13.638090  2 22 38.7709 +13 41  2.342  35.6615454  13.6839840  35.6615550  13.6839763   -0.0337    0.0277    0.0165 15 18 51.00    10.00 
  2020 11 13.638611  2 22 38.7631 +13 41  2.263  35.6615131  13.6839619  35.6615355  13.6839736   -0.0784   -0.0422    0.0449 15 19 36.00    10.00 
  2020 11 13.639132  2 22 38.7614 +13 41  2.298  35.6615058  13.6839717  35.6615160  13.6839710   -0.0357    0.0025    0.0310 15 20 21.00    10.00 
  2020 11 13.639641  2 22 38.7577 +13 41  2.295  35.6614902  13.6839709  35.6614969  13.6839685   -0.0234    0.0089    0.0200 15 21  5.00    10.00 
  2020 11 13.640162  2 22 38.7523 +13 41  2.246  35.6614681  13.6839572  35.6614774  13.6839658   -0.0325   -0.0309    0.0126 15 21 50.00    10.00 
  2020 11 13.640683  2 22 38.7482 +13 41  2.242  35.6614510  13.6839560  35.6614579  13.6839632   -0.0239   -0.0260    0.0178 15 22 35.00    10.00 
  2020 11 13.641204  2 22 38.7394 +13 41  2.215  35.6614140  13.6839486  35.6614383  13.6839606   -0.0852   -0.0431    0.0167 15 23 20.00    10.00 
  2020 11 13.641725  2 22 38.7367 +13 41  2.234  35.6614028  13.6839538  35.6614188  13.6839580   -0.0561   -0.0150    0.0276 15 24  5.00    10.00 
  2020 11 13.642245  2 22 38.7341 +13 41  2.214  35.6613922  13.6839485  35.6613993  13.6839554   -0.0248   -0.0248    0.0148 15 24 50.00    10.00 
  2020 11 13.642766  2 22 38.7255 +13 41  2.167  35.6613562  13.6839352  35.6613797  13.6839528   -0.0822   -0.0633    0.0333 15 25 35.00    10.00 
  2020 11 13.643287  2 22 38.7228 +13 41  2.204  35.6613448  13.6839454  35.6613602  13.6839501   -0.0538   -0.0170    0.0225 15 26 20.00    10.00 
  2020 11 13.643808  2 22 38.7212 +13 41  2.189  35.6613383  13.6839415  35.6613407  13.6839475   -0.0083   -0.0217    0.0233 15 27  5.00    10.00 
  2020 11 13.644329  2 22 38.7134 +13 41  2.183  35.6613058  13.6839398  35.6613211  13.6839449   -0.0538   -0.0183    0.0199 15 27 50.00    10.00 
  2020 11 13.644850  2 22 38.7071 +13 41  2.160  35.6612797  13.6839334  35.6613016  13.6839423   -0.0764   -0.0320    0.0285 15 28 35.00    10.00 
  2020 11 13.645370  2 22 38.7066 +13 41  2.167  35.6612775  13.6839352  35.6612820  13.6839397   -0.0158   -0.0162    0.0194 15 29 20.00    10.00 
  2020 11 13.645891  2 22 38.7023 +13 41  2.132  35.6612597  13.6839255  35.6612625  13.6839371   -0.0098   -0.0418    0.0231 15 30  5.00    10.00 
  2020 11 13.646412  2 22 38.6973 +13 41  2.151  35.6612389  13.6839309  35.6612429  13.6839345   -0.0142   -0.0129    0.0156 15 30 50.00    10.00 
  2020 11 13.646933  2 22 38.6913 +13 41  2.129  35.6612138  13.6839248  35.6612234  13.6839319   -0.0335   -0.0254    0.0176 15 31 35.00    10.00 
  2020 11 13.647454  2 22 38.6893 +13 41  2.124  35.6612054  13.6839234  35.6612038  13.6839293    0.0055   -0.0210    0.0266 15 32 20.00    10.00 
  2020 11 13.647975  2 22 38.6847 +13 41  2.161  35.6611861  13.6839337  35.6611842  13.6839267    0.0063    0.0253    0.0286 15 33  5.00    10.00 
  2020 11 13.648484  2 22 38.6781 +13 41  2.126  35.6611589  13.6839239  35.6611651  13.6839241   -0.0216   -0.0009    0.0266 15 33 49.00    10.00 
  2020 11 13.649005  2 22 38.6720 +13 41  2.070  35.6611335  13.6839083  35.6611455  13.6839215   -0.0421   -0.0474    0.0221 15 34 34.00    10.00 
  2020 11 13.649525  2 22 38.6697 +13 41  2.079  35.6611237  13.6839107  35.6611260  13.6839189   -0.0078   -0.0295    0.0167 15 35 19.00    10.00 
  2020 11 13.650046  2 22 38.6656 +13 41  2.103  35.6611068  13.6839175  35.6611064  13.6839163    0.0013    0.0042    0.0176 15 36  4.00    10.00 
  2020 11 13.650567  2 22 38.6615 +13 41  2.112  35.6610895  13.6839200  35.6610868  13.6839137    0.0094    0.0226    0.0206 15 36 49.00    10.00 
  2020 11 13.651088  2 22 38.6532 +13 41  2.073  35.6610550  13.6839093  35.6610673  13.6839111   -0.0428   -0.0067    0.0220 15 37 34.00    10.00 
  2020 11 13.651609  2 22 38.6496 +13 41  2.012  35.6610399  13.6838921  35.6610477  13.6839085   -0.0271   -0.0590    0.0424 15 38 19.00    10.00 
  2020 11 13.652130  2 22 38.6434 +13 41  2.038  35.6610144  13.6838995  35.6610281  13.6839059   -0.0480   -0.0232    0.0269 15 39  4.00    10.00 
  2020 11 13.652650  2 22 38.6432 +13 41  2.094  35.6610133  13.6839151  35.6610085  13.6839033    0.0168    0.0426    0.0226 15 39 49.00    10.00 
  2020 11 13.653171  2 22 38.6338 +13 41  2.010  35.6609741  13.6838917  35.6609889  13.6839007   -0.0518   -0.0323    0.0305 15 40 34.00    10.00 
  2020 11 13.653692  2 22 38.6305 +13 41  2.032  35.6609606  13.6838978  35.6609693  13.6838981   -0.0306   -0.0011    0.0142 15 41 19.00    10.00 
  2020 11 13.654734  2 22 38.6251 +13 41  2.001  35.6609377  13.6838891  35.6609301  13.6838929    0.0265   -0.0139    0.0263 15 42 49.00    10.00 
  2020 11 13.655243  2 22 38.6145 +13 41  1.969  35.6608937  13.6838802  35.6609110  13.6838904   -0.0604   -0.0367    0.0189 15 43 33.00    10.00 
  2020 11 13.655764  2 22 38.6126 +13 41  1.957  35.6608857  13.6838768  35.6608914  13.6838878   -0.0197   -0.0395    0.0205 15 44 18.00    10.00 
  2020 11 13.656285  2 22 38.6076 +13 41  1.975  35.6608651  13.6838819  35.6608718  13.6838852   -0.0235   -0.0120    0.0173 15 45  3.00    10.00 
  2020 11 13.656806  2 22 38.6022 +13 41  1.924  35.6608426  13.6838679  35.6608522  13.6838826   -0.0335   -0.0531    0.0227 15 45 48.00    10.00 
  2020 11 13.657326  2 22 38.5985 +13 41  1.945  35.6608270  13.6838735  35.6608326  13.6838800   -0.0194   -0.0234    0.0155 15 46 33.00    10.00 
  2020 11 13.657847  2 22 38.5957 +13 41  1.951  35.6608153  13.6838751  35.6608130  13.6838775    0.0083   -0.0083    0.0195 15 47 18.00    10.00 
  2020 11 13.658368  2 22 38.5893 +13 41  1.932  35.6607886  13.6838700  35.6607933  13.6838749   -0.0165   -0.0176    0.0167 15 48  3.00    10.00 
  2020 11 13.658889  2 22 38.5841 +13 41  1.964  35.6607672  13.6838788  35.6607737  13.6838723   -0.0228    0.0233    0.0256 15 48 48.00    10.00 
  2020 11 13.659931  2 22 38.5743 +13 41  1.843  35.6607262  13.6838454  35.6607345  13.6838671   -0.0290   -0.0783    0.0280 15 50 18.00    10.00 
  2020 11 13.660451  2 22 38.5738 +13 41  1.921  35.6607240  13.6838668  35.6607149  13.6838645    0.0321    0.0083    0.0418 15 51  3.00    10.00 
  2020 11 13.660972  2 22 38.5679 +13 41  1.886  35.6606994  13.6838571  35.6606952  13.6838620    0.0145   -0.0174    0.0230 15 51 48.00    10.00 
  2020 11 13.661493  2 22 38.5596 +13 41  1.851  35.6606649  13.6838475  35.6606756  13.6838594   -0.0376   -0.0429    0.0159 15 52 33.00    10.00 
  2020 11 13.662014  2 22 38.5544 +13 41  1.844  35.6606434  13.6838455  35.6606560  13.6838568   -0.0439   -0.0407    0.0144 15 53 18.00    10.00 
  2020 11 13.662535  2 22 38.5495 +13 41  1.850  35.6606231  13.6838471  35.6606363  13.6838542   -0.0463   -0.0257    0.0226 15 54  3.00    10.00 
  2020 11 13.663056  2 22 38.5463 +13 41  1.866  35.6606095  13.6838518  35.6606167  13.6838516   -0.0252    0.0005    0.0147 15 54 48.00    10.00 
  2020 11 13.663576  2 22 38.5391 +13 41  1.843  35.6605797  13.6838453  35.6605971  13.6838491   -0.0609   -0.0135    0.0268 15 55 33.00    10.00 
  2020 11 13.664097  2 22 38.5371 +13 41  1.829  35.6605711  13.6838413  35.6605774  13.6838465   -0.0221   -0.0185    0.0184 15 56 18.00    10.00 
  2020 11 13.664606  2 22 38.5296 +13 41  1.790  35.6605401  13.6838305  35.6605582  13.6838440   -0.0635   -0.0486    0.0277 15 57  2.00    10.00 
  2020 11 13.665127  2 22 38.5306 +13 41  1.792  35.6605441  13.6838312  35.6605386  13.6838414    0.0193   -0.0366    0.0191 15 57 47.00    10.00 
  2020 11 13.665648  2 22 38.5224 +13 41  1.837  35.6605098  13.6838435  35.6605189  13.6838388   -0.0318    0.0170    0.0322 15 58 32.00    10.00 
  2020 11 13.666169  2 22 38.5157 +13 41  1.771  35.6604822  13.6838253  35.6604993  13.6838362   -0.0597   -0.0394    0.0255 15 59 17.00    10.00 
  2020 11 13.666690  2 22 38.5144 +13 41  1.800  35.6604767  13.6838335  35.6604796  13.6838337   -0.0103   -0.0008    0.0241 16  0  2.00    10.00 
  2020 11 13.667211  2 22 38.5062 +13 41  1.735  35.6604427  13.6838154  35.6604600  13.6838311   -0.0605   -0.0565    0.0217 16  0 47.00    10.00 
  2020 11 13.667731  2 22 38.5032 +13 41  1.725  35.6604299  13.6838125  35.6604403  13.6838285   -0.0364   -0.0577    0.0097 16  1 32.00    10.00 
  2020 11 13.668252  2 22 38.4994 +13 41  1.772  35.6604143  13.6838254  35.6604206  13.6838260   -0.0220   -0.0019    0.0144 16  2 17.00    10.00 
  2020 11 13.668773  2 22 38.4932 +13 41  1.736  35.6603883  13.6838155  35.6604010  13.6838234   -0.0442   -0.0284    0.0154 16  3  2.00    10.00 
  2020 11 13.669294  2 22 38.4902 +13 41  1.719  35.6603757  13.6838109  35.6603813  13.6838208   -0.0198   -0.0357    0.0221 16  3 47.00    10.00 
  2020 11 13.669815  2 22 38.4840 +13 41  1.716  35.6603499  13.6838101  35.6603616  13.6838183   -0.0409   -0.0294    0.0156 16  4 32.00    10.00 
  2020 11 13.670336  2 22 38.4792 +13 41  1.674  35.6603300  13.6837983  35.6603420  13.6838157   -0.0419   -0.0625    0.0150 16  5 17.00    10.00 
  2020 11 13.670856  2 22 38.4772 +13 41  1.718  35.6603216  13.6838107  35.6603223  13.6838131   -0.0026   -0.0088    0.0128 16  6  2.00    10.00 
  2020 11 13.671377  2 22 38.4689 +13 41  1.732  35.6602871  13.6838145  35.6603026  13.6838106   -0.0543    0.0142    0.0255 16  6 47.00    10.00 
  2020 11 13.671898  2 22 38.4666 +13 41  1.709  35.6602775  13.6838080  35.6602829  13.6838080   -0.0190   -0.0002    0.0222 16  7 32.00    10.00 
  2020 11 13.672419  2 22 38.4611 +13 41  1.708  35.6602546  13.6838079  35.6602633  13.6838054   -0.0303    0.0087    0.0181 16  8 17.00    10.00 
  2020 11 13.672940  2 22 38.4563 +13 41  1.669  35.6602345  13.6837968  35.6602436  13.6838029   -0.0317   -0.0217    0.0262 16  9  2.00    10.00 
  2020 11 13.673461  2 22 38.4512 +13 41  1.646  35.6602132  13.6837905  35.6602239  13.6838003   -0.0376   -0.0354    0.0134 16  9 47.00    10.00 
  2020 11 13.673981  2 22 38.4468 +13 41  1.688  35.6601950  13.6838021  35.6602042  13.6837978   -0.0321    0.0157    0.0243 16 10 32.00    10.00 
  2020 11 13.674502  2 22 38.4431 +13 41  1.619  35.6601797  13.6837829  35.6601845  13.6837952   -0.0169   -0.0442    0.0238 16 11 17.00    10.00 
  2020 11 13.675023  2 22 38.4354 +13 41  1.647  35.6601476  13.6837908  35.6601648  13.6837926   -0.0602   -0.0065    0.0339 16 12  2.00    10.00 
  2020 11 13.675532  2 22 38.4307 +13 41  1.670  35.6601279  13.6837972  35.6601456  13.6837901   -0.0618    0.0254    0.0325 16 12 46.00    10.00 
  2020 11 13.676053  2 22 38.4281 +13 41  1.597  35.6601172  13.6837769  35.6601259  13.6837876   -0.0304   -0.0384    0.0077 16 13 31.00    10.00 
  2020 11 13.676574  2 22 38.4238 +13 41  1.564  35.6600990  13.6837677  35.6601062  13.6837850   -0.0249   -0.0625    0.0236 16 14 16.00    10.00 
  2020 11 13.677095  2 22 38.4197 +13 41  1.580  35.6600819  13.6837722  35.6600865  13.6837825   -0.0159   -0.0370    0.0276 16 15  1.00    10.00 
  2020 11 13.677616  2 22 38.4158 +13 41  1.622  35.6600659  13.6837839  35.6600668  13.6837799   -0.0028    0.0144    0.0355 16 15 46.00    10.00 
  2020 11 13.678137  2 22 38.4092 +13 41  1.580  35.6600382  13.6837722  35.6600470  13.6837774   -0.0308   -0.0186    0.0265 16 16 31.00    10.00 
  2020 11 13.678657  2 22 38.4051 +13 41  1.564  35.6600213  13.6837677  35.6600273  13.6837748   -0.0212   -0.0255    0.0207 16 17 16.00    10.00 
  2020 11 13.679178  2 22 38.3981 +13 41  1.574  35.6599920  13.6837706  35.6600076  13.6837723   -0.0546   -0.0060    0.0152 16 18  1.00    10.00 
  2020 11 13.679699  2 22 38.3956 +13 41  1.570  35.6599817  13.6837693  35.6599879  13.6837697   -0.0216   -0.0015    0.0234 16 18 46.00    10.00 
  2020 11 13.680220  2 22 38.3954 +13 41  1.538  35.6599809  13.6837605  35.6599682  13.6837672    0.0444   -0.0239    0.0281 16 19 31.00    10.00 
  2020 11 13.680741  2 22 38.3848 +13 41  1.503  35.6599368  13.6837508  35.6599485  13.6837646   -0.0409   -0.0499    0.0256 16 20 16.00    10.00 
  2020 11 13.681262  2 22 38.3811 +13 41  1.527  35.6599211  13.6837575  35.6599287  13.6837621   -0.0267   -0.0164    0.0123 16 21  1.00    10.00 
  2020 11 13.681782  2 22 38.3751 +13 41  1.520  35.6598962  13.6837556  35.6599090  13.6837595   -0.0448   -0.0143    0.0155 16 21 46.00    10.00 
  2020 11 13.682303  2 22 38.3739 +13 41  1.515  35.6598911  13.6837543  35.6598893  13.6837570    0.0063   -0.0098    0.0079 16 22 31.00    10.00 
  2020 11 13.682824  2 22 38.3702 +13 41  1.503  35.6598757  13.6837509  35.6598696  13.6837544    0.0215   -0.0129    0.0250 16 23 16.00    10.00 
  2020 11 13.683345  2 22 38.3641 +13 41  1.486  35.6598504  13.6837460  35.6598498  13.6837519    0.0021   -0.0213    0.0210 16 24  1.00    10.00 
  2020 11 13.683866  2 22 38.3579 +13 41  1.465  35.6598245  13.6837402  35.6598301  13.6837494   -0.0195   -0.0330    0.0206 16 24 46.00    10.00 
  2020 11 13.684907  2 22 38.3480 +13 41  1.439  35.6597832  13.6837331  35.6597906  13.6837443   -0.0258   -0.0403    0.0195 16 26 16.00    10.00 
  2020 11 13.685428  2 22 38.3442 +13 41  1.412  35.6597674  13.6837256  35.6597709  13.6837417   -0.0120   -0.0579    0.0265 16 27  1.00    10.00 
  2020 11 13.685937  2 22 38.3381 +13 41  1.455  35.6597420  13.6837376  35.6597516  13.6837392   -0.0335   -0.0059    0.0132 16 27 45.00    10.00 
  2020 11 13.686458  2 22 38.3323 +13 41  1.346  35.6597181  13.6837072  35.6597318  13.6837367   -0.0481   -0.1061    0.0121 16 28 30.00    10.00 
  2020 11 13.686979  2 22 38.3269 +13 41  1.459  35.6596955  13.6837387  35.6597121  13.6837342   -0.0580    0.0162    0.0208 16 29 15.00    10.00 
  2020 11 13.687500  2 22 38.3267 +13 41  1.386  35.6596944  13.6837184  35.6596923  13.6837316    0.0072   -0.0475    0.0464 16 30  0.00    10.00 
  2020 11 13.688021  2 22 38.3205 +13 41  1.394  35.6596688  13.6837205  35.6596726  13.6837291   -0.0132   -0.0310    0.0151 16 30 45.00    10.00 
  2020 11 13.688542  2 22 38.3156 +13 41  1.362  35.6596485  13.6837118  35.6596528  13.6837266   -0.0152   -0.0532    0.0341 16 31 30.00    10.00 
  2020 11 13.689063  2 22 38.3071 +13 41  1.382  35.6596128  13.6837173  35.6596331  13.6837240   -0.0707   -0.0243    0.0366 16 32 15.00    10.00 
  2020 11 13.689583  2 22 38.3073 +13 41  1.377  35.6596136  13.6837159  35.6596133  13.6837215    0.0009   -0.0202    0.0234 16 33  0.00    10.00 
  2020 11 13.690104  2 22 38.3018 +13 41  1.384  35.6595907  13.6837179  35.6595935  13.6837189   -0.0101   -0.0039    0.0401 16 33 45.00    10.00 
  2020 11 13.690625  2 22 38.2963 +13 41  1.351  35.6595678  13.6837086  35.6595738  13.6837164   -0.0208   -0.0280    0.0115 16 34 30.00    10.00 
  2020 11 13.691146  2 22 38.2908 +13 41  1.313  35.6595450  13.6836981  35.6595540  13.6837139   -0.0316   -0.0570    0.0248 16 35 15.00    10.00 
  2020 11 13.691667  2 22 38.2896 +13 41  1.326  35.6595400  13.6837016  35.6595342  13.6837113    0.0203   -0.0352    0.0222 16 36  0.00    10.00 
  2020 11 13.692187  2 22 38.2799 +13 41  1.342  35.6594997  13.6837060  35.6595145  13.6837088   -0.0515   -0.0100    0.0227 16 36 45.00    10.00 
  2020 11 13.692708  2 22 38.2806 +13 41  1.346  35.6595024  13.6837073  35.6594947  13.6837063    0.0270    0.0037    0.0256 16 37 30.00    10.00 
  2020 11 13.693229  2 22 38.2767 +13 41  1.290  35.6594864  13.6836916  35.6594749  13.6837038    0.0403   -0.0437    0.0297 16 38 15.00    10.00 
  2020 11 13.693750  2 22 38.2698 +13 41  1.316  35.6594576  13.6836989  35.6594551  13.6837012    0.0086   -0.0085    0.0305 16 39  0.00    10.00 
  2020 11 13.694259  2 22 38.2636 +13 41  1.308  35.6594315  13.6836966  35.6594358  13.6836988   -0.0150   -0.0076    0.0218 16 39 44.00    10.00 
  2020 11 13.694780  2 22 38.2566 +13 41  1.254  35.6594027  13.6836816  35.6594160  13.6836962   -0.0466   -0.0528    0.0148 16 40 29.00    10.00 
  2020 11 13.695301  2 22 38.2540 +13 41  1.274  35.6593918  13.6836873  35.6593962  13.6836937   -0.0153   -0.0232    0.0223 16 41 14.00    10.00 
  2020 11 13.695822  2 22 38.2471 +13 41  1.242  35.6593630  13.6836783  35.6593764  13.6836912   -0.0471   -0.0464    0.0288 16 41 59.00    10.00 
  2020 11 13.696343  2 22 38.2442 +13 41  1.209  35.6593509  13.6836693  35.6593567  13.6836887   -0.0201   -0.0697    0.0279 16 42 44.00    10.00 
  2020 11 13.696863  2 22 38.2397 +13 41  1.200  35.6593321  13.6836667  35.6593369  13.6836861   -0.0167   -0.0700    0.0270 16 43 29.00    10.00 
  2020 11 13.697384  2 22 38.2347 +13 41  1.244  35.6593112  13.6836790  35.6593171  13.6836836   -0.0204   -0.0165    0.0251 16 44 14.00    10.00 
  2020 11 13.697905  2 22 38.2276 +13 41  1.207  35.6592818  13.6836685  35.6592973  13.6836811   -0.0543   -0.0453    0.0219 16 44 59.00    10.00 
  2020 11 13.698426  2 22 38.2290 +13 41  1.261  35.6592875  13.6836835  35.6592775  13.6836786    0.0352    0.0177    0.0246 16 45 44.00    10.00 
  2020 11 13.698947  2 22 38.2233 +13 41  1.220  35.6592636  13.6836723  35.6592577  13.6836760    0.0208   -0.0135    0.0313 16 46 29.00    10.00 
  2020 11 13.699468  2 22 38.2157 +13 41  1.250  35.6592319  13.6836805  35.6592379  13.6836735   -0.0208    0.0251    0.0298 16 47 14.00    10.00 
  2020 11 13.699988  2 22 38.2126 +13 41  1.181  35.6592194  13.6836614  35.6592181  13.6836710    0.0045   -0.0345    0.0253 16 47 59.00    10.00 
  2020 11 13.700509  2 22 38.2051 +13 41  1.216  35.6591880  13.6836712  35.6591982  13.6836685   -0.0358    0.0096    0.0203 16 48 44.00    10.00 
  2020 11 13.701030  2 22 38.2019 +13 41  1.178  35.6591745  13.6836605  35.6591784  13.6836660   -0.0137   -0.0196    0.0271 16 49 29.00    10.00 
  2020 11 13.701551  2 22 38.1963 +13 41  1.159  35.6591511  13.6836553  35.6591586  13.6836634   -0.0263   -0.0294    0.0212 16 50 14.00    10.00 
  2020 11 13.702072  2 22 38.1914 +13 41  1.109  35.6591307  13.6836413  35.6591388  13.6836609   -0.0285   -0.0706    0.0141 16 50 59.00    10.00 
  2020 11 13.702402  2 22 38.1876 +13 41  1.140  35.6591149  13.6836500  35.6591263  13.6836593   -0.0397   -0.0335    0.0156 16 51 27.50    15.00 
  2020 11 13.702980  2 22 38.1801 +13 41  1.134  35.6590838  13.6836482  35.6591042  13.6836565   -0.0714   -0.0300    0.0255 16 52 17.50    15.00 
  2020 11 13.703559  2 22 38.1770 +13 41  1.153  35.6590708  13.6836537  35.6590822  13.6836537   -0.0400   -0.0000    0.0168 16 53  7.50    15.00 
  2020 11 13.704138  2 22 38.1712 +13 41  1.130  35.6590468  13.6836471  35.6590602  13.6836510   -0.0470   -0.0139    0.0140 16 53 57.50    15.00 
  2020 11 13.704716  2 22 38.1673 +13 41  1.130  35.6590304  13.6836472  35.6590382  13.6836482   -0.0270   -0.0036    0.0207 16 54 47.50    15.00 
  2020 11 13.705295  2 22 38.1615 +13 41  1.095  35.6590064  13.6836376  35.6590161  13.6836454   -0.0340   -0.0280    0.0139 16 55 37.50    15.00 
  2020 11 13.705874  2 22 38.1588 +13 41  1.122  35.6589950  13.6836451  35.6589941  13.6836426    0.0032    0.0091    0.0278 16 56 27.50    15.00 
  2020 11 13.706453  2 22 38.1498 +13 41  1.092  35.6589575  13.6836366  35.6589721  13.6836398   -0.0510   -0.0113    0.0087 16 57 17.50    15.00 
  2020 11 13.707031  2 22 38.1483 +13 41  1.094  35.6589511  13.6836371  35.6589500  13.6836370    0.0038    0.0003    0.0410 16 58  7.50    15.00 
  2020 11 13.707610  2 22 38.1421 +13 41  1.061  35.6589255  13.6836282  35.6589280  13.6836342   -0.0085   -0.0218    0.0149 16 58 57.50    15.00 
  2020 11 13.708189  2 22 38.1307 +13 41  0.991  35.6588780  13.6836085  35.6589059  13.6836314   -0.0978   -0.0824    0.0446 16 59 47.50    15.00 
  2020 11 13.708767  2 22 38.1324 +13 41  1.125  35.6588849  13.6836457  35.6588839  13.6836286    0.0037    0.0614    0.0576 17  0 37.50    15.00 
  2020 11 13.709346  2 22 38.1255 +13 41  1.025  35.6588561  13.6836179  35.6588618  13.6836259   -0.0201   -0.0285    0.0489 17  1 27.50    15.00 
  2020 11 13.709925  2 22 38.1165 +13 41  0.960  35.6588188  13.6836000  35.6588398  13.6836231   -0.0732   -0.0830    0.0300 17  2 17.50    15.00 
  2020 11 13.710503  2 22 38.1167 +13 41  0.984  35.6588194  13.6836067  35.6588177  13.6836203    0.0059   -0.0489    0.0392 17  3  7.50    15.00 
  2020 11 13.711661  2 22 38.1060 +13 41  0.984  35.6587751  13.6836066  35.6587736  13.6836147    0.0052   -0.0292    0.0481 17  4 47.50    15.00 
  2020 11 13.712240  2 22 38.1010 +13 41  0.996  35.6587543  13.6836101  35.6587515  13.6836119    0.0098   -0.0067    0.0287 17  5 37.50    15.00 
  2020 11 13.712818  2 22 38.0980 +13 41  0.972  35.6587418  13.6836033  35.6587295  13.6836092    0.0431   -0.0211    0.0292 17  6 27.50    15.00 
  2020 11 13.713397  2 22 38.0849 +13 41  0.896  35.6586871  13.6835823  35.6587074  13.6836064   -0.0709   -0.0868    0.0352 17  7 17.50    15.00 
  2020 11 13.713976  2 22 38.0850 +13 41  0.941  35.6586875  13.6835948  35.6586853  13.6836036    0.0076   -0.0318    0.0134 17  8  7.50    15.00 
  2020 11 13.714554  2 22 38.0790 +13 41  0.937  35.6586626  13.6835936  35.6586632  13.6836008   -0.0024   -0.0261    0.0317 17  8 57.50    15.00 
  2020 11 13.715133  2 22 38.0675 +13 41  0.951  35.6586147  13.6835974  35.6586412  13.6835980   -0.0926   -0.0022    0.0279 17  9 47.50    15.00 
  2020 11 13.715712  2 22 38.0667 +13 41  0.903  35.6586111  13.6835841  35.6586191  13.6835953   -0.0279   -0.0403    0.0274 17 10 37.50    15.00 
  2020 11 13.716291  2 22 38.0592 +13 41  0.852  35.6585798  13.6835701  35.6585970  13.6835925   -0.0600   -0.0806    0.0224 17 11 27.50    15.00 
  2020 11 13.716858  2 22 38.0592 +13 41  0.904  35.6585802  13.6835846  35.6585754  13.6835898    0.0170   -0.0188    0.0354 17 12 16.50    15.00 
  2020 11 13.717436  2 22 38.0540 +13 41  0.959  35.6585584  13.6835998  35.6585533  13.6835870    0.0179    0.0461    0.0732 17 13  6.50    15.00 
  2020 11 13.718015  2 22 38.0464 +13 41  0.846  35.6585267  13.6835682  35.6585312  13.6835842   -0.0158   -0.0577    0.0301 17 13 56.50    15.00 
  2020 11 13.718594  2 22 38.0407 +13 41  0.921  35.6585030  13.6835891  35.6585091  13.6835815   -0.0214    0.0274    0.0237 17 14 46.50    15.00 
  2020 11 13.719172  2 22 38.0351 +13 41  0.900  35.6584797  13.6835833  35.6584870  13.6835787   -0.0254    0.0168    0.0217 17 15 36.50    15.00 
  2020 11 13.719751  2 22 38.0296 +13 41  0.807  35.6584566  13.6835574  35.6584649  13.6835759   -0.0291   -0.0666    0.0354 17 16 26.50    15.00 
  2020 11 13.720330  2 22 38.0238 +13 41  0.841  35.6584325  13.6835670  35.6584428  13.6835731   -0.0359   -0.0222    0.0306 17 17 16.50    15.00 
  2020 11 14.638316  2 22 28.8962 +13 40 42.015  35.6204007  13.6783375  35.6203986  13.6783351    0.0073    0.0086    0.0184 15 19 10.50    15.00 
  2020 11 14.638692  2 22 28.8901 +13 40 41.999  35.6203753  13.6783330  35.6203815  13.6783318   -0.0219    0.0045    0.0211 15 19 43.00    10.00 
  2020 11 14.639213  2 22 28.8847 +13 40 42.009  35.6203529  13.6783358  35.6203579  13.6783271   -0.0174    0.0312    0.0305 15 20 28.00    10.00 
  2020 11 14.639734  2 22 28.8775 +13 40 41.988  35.6203228  13.6783301  35.6203343  13.6783224   -0.0401    0.0277    0.0237 15 21 13.00    10.00 
  2020 11 14.640243  2 22 28.8731 +13 40 41.934  35.6203048  13.6783150  35.6203112  13.6783178   -0.0226   -0.0100    0.0217 15 21 57.00    10.00 
  2020 11 14.640775  2 22 28.8676 +13 40 41.949  35.6202816  13.6783190  35.6202871  13.6783130   -0.0191    0.0217    0.0179 15 22 43.00    10.00 
  2020 11 14.641296  2 22 28.8624 +13 40 41.926  35.6202601  13.6783128  35.6202634  13.6783083   -0.0117    0.0160    0.0185 15 23 28.00    10.00 
  2020 11 14.641817  2 22 28.8568 +13 40 41.888  35.6202369  13.6783022  35.6202398  13.6783036   -0.0104   -0.0053    0.0163 15 24 13.00    10.00 
  2020 11 14.642326  2 22 28.8539 +13 40 41.892  35.6202247  13.6783032  35.6202167  13.6782990    0.0280    0.0151    0.0224 15 24 57.00    10.00 
  2020 11 14.642847  2 22 28.8459 +13 40 41.867  35.6201912  13.6782963  35.6201931  13.6782943   -0.0066    0.0071    0.0179 15 25 42.00    10.00 
  2020 11 14.643368  2 22 28.8388 +13 40 41.849  35.6201616  13.6782914  35.6201695  13.6782896   -0.0276    0.0063    0.0172 15 26 27.00    10.00 
  2020 11 14.643889  2 22 28.8342 +13 40 41.858  35.6201423  13.6782938  35.6201459  13.6782849   -0.0125    0.0318    0.0209 15 27 12.00    10.00 
  2020 11 14.644410  2 22 28.8294 +13 40 41.805  35.6201224  13.6782792  35.6201222  13.6782802    0.0007   -0.0035    0.0172 15 27 57.00    10.00 
  2020 11 14.644931  2 22 28.8250 +13 40 41.794  35.6201044  13.6782761  35.6200986  13.6782755    0.0201    0.0021    0.0125 15 28 42.00    10.00 
  2020 11 14.645451  2 22 28.8165 +13 40 41.769  35.6200689  13.6782693  35.6200750  13.6782708   -0.0213   -0.0053    0.0186 15 29 27.00    10.00 
  2020 11 14.645972  2 22 28.8129 +13 40 41.752  35.6200536  13.6782644  35.6200514  13.6782661    0.0079   -0.0059    0.0189 15 30 12.00    10.00 
  2020 11 14.646493  2 22 28.8053 +13 40 41.786  35.6200221  13.6782740  35.6200277  13.6782613   -0.0197    0.0457    0.0263 15 30 57.00    10.00 
  2020 11 14.647014  2 22 28.7985 +13 40 41.710  35.6199937  13.6782528  35.6200041  13.6782566   -0.0363   -0.0136    0.0189 15 31 42.00    10.00 
  2020 11 14.647535  2 22 28.7949 +13 40 41.698  35.6199790  13.6782494  35.6199805  13.6782519   -0.0053   -0.0089    0.0305 15 32 27.00    10.00 
  2020 11 14.648044  2 22 28.7882 +13 40 41.709  35.6199508  13.6782524  35.6199574  13.6782472   -0.0231    0.0187    0.0276 15 33 11.00    10.00 
  2020 11 14.648565  2 22 28.7837 +13 40 41.673  35.6199319  13.6782426  35.6199337  13.6782425   -0.0063    0.0004    0.0338 15 33 56.00    10.00 
  2020 11 14.649086  2 22 28.7779 +13 40 41.678  35.6199078  13.6782439  35.6199101  13.6782378   -0.0079    0.0220    0.0400 15 34 41.00    10.00 
  2020 11 14.649606  2 22 28.7713 +13 40 41.642  35.6198805  13.6782339  35.6198865  13.6782330   -0.0207    0.0032    0.0183 15 35 26.00    10.00 
  2020 11 14.650127  2 22 28.7669 +13 40 41.666  35.6198620  13.6782406  35.6198628  13.6782283   -0.0029    0.0444    0.0123 15 36 11.00    10.00 
  2020 11 14.650648  2 22 28.7594 +13 40 41.634  35.6198310  13.6782316  35.6198392  13.6782235   -0.0286    0.0291    0.0183 15 36 56.00    10.00 
  2020 11 14.651169  2 22 28.7552 +13 40 41.591  35.6198135  13.6782196  35.6198155  13.6782187   -0.0070    0.0030    0.0177 15 37 41.00    10.00 
  2020 11 14.651690  2 22 28.7487 +13 40 41.585  35.6197864  13.6782180  35.6197919  13.6782140   -0.0193    0.0144    0.0124 15 38 26.00    10.00 
  2020 11 14.652211  2 22 28.7414 +13 40 41.587  35.6197560  13.6782185  35.6197683  13.6782092   -0.0427    0.0336    0.0309 15 39 11.00    10.00 
  2020 11 14.652731  2 22 28.7392 +13 40 41.570  35.6197467  13.6782139  35.6197446  13.6782045    0.0072    0.0341    0.0104 15 39 56.00    10.00 
  2020 11 14.653252  2 22 28.7317 +13 40 41.569  35.6197154  13.6782137  35.6197210  13.6781997   -0.0196    0.0506    0.0135 15 40 41.00    10.00 
  2020 11 14.653773  2 22 28.7298 +13 40 41.478  35.6197073  13.6781882  35.6196973  13.6781949    0.0349   -0.0240    0.0226 15 41 26.00    10.00 
  2020 11 14.654294  2 22 28.7208 +13 40 41.497  35.6196699  13.6781936  35.6196737  13.6781901   -0.0133    0.0126    0.0108 15 42 11.00    10.00 
  2020 11 14.654803  2 22 28.7138 +13 40 41.494  35.6196408  13.6781927  35.6196506  13.6781855   -0.0343    0.0261    0.0130 15 42 55.00    10.00 
  2020 11 14.655324  2 22 28.7090 +13 40 41.439  35.6196207  13.6781776  35.6196269  13.6781807   -0.0218   -0.0110    0.0272 15 43 40.00    10.00 
  2020 11 14.656366  2 22 28.6986 +13 40 41.423  35.6195773  13.6781730  35.6195796  13.6781711   -0.0080    0.0067    0.0248 15 45 10.00    10.00 
  2020 11 14.657407  2 22 28.6892 +13 40 41.393  35.6195384  13.6781647  35.6195323  13.6781615    0.0212    0.0113    0.0196 15 46 40.00    10.00 
  2020 11 14.657928  2 22 28.6818 +13 40 41.360  35.6195076  13.6781555  35.6195087  13.6781567   -0.0036   -0.0043    0.0181 15 47 25.00    10.00 
  2020 11 14.658449  2 22 28.6768 +13 40 41.354  35.6194867  13.6781539  35.6194850  13.6781519    0.0059    0.0072    0.0148 15 48 10.00    10.00 
  2020 11 14.658970  2 22 28.6704 +13 40 41.331  35.6194598  13.6781474  35.6194614  13.6781471   -0.0054    0.0011    0.0077 15 48 55.00    10.00 
  2020 11 14.659491  2 22 28.6658 +13 40 41.298  35.6194406  13.6781383  35.6194377  13.6781423    0.0102   -0.0144    0.0296 15 49 40.00    10.00 
  2020 11 14.660012  2 22 28.6571 +13 40 41.285  35.6194044  13.6781348  35.6194141  13.6781375   -0.0337   -0.0096    0.0163 15 50 25.00    10.00 
  2020 11 14.660521  2 22 28.6524 +13 40 41.304  35.6193850  13.6781400  35.6193909  13.6781328   -0.0208    0.0259    0.0214 15 51  9.00    10.00 
  2020 11 14.661042  2 22 28.6471 +13 40 41.272  35.6193627  13.6781312  35.6193673  13.6781280   -0.0159    0.0117    0.0129 15 51 54.00    10.00 
  2020 11 14.661563  2 22 28.6421 +13 40 41.282  35.6193420  13.6781338  35.6193436  13.6781231   -0.0055    0.0382    0.0196 15 52 39.00    10.00 
  2020 11 14.662083  2 22 28.6352 +13 40 41.241  35.6193135  13.6781226  35.6193200  13.6781183   -0.0226    0.0153    0.0237 15 53 24.00    10.00 
  2020 11 14.662604  2 22 28.6321 +13 40 41.216  35.6193004  13.6781156  35.6192963  13.6781135    0.0143    0.0078    0.0180 15 54  9.00    10.00 
  2020 11 14.663125  2 22 28.6250 +13 40 41.189  35.6192707  13.6781081  35.6192727  13.6781086   -0.0069   -0.0020    0.0168 15 54 54.00    10.00 
  2020 11 14.664167  2 22 28.6123 +13 40 41.155  35.6192179  13.6780986  35.6192253  13.6780990   -0.0260   -0.0012    0.0268 15 56 24.00    10.00 
  2020 11 14.664687  2 22 28.6096 +13 40 41.108  35.6192065  13.6780856  35.6192017  13.6780941    0.0168   -0.0306    0.0258 15 57  9.00    10.00 
  2020 11 14.665208  2 22 28.6022 +13 40 41.134  35.6191759  13.6780926  35.6191780  13.6780893   -0.0073    0.0121    0.0117 15 57 54.00    10.00 
  2020 11 14.665729  2 22 28.5971 +13 40 41.088  35.6191546  13.6780799  35.6191543  13.6780844    0.0009   -0.0163    0.0225 15 58 39.00    10.00 
  2020 11 14.666250  2 22 28.5909 +13 40 41.122  35.6191286  13.6780893  35.6191307  13.6780796   -0.0073    0.0351    0.0152 15 59 24.00    10.00 
  2020 11 14.666771  2 22 28.5845 +13 40 41.077  35.6191022  13.6780769  35.6191070  13.6780747   -0.0168    0.0080    0.0212 16  0  9.00    10.00 
  2020 11 14.667280  2 22 28.5807 +13 40 41.098  35.6190863  13.6780829  35.6190839  13.6780700    0.0086    0.0466    0.0244 16  0 53.00    10.00 
  2020 11 14.667801  2 22 28.5741 +13 40 41.017  35.6190587  13.6780603  35.6190602  13.6780651   -0.0051   -0.0174    0.0172 16  1 38.00    10.00 
  2020 11 14.668322  2 22 28.5684 +13 40 41.010  35.6190352  13.6780582  35.6190365  13.6780602   -0.0048   -0.0072    0.0100 16  2 23.00    10.00 
  2020 11 14.668843  2 22 28.5618 +13 40 40.997  35.6190077  13.6780547  35.6190129  13.6780554   -0.0182   -0.0025    0.0144 16  3  8.00    10.00 
  2020 11 14.669363  2 22 28.5562 +13 40 40.975  35.6189843  13.6780485  35.6189892  13.6780505   -0.0171   -0.0070    0.0236 16  3 53.00    10.00 
  2020 11 14.669884  2 22 28.5523 +13 40 40.963  35.6189681  13.6780453  35.6189655  13.6780456    0.0089   -0.0010    0.0244 16  4 38.00    10.00 
  2020 11 14.670405  2 22 28.5447 +13 40 40.933  35.6189361  13.6780370  35.6189419  13.6780407   -0.0201   -0.0136    0.0180 16  5 23.00    10.00 
  2020 11 14.670926  2 22 28.5393 +13 40 40.942  35.6189138  13.6780394  35.6189182  13.6780358   -0.0153    0.0130    0.0205 16  6  8.00    10.00 
  2020 11 14.671447  2 22 28.5334 +13 40 40.901  35.6188892  13.6780280  35.6188945  13.6780309   -0.0186   -0.0107    0.0250 16  6 53.00    10.00 
  2020 11 14.671968  2 22 28.5281 +13 40 40.890  35.6188671  13.6780251  35.6188709  13.6780261   -0.0131   -0.0035    0.0114 16  7 38.00    10.00 
  2020 11 14.672488  2 22 28.5227 +13 40 40.875  35.6188445  13.6780208  35.6188472  13.6780212   -0.0095   -0.0014    0.0145 16  8 23.00    10.00 
  2020 11 14.673009  2 22 28.5142 +13 40 40.832  35.6188092  13.6780088  35.6188235  13.6780163   -0.0500   -0.0270    0.0159 16  9  8.00    10.00 
  2020 11 14.673519  2 22 28.5126 +13 40 40.853  35.6188026  13.6780146  35.6188004  13.6780115    0.0079    0.0114    0.0134 16  9 52.00    10.00 
  2020 11 14.674039  2 22 28.5022 +13 40 40.850  35.6187594  13.6780138  35.6187767  13.6780066   -0.0606    0.0261    0.0183 16 10 37.00    10.00 
  2020 11 14.674560  2 22 28.4993 +13 40 40.841  35.6187472  13.6780113  35.6187530  13.6780017   -0.0203    0.0346    0.0214 16 11 22.00    10.00 
  2020 11 14.675081  2 22 28.4927 +13 40 40.784  35.6187195  13.6779957  35.6187293  13.6779967   -0.0344   -0.0038    0.0183 16 12  7.00    10.00 
  2020 11 14.675602  2 22 28.4902 +13 40 40.761  35.6187094  13.6779892  35.6187057  13.6779918    0.0129   -0.0094    0.0214 16 12 52.00    10.00 
  2020 11 14.676123  2 22 28.4835 +13 40 40.788  35.6186811  13.6779967  35.6186820  13.6779869   -0.0029    0.0352    0.0265 16 13 37.00    10.00 
  2020 11 14.677164  2 22 28.4702 +13 40 40.755  35.6186259  13.6779875  35.6186346  13.6779771   -0.0305    0.0376    0.0188 16 15  7.00    10.00 
  2020 11 14.677685  2 22 28.4653 +13 40 40.713  35.6186053  13.6779758  35.6186109  13.6779721   -0.0199    0.0134    0.0374 16 15 52.00    10.00 
  2020 11 14.678206  2 22 28.4609 +13 40 40.698  35.6185871  13.6779717  35.6185873  13.6779672   -0.0006    0.0162    0.0293 16 16 37.00    10.00 
  2020 11 14.678727  2 22 28.4543 +13 40 40.663  35.6185596  13.6779620  35.6185636  13.6779623   -0.0138   -0.0011    0.0300 16 17 22.00    10.00 
  2020 11 14.679248  2 22 28.4478 +13 40 40.686  35.6185326  13.6779682  35.6185399  13.6779573   -0.0257    0.0392    0.0332 16 18  7.00    10.00 
  2020 11 14.679757  2 22 28.4457 +13 40 40.638  35.6185237  13.6779549  35.6185167  13.6779525    0.0243    0.0087    0.0224 16 18 51.00    10.00 
  2020 11 14.680278  2 22 28.4375 +13 40 40.600  35.6184894  13.6779443  35.6184931  13.6779475   -0.0129   -0.0116    0.0179 16 19 36.00    10.00 
  2020 11 14.680799  2 22 28.4308 +13 40 40.590  35.6184618  13.6779416  35.6184694  13.6779426   -0.0265   -0.0037    0.0278 16 20 21.00    10.00 
  2020 11 14.681319  2 22 28.4241 +13 40 40.604  35.6184339  13.6779457  35.6184457  13.6779376   -0.0414    0.0288    0.0252 16 21  6.00    10.00 
  2020 11 14.681840  2 22 28.4192 +13 40 40.588  35.6184132  13.6779412  35.6184220  13.6779327   -0.0307    0.0306    0.0194 16 21 51.00    10.00 
  2020 11 14.682361  2 22 28.4174 +13 40 40.532  35.6184060  13.6779256  35.6183983  13.6779277    0.0268   -0.0078    0.0167 16 22 36.00    10.00 
  2020 11 14.682882  2 22 28.4075 +13 40 40.568  35.6183646  13.6779355  35.6183746  13.6779228   -0.0351    0.0458    0.0101 16 23 21.00    10.00 
  2020 11 14.683403  2 22 28.4027 +13 40 40.548  35.6183444  13.6779300  35.6183510  13.6779178   -0.0228    0.0437    0.0141 16 24  6.00    10.00 
  2020 11 14.683924  2 22 28.3990 +13 40 40.516  35.6183290  13.6779211  35.6183273  13.6779128    0.0060    0.0299    0.0124 16 24 51.00    10.00 
  2020 11 14.684444  2 22 28.3916 +13 40 40.475  35.6182983  13.6779096  35.6183036  13.6779079   -0.0183    0.0062    0.0179 16 25 36.00    10.00 
  2020 11 14.684965  2 22 28.3871 +13 40 40.465  35.6182794  13.6779070  35.6182799  13.6779029   -0.0017    0.0149    0.0155 16 26 21.00    10.00 
  2020 11 14.685486  2 22 28.3823 +13 40 40.431  35.6182596  13.6778975  35.6182562  13.6778979    0.0119   -0.0013    0.0187 16 27  6.00    10.00 
  2020 11 14.685995  2 22 28.3756 +13 40 40.437  35.6182316  13.6778991  35.6182330  13.6778930   -0.0049    0.0219    0.0235 16 27 50.00    10.00 
  2020 11 14.686516  2 22 28.3681 +13 40 40.423  35.6182003  13.6778953  35.6182094  13.6778880   -0.0315    0.0261    0.0158 16 28 35.00    10.00 
  2020 11 14.687037  2 22 28.3623 +13 40 40.366  35.6181761  13.6778794  35.6181857  13.6778830   -0.0334   -0.0130    0.0196 16 29 20.00    10.00 
  2020 11 14.687558  2 22 28.3559 +13 40 40.335  35.6181495  13.6778708  35.6181620  13.6778781   -0.0436   -0.0260    0.0320 16 30  5.00    10.00 
  2020 11 14.688079  2 22 28.3525 +13 40 40.334  35.6181355  13.6778706  35.6181383  13.6778731   -0.0097   -0.0088    0.0138 16 30 50.00    10.00 
  2020 11 14.688600  2 22 28.3476 +13 40 40.328  35.6181149  13.6778688  35.6181146  13.6778681    0.0010    0.0028    0.0142 16 31 35.00    10.00 
  2020 11 14.689120  2 22 28.3411 +13 40 40.321  35.6180879  13.6778669  35.6180909  13.6778631   -0.0104    0.0139    0.0189 16 32 20.00    10.00 
  2020 11 14.689641  2 22 28.3341 +13 40 40.301  35.6180585  13.6778615  35.6180672  13.6778580   -0.0303    0.0123    0.0157 16 33  5.00    10.00 
  2020 11 14.690162  2 22 28.3302 +13 40 40.268  35.6180425  13.6778522  35.6180435  13.6778530   -0.0037   -0.0031    0.0199 16 33 50.00    10.00 
  2020 11 14.690683  2 22 28.3216 +13 40 40.234  35.6180067  13.6778427  35.6180198  13.6778480   -0.0458   -0.0192    0.0302 16 34 35.00    10.00 
  2020 11 14.691204  2 22 28.3186 +13 40 40.259  35.6179940  13.6778498  35.6179961  13.6778430   -0.0073    0.0244    0.0244 16 35 20.00    10.00 
  2020 11 14.691713  2 22 28.3119 +13 40 40.198  35.6179662  13.6778327  35.6179730  13.6778381   -0.0238   -0.0196    0.0168 16 36  4.00    10.00 
  2020 11 14.692234  2 22 28.3070 +13 40 40.264  35.6179459  13.6778512  35.6179493  13.6778331   -0.0116    0.0654    0.0353 16 36 49.00    10.00 
  2020 11 14.692755  2 22 28.3019 +13 40 40.167  35.6179244  13.6778241  35.6179256  13.6778280   -0.0040   -0.0143    0.0236 16 37 34.00    10.00 
  2020 11 14.693275  2 22 28.2951 +13 40 40.136  35.6178962  13.6778156  35.6179019  13.6778230   -0.0199   -0.0268    0.0196 16 38 19.00    10.00 
  2020 11 14.693796  2 22 28.2892 +13 40 40.160  35.6178716  13.6778221  35.6178782  13.6778180   -0.0230    0.0150    0.0203 16 39  4.00    10.00 
  2020 11 14.694317  2 22 28.2843 +13 40 40.147  35.6178512  13.6778187  35.6178545  13.6778129   -0.0113    0.0207    0.0145 16 39 49.00    10.00 
  2020 11 14.694838  2 22 28.2799 +13 40 40.140  35.6178328  13.6778167  35.6178308  13.6778079    0.0070    0.0318    0.0259 16 40 34.00    10.00 
  2020 11 14.695359  2 22 28.2724 +13 40 40.108  35.6178017  13.6778078  35.6178071  13.6778028   -0.0187    0.0178    0.0197 16 41 19.00    10.00 
  2020 11 14.695880  2 22 28.2677 +13 40 40.133  35.6177822  13.6778148  35.6177834  13.6777978   -0.0041    0.0613    0.0189 16 42  4.00    10.00 
  2020 11 14.696400  2 22 28.2609 +13 40 40.071  35.6177537  13.6777976  35.6177597  13.6777927   -0.0211    0.0176    0.0150 16 42 49.00    10.00 
  2020 11 14.696921  2 22 28.2552 +13 40 40.057  35.6177301  13.6777935  35.6177360  13.6777877   -0.0204    0.0211    0.0156 16 43 34.00    10.00 
  2020 11 14.697442  2 22 28.2518 +13 40 40.016  35.6177159  13.6777821  35.6177123  13.6777826    0.0125   -0.0018    0.0187 16 44 19.00    10.00 
  2020 11 14.697963  2 22 28.2434 +13 40 40.009  35.6176809  13.6777803  35.6176886  13.6777776   -0.0268    0.0099    0.0191 16 45  4.00    10.00 
  2020 11 14.698484  2 22 28.2397 +13 40 39.981  35.6176653  13.6777725  35.6176649  13.6777725    0.0013   -0.0000    0.0123 16 45 49.00    10.00 
  2020 11 14.698993  2 22 28.2339 +13 40 39.947  35.6176411  13.6777630  35.6176417  13.6777675   -0.0021   -0.0165    0.0159 16 46 33.00    10.00 
  2020 11 14.699514  2 22 28.2295 +13 40 39.915  35.6176231  13.6777540  35.6176180  13.6777625    0.0177   -0.0304    0.0299 16 47 18.00    10.00 
  2020 11 14.700035  2 22 28.2222 +13 40 39.932  35.6175926  13.6777588  35.6175943  13.6777574   -0.0060    0.0049    0.0240 16 48  3.00    10.00 
  2020 11 14.700556  2 22 28.2171 +13 40 39.934  35.6175714  13.6777594  35.6175706  13.6777523    0.0027    0.0257    0.0161 16 48 48.00    10.00 
  2020 11 14.701076  2 22 28.2091 +13 40 39.914  35.6175381  13.6777540  35.6175469  13.6777472   -0.0308    0.0244    0.0228 16 49 33.00    10.00 
  2020 11 14.701597  2 22 28.2045 +13 40 39.872  35.6175189  13.6777423  35.6175232  13.6777422   -0.0149    0.0006    0.0131 16 50 18.00    10.00 
  2020 11 14.702118  2 22 28.2005 +13 40 39.859  35.6175021  13.6777386  35.6174995  13.6777371    0.0092    0.0054    0.0193 16 51  3.00    10.00 
  2020 11 14.702639  2 22 28.1942 +13 40 39.821  35.6174758  13.6777280  35.6174758  13.6777320   -0.0000   -0.0142    0.0156 16 51 48.00    10.00 
  2020 11 14.703160  2 22 28.1873 +13 40 39.842  35.6174470  13.6777338  35.6174521  13.6777269   -0.0177    0.0251    0.0169 16 52 33.00    10.00 
  2020 11 14.703681  2 22 28.1819 +13 40 39.801  35.6174247  13.6777225  35.6174284  13.6777218   -0.0129    0.0026    0.0155 16 53 18.00    10.00 
  2020 11 14.704201  2 22 28.1760 +13 40 39.798  35.6173999  13.6777215  35.6174047  13.6777167   -0.0166    0.0175    0.0250 16 54  3.00    10.00 
  2020 11 14.704711  2 22 28.1714 +13 40 39.777  35.6173807  13.6777157  35.6173815  13.6777117   -0.0028    0.0147    0.0114 16 54 47.00    10.00 
  2020 11 14.705231  2 22 28.1646 +13 40 39.784  35.6173523  13.6777178  35.6173578  13.6777066   -0.0192    0.0403    0.0141 16 55 32.00    10.00 
  2020 11 14.705752  2 22 28.1590 +13 40 39.738  35.6173290  13.6777049  35.6173341  13.6777014   -0.0179    0.0124    0.0207 16 56 17.00    10.00 
  2020 11 14.706273  2 22 28.1536 +13 40 39.704  35.6173067  13.6776956  35.6173104  13.6776963   -0.0129   -0.0028    0.0173 16 57  2.00    10.00 
  2020 11 14.706794  2 22 28.1493 +13 40 39.713  35.6172890  13.6776980  35.6172867  13.6776912    0.0079    0.0245    0.0180 16 57 47.00    10.00 
  2020 11 14.707315  2 22 28.1425 +13 40 39.657  35.6172602  13.6776826  35.6172630  13.6776861   -0.0096   -0.0126    0.0158 16 58 32.00    10.00 
  2020 11 14.707836  2 22 28.1371 +13 40 39.655  35.6172379  13.6776819  35.6172393  13.6776810   -0.0050    0.0035    0.0174 16 59 17.00    10.00 
  2020 11 14.708356  2 22 28.1300 +13 40 39.678  35.6172083  13.6776882  35.6172156  13.6776758   -0.0254    0.0446    0.0148 17  0  2.00    10.00 
  2020 11 14.708877  2 22 28.1246 +13 40 39.593  35.6171856  13.6776649  35.6171919  13.6776707   -0.0218   -0.0210    0.0219 17  0 47.00    10.00 
  2020 11 14.709398  2 22 28.1208 +13 40 39.612  35.6171699  13.6776700  35.6171682  13.6776656    0.0059    0.0160    0.0304 17  1 32.00    10.00 
  2020 11 14.709919  2 22 28.1133 +13 40 39.622  35.6171389  13.6776729  35.6171444  13.6776604   -0.0194    0.0449    0.0212 17  2 17.00    10.00 
  2020 11 14.710961  2 22 28.1038 +13 40 39.563  35.6170992  13.6776564  35.6170970  13.6776501    0.0076    0.0227    0.0159 17  3 47.00    10.00 
  2020 11 14.712002  2 22 28.0905 +13 40 39.478  35.6170438  13.6776328  35.6170496  13.6776398   -0.0205   -0.0251    0.0307 17  5 17.00    10.00 
  2020 11 14.712512  2 22 28.0843 +13 40 39.493  35.6170178  13.6776369  35.6170264  13.6776348   -0.0303    0.0077    0.0303 17  6  1.00    10.00 
  2020 11 14.713032  2 22 28.0781 +13 40 39.489  35.6169921  13.6776358  35.6170027  13.6776296   -0.0371    0.0224    0.0112 17  6 46.00    10.00 
  2020 11 14.713553  2 22 28.0746 +13 40 39.462  35.6169776  13.6776283  35.6169790  13.6776244   -0.0051    0.0139    0.0136 17  7 31.00    10.00 
  2020 11 14.714074  2 22 28.0699 +13 40 39.427  35.6169577  13.6776187  35.6169553  13.6776193    0.0084   -0.0021    0.0165 17  8 16.00    10.00 
  2020 11 14.714595  2 22 28.0635 +13 40 39.413  35.6169313  13.6776147  35.6169316  13.6776141   -0.0011    0.0022    0.0257 17  9  1.00    10.00 
  2020 11 14.715116  2 22 28.0571 +13 40 39.430  35.6169048  13.6776194  35.6169079  13.6776089   -0.0109    0.0379    0.0266 17  9 46.00    10.00 
  2020 11 14.715637  2 22 28.0535 +13 40 39.360  35.6168894  13.6776000  35.6168842  13.6776037    0.0184   -0.0136    0.0167 17 10 31.00    10.00 
  2020 11 14.716157  2 22 28.0456 +13 40 39.408  35.6168568  13.6776134  35.6168605  13.6775986   -0.0129    0.0533    0.0126 17 11 16.00    10.00 
  2020 11 14.716678  2 22 28.0405 +13 40 39.386  35.6168353  13.6776072  35.6168368  13.6775934   -0.0052    0.0499    0.0188 17 12  1.00    10.00 
  2020 11 14.717199  2 22 28.0331 +13 40 39.347  35.6168046  13.6775963  35.6168130  13.6775882   -0.0296    0.0291    0.0138 17 12 46.00    10.00 
  2020 11 14.717720  2 22 28.0292 +13 40 39.318  35.6167883  13.6775882  35.6167893  13.6775830   -0.0035    0.0188    0.0156 17 13 31.00    10.00 
  2020 11 14.718241  2 22 28.0228 +13 40 39.290  35.6167615  13.6775805  35.6167656  13.6775778   -0.0145    0.0097    0.0290 17 14 16.00    10.00 
  2020 11 14.718762  2 22 28.0177 +13 40 39.252  35.6167405  13.6775701  35.6167419  13.6775726   -0.0048   -0.0091    0.0184 17 15  1.00    10.00 
  2020 11 14.719282  2 22 28.0097 +13 40 39.242  35.6167069  13.6775672  35.6167182  13.6775674   -0.0396   -0.0008    0.0314 17 15 46.00    10.00 
  2020 11 14.719792  2 22 28.0059 +13 40 39.251  35.6166911  13.6775697  35.6166950  13.6775623   -0.0137    0.0267    0.0154 17 16 30.00    10.00 
  2020 11 14.720313  2 22 27.9994 +13 40 39.209  35.6166642  13.6775581  35.6166713  13.6775571   -0.0250    0.0038    0.0272 17 17 15.00    10.00 
  2020 11 14.720833  2 22 27.9943 +13 40 39.189  35.6166427  13.6775525  35.6166476  13.6775519   -0.0170    0.0025    0.0379 17 18  0.00    10.00 
  2020 11 14.721354  2 22 27.9908 +13 40 39.203  35.6166282  13.6775563  35.6166239  13.6775466    0.0150    0.0347    0.0195 17 18 45.00    10.00 
  2020 11 14.721875  2 22 27.9841 +13 40 39.183  35.6166005  13.6775507  35.6166002  13.6775414    0.0010    0.0334    0.0131 17 19 30.00    10.00 
  2020 11 14.722396  2 22 27.9767 +13 40 39.171  35.6165696  13.6775476  35.6165765  13.6775362   -0.0239    0.0411    0.0133 17 20 15.00    10.00 
  2020 11 14.722917  2 22 27.9729 +13 40 39.116  35.6165537  13.6775322  35.6165528  13.6775310    0.0034    0.0044    0.0125 17 21  0.00    10.00 
  2020 11 14.723437  2 22 27.9654 +13 40 39.169  35.6165224  13.6775470  35.6165290  13.6775257   -0.0233    0.0765    0.0287 17 21 45.00    10.00 
  2020 11 14.723958  2 22 27.9598 +13 40 39.102  35.6164992  13.6775284  35.6165053  13.6775205   -0.0213    0.0284    0.0155 17 22 30.00    10.00 
  2020 11 14.724479  2 22 27.9562 +13 40 39.033  35.6164841  13.6775091  35.6164816  13.6775153    0.0088   -0.0221    0.0384 17 23 15.00    10.00 
  2020 11 14.725000  2 22 27.9485 +13 40 39.071  35.6164520  13.6775198  35.6164579  13.6775100   -0.0207    0.0353    0.0204 17 24  0.00    10.00 
  2020 11 14.725521  2 22 27.9443 +13 40 39.056  35.6164346  13.6775154  35.6164342  13.6775048    0.0013    0.0384    0.0219 17 24 45.00    10.00 
  2020 11 14.726042  2 22 27.9391 +13 40 39.034  35.6164129  13.6775094  35.6164105  13.6774995    0.0083    0.0356    0.0307 17 25 30.00    10.00 
  2020 11 14.726551  2 22 27.9311 +13 40 39.023  35.6163795  13.6775063  35.6163873  13.6774944   -0.0272    0.0429    0.0234 17 26 14.00    10.00 
  2020 11 14.727072  2 22 27.9257 +13 40 38.960  35.6163569  13.6774889  35.6163636  13.6774891   -0.0232   -0.0009    0.0190 17 26 59.00    10.00 
  2020 11 14.727593  2 22 27.9190 +13 40 38.963  35.6163290  13.6774898  35.6163399  13.6774839   -0.0379    0.0213    0.0231 17 27 44.00    10.00 
  2020 11 14.728113  2 22 27.9137 +13 40 38.973  35.6163070  13.6774924  35.6163162  13.6774786   -0.0321    0.0497    0.0345 17 28 29.00    10.00 
  2020 11 14.728634  2 22 27.9084 +13 40 38.919  35.6162852  13.6774775  35.6162924  13.6774733   -0.0255    0.0149    0.0153 17 29 14.00    10.00 
  2020 11 14.729155  2 22 27.9058 +13 40 38.904  35.6162742  13.6774733  35.6162687  13.6774681    0.0191    0.0187    0.0238 17 29 59.00    10.00 
  2020 11 14.729676  2 22 27.8982 +13 40 38.896  35.6162426  13.6774711  35.6162450  13.6774628   -0.0084    0.0297    0.0202 17 30 44.00    10.00 
  2020 11 14.730197  2 22 27.8942 +13 40 38.878  35.6162258  13.6774660  35.6162213  13.6774575    0.0156    0.0306    0.0170 17 31 29.00    10.00 
  2020 11 14.730718  2 22 27.8849 +13 40 38.886  35.6161871  13.6774683  35.6161976  13.6774522   -0.0367    0.0576    0.0252 17 32 14.00    10.00 
  2020 11 14.731238  2 22 27.8810 +13 40 38.849  35.6161710  13.6774582  35.6161739  13.6774470   -0.0102    0.0403    0.0199 17 32 59.00    10.00 
  2020 11 14.731759  2 22 27.8778 +13 40 38.828  35.6161576  13.6774524  35.6161502  13.6774417    0.0260    0.0384    0.0254 17 33 44.00    10.00 
  2020 11 14.732269  2 22 27.8685 +13 40 38.791  35.6161186  13.6774421  35.6161270  13.6774365   -0.0294    0.0200    0.0245 17 34 28.00    10.00 
  2020 11 14.732789  2 22 27.8627 +13 40 38.774  35.6160944  13.6774371  35.6161033  13.6774312   -0.0310    0.0212    0.0276 17 35 13.00    10.00 
  2020 11 14.733310  2 22 27.8598 +13 40 38.728  35.6160826  13.6774246  35.6160796  13.6774259    0.0105   -0.0048    0.0366 17 35 58.00    10.00 
  2020 11 14.734352  2 22 27.8486 +13 40 38.697  35.6160359  13.6774158  35.6160321  13.6774153    0.0132    0.0018    0.0197 17 37 28.00    10.00 
  2020 11 14.734873  2 22 27.8409 +13 40 38.679  35.6160036  13.6774108  35.6160084  13.6774100   -0.0169    0.0028    0.0204 17 38 13.00    10.00 
  2020 11 14.735394  2 22 27.8371 +13 40 38.675  35.6159879  13.6774096  35.6159847  13.6774047    0.0110    0.0178    0.0259 17 38 58.00    10.00 
  2020 11 14.735914  2 22 27.8302 +13 40 38.684  35.6159592  13.6774121  35.6159610  13.6773994   -0.0063    0.0459    0.0178 17 39 43.00    10.00 
  2020 11 14.736435  2 22 27.8243 +13 40 38.654  35.6159344  13.6774038  35.6159373  13.6773941   -0.0101    0.0352    0.0104 17 40 28.00    10.00 
  2020 11 14.736956  2 22 27.8188 +13 40 38.623  35.6159117  13.6773953  35.6159136  13.6773887   -0.0065    0.0238    0.0234 17 41 13.00    10.00 
  2020 11 14.737477  2 22 27.8133 +13 40 38.641  35.6158888  13.6774002  35.6158899  13.6773834   -0.0037    0.0603    0.0248 17 41 58.00    10.00 
  2020 11 14.737998  2 22 27.8043 +13 40 38.601  35.6158511  13.6773893  35.6158661  13.6773781   -0.0527    0.0404    0.0233 17 42 43.00    10.00 
  2020 11 14.738507  2 22 27.8012 +13 40 38.563  35.6158385  13.6773787  35.6158430  13.6773729   -0.0157    0.0209    0.0168 17 43 27.00    10.00 
  2020 11 14.739028  2 22 27.7991 +13 40 38.546  35.6158295  13.6773738  35.6158192  13.6773675    0.0361    0.0225    0.0247 17 44 12.00    10.00 
  2020 11 14.740081  2 22 27.7823 +13 40 38.531  35.6157596  13.6773696  35.6157713  13.6773567   -0.0410    0.0464    0.0186 17 45 43.00    10.00 
  2020 11 14.740590  2 22 27.7786 +13 40 38.477  35.6157443  13.6773547  35.6157481  13.6773515   -0.0133    0.0114    0.0164 17 46 27.00    10.00 
  2020 11 14.741111  2 22 27.7728 +13 40 38.490  35.6157201  13.6773584  35.6157244  13.6773461   -0.0150    0.0441    0.0164 17 47 12.00    10.00 
  2020 11 14.741632  2 22 27.7690 +13 40 38.415  35.6157043  13.6773376  35.6157007  13.6773408    0.0125   -0.0115    0.0318 17 47 57.00    10.00 
  2020 11 15.628738  2 22 18.4597 +13 39 49.462  35.5769153  13.6637396  35.5769381  13.6637317   -0.0797    0.0282    0.0800 15  5 23.00    10.00 
  2020 11 15.629259  2 22 18.4572 +13 39 49.417  35.5769052  13.6637269  35.5769163  13.6637216   -0.0389    0.0192    0.0452 15  6  8.00    10.00 
  2020 11 15.629780  2 22 18.4563 +13 39 49.299  35.5769012  13.6636941  35.5768946  13.6637114    0.0233   -0.0622    0.0566 15  6 53.00    10.00 
  2020 11 15.630301  2 22 18.4487 +13 39 49.329  35.5768695  13.6637024  35.5768728  13.6637012   -0.0116    0.0044    0.0553 15  7 38.00    10.00 
  2020 11 15.630822  2 22 18.4435 +13 39 49.295  35.5768479  13.6636932  35.5768511  13.6636910   -0.0110    0.0078    0.0500 15  8 23.00    10.00 
  2020 11 15.631343  2 22 18.4361 +13 39 49.262  35.5768172  13.6636839  35.5768293  13.6636808   -0.0422    0.0111    0.0521 15  9  8.00    10.00 
  2020 11 15.631863  2 22 18.4374 +13 39 49.199  35.5768227  13.6636663  35.5768075  13.6636706    0.0530   -0.0154    0.0713 15  9 53.00    10.00 
  2020 11 15.632384  2 22 18.4272 +13 39 49.070  35.5767801  13.6636306  35.5767858  13.6636604   -0.0200   -0.1074    0.1501 15 10 38.00    10.00 
  2020 11 15.632905  2 22 18.4218 +13 39 49.115  35.5767574  13.6636429  35.5767640  13.6636502   -0.0231   -0.0263    0.0363 15 11 23.00    10.00 
  2020 11 15.633426  2 22 18.4171 +13 39 49.086  35.5767379  13.6636351  35.5767423  13.6636400   -0.0153   -0.0177    0.0317 15 12  8.00    10.00 
  2020 11 15.633947  2 22 18.4112 +13 39 49.056  35.5767132  13.6636267  35.5767206  13.6636298   -0.0259   -0.0114    0.0478 15 12 53.00    10.00 
  2020 11 15.634468  2 22 18.4066 +13 39 48.882  35.5766941  13.6635783  35.5766988  13.6636196   -0.0166   -0.1488    0.1039 15 13 38.00    10.00 
  2020 11 15.634988  2 22 18.3974 +13 39 48.946  35.5766557  13.6635961  35.5766771  13.6636094   -0.0748   -0.0481    0.0523 15 14 23.00    10.00 
  2020 11 15.635509  2 22 18.3936 +13 39 48.975  35.5766401  13.6636041  35.5766553  13.6635992   -0.0534    0.0175    0.0442 15 15  8.00    10.00 
  2020 11 15.636030  2 22 18.3922 +13 39 48.873  35.5766342  13.6635757  35.5766336  13.6635890    0.0019   -0.0479    0.0563 15 15 53.00    10.00 
  2020 11 15.636551  2 22 18.3884 +13 39 48.839  35.5766184  13.6635664  35.5766119  13.6635788    0.0228   -0.0445    0.0631 15 16 38.00    10.00 
  2020 11 15.637072  2 22 18.3808 +13 39 48.838  35.5765868  13.6635661  35.5765901  13.6635686   -0.0117   -0.0090    0.0374 15 17 23.00    10.00 
  2020 11 15.637593  2 22 18.3745 +13 39 48.872  35.5765603  13.6635756  35.5765684  13.6635584   -0.0284    0.0619    0.0718 15 18  8.00    10.00 
  2020 11 15.638113  2 22 18.3701 +13 39 48.766  35.5765420  13.6635460  35.5765467  13.6635482   -0.0164   -0.0078    0.0245 15 18 53.00    10.00 
  2020 11 15.638634  2 22 18.3667 +13 39 48.724  35.5765277  13.6635345  35.5765250  13.6635379    0.0096   -0.0124    0.0597 15 19 38.00    10.00 
  2020 11 15.639155  2 22 18.3599 +13 39 48.658  35.5764995  13.6635162  35.5765033  13.6635277   -0.0131   -0.0415    0.0408 15 20 23.00    10.00 
  2020 11 15.639676  2 22 18.3554 +13 39 48.607  35.5764809  13.6635018  35.5764815  13.6635175   -0.0023   -0.0565    0.0526 15 21  8.00    10.00 
  2020 11 15.640185  2 22 18.3492 +13 39 48.598  35.5764550  13.6634994  35.5764603  13.6635075   -0.0186   -0.0293    0.1078 15 21 52.00    10.00 
  2020 11 15.640706  2 22 18.3447 +13 39 48.593  35.5764364  13.6634980  35.5764386  13.6634973   -0.0076    0.0025    0.0371 15 22 37.00    10.00 
  2020 11 15.641227  2 22 18.3370 +13 39 48.633  35.5764043  13.6635092  35.5764169  13.6634871   -0.0438    0.0797    0.0402 15 23 22.00    10.00 
  2020 11 15.641748  2 22 18.3359 +13 39 48.572  35.5763995  13.6634923  35.5763952  13.6634768    0.0150    0.0556    0.0753 15 24  7.00    10.00 
  2020 11 15.642269  2 22 18.3275 +13 39 48.469  35.5763645  13.6634637  35.5763735  13.6634666   -0.0314   -0.0105    0.0647 15 24 52.00    10.00 
  2020 11 15.646435  2 22 18.2838 +13 39 48.178  35.5761827  13.6633829  35.5761999  13.6633847   -0.0602   -0.0065    0.0464 15 30 52.00    10.00 
  2020 11 15.647477  2 22 18.2720 +13 39 48.086  35.5761333  13.6633571  35.5761565  13.6633642   -0.0812   -0.0256    0.0890 15 32 22.00    10.00 
  2020 11 15.649560  2 22 18.2577 +13 39 47.981  35.5760737  13.6633279  35.5760698  13.6633232    0.0136    0.0170    0.0560 15 35 22.00    10.00 
  2020 11 15.650081  2 22 18.2510 +13 39 47.902  35.5760457  13.6633061  35.5760481  13.6633129   -0.0087   -0.0247    0.0342 15 36  7.00    10.00 
  2020 11 15.650602  2 22 18.2437 +13 39 47.831  35.5760154  13.6632863  35.5760265  13.6633027   -0.0386   -0.0590    0.0565 15 36 52.00    10.00 
  2020 11 15.658403  2 22 18.1659 +13 39 47.304  35.5756912  13.6631400  35.5757022  13.6631488   -0.0386   -0.0318    0.0428 15 48  6.00    10.00 
  2020 11 15.658924  2 22 18.1622 +13 39 47.255  35.5756760  13.6631264  35.5756806  13.6631385   -0.0160   -0.0437    0.0408 15 48 51.00    10.00 
  2020 11 16.626713  2 22  9.7581 +13 38 39.042  35.5406586  13.6441784  35.5406745  13.6441713   -0.0558    0.0256    0.0472 15  2 28.00    10.00 
  2020 11 16.627234  2 22  9.7549 +13 38 39.003  35.5406455  13.6441674  35.5406573  13.6441625   -0.0412    0.0174    0.0379 15  3 13.00    10.00 
  2020 11 16.627755  2 22  9.7519 +13 38 38.930  35.5406329  13.6441473  35.5406401  13.6441538   -0.0251   -0.0235    0.0211 15  3 58.00    10.00 
  2020 11 16.628275  2 22  9.7468 +13 38 38.909  35.5406115  13.6441413  35.5406228  13.6441451   -0.0396   -0.0136    0.0247 15  4 43.00    10.00 
  2020 11 16.628796  2 22  9.7425 +13 38 38.890  35.5405938  13.6441361  35.5406056  13.6441364   -0.0412   -0.0011    0.0218 15  5 28.00    10.00 
  2020 11 16.629317  2 22  9.7363 +13 38 38.934  35.5405678  13.6441483  35.5405883  13.6441277   -0.0720    0.0744    0.0438 15  6 13.00    10.00 
  2020 11 16.629838  2 22  9.7359 +13 38 38.841  35.5405663  13.6441226  35.5405711  13.6441190   -0.0167    0.0130    0.0320 15  6 58.00    10.00 
  2020 11 16.630359  2 22  9.7310 +13 38 38.783  35.5405460  13.6441065  35.5405539  13.6441103   -0.0274   -0.0136    0.0200 15  7 43.00    10.00 
  2020 11 16.630880  2 22  9.7274 +13 38 38.749  35.5405307  13.6440970  35.5405366  13.6441015   -0.0206   -0.0163    0.0253 15  8 28.00    10.00 
  2020 11 16.631400  2 22  9.7224 +13 38 38.708  35.5405099  13.6440855  35.5405194  13.6440928   -0.0332   -0.0265    0.0239 15  9 13.00    10.00 
  2020 11 16.631921  2 22  9.7195 +13 38 38.726  35.5404979  13.6440905  35.5405022  13.6440841   -0.0149    0.0228    0.0402 15  9 58.00    10.00 
  2020 11 16.632442  2 22  9.7154 +13 38 38.643  35.5404807  13.6440676  35.5404849  13.6440754   -0.0149   -0.0282    0.0309 15 10 43.00    10.00 
  2020 11 16.632963  2 22  9.7106 +13 38 38.617  35.5404610  13.6440603  35.5404677  13.6440668   -0.0235   -0.0231    0.0440 15 11 28.00    10.00 
  2020 11 16.633484  2 22  9.7069 +13 38 38.629  35.5404454  13.6440635  35.5404505  13.6440581   -0.0177    0.0197    0.0257 15 12 13.00    10.00 
  2020 11 16.634005  2 22  9.7002 +13 38 38.582  35.5404175  13.6440506  35.5404332  13.6440494   -0.0551    0.0043    0.0464 15 12 58.00    10.00 
  2020 11 16.634525  2 22  9.6998 +13 38 38.533  35.5404157  13.6440371  35.5404160  13.6440407   -0.0011   -0.0130    0.0262 15 13 43.00    10.00 
  2020 11 16.635046  2 22  9.6940 +13 38 38.530  35.5403915  13.6440361  35.5403988  13.6440320   -0.0253    0.0149    0.0222 15 14 28.00    10.00 
  2020 11 16.635567  2 22  9.6898 +13 38 38.468  35.5403740  13.6440190  35.5403815  13.6440233   -0.0263   -0.0156    0.0522 15 15 13.00    10.00 
  2020 11 16.636088  2 22  9.6846 +13 38 38.409  35.5403527  13.6440024  35.5403643  13.6440146   -0.0407   -0.0439    0.0530 15 15 58.00    10.00 
  2020 11 16.636609  2 22  9.6798 +13 38 38.416  35.5403325  13.6440045  35.5403471  13.6440060   -0.0509   -0.0054    0.0441 15 16 43.00    10.00 
  2020 11 16.637118  2 22  9.6769 +13 38 38.352  35.5403203  13.6439866  35.5403303  13.6439975   -0.0349   -0.0391    0.0816 15 17 27.00    10.00 
  2020 11 16.637639  2 22  9.6721 +13 38 38.320  35.5403004  13.6439778  35.5403130  13.6439888   -0.0442   -0.0398    0.0543 15 18 12.00    10.00 
  2020 11 16.638681  2 22  9.6660 +13 38 38.298  35.5402751  13.6439718  35.5402786  13.6439715   -0.0121    0.0010    0.1270 15 19 42.00    10.00 
  2020 11 16.639201  2 22  9.6616 +13 38 38.256  35.5402568  13.6439600  35.5402614  13.6439628   -0.0160   -0.0102    0.0463 15 20 27.00    10.00 
  2020 11 16.639722  2 22  9.6559 +13 38 38.278  35.5402328  13.6439660  35.5402442  13.6439541   -0.0397    0.0428    0.0277 15 21 12.00    10.00 
  2020 11 16.640243  2 22  9.6487 +13 38 38.185  35.5402028  13.6439402  35.5402269  13.6439455   -0.0845   -0.0188    0.0412 15 21 57.00    10.00 
  2020 11 16.640764  2 22  9.6461 +13 38 38.180  35.5401920  13.6439389  35.5402097  13.6439368   -0.0620    0.0074    0.0275 15 22 42.00    10.00 
  2020 11 16.641285  2 22  9.6452 +13 38 38.147  35.5401885  13.6439297  35.5401925  13.6439282   -0.0141    0.0054    0.0322 15 23 27.00    10.00 
  2020 11 16.641806  2 22  9.6375 +13 38 38.170  35.5401562  13.6439362  35.5401753  13.6439195   -0.0669    0.0601    0.0409 15 24 12.00    10.00 
  2020 11 16.642326  2 22  9.6372 +13 38 38.094  35.5401548  13.6439151  35.5401581  13.6439109   -0.0115    0.0154    0.0431 15 24 57.00    10.00 
  2020 11 16.642847  2 22  9.6343 +13 38 38.011  35.5401428  13.6438918  35.5401409  13.6439022    0.0066   -0.0374    0.0297 15 25 42.00    10.00 
  2020 11 16.643368  2 22  9.6297 +13 38 37.973  35.5401237  13.6438815  35.5401237  13.6438936    0.0002   -0.0434    0.0294 15 26 27.00    10.00 
  2020 11 16.643889  2 22  9.6217 +13 38 38.018  35.5400904  13.6438940  35.5401065  13.6438849   -0.0561    0.0326    0.0276 15 27 12.00    10.00 
  2020 11 16.644410  2 22  9.6205 +13 38 37.970  35.5400853  13.6438805  35.5400893  13.6438763   -0.0137    0.0153    0.0242 15 27 57.00    10.00 
  2020 11 16.644931  2 22  9.6135 +13 38 37.923  35.5400562  13.6438675  35.5400721  13.6438676   -0.0553   -0.0006    0.0272 15 28 42.00    10.00 
  2020 11 16.645451  2 22  9.6115 +13 38 37.938  35.5400478  13.6438717  35.5400548  13.6438590   -0.0245    0.0456    0.0239 15 29 27.00    10.00 
  2020 11 16.645961  2 22  9.6066 +13 38 37.861  35.5400275  13.6438503  35.5400380  13.6438506   -0.0368   -0.0009    0.0266 15 30 11.00    10.00 
  2020 11 16.646481  2 22  9.6012 +13 38 37.875  35.5400048  13.6438540  35.5400208  13.6438419   -0.0560    0.0435    0.0363 15 30 56.00    10.00 
  2020 11 16.647002  2 22  9.5989 +13 38 37.811  35.5399955  13.6438363  35.5400036  13.6438333   -0.0285    0.0109    0.0403 15 31 41.00    10.00 
  2020 11 16.647523  2 22  9.5944 +13 38 37.763  35.5399766  13.6438230  35.5399864  13.6438247   -0.0345   -0.0062    0.0205 15 32 26.00    10.00 
  2020 11 16.648044  2 22  9.5905 +13 38 37.719  35.5399604  13.6438108  35.5399692  13.6438161   -0.0309   -0.0190    0.0407 15 33 11.00    10.00 
  2020 11 16.648565  2 22  9.5905 +13 38 37.679  35.5399602  13.6437997  35.5399520  13.6438075    0.0287   -0.0278    0.0489 15 33 56.00    10.00 
  2020 11 16.649086  2 22  9.5803 +13 38 37.668  35.5399179  13.6437967  35.5399348  13.6437988   -0.0592   -0.0079    0.0190 15 34 41.00    10.00 
  2020 11 16.649606  2 22  9.5763 +13 38 37.682  35.5399011  13.6438004  35.5399176  13.6437902   -0.0578    0.0368    0.0407 15 35 26.00    10.00 
  2020 11 16.650127  2 22  9.5756 +13 38 37.593  35.5398984  13.6437758  35.5399004  13.6437816   -0.0070   -0.0210    0.0319 15 36 11.00    10.00 
  2020 11 16.650648  2 22  9.5691 +13 38 37.625  35.5398711  13.6437846  35.5398832  13.6437730   -0.0426    0.0417    0.0373 15 36 56.00    10.00 
  2020 11 16.651169  2 22  9.5614 +13 38 37.552  35.5398390  13.6437644  35.5398661  13.6437644   -0.0948   -0.0000    0.0283 15 37 41.00    10.00 
  2020 11 16.651690  2 22  9.5582 +13 38 37.489  35.5398256  13.6437470  35.5398489  13.6437558   -0.0813   -0.0317    0.0399 15 38 26.00    10.00 
  2020 11 16.652211  2 22  9.5583 +13 38 37.478  35.5398264  13.6437440  35.5398317  13.6437472   -0.0183   -0.0116    0.0339 15 39 11.00    10.00 
  2020 11 16.652731  2 22  9.5543 +13 38 37.470  35.5398095  13.6437417  35.5398145  13.6437386   -0.0173    0.0111    0.0387 15 39 56.00    10.00 
  2020 11 16.653252  2 22  9.5471 +13 38 37.458  35.5397796  13.6437384  35.5397973  13.6437300   -0.0618    0.0301    0.0204 15 40 41.00    10.00 
  2020 11 16.654294  2 22  9.5408 +13 38 37.394  35.5397533  13.6437205  35.5397629  13.6437128   -0.0339    0.0276    0.0491 15 42 11.00    10.00 
  2020 11 16.654815  2 22  9.5345 +13 38 37.343  35.5397270  13.6437064  35.5397458  13.6437042   -0.0657    0.0080    0.0319 15 42 56.00    10.00 
  2020 11 16.655324  2 22  9.5343 +13 38 37.312  35.5397264  13.6436978  35.5397290  13.6436958   -0.0089    0.0072    0.0230 15 43 40.00    10.00 
  2020 11 16.655845  2 22  9.5298 +13 38 37.248  35.5397073  13.6436799  35.5397118  13.6436873   -0.0155   -0.0265    0.0334 15 44 25.00    10.00 
  2020 11 16.656366  2 22  9.5255 +13 38 37.214  35.5396896  13.6436704  35.5396946  13.6436787   -0.0173   -0.0296    0.0399 15 45 10.00    10.00 
  2020 11 16.656887  2 22  9.5194 +13 38 37.222  35.5396640  13.6436728  35.5396774  13.6436701   -0.0468    0.0098    0.0372 15 45 55.00    10.00 
  2020 11 16.657407  2 22  9.5180 +13 38 37.154  35.5396584  13.6436538  35.5396602  13.6436615   -0.0064   -0.0280    0.0532 15 46 40.00    10.00 
  2020 11 16.657928  2 22  9.5124 +13 38 37.169  35.5396350  13.6436580  35.5396431  13.6436530   -0.0281    0.0182    0.0243 15 47 25.00    10.00 
  2020 11 16.658449  2 22  9.5085 +13 38 37.105  35.5396188  13.6436402  35.5396259  13.6436444   -0.0249   -0.0149    0.0345 15 48 10.00    10.00 
  2020 11 16.658970  2 22  9.5056 +13 38 37.131  35.5396067  13.6436475  35.5396087  13.6436358   -0.0072    0.0421    0.0261 15 48 55.00    10.00 
  2020 11 16.659491  2 22  9.5007 +13 38 37.065  35.5395864  13.6436291  35.5395915  13.6436273   -0.0181    0.0066    0.0370 15 49 40.00    10.00 
  2020 11 16.660012  2 22  9.4956 +13 38 37.015  35.5395651  13.6436152  35.5395744  13.6436187   -0.0323   -0.0125    0.0199 15 50 25.00    10.00 
  2020 11 16.660532  2 22  9.4904 +13 38 37.031  35.5395432  13.6436197  35.5395572  13.6436101   -0.0489    0.0345    0.0636 15 51 10.00    10.00 
  2020 11 16.661053  2 22  9.4897 +13 38 36.935  35.5395404  13.6435930  35.5395400  13.6436016    0.0013   -0.0310    0.0254 15 51 55.00    10.00 
  2020 11 16.661574  2 22  9.4850 +13 38 36.910  35.5395207  13.6435860  35.5395229  13.6435930   -0.0075   -0.0253    0.0276 15 52 40.00    10.00 
  2020 11 16.662083  2 22  9.4803 +13 38 36.918  35.5395011  13.6435882  35.5395061  13.6435847   -0.0174    0.0128    0.0511 15 53 24.00    10.00 
  2020 11 16.662604  2 22  9.4737 +13 38 36.875  35.5394737  13.6435765  35.5394889  13.6435761   -0.0532    0.0014    0.0368 15 54  9.00    10.00 
  2020 11 16.663125  2 22  9.4682 +13 38 36.862  35.5394507  13.6435727  35.5394718  13.6435676   -0.0737    0.0186    0.0386 15 54 54.00    10.00 
  2020 11 16.663646  2 22  9.4658 +13 38 36.825  35.5394410  13.6435626  35.5394546  13.6435590   -0.0476    0.0129    0.0413 15 55 39.00    10.00 
  2020 11 16.664167  2 22  9.4631 +13 38 36.802  35.5394295  13.6435560  35.5394374  13.6435505   -0.0279    0.0199    0.0312 15 56 24.00    10.00 
  2020 11 16.664687  2 22  9.4570 +13 38 36.782  35.5394042  13.6435506  35.5394203  13.6435419   -0.0564    0.0311    0.0251 15 57  9.00    10.00 
  2020 11 16.665208  2 22  9.4541 +13 38 36.779  35.5393920  13.6435496  35.5394031  13.6435334   -0.0389    0.0584    0.0632 15 57 54.00    10.00 
  2020 11 16.665729  2 22  9.4509 +13 38 36.672  35.5393787  13.6435199  35.5393860  13.6435249   -0.0253   -0.0180    0.0226 15 58 39.00    10.00 
  2020 11 16.666250  2 22  9.4480 +13 38 36.671  35.5393665  13.6435196  35.5393688  13.6435163   -0.0081    0.0118    0.0385 15 59 24.00    10.00 
  2020 11 16.666771  2 22  9.4457 +13 38 36.638  35.5393570  13.6435107  35.5393516  13.6435078    0.0188    0.0103    0.0313 16  0  9.00    10.00 
  2020 11 16.667292  2 22  9.4369 +13 38 36.654  35.5393204  13.6435151  35.5393345  13.6434993   -0.0493    0.0569    0.0346 16  0 54.00    10.00 
  2020 11 16.667813  2 22  9.4330 +13 38 36.561  35.5393040  13.6434891  35.5393173  13.6434908   -0.0465   -0.0061    0.0346 16  1 39.00    10.00 
  2020 11 16.668333  2 22  9.4321 +13 38 36.504  35.5393003  13.6434734  35.5393002  13.6434823    0.0004   -0.0319    0.0384 16  2 24.00    10.00 
  2020 11 16.668854  2 22  9.4236 +13 38 36.485  35.5392648  13.6434681  35.5392830  13.6434737   -0.0637   -0.0202    0.0393 16  3  9.00    10.00 
  2020 11 16.669375  2 22  9.4224 +13 38 36.457  35.5392599  13.6434603  35.5392659  13.6434652   -0.0209   -0.0175    0.0302 16  3 54.00    10.00 
  2020 11 16.669896  2 22  9.4174 +13 38 36.406  35.5392391  13.6434462  35.5392487  13.6434567   -0.0338   -0.0379    0.0239 16  4 39.00    10.00 
  2020 11 16.670417  2 22  9.4136 +13 38 36.401  35.5392232  13.6434448  35.5392316  13.6434482   -0.0294   -0.0124    0.0450 16  5 24.00    10.00 
  2020 11 16.670938  2 22  9.4119 +13 38 36.381  35.5392163  13.6434392  35.5392145  13.6434397    0.0064   -0.0018    0.0394 16  6  9.00    10.00 
  2020 11 16.671458  2 22  9.4055 +13 38 36.305  35.5391894  13.6434181  35.5391973  13.6434312   -0.0276   -0.0470    0.0339 16  6 54.00    10.00 
  2020 11 16.671979  2 22  9.3996 +13 38 36.333  35.5391650  13.6434258  35.5391802  13.6434227   -0.0532    0.0111    0.0358 16  7 39.00    10.00 
  2020 11 16.672500  2 22  9.3970 +13 38 36.238  35.5391541  13.6433994  35.5391630  13.6434142   -0.0311   -0.0531    0.0463 16  8 24.00    10.00 
  2020 11 16.673021  2 22  9.3944 +13 38 36.270  35.5391433  13.6434083  35.5391459  13.6434057   -0.0091    0.0093    0.0422 16  9  9.00    10.00 
  2020 11 16.673542  2 22  9.3888 +13 38 36.190  35.5391199  13.6433861  35.5391288  13.6433972   -0.0310   -0.0399    0.0260 16  9 54.00    10.00 
  2020 11 16.674051  2 22  9.3852 +13 38 36.208  35.5391048  13.6433910  35.5391120  13.6433889   -0.0250    0.0076    0.0205 16 10 38.00    10.00 
  2020 11 16.674572  2 22  9.3799 +13 38 36.175  35.5390830  13.6433820  35.5390949  13.6433804   -0.0414    0.0057    0.0296 16 11 23.00    10.00 
  2020 11 16.675093  2 22  9.3734 +13 38 36.120  35.5390560  13.6433667  35.5390777  13.6433719   -0.0760   -0.0190    0.0269 16 12  8.00    10.00 
  2020 11 16.675613  2 22  9.3729 +13 38 36.073  35.5390538  13.6433536  35.5390606  13.6433634   -0.0240   -0.0356    0.0385 16 12 53.00    10.00 
  2020 11 16.676134  2 22  9.3678 +13 38 36.058  35.5390325  13.6433495  35.5390435  13.6433550   -0.0384   -0.0198    0.0351 16 13 38.00    10.00 
  2020 11 16.676655  2 22  9.3633 +13 38 36.037  35.5390137  13.6433436  35.5390263  13.6433465   -0.0441   -0.0103    0.0236 16 14 23.00    10.00 
  2020 11 16.677176  2 22  9.3615 +13 38 35.974  35.5390061  13.6433260  35.5390092  13.6433380   -0.0108   -0.0432    0.0471 16 15  8.00    10.00 
  2020 11 16.677697  2 22  9.3552 +13 38 35.956  35.5389802  13.6433212  35.5389921  13.6433295   -0.0417   -0.0301    0.0428 16 15 53.00    10.00 
  2020 11 16.678218  2 22  9.3515 +13 38 35.994  35.5389647  13.6433318  35.5389750  13.6433211   -0.0357    0.0386    0.0553 16 16 38.00    10.00 
  2020 11 16.678738  2 22  9.3476 +13 38 35.966  35.5389483  13.6433239  35.5389578  13.6433126   -0.0332    0.0406    0.0283 16 17 23.00    10.00 
  2020 11 16.679259  2 22  9.3419 +13 38 35.851  35.5389244  13.6432920  35.5389407  13.6433041   -0.0571   -0.0436    0.0356 16 18  8.00    10.00 
  2020 11 16.679780  2 22  9.3376 +13 38 35.913  35.5389066  13.6433091  35.5389236  13.6432957   -0.0593    0.0481    0.0415 16 18 53.00    10.00 
  2020 11 16.680301  2 22  9.3352 +13 38 35.848  35.5388968  13.6432911  35.5389065  13.6432872   -0.0339    0.0140    0.0206 16 19 38.00    10.00 
  2020 11 16.680822  2 22  9.3328 +13 38 35.803  35.5388865  13.6432787  35.5388894  13.6432788   -0.0099   -0.0003    0.0344 16 20 23.00    10.00 
  2020 11 16.681331  2 22  9.3277 +13 38 35.739  35.5388654  13.6432609  35.5388726  13.6432705   -0.0253   -0.0346    0.0355 16 21  7.00    10.00 
  2020 11 16.681852  2 22  9.3228 +13 38 35.763  35.5388449  13.6432676  35.5388555  13.6432621   -0.0370    0.0199    0.0346 16 21 52.00    10.00 
  2020 11 16.682373  2 22  9.3190 +13 38 35.751  35.5388290  13.6432642  35.5388384  13.6432536   -0.0328    0.0382    0.0394 16 22 37.00    10.00 
  2020 11 16.682894  2 22  9.3135 +13 38 35.704  35.5388062  13.6432511  35.5388213  13.6432452   -0.0526    0.0215    0.0226 16 23 22.00    10.00 
  2020 11 16.683414  2 22  9.3106 +13 38 35.673  35.5387943  13.6432425  35.5388042  13.6432367   -0.0346    0.0210    0.0412 16 24  7.00    10.00 
  2020 11 16.683935  2 22  9.3080 +13 38 35.650  35.5387832  13.6432360  35.5387870  13.6432283   -0.0135    0.0278    0.0330 16 24 52.00    10.00 
  2020 11 16.684456  2 22  9.3015 +13 38 35.617  35.5387563  13.6432271  35.5387699  13.6432198   -0.0477    0.0260    0.0449 16 25 37.00    10.00 
  2020 11 16.684977  2 22  9.2971 +13 38 35.595  35.5387379  13.6432208  35.5387528  13.6432114   -0.0524    0.0337    0.0257 16 26 22.00    10.00 
  2020 11 16.685498  2 22  9.2924 +13 38 35.519  35.5387183  13.6431997  35.5387357  13.6432030   -0.0608   -0.0118    0.0293 16 27  7.00    10.00 
  2020 11 16.686019  2 22  9.2917 +13 38 35.500  35.5387156  13.6431945  35.5387186  13.6431945   -0.0105   -0.0003    0.0380 16 27 52.00    10.00 
  2020 11 16.686539  2 22  9.2878 +13 38 35.475  35.5386990  13.6431875  35.5387015  13.6431861   -0.0089    0.0049    0.0357 16 28 37.00    10.00 
  2020 11 16.687060  2 22  9.2829 +13 38 35.432  35.5386787  13.6431755  35.5386844  13.6431777   -0.0201   -0.0080    0.0332 16 29 22.00    10.00 
  2020 11 16.687581  2 22  9.2788 +13 38 35.403  35.5386617  13.6431675  35.5386673  13.6431693   -0.0197   -0.0063    0.0224 16 30  7.00    10.00 
  2020 11 16.688090  2 22  9.2740 +13 38 35.395  35.5386416  13.6431654  35.5386506  13.6431610   -0.0313    0.0157    0.0256 16 30 51.00    10.00 
  2020 11 16.688611  2 22  9.2699 +13 38 35.342  35.5386245  13.6431506  35.5386335  13.6431526   -0.0313   -0.0071    0.0405 16 31 36.00    10.00 
  2020 11 16.689132  2 22  9.2673 +13 38 35.301  35.5386138  13.6431391  35.5386164  13.6431442   -0.0089   -0.0186    0.0316 16 32 21.00    10.00 
  2020 11 16.689653  2 22  9.2626 +13 38 35.295  35.5385941  13.6431376  35.5385993  13.6431358   -0.0181    0.0063    0.0234 16 33  6.00    10.00 
  2020 11 16.690174  2 22  9.2581 +13 38 35.309  35.5385754  13.6431414  35.5385822  13.6431274   -0.0237    0.0504    0.0466 16 33 51.00    10.00 
  2020 11 16.690694  2 22  9.2529 +13 38 35.224  35.5385536  13.6431177  35.5385651  13.6431190   -0.0401   -0.0048    0.0327 16 34 36.00    10.00 
  2020 11 16.691215  2 22  9.2527 +13 38 35.194  35.5385530  13.6431095  35.5385480  13.6431106    0.0173   -0.0041    0.0345 16 35 21.00    10.00 
  2020 11 16.691736  2 22  9.2457 +13 38 35.176  35.5385239  13.6431045  35.5385309  13.6431022   -0.0247    0.0085    0.0304 16 36  6.00    10.00 
  2020 11 16.692257  2 22  9.2403 +13 38 35.178  35.5385013  13.6431049  35.5385138  13.6430938   -0.0440    0.0400    0.0277 16 36 51.00    10.00 
  2020 11 16.692778  2 22  9.2372 +13 38 35.096  35.5384885  13.6430823  35.5384967  13.6430854   -0.0287   -0.0113    0.0276 16 37 36.00    10.00 
  2020 11 16.693299  2 22  9.2317 +13 38 35.071  35.5384655  13.6430753  35.5384797  13.6430770   -0.0494   -0.0063    0.0240 16 38 21.00    10.00 
  2020 11 16.693819  2 22  9.2280 +13 38 35.054  35.5384498  13.6430705  35.5384626  13.6430686   -0.0445    0.0069    0.0155 16 39  6.00    10.00 
  2020 11 16.694329  2 22  9.2250 +13 38 35.002  35.5384374  13.6430560  35.5384459  13.6430604   -0.0296   -0.0159    0.0253 16 39 50.00    10.00 
  2020 11 16.694850  2 22  9.2212 +13 38 34.968  35.5384218  13.6430466  35.5384288  13.6430520   -0.0246   -0.0197    0.0227 16 40 35.00    10.00 
  2020 11 16.695370  2 22  9.2163 +13 38 34.979  35.5384012  13.6430498  35.5384117  13.6430437   -0.0367    0.0220    0.0258 16 41 20.00    10.00 
  2020 11 16.695891  2 22  9.2140 +13 38 34.922  35.5383918  13.6430339  35.5383946  13.6430353   -0.0099   -0.0049    0.0307 16 42  5.00    10.00 
  2020 11 16.696412  2 22  9.2078 +13 38 34.910  35.5383660  13.6430305  35.5383775  13.6430269   -0.0406    0.0129    0.0296 16 42 50.00    10.00 
  2020 11 16.696933  2 22  9.2032 +13 38 34.867  35.5383468  13.6430187  35.5383605  13.6430185   -0.0478    0.0006    0.0256 16 43 35.00    10.00 
  2020 11 16.697454  2 22  9.2009 +13 38 34.823  35.5383369  13.6430064  35.5383434  13.6430102   -0.0228   -0.0135    0.0336 16 44 20.00    10.00 
  2020 11 16.697975  2 22  9.1945 +13 38 34.806  35.5383103  13.6430016  35.5383263  13.6430018   -0.0561   -0.0006    0.0349 16 45  5.00    10.00 
  2020 11 16.698495  2 22  9.1918 +13 38 34.764  35.5382992  13.6429899  35.5383092  13.6429934   -0.0351   -0.0128    0.0305 16 45 50.00    10.00 
  2020 11 16.699016  2 22  9.1874 +13 38 34.757  35.5382810  13.6429880  35.5382922  13.6429851   -0.0392    0.0105    0.0511 16 46 35.00    10.00 
  2020 11 16.699537  2 22  9.1867 +13 38 34.743  35.5382780  13.6429843  35.5382751  13.6429767    0.0102    0.0273    0.0400 16 47 20.00    10.00 
  2020 11 16.700058  2 22  9.1782 +13 38 34.658  35.5382425  13.6429606  35.5382580  13.6429684   -0.0543   -0.0278    0.0623 16 48  5.00    10.00 
  2020 11 16.700579  2 22  9.1710 +13 38 34.637  35.5382124  13.6429546  35.5382410  13.6429600   -0.1000   -0.0194    0.0972 16 48 50.00    10.00 
  2020 11 16.701620  2 22  9.1635 +13 38 34.671  35.5381811  13.6429642  35.5382068  13.6429433   -0.0900    0.0751    0.0561 16 50 20.00    10.00 
  2020 11 16.702141  2 22  9.1621 +13 38 34.552  35.5381753  13.6429312  35.5381898  13.6429350   -0.0505   -0.0137    0.0718 16 51  5.00    10.00 
  2020 11 16.702662  2 22  9.1586 +13 38 34.547  35.5381610  13.6429296  35.5381727  13.6429266   -0.0409    0.0108    0.0330 16 51 50.00    10.00 
  2020 11 16.703183  2 22  9.1589 +13 38 34.497  35.5381619  13.6429159  35.5381557  13.6429183    0.0220   -0.0085    0.0634 16 52 35.00    10.00 
  2020 11 16.703704  2 22  9.1525 +13 38 34.451  35.5381355  13.6429031  35.5381386  13.6429099   -0.0109   -0.0246    0.0824 16 53 20.00    10.00 
  2020 11 16.704213  2 22  9.1446 +13 38 34.471  35.5381026  13.6429085  35.5381219  13.6429018   -0.0677    0.0244    0.0685 16 54  4.00    10.00 
  2020 11 16.705775  2 22  9.1363 +13 38 34.416  35.5380679  13.6428934  35.5380708  13.6428768   -0.0100    0.0599    0.1172 16 56 19.00    10.00 
  2020 11 16.706296  2 22  9.1330 +13 38 34.361  35.5380540  13.6428780  35.5380537  13.6428685    0.0011    0.0342    0.0267 16 57  4.00    10.00 
  2020 11 16.707338  2 22  9.1232 +13 38 34.286  35.5380134  13.6428573  35.5380196  13.6428518   -0.0216    0.0197    0.0343 16 58 34.00    10.00 
  2020 11 16.707859  2 22  9.1186 +13 38 34.254  35.5379943  13.6428483  35.5380026  13.6428435   -0.0288    0.0173    0.0301 16 59 19.00    10.00 
  2020 11 16.708380  2 22  9.1140 +13 38 34.193  35.5379749  13.6428313  35.5379855  13.6428352   -0.0370   -0.0142    0.0175 17  0  4.00    10.00 
  2020 11 16.708900  2 22  9.1089 +13 38 34.198  35.5379536  13.6428329  35.5379685  13.6428269   -0.0521    0.0216    0.0636 17  0 49.00    10.00 
  2020 11 16.709421  2 22  9.1053 +13 38 34.153  35.5379386  13.6428202  35.5379514  13.6428186   -0.0451    0.0059    0.0142 17  1 34.00    10.00 
  2020 11 16.709942  2 22  9.1021 +13 38 34.123  35.5379255  13.6428120  35.5379344  13.6428103   -0.0311    0.0062    0.0353 17  2 19.00    10.00 
  2020 11 16.710463  2 22  9.0969 +13 38 34.091  35.5379038  13.6428030  35.5379174  13.6428020   -0.0473    0.0036    0.0422 17  3  4.00    10.00 
  2020 11 16.710984  2 22  9.0950 +13 38 34.058  35.5378958  13.6427939  35.5379003  13.6427937   -0.0157    0.0006    0.0562 17  3 49.00    10.00 
  2020 11 16.711505  2 22  9.0917 +13 38 34.068  35.5378819  13.6427967  35.5378833  13.6427854   -0.0048    0.0407    0.0817 17  4 34.00    10.00 
  2020 11 16.712025  2 22  9.0849 +13 38 34.012  35.5378538  13.6427811  35.5378662  13.6427771   -0.0437    0.0145    0.0397 17  5 19.00    10.00 
  2020 11 16.712535  2 22  9.0820 +13 38 33.959  35.5378417  13.6427663  35.5378496  13.6427690   -0.0276   -0.0097    0.0344 17  6  3.00    10.00 
  2020 11 16.713056  2 22  9.0780 +13 38 33.933  35.5378252  13.6427591  35.5378326  13.6427607   -0.0258   -0.0058    0.0365 17  6 48.00    10.00 
  2020 11 16.713576  2 22  9.0747 +13 38 33.929  35.5378111  13.6427581  35.5378155  13.6427524   -0.0157    0.0206    0.0274 17  7 33.00    10.00 
  2020 11 16.714097  2 22  9.0704 +13 38 33.876  35.5377932  13.6427433  35.5377985  13.6427441   -0.0186   -0.0031    0.0293 17  8 18.00    10.00 
  2020 11 16.714618  2 22  9.0665 +13 38 33.855  35.5377773  13.6427374  35.5377815  13.6427359   -0.0147    0.0056    0.0201 17  9  3.00    10.00 
  2020 11 16.715139  2 22  9.0613 +13 38 33.810  35.5377553  13.6427251  35.5377644  13.6427276   -0.0319   -0.0091    0.0244 17  9 48.00    10.00 
  2020 11 16.715660  2 22  9.0571 +13 38 33.837  35.5377378  13.6427326  35.5377474  13.6427193   -0.0337    0.0478    0.0300 17 10 33.00    10.00 
  2020 11 16.716181  2 22  9.0545 +13 38 33.751  35.5377271  13.6427087  35.5377304  13.6427110   -0.0116   -0.0084    0.0372 17 11 18.00    10.00 
  2020 11 16.716701  2 22  9.0517 +13 38 33.694  35.5377155  13.6426927  35.5377134  13.6427028    0.0074   -0.0362    0.0357 17 12  3.00    10.00 
  2020 11 16.717222  2 22  9.0442 +13 38 33.707  35.5376841  13.6426965  35.5376964  13.6426945   -0.0430    0.0071    0.0327 17 12 48.00    10.00 
  2020 11 16.717743  2 22  9.0400 +13 38 33.667  35.5376665  13.6426854  35.5376793  13.6426862   -0.0450   -0.0031    0.0289 17 13 33.00    10.00 
  2020 11 16.718264  2 22  9.0383 +13 38 33.652  35.5376598  13.6426811  35.5376623  13.6426780   -0.0089    0.0112    0.0199 17 14 18.00    10.00 
  2020 11 16.718785  2 22  9.0330 +13 38 33.612  35.5376374  13.6426701  35.5376453  13.6426697   -0.0278    0.0014    0.0257 17 15  3.00    10.00 
  2020 11 16.719306  2 22  9.0280 +13 38 33.571  35.5376168  13.6426587  35.5376283  13.6426615   -0.0403   -0.0100    0.0225 17 15 48.00    10.00 
  2020 11 16.719815  2 22  9.0244 +13 38 33.552  35.5376017  13.6426533  35.5376117  13.6426534   -0.0349   -0.0005    0.0358 17 16 32.00    10.00 
  2020 11 16.720336  2 22  9.0228 +13 38 33.502  35.5375950  13.6426394  35.5375946  13.6426451    0.0013   -0.0206    0.0280 17 17 17.00    10.00 
  2020 11 16.720856  2 22  9.0187 +13 38 33.460  35.5375780  13.6426278  35.5375776  13.6426369    0.0012   -0.0329    0.0295 17 18  2.00    10.00 
  2020 11 16.721377  2 22  9.0122 +13 38 33.443  35.5375510  13.6426232  35.5375606  13.6426287   -0.0339   -0.0197    0.0490 17 18 47.00    10.00 
  2020 11 16.721898  2 22  9.0057 +13 38 33.492  35.5375238  13.6426368  35.5375436  13.6426204   -0.0694    0.0589    0.0285 17 19 32.00    10.00 
  2020 11 16.722419  2 22  9.0079 +13 38 33.357  35.5375329  13.6425992  35.5375266  13.6426122    0.0218   -0.0466    0.0458 17 20 17.00    10.00 
  2020 11 16.722940  2 22  8.9986 +13 38 33.351  35.5374942  13.6425976  35.5375096  13.6426039   -0.0539   -0.0230    0.0431 17 21  2.00    10.00 
  2020 11 16.723461  2 22  8.9969 +13 38 33.360  35.5374869  13.6426000  35.5374926  13.6425957   -0.0200    0.0155    0.0215 17 21 47.00    10.00 
  2020 11 16.723981  2 22  8.9912 +13 38 33.285  35.5374635  13.6425792  35.5374756  13.6425875   -0.0424   -0.0297    0.0291 17 22 32.00    10.00 
  2020 11 16.724502  2 22  8.9867 +13 38 33.277  35.5374446  13.6425771  35.5374586  13.6425793   -0.0489   -0.0079    0.0316 17 23 17.00    10.00 
  2020 11 16.725023  2 22  8.9842 +13 38 33.282  35.5374341  13.6425782  35.5374416  13.6425710   -0.0263    0.0260    0.0476 17 24  2.00    10.00 
  2020 11 16.725544  2 22  8.9813 +13 38 33.237  35.5374220  13.6425659  35.5374246  13.6425628   -0.0091    0.0110    0.0437 17 24 47.00    10.00 
  2020 11 16.726065  2 22  8.9767 +13 38 33.170  35.5374029  13.6425471  35.5374076  13.6425546   -0.0164   -0.0269    0.0309 17 25 32.00    10.00 
  2020 11 16.726586  2 22  8.9700 +13 38 33.143  35.5373750  13.6425397  35.5373906  13.6425464   -0.0547   -0.0242    0.0330 17 26 17.00    10.00 
  2020 11 16.727106  2 22  8.9686 +13 38 33.138  35.5373690  13.6425384  35.5373736  13.6425382   -0.0160    0.0008    0.0290 17 27  2.00    10.00 
  2020 11 16.727627  2 22  8.9598 +13 38 33.117  35.5373324  13.6425326  35.5373566  13.6425300   -0.0850    0.0095    0.0381 17 27 47.00    10.00 
  2020 11 16.728657  2 22  8.9554 +13 38 33.037  35.5373140  13.6425103  35.5373230  13.6425137   -0.0317   -0.0125    0.0401 17 29 16.00    10.00 
  2020 11 16.729178  2 22  8.9550 +13 38 33.017  35.5373123  13.6425047  35.5373061  13.6425055    0.0218   -0.0029    0.0190 17 30  1.00    10.00 
  2020 11 16.729699  2 22  8.9452 +13 38 33.019  35.5372717  13.6425053  35.5372891  13.6424973   -0.0608    0.0286    0.0352 17 30 46.00    10.00 
  2020 11 16.730220  2 22  8.9428 +13 38 32.954  35.5372615  13.6424871  35.5372721  13.6424891   -0.0369   -0.0072    0.0435 17 31 31.00    10.00 
  2020 11 16.730741  2 22  8.9396 +13 38 32.934  35.5372484  13.6424818  35.5372551  13.6424809   -0.0234    0.0031    0.0343 17 32 16.00    10.00 
  2020 11 16.731262  2 22  8.9337 +13 38 32.890  35.5372237  13.6424695  35.5372381  13.6424727   -0.0507   -0.0118    0.0395 17 33  1.00    10.00 
  2020 11 16.731782  2 22  8.9310 +13 38 32.877  35.5372124  13.6424659  35.5372212  13.6424646   -0.0306    0.0048    0.0362 17 33 46.00    10.00 
  2020 11 16.732303  2 22  8.9253 +13 38 32.835  35.5371887  13.6424541  35.5372042  13.6424564   -0.0542   -0.0083    0.0370 17 34 31.00    10.00 
  2020 11 16.732824  2 22  8.9211 +13 38 32.825  35.5371714  13.6424513  35.5371872  13.6424482   -0.0552    0.0112    0.0304 17 35 16.00    10.00 
  2020 11 16.733345  2 22  8.9181 +13 38 32.749  35.5371586  13.6424304  35.5371702  13.6424400   -0.0409   -0.0346    0.0317 17 36  1.00    10.00 
  2020 11 16.733866  2 22  8.9171 +13 38 32.753  35.5371546  13.6424314  35.5371533  13.6424318    0.0048   -0.0016    0.0456 17 36 46.00    10.00 
  2020 11 16.734387  2 22  8.9101 +13 38 32.761  35.5371256  13.6424337  35.5371363  13.6424237   -0.0376    0.0360    0.0262 17 37 31.00    10.00 
  2020 11 16.734907  2 22  8.9052 +13 38 32.703  35.5371049  13.6424175  35.5371193  13.6424155   -0.0504    0.0073    0.0359 17 38 16.00    10.00 
  2020 11 16.735428  2 22  8.9027 +13 38 32.656  35.5370945  13.6424043  35.5371024  13.6424073   -0.0274   -0.0107    0.0320 17 39  1.00    10.00 
  2020 11 16.735937  2 22  8.8968 +13 38 32.675  35.5370700  13.6424096  35.5370858  13.6423993   -0.0552    0.0370    0.0336 17 39 45.00    10.00 
  2020 11 16.736458  2 22  8.8982 +13 38 32.605  35.5370758  13.6423903  35.5370688  13.6423912    0.0246   -0.0031    0.0348 17 40 30.00    10.00 
  2020 11 16.736979  2 22  8.8895 +13 38 32.575  35.5370395  13.6423819  35.5370518  13.6423830   -0.0432   -0.0039    0.0526 17 41 15.00    10.00 
  2020 11 16.737500  2 22  8.8865 +13 38 32.519  35.5370269  13.6423664  35.5370349  13.6423749   -0.0278   -0.0304    0.0347 17 42  0.00    10.00 
  2020 11 16.738021  2 22  8.8818 +13 38 32.512  35.5370075  13.6423645  35.5370179  13.6423667   -0.0363   -0.0080    0.0299 17 42 45.00    10.00 
  2020 11 16.738542  2 22  8.8782 +13 38 32.506  35.5369923  13.6423629  35.5370010  13.6423586   -0.0302    0.0157    0.0386 17 43 30.00    10.00 
  2020 11 16.739062  2 22  8.8748 +13 38 32.498  35.5369782  13.6423605  35.5369840  13.6423504   -0.0203    0.0365    0.0324 17 44 15.00    10.00 
  2020 11 16.739583  2 22  8.8730 +13 38 32.404  35.5369709  13.6423345  35.5369671  13.6423423    0.0135   -0.0280    0.0346 17 45  0.00    10.00 
  2020 11 16.740104  2 22  8.8659 +13 38 32.367  35.5369411  13.6423241  35.5369501  13.6423341   -0.0316   -0.0359    0.0459 17 45 45.00    10.00 
  2020 11 16.740625  2 22  8.8609 +13 38 32.354  35.5369203  13.6423206  35.5369332  13.6423260   -0.0450   -0.0195    0.0877 17 46 30.00    10.00 
  2020 11 16.741146  2 22  8.8571 +13 38 32.327  35.5369045  13.6423130  35.5369162  13.6423178   -0.0411   -0.0176    0.0455 17 47 15.00    10.00 
  2020 11 16.741667  2 22  8.8517 +13 38 32.340  35.5368823  13.6423166  35.5368993  13.6423097   -0.0595    0.0248    0.0339 17 48  0.00    10.00 
  2020 11 16.742188  2 22  8.8475 +13 38 32.256  35.5368647  13.6422934  35.5368823  13.6423016   -0.0617   -0.0296    0.0411 17 48 45.00    10.00 
  2020 11 16.742708  2 22  8.8445 +13 38 32.224  35.5368522  13.6422844  35.5368654  13.6422934   -0.0461   -0.0324    0.0328 17 49 30.00    10.00 
  2020 11 16.743229  2 22  8.8406 +13 38 32.231  35.5368358  13.6422864  35.5368484  13.6422853   -0.0441    0.0038    0.0426 17 50 15.00    10.00 
  2020 11 16.743750  2 22  8.8382 +13 38 32.200  35.5368257  13.6422777  35.5368315  13.6422772   -0.0202    0.0019    0.0299 17 51  0.00    10.00 
  2020 11 16.744271  2 22  8.8362 +13 38 32.149  35.5368174  13.6422637  35.5368145  13.6422691    0.0099   -0.0192    0.0363 17 51 45.00    10.00 
  2020 11 16.744792  2 22  8.8285 +13 38 32.146  35.5367854  13.6422628  35.5367976  13.6422610   -0.0427    0.0066    0.0275 17 52 30.00    10.00 
  2020 11 16.745313  2 22  8.8241 +13 38 32.167  35.5367669  13.6422685  35.5367807  13.6422528   -0.0482    0.0563    0.0328 17 53 15.00    10.00 
  2020 11 16.745822  2 22  8.8253 +13 38 32.060  35.5367719  13.6422388  35.5367641  13.6422449    0.0272   -0.0222    0.0495 17 53 59.00    10.00 
  2020 11 16.746343  2 22  8.8172 +13 38 32.081  35.5367385  13.6422446  35.5367472  13.6422368   -0.0302    0.0282    0.0313 17 54 44.00    10.00 
  2020 11 16.746863  2 22  8.8152 +13 38 31.994  35.5367300  13.6422205  35.5367302  13.6422287   -0.0007   -0.0295    0.0500 17 55 29.00    10.00 
  2020 11 16.747940  2 22  8.8068 +13 38 31.918  35.5366949  13.6421995  35.5366953  13.6422120   -0.0013   -0.0448    0.0299 17 57  2.00    10.00 
  2020 11 16.748461  2 22  8.8029 +13 38 31.896  35.5366789  13.6421933  35.5366783  13.6422039    0.0019   -0.0381    0.0409 17 57 47.00    10.00 
  2020 11 16.748981  2 22  8.7956 +13 38 31.904  35.5366482  13.6421955  35.5366614  13.6421958   -0.0463   -0.0009    0.0324 17 58 32.00    10.00 
  2020 11 16.749491  2 22  8.7942 +13 38 31.869  35.5366427  13.6421859  35.5366448  13.6421879   -0.0076   -0.0071    0.0341 17 59 16.00    10.00 
  2020 11 16.750012  2 22  8.7914 +13 38 31.847  35.5366309  13.6421797  35.5366279  13.6421798    0.0105   -0.0004    0.0297 18  0  1.00    10.00 
  2020 11 16.750532  2 22  8.7845 +13 38 31.844  35.5366023  13.6421788  35.5366110  13.6421717   -0.0306    0.0257    0.0229 18  0 46.00    10.00 
  2020 11 16.751053  2 22  8.7771 +13 38 31.742  35.5365714  13.6421507  35.5365941  13.6421636   -0.0793   -0.0465    0.0403 18  1 31.00    10.00 
  2020 11 16.751574  2 22  8.7760 +13 38 31.760  35.5365668  13.6421555  35.5365772  13.6421555   -0.0363   -0.0000    0.0229 18  2 16.00    10.00 
  2020 11 16.752095  2 22  8.7739 +13 38 31.747  35.5365579  13.6421519  35.5365603  13.6421474   -0.0081    0.0160    0.0305 18  3  1.00    10.00 
  2020 11 16.752616  2 22  8.7673 +13 38 31.704  35.5365302  13.6421399  35.5365433  13.6421394   -0.0459    0.0018    0.0411 18  3 46.00    10.00 
  2020 11 16.753137  2 22  8.7632 +13 38 31.699  35.5365135  13.6421387  35.5365264  13.6421313   -0.0453    0.0267    0.0441 18  4 31.00    10.00 
  2020 11 16.753657  2 22  8.7617 +13 38 31.634  35.5365071  13.6421207  35.5365095  13.6421232   -0.0086   -0.0092    0.0299 18  5 16.00    10.00 
  2020 11 16.754178  2 22  8.7572 +13 38 31.586  35.5364881  13.6421072  35.5364926  13.6421152   -0.0156   -0.0286    0.0289 18  6  1.00    10.00 
  2020 11 16.754699  2 22  8.7531 +13 38 31.617  35.5364713  13.6421158  35.5364757  13.6421071   -0.0154    0.0312    0.0312 18  6 46.00    10.00 
  2020 11 16.755220  2 22  8.7491 +13 38 31.529  35.5364544  13.6420913  35.5364588  13.6420990   -0.0154   -0.0277    0.0369 18  7 31.00    10.00 
  2020 11 16.756262  2 22  8.7417 +13 38 31.479  35.5364240  13.6420774  35.5364250  13.6420829   -0.0036   -0.0198    0.0281 18  9  1.00    10.00 
  2020 11 16.756771  2 22  8.7355 +13 38 31.502  35.5363978  13.6420839  35.5364085  13.6420751   -0.0372    0.0318    0.0544 18  9 45.00    10.00 
  2020 11 17.614236  2 22  2.1374 +13 37 59.728  35.5089060  13.6332578  35.5088992  13.6332691    0.0240   -0.0408    0.0223 14 44 30.00    10.00 
  2020 11 17.614757  2 22  2.1302 +13 37 59.746  35.5088759  13.6332628  35.5088810  13.6332661   -0.0177   -0.0119    0.0243 14 45 15.00    10.00 
  2020 11 17.615278  2 22  2.1270 +13 37 59.734  35.5088625  13.6332594  35.5088628  13.6332632   -0.0008   -0.0137    0.0189 14 46  0.00    10.00 
  2020 11 17.615799  2 22  2.1210 +13 37 59.693  35.5088376  13.6332481  35.5088446  13.6332602   -0.0245   -0.0435    0.0352 14 46 45.00    10.00 
  2020 11 17.616319  2 22  2.1156 +13 37 59.719  35.5088151  13.6332554  35.5088264  13.6332572   -0.0395   -0.0065    0.0244 14 47 30.00    10.00 
  2020 11 17.616840  2 22  2.1126 +13 37 59.658  35.5088025  13.6332383  35.5088081  13.6332542   -0.0197   -0.0572    0.0210 14 48 15.00    10.00 
  2020 11 17.617361  2 22  2.1050 +13 37 59.676  35.5087709  13.6332434  35.5087899  13.6332512   -0.0667   -0.0284    0.0331 14 49  0.00    10.00 
  2020 11 17.617882  2 22  2.1031 +13 37 59.664  35.5087631  13.6332399  35.5087717  13.6332483   -0.0302   -0.0300    0.0460 14 49 45.00    10.00 
  2020 11 17.618403  2 22  2.0975 +13 37 59.642  35.5087395  13.6332340  35.5087535  13.6332453   -0.0491   -0.0407    0.0604 14 50 30.00    10.00 
  2020 11 17.618924  2 22  2.0948 +13 37 59.609  35.5087285  13.6332247  35.5087353  13.6332423   -0.0239   -0.0634    0.0670 14 51 15.00    10.00 
  2020 11 17.619444  2 22  2.0870 +13 37 59.667  35.5086958  13.6332408  35.5087171  13.6332394   -0.0743    0.0050    0.0950 14 52  0.00    10.00 
  2020 11 17.619965  2 22  2.0851 +13 37 59.538  35.5086879  13.6332051  35.5086988  13.6332364   -0.0384   -0.1127    0.0483 14 52 45.00    10.00 
  2020 11 17.620486  2 22  2.0813 +13 37 59.615  35.5086723  13.6332263  35.5086806  13.6332334   -0.0293   -0.0259    0.0272 14 53 30.00    10.00 
  2020 11 17.621007  2 22  2.0798 +13 37 59.546  35.5086658  13.6332071  35.5086624  13.6332305    0.0120   -0.0840    0.0296 14 54 15.00    10.00 
  2020 11 17.621528  2 22  2.0732 +13 37 59.648  35.5086385  13.6332354  35.5086442  13.6332275   -0.0199    0.0285    0.0307 14 55  0.00    10.00 
  2020 11 17.622049  2 22  2.0701 +13 37 59.622  35.5086256  13.6332285  35.5086259  13.6332246   -0.0013    0.0141    0.0281 14 55 45.00    10.00 
  2020 11 17.622558  2 22  2.0669 +13 37 59.636  35.5086120  13.6332321  35.5086081  13.6332217    0.0137    0.0376    0.0661 14 56 29.00    10.00 
  2020 11 17.624120  2 22  2.0525 +13 37 59.536  35.5085521  13.6332044  35.5085534  13.6332128   -0.0044   -0.0301    0.0491 14 58 44.00    10.00 
  2020 11 17.624641  2 22  2.0500 +13 37 59.468  35.5085415  13.6331855  35.5085351  13.6332099    0.0223   -0.0876    0.0553 14 59 29.00    10.00 
  2020 11 17.625162  2 22  2.0431 +13 37 59.576  35.5085128  13.6332156  35.5085169  13.6332069   -0.0143    0.0312    0.0257 15  0 14.00    10.00 
  2020 11 17.626725  2 22  2.0282 +13 37 59.561  35.5084506  13.6332113  35.5084621  13.6331981   -0.0403    0.0474    0.0610 15  2 29.00    10.00 
  2020 11 17.627245  2 22  2.0255 +13 37 59.481  35.5084394  13.6331893  35.5084439  13.6331951   -0.0157   -0.0211    0.0389 15  3 14.00    10.00 
  2020 11 17.627766  2 22  2.0189 +13 37 59.512  35.5084120  13.6331978  35.5084256  13.6331922   -0.0476    0.0202    0.0315 15  3 59.00    10.00 
  2020 11 17.628287  2 22  2.0145 +13 37 59.455  35.5083938  13.6331820  35.5084074  13.6331893   -0.0476   -0.0260    0.0272 15  4 44.00    10.00 
  2020 11 17.629850  2 22  2.0031 +13 37 59.423  35.5083463  13.6331730  35.5083526  13.6331805   -0.0220   -0.0267    0.0274 15  6 59.00    10.00 
  2020 11 17.630370  2 22  1.9977 +13 37 59.448  35.5083239  13.6331800  35.5083343  13.6331775   -0.0365    0.0087    0.0413 15  7 44.00    10.00 
  2020 11 17.630891  2 22  1.9896 +13 37 59.398  35.5082902  13.6331660  35.5083160  13.6331746   -0.0904   -0.0310    0.0438 15  8 29.00    10.00 
  2020 11 17.631400  2 22  1.9930 +13 37 59.374  35.5083041  13.6331595  35.5082982  13.6331717    0.0208   -0.0440    0.0363 15  9 13.00    10.00 
  2020 11 17.631921  2 22  1.9861 +13 37 59.444  35.5082752  13.6331789  35.5082799  13.6331688   -0.0163    0.0365    0.0495 15  9 58.00    10.00 
  2020 11 17.632442  2 22  1.9806 +13 37 59.395  35.5082525  13.6331653  35.5082616  13.6331659   -0.0318   -0.0020    0.0226 15 10 43.00    10.00 
  2020 11 17.632963  2 22  1.9784 +13 37 59.355  35.5082434  13.6331541  35.5082433  13.6331630    0.0004   -0.0319    0.0321 15 11 28.00    10.00 
  2020 11 17.633484  2 22  1.9735 +13 37 59.379  35.5082229  13.6331607  35.5082250  13.6331600   -0.0076    0.0025    0.0452 15 12 13.00    10.00 
  2020 11 17.634005  2 22  1.9655 +13 37 59.347  35.5081894  13.6331519  35.5082067  13.6331571   -0.0607   -0.0188    0.0322 15 12 58.00    10.00 
  2020 11 17.634525  2 22  1.9625 +13 37 59.321  35.5081769  13.6331446  35.5081885  13.6331542   -0.0404   -0.0345    0.0577 15 13 43.00    10.00 
  2020 11 17.635046  2 22  1.9588 +13 37 59.317  35.5081618  13.6331436  35.5081702  13.6331513   -0.0293   -0.0279    0.0309 15 14 28.00    10.00 
  2020 11 17.635567  2 22  1.9518 +13 37 59.290  35.5081326  13.6331362  35.5081519  13.6331484   -0.0675   -0.0437    0.0536 15 15 13.00    10.00 
  2020 11 17.636088  2 22  1.9468 +13 37 59.341  35.5081115  13.6331503  35.5081336  13.6331455   -0.0773    0.0175    0.0734 15 15 58.00    10.00 
  2020 11 17.636609  2 22  1.9409 +13 37 59.211  35.5080869  13.6331141  35.5081153  13.6331426   -0.0992   -0.1024    0.1181 15 16 43.00    10.00 
  2020 11 17.638171  2 22  1.9297 +13 37 59.293  35.5080406  13.6331369  35.5080604  13.6331338   -0.0691    0.0109    0.0453 15 18 58.00    10.00 
  2020 11 17.638692  2 22  1.9263 +13 37 59.333  35.5080262  13.6331481  35.5080421  13.6331309   -0.0553    0.0616    0.0542 15 19 43.00    10.00 
  2020 11 17.639734  2 22  1.9170 +13 37 59.313  35.5079876  13.6331426  35.5080054  13.6331251   -0.0624    0.0628    0.0300 15 21 13.00    10.00 
  2020 11 17.640255  2 22  1.9156 +13 37 59.310  35.5079819  13.6331415  35.5079871  13.6331222   -0.0184    0.0695    0.0811 15 21 58.00    10.00 
  2020 11 17.640775  2 22  1.9094 +13 37 59.263  35.5079559  13.6331285  35.5079688  13.6331193   -0.0451    0.0331    0.0473 15 22 43.00    10.00 
  2020 11 17.641296  2 22  1.9044 +13 37 59.114  35.5079351  13.6330873  35.5079505  13.6331164   -0.0537   -0.1048    0.0760 15 23 28.00    10.00 
  2020 11 17.641806  2 22  1.9032 +13 37 59.143  35.5079299  13.6330954  35.5079326  13.6331136   -0.0093   -0.0656    0.0384 15 24 12.00    10.00 
  2020 11 17.642326  2 22  1.8957 +13 37 59.161  35.5078987  13.6331001  35.5079142  13.6331107   -0.0542   -0.0380    0.0349 15 24 57.00    10.00 
  2020 11 17.642847  2 22  1.8951 +13 37 59.152  35.5078961  13.6330977  35.5078959  13.6331078    0.0008   -0.0366    0.0373 15 25 42.00    10.00 
  2020 11 17.643368  2 22  1.8896 +13 37 59.167  35.5078733  13.6331019  35.5078776  13.6331049   -0.0150   -0.0110    0.0324 15 26 27.00    10.00 
  2020 11 17.643889  2 22  1.8846 +13 37 59.106  35.5078526  13.6330851  35.5078593  13.6331021   -0.0233   -0.0612    0.0388 15 27 12.00    10.00 
  2020 11 17.644410  2 22  1.8782 +13 37 59.173  35.5078260  13.6331036  35.5078409  13.6330992   -0.0521    0.0160    0.0357 15 27 57.00    10.00 
  2020 11 17.644931  2 22  1.8768 +13 37 59.118  35.5078200  13.6330883  35.5078226  13.6330963   -0.0089   -0.0287    0.0315 15 28 42.00    10.00 
  2020 11 17.645451  2 22  1.8718 +13 37 59.128  35.5077992  13.6330911  35.5078042  13.6330934   -0.0177   -0.0084    0.0252 15 29 27.00    10.00 
  2020 11 17.645972  2 22  1.8685 +13 37 59.087  35.5077856  13.6330798  35.5077859  13.6330905   -0.0012   -0.0386    0.0273 15 30 12.00    10.00 
  2020 11 17.646493  2 22  1.8613 +13 37 59.095  35.5077555  13.6330820  35.5077676  13.6330876   -0.0420   -0.0204    0.0317 15 30 57.00    10.00 
  2020 11 17.647014  2 22  1.8605 +13 37 59.029  35.5077520  13.6330636  35.5077492  13.6330848    0.0097   -0.0763    0.0411 15 31 42.00    10.00 
  2020 11 17.647535  2 22  1.8529 +13 37 59.068  35.5077203  13.6330744  35.5077309  13.6330819   -0.0370   -0.0269    0.0376 15 32 27.00    10.00 
  2020 11 17.648056  2 22  1.8490 +13 37 59.102  35.5077043  13.6330838  35.5077125  13.6330790   -0.0287    0.0173    0.0520 15 33 12.00    10.00 
  2020 11 17.648576  2 22  1.8442 +13 37 59.058  35.5076842  13.6330717  35.5076942  13.6330761   -0.0349   -0.0159    0.0540 15 33 57.00    10.00 
  2020 11 17.649097  2 22  1.8411 +13 37 59.039  35.5076714  13.6330663  35.5076758  13.6330733   -0.0155   -0.0252    0.0751 15 34 42.00    10.00 
  2020 11 17.649618  2 22  1.8312 +13 37 58.950  35.5076299  13.6330416  35.5076575  13.6330704   -0.0962   -0.1038    0.1168 15 35 27.00    10.00 
  2020 11 17.650139  2 22  1.8271 +13 37 59.022  35.5076130  13.6330616  35.5076391  13.6330675   -0.0912   -0.0214    0.0752 15 36 12.00    10.00 
  2020 11 17.650660  2 22  1.8300 +13 37 59.035  35.5076250  13.6330654  35.5076207  13.6330647    0.0149    0.0026    0.0264 15 36 57.00    10.00 
  2020 11 17.651181  2 22  1.8252 +13 37 58.983  35.5076051  13.6330509  35.5076024  13.6330618    0.0095   -0.0392    0.0334 15 37 42.00    10.00 
  2020 11 17.651701  2 22  1.8218 +13 37 58.973  35.5075910  13.6330480  35.5075840  13.6330589    0.0244   -0.0394    0.0357 15 38 27.00    10.00 
  2020 11 17.652222  2 22  1.8152 +13 37 59.010  35.5075633  13.6330582  35.5075656  13.6330561   -0.0081    0.0078    0.0332 15 39 12.00    10.00 
  2020 11 17.652743  2 22  1.8106 +13 37 58.999  35.5075443  13.6330553  35.5075473  13.6330532   -0.0104    0.0074    0.0387 15 39 57.00    10.00 
  2020 11 17.653252  2 22  1.8062 +13 37 58.961  35.5075257  13.6330447  35.5075293  13.6330504   -0.0126   -0.0204    0.0230 15 40 41.00    10.00 
  2020 11 17.653773  2 22  1.7995 +13 37 58.985  35.5074981  13.6330515  35.5075109  13.6330476   -0.0449    0.0142    0.0379 15 41 26.00    10.00 
  2020 11 17.654294  2 22  1.7967 +13 37 58.916  35.5074862  13.6330323  35.5074926  13.6330447   -0.0222   -0.0446    0.0441 15 42 11.00    10.00 
  2020 11 17.654815  2 22  1.7934 +13 37 58.924  35.5074726  13.6330345  35.5074742  13.6330419   -0.0055   -0.0266    0.0738 15 42 56.00    10.00 
  2020 11 17.655336  2 22  1.7914 +13 37 58.977  35.5074642  13.6330491  35.5074558  13.6330390    0.0294    0.0363    0.0502 15 43 41.00    10.00 
  2020 11 17.655856  2 22  1.7803 +13 37 58.938  35.5074179  13.6330384  35.5074374  13.6330362   -0.0684    0.0081    0.0261 15 44 26.00    10.00 
  2020 11 17.656377  2 22  1.7767 +13 37 58.896  35.5074029  13.6330266  35.5074190  13.6330333   -0.0564   -0.0242    0.0191 15 45 11.00    10.00 
  2020 11 17.656898  2 22  1.7738 +13 37 58.919  35.5073910  13.6330330  35.5074006  13.6330305   -0.0337    0.0091    0.0303 15 45 56.00    10.00 
  2020 11 17.657419  2 22  1.7705 +13 37 58.910  35.5073769  13.6330305  35.5073823  13.6330276   -0.0187    0.0103    0.0200 15 46 41.00    10.00 
  2020 11 17.657940  2 22  1.7672 +13 37 58.812  35.5073634  13.6330033  35.5073639  13.6330248   -0.0017   -0.0775    0.0596 15 47 26.00    10.00 
  2020 11 17.658461  2 22  1.7638 +13 37 58.855  35.5073490  13.6330153  35.5073455  13.6330219    0.0125   -0.0239    0.0282 15 48 11.00    10.00 
  2020 11 17.658981  2 22  1.7561 +13 37 58.858  35.5073173  13.6330162  35.5073271  13.6330191   -0.0343   -0.0103    0.0369 15 48 56.00    10.00 
  2020 11 17.659502  2 22  1.7511 +13 37 58.824  35.5072961  13.6330066  35.5073087  13.6330163   -0.0440   -0.0347    0.0291 15 49 41.00    10.00 
  2020 11 17.660023  2 22  1.7460 +13 37 58.791  35.5072751  13.6329976  35.5072903  13.6330134   -0.0529   -0.0568    0.0230 15 50 26.00    10.00 
  2020 11 17.660544  2 22  1.7434 +13 37 58.872  35.5072640  13.6330201  35.5072719  13.6330106   -0.0276    0.0342    0.0275 15 51 11.00    10.00 
  2020 11 17.661065  2 22  1.7406 +13 37 58.765  35.5072525  13.6329903  35.5072535  13.6330077   -0.0035   -0.0628    0.0329 15 51 56.00    10.00 
  2020 11 17.661586  2 22  1.7344 +13 37 58.757  35.5072267  13.6329881  35.5072351  13.6330049   -0.0293   -0.0604    0.0389 15 52 41.00    10.00 
  2020 11 17.662106  2 22  1.7324 +13 37 58.750  35.5072185  13.6329862  35.5072166  13.6330021    0.0065   -0.0571    0.0228 15 53 26.00    10.00 
  2020 11 17.662627  2 22  1.7274 +13 37 58.748  35.5071974  13.6329855  35.5071982  13.6329993   -0.0030   -0.0496    0.0350 15 54 11.00    10.00 
  2020 11 17.663148  2 22  1.7210 +13 37 58.808  35.5071708  13.6330021  35.5071798  13.6329964   -0.0315    0.0205    0.0230 15 54 56.00    10.00 
  2020 11 17.663657  2 22  1.7182 +13 37 58.760  35.5071592  13.6329889  35.5071618  13.6329937   -0.0092   -0.0170    0.0280 15 55 40.00    10.00 
  2020 11 17.664178  2 22  1.7104 +13 37 58.766  35.5071266  13.6329905  35.5071434  13.6329908   -0.0587   -0.0012    0.0234 15 56 25.00    10.00 
  2020 11 17.664699  2 22  1.7060 +13 37 58.741  35.5071084  13.6329836  35.5071250  13.6329880   -0.0579   -0.0159    0.0384 15 57 10.00    10.00 
  2020 11 17.665220  2 22  1.7034 +13 37 58.731  35.5070974  13.6329810  35.5071066  13.6329852   -0.0322   -0.0152    0.0235 15 57 55.00    10.00 
  2020 11 17.665741  2 22  1.7006 +13 37 58.713  35.5070857  13.6329759  35.5070881  13.6329824   -0.0085   -0.0232    0.0209 15 58 40.00    10.00 
  2020 11 17.666262  2 22  1.6947 +13 37 58.706  35.5070613  13.6329738  35.5070697  13.6329796   -0.0293   -0.0209    0.0277 15 59 25.00    10.00 
  2020 11 17.666782  2 22  1.6909 +13 37 58.670  35.5070455  13.6329640  35.5070513  13.6329767   -0.0202   -0.0459    0.0197 16  0 10.00    10.00 
  2020 11 17.667303  2 22  1.6864 +13 37 58.722  35.5070268  13.6329784  35.5070328  13.6329739   -0.0212    0.0161    0.0314 16  0 55.00    10.00 
  2020 11 17.667824  2 22  1.6822 +13 37 58.691  35.5070091  13.6329697  35.5070144  13.6329711   -0.0186   -0.0050    0.0260 16  1 40.00    10.00 
  2020 11 17.668345  2 22  1.6773 +13 37 58.671  35.5069886  13.6329643  35.5069960  13.6329683   -0.0259   -0.0145    0.0209 16  2 25.00    10.00 
  2020 11 17.668866  2 22  1.6740 +13 37 58.667  35.5069749  13.6329631  35.5069775  13.6329655   -0.0090   -0.0087    0.0240 16  3 10.00    10.00 
  2020 11 17.669387  2 22  1.6684 +13 37 58.627  35.5069517  13.6329520  35.5069591  13.6329627   -0.0259   -0.0385    0.0367 16  3 55.00    10.00 
  2020 11 17.669907  2 22  1.6639 +13 37 58.646  35.5069327  13.6329574  35.5069406  13.6329599   -0.0277   -0.0090    0.0283 16  4 40.00    10.00 
  2020 11 17.670428  2 22  1.6592 +13 37 58.665  35.5069133  13.6329626  35.5069222  13.6329571   -0.0313    0.0201    0.0321 16  5 25.00    10.00 
  2020 11 17.670949  2 22  1.6557 +13 37 58.585  35.5068986  13.6329404  35.5069038  13.6329543   -0.0179   -0.0499    0.0332 16  6 10.00    10.00 
  2020 11 17.671470  2 22  1.6529 +13 37 58.636  35.5068871  13.6329545  35.5068853  13.6329515    0.0061    0.0109    0.0348 16  6 55.00    10.00 
  2020 11 17.671991  2 22  1.6479 +13 37 58.589  35.5068664  13.6329413  35.5068669  13.6329487   -0.0015   -0.0264    0.0272 16  7 40.00    10.00 
  2020 11 17.672512  2 22  1.6411 +13 37 58.608  35.5068379  13.6329466  35.5068484  13.6329459   -0.0368    0.0025    0.0283 16  8 25.00    10.00 
  2020 11 17.673032  2 22  1.6400 +13 37 58.567  35.5068335  13.6329353  35.5068300  13.6329431    0.0125   -0.0281    0.0196 16  9 10.00    10.00 
  2020 11 17.673553  2 22  1.6323 +13 37 58.569  35.5068014  13.6329358  35.5068115  13.6329403   -0.0354   -0.0160    0.0176 16  9 55.00    10.00 
  2020 11 17.674074  2 22  1.6289 +13 37 58.602  35.5067871  13.6329451  35.5067930  13.6329375   -0.0207    0.0274    0.0239 16 10 40.00    10.00 
  2020 11 17.674583  2 22  1.6243 +13 37 58.574  35.5067681  13.6329372  35.5067750  13.6329347   -0.0241    0.0089    0.0252 16 11 24.00    10.00 
  2020 11 17.675104  2 22  1.6196 +13 37 58.545  35.5067485  13.6329293  35.5067565  13.6329319   -0.0281   -0.0097    0.0219 16 12  9.00    10.00 
  2020 11 17.675625  2 22  1.6159 +13 37 58.525  35.5067328  13.6329236  35.5067381  13.6329291   -0.0184   -0.0199    0.0246 16 12 54.00    10.00 
  2020 11 17.676146  2 22  1.6110 +13 37 58.494  35.5067123  13.6329151  35.5067196  13.6329264   -0.0254   -0.0407    0.0280 16 13 39.00    10.00 
  2020 11 17.676667  2 22  1.6069 +13 37 58.488  35.5066953  13.6329134  35.5067011  13.6329236   -0.0204   -0.0367    0.0216 16 14 24.00    10.00 
  2020 11 17.677187  2 22  1.6022 +13 37 58.472  35.5066760  13.6329088  35.5066827  13.6329208   -0.0232   -0.0432    0.0314 16 15  9.00    10.00 
  2020 11 17.677697  2 22  1.5991 +13 37 58.519  35.5066629  13.6329219  35.5066646  13.6329181   -0.0058    0.0137    0.0207 16 15 53.00    10.00 
  2020 11 17.678206  2 22  1.5931 +13 37 58.452  35.5066379  13.6329034  35.5066465  13.6329153   -0.0303   -0.0431    0.0272 16 16 37.00    10.00 
  2020 11 17.678727  2 22  1.5887 +13 37 58.459  35.5066197  13.6329053  35.5066280  13.6329126   -0.0293   -0.0262    0.0357 16 17 22.00    10.00 
  2020 11 17.679248  2 22  1.5838 +13 37 58.432  35.5065992  13.6328978  35.5066096  13.6329098   -0.0361   -0.0431    0.0345 16 18  7.00    10.00 
  2020 11 17.679769  2 22  1.5805 +13 37 58.485  35.5065855  13.6329124  35.5065911  13.6329070   -0.0195    0.0194    0.0264 16 18 52.00    10.00 
  2020 11 17.680289  2 22  1.5775 +13 37 58.443  35.5065728  13.6329009  35.5065726  13.6329042    0.0007   -0.0121    0.0214 16 19 37.00    10.00 
  2020 11 17.680810  2 22  1.5693 +13 37 58.393  35.5065389  13.6328871  35.5065541  13.6329014   -0.0531   -0.0518    0.0350 16 20 22.00    10.00 
  2020 11 17.681331  2 22  1.5678 +13 37 58.423  35.5065324  13.6328952  35.5065356  13.6328987   -0.0111   -0.0123    0.0255 16 21  7.00    10.00 
  2020 11 17.681852  2 22  1.5608 +13 37 58.386  35.5065035  13.6328850  35.5065171  13.6328959   -0.0476   -0.0392    0.0298 16 21 52.00    10.00 
  2020 11 17.682373  2 22  1.5592 +13 37 58.388  35.5064968  13.6328856  35.5064986  13.6328931   -0.0065   -0.0272    0.0218 16 22 37.00    10.00 
  2020 11 17.682894  2 22  1.5548 +13 37 58.353  35.5064785  13.6328758  35.5064802  13.6328904   -0.0057   -0.0524    0.0334 16 23 22.00    10.00 
  2020 11 17.683414  2 22  1.5501 +13 37 58.360  35.5064586  13.6328779  35.5064617  13.6328876   -0.0109   -0.0349    0.0268 16 24  7.00    10.00 
  2020 11 17.683935  2 22  1.5435 +13 37 58.375  35.5064313  13.6328820  35.5064432  13.6328848   -0.0415   -0.0101    0.0337 16 24 52.00    10.00 
  2020 11 17.684456  2 22  1.5407 +13 37 58.380  35.5064195  13.6328832  35.5064247  13.6328821   -0.0181    0.0041    0.0258 16 25 37.00    10.00 
  2020 11 17.684977  2 22  1.5345 +13 37 58.320  35.5063936  13.6328665  35.5064062  13.6328793   -0.0438   -0.0459    0.0172 16 26 22.00    10.00 
  2020 11 17.685498  2 22  1.5341 +13 37 58.322  35.5063921  13.6328672  35.5063877  13.6328765    0.0155   -0.0336    0.0255 16 27  7.00    10.00 
  2020 11 17.686019  2 22  1.5243 +13 37 58.319  35.5063511  13.6328663  35.5063691  13.6328738   -0.0631   -0.0268    0.0255 16 27 52.00    10.00 
  2020 11 17.686539  2 22  1.5234 +13 37 58.303  35.5063474  13.6328620  35.5063506  13.6328710   -0.0115   -0.0325    0.0238 16 28 37.00    10.00 
  2020 11 17.687060  2 22  1.5186 +13 37 58.305  35.5063276  13.6328626  35.5063321  13.6328683   -0.0158   -0.0204    0.0331 16 29 22.00    10.00 
  2020 11 17.687581  2 22  1.5129 +13 37 58.257  35.5063039  13.6328493  35.5063136  13.6328655   -0.0339   -0.0584    0.0368 16 30  7.00    10.00 
  2020 11 17.688102  2 22  1.5080 +13 37 58.303  35.5062833  13.6328618  35.5062951  13.6328627   -0.0414   -0.0033    0.0236 16 30 52.00    10.00 
  2020 11 17.688611  2 22  1.5023 +13 37 58.324  35.5062596  13.6328677  35.5062770  13.6328600   -0.0609    0.0274    0.0230 16 31 36.00    10.00 
  2020 11 17.689132  2 22  1.4977 +13 37 58.289  35.5062402  13.6328582  35.5062585  13.6328573   -0.0638    0.0031    0.0417 16 32 21.00    10.00 
  2020 11 17.689653  2 22  1.4951 +13 37 58.199  35.5062297  13.6328330  35.5062400  13.6328545   -0.0359   -0.0776    0.0399 16 33  6.00    10.00 
  2020 11 17.690174  2 22  1.4885 +13 37 58.245  35.5062020  13.6328458  35.5062214  13.6328518   -0.0679   -0.0217    0.0442 16 33 51.00    10.00 
  2020 11 17.690694  2 22  1.4865 +13 37 58.265  35.5061939  13.6328515  35.5062029  13.6328490   -0.0315    0.0088    0.0590 16 34 36.00    10.00 
  2020 11 17.691215  2 22  1.4836 +13 37 58.224  35.5061816  13.6328399  35.5061844  13.6328463   -0.0096   -0.0230    0.0234 16 35 21.00    10.00 
  2020 11 17.691736  2 22  1.4770 +13 37 58.232  35.5061542  13.6328423  35.5061659  13.6328436   -0.0407   -0.0045    0.0307 16 36  6.00    10.00 
  2020 11 17.692257  2 22  1.4733 +13 37 58.192  35.5061387  13.6328311  35.5061473  13.6328408   -0.0303   -0.0349    0.0258 16 36 51.00    10.00 
  2020 11 17.692778  2 22  1.4682 +13 37 58.227  35.5061175  13.6328409  35.5061288  13.6328381   -0.0394    0.0102    0.0305 16 37 36.00    10.00 
  2020 11 17.693299  2 22  1.4638 +13 37 58.203  35.5060991  13.6328342  35.5061103  13.6328353   -0.0389   -0.0042    0.0248 16 38 21.00    10.00 
  2020 11 17.693819  2 22  1.4609 +13 37 58.182  35.5060871  13.6328283  35.5060917  13.6328326   -0.0163   -0.0155    0.0271 16 39  6.00    10.00 
  2020 11 17.694340  2 22  1.4560 +13 37 58.172  35.5060668  13.6328257  35.5060732  13.6328299   -0.0222   -0.0151    0.0218 16 39 51.00    10.00 
  2020 11 17.694861  2 22  1.4528 +13 37 58.173  35.5060535  13.6328257  35.5060546  13.6328271   -0.0039   -0.0049    0.0218 16 40 36.00    10.00 
  2020 11 17.695382  2 22  1.4472 +13 37 58.148  35.5060301  13.6328190  35.5060361  13.6328244   -0.0210   -0.0193    0.0204 16 41 21.00    10.00 
  2020 11 17.695903  2 22  1.4394 +13 37 58.161  35.5059977  13.6328225  35.5060176  13.6328216   -0.0696    0.0031    0.0245 16 42  6.00    10.00 
  2020 11 17.696424  2 22  1.4386 +13 37 58.127  35.5059941  13.6328132  35.5059990  13.6328189   -0.0171   -0.0206    0.0195 16 42 51.00    10.00 
  2020 11 17.696944  2 22  1.4339 +13 37 58.130  35.5059744  13.6328139  35.5059805  13.6328162   -0.0212   -0.0081    0.0386 16 43 36.00    10.00 
  2020 11 17.697454  2 22  1.4285 +13 37 58.135  35.5059521  13.6328153  35.5059623  13.6328135   -0.0357    0.0066    0.0215 16 44 20.00    10.00 
  2020 11 17.697975  2 22  1.4243 +13 37 58.087  35.5059345  13.6328021  35.5059438  13.6328108   -0.0324   -0.0314    0.0285 16 45  5.00    10.00 
  2020 11 17.698495  2 22  1.4216 +13 37 58.129  35.5059233  13.6328137  35.5059252  13.6328081   -0.0069    0.0205    0.0478 16 45 50.00    10.00 
  2020 11 17.699016  2 22  1.4204 +13 37 58.035  35.5059185  13.6327874  35.5059067  13.6328053    0.0415   -0.0645    0.0342 16 46 35.00    10.00 
  2020 11 17.699537  2 22  1.4113 +13 37 58.108  35.5058805  13.6328078  35.5058881  13.6328026   -0.0267    0.0188    0.0223 16 47 20.00    10.00 
  2020 11 17.700058  2 22  1.4058 +13 37 58.068  35.5058577  13.6327966  35.5058695  13.6327999   -0.0416   -0.0120    0.0234 16 48  5.00    10.00 
  2020 11 17.700579  2 22  1.4024 +13 37 58.078  35.5058434  13.6327996  35.5058510  13.6327972   -0.0265    0.0086    0.0161 16 48 50.00    10.00 
  2020 11 17.701100  2 22  1.3975 +13 37 58.054  35.5058228  13.6327927  35.5058324  13.6327945   -0.0335   -0.0063    0.0356 16 49 35.00    10.00 
  2020 11 17.701620  2 22  1.3936 +13 37 58.037  35.5058066  13.6327880  35.5058139  13.6327917   -0.0255   -0.0134    0.0339 16 50 20.00    10.00 
  2020 11 17.702141  2 22  1.3902 +13 37 58.013  35.5057924  13.6327815  35.5057953  13.6327890   -0.0102   -0.0271    0.0269 16 51  5.00    10.00 
  2020 11 17.702662  2 22  1.3845 +13 37 58.031  35.5057687  13.6327863  35.5057767  13.6327863   -0.0280   -0.0001    0.0230 16 51 50.00    10.00 
  2020 11 17.703183  2 22  1.3807 +13 37 57.969  35.5057529  13.6327692  35.5057581  13.6327836   -0.0183   -0.0518    0.0406 16 52 35.00    10.00 
  2020 11 17.703704  2 22  1.3760 +13 37 57.987  35.5057333  13.6327743  35.5057396  13.6327809   -0.0220   -0.0238    0.0253 16 53 20.00    10.00 
  2020 11 17.704225  2 22  1.3713 +13 37 57.934  35.5057139  13.6327596  35.5057210  13.6327782   -0.0248   -0.0670    0.0255 16 54  5.00    10.00 
  2020 11 17.704745  2 22  1.3666 +13 37 57.965  35.5056940  13.6327680  35.5057024  13.6327755   -0.0293   -0.0269    0.0287 16 54 50.00    10.00 
  2020 11 17.705266  2 22  1.3635 +13 37 57.973  35.5056814  13.6327703  35.5056838  13.6327728   -0.0086   -0.0087    0.0257 16 55 35.00    10.00 
  2020 11 17.705775  2 22  1.3569 +13 37 57.962  35.5056538  13.6327673  35.5056657  13.6327701   -0.0414   -0.0102    0.0152 16 56 19.00    10.00 
  2020 11 17.706296  2 22  1.3504 +13 37 57.941  35.5056268  13.6327613  35.5056471  13.6327674   -0.0708   -0.0221    0.0265 16 57  4.00    10.00 
  2020 11 17.706817  2 22  1.3466 +13 37 57.932  35.5056107  13.6327589  35.5056285  13.6327647   -0.0621   -0.0209    0.0420 16 57 49.00    10.00 
  2020 11 17.707338  2 22  1.3444 +13 37 57.931  35.5056017  13.6327585  35.5056099  13.6327620   -0.0288   -0.0124    0.0309 16 58 34.00    10.00 
  2020 11 17.707859  2 22  1.3372 +13 37 57.946  35.5055718  13.6327627  35.5055913  13.6327593   -0.0684    0.0121    0.0419 16 59 19.00    10.00 
  2020 11 17.708380  2 22  1.3367 +13 37 57.890  35.5055694  13.6327473  35.5055727  13.6327566   -0.0116   -0.0335    0.0415 17  0  4.00    10.00 
  2020 11 17.708900  2 22  1.3336 +13 37 57.860  35.5055568  13.6327389  35.5055541  13.6327539    0.0094   -0.0539    0.0286 17  0 49.00    10.00 
  2020 11 17.709421  2 22  1.3246 +13 37 57.924  35.5055190  13.6327567  35.5055355  13.6327512   -0.0578    0.0199    0.0284 17  1 34.00    10.00 
  2020 11 17.709942  2 22  1.3200 +13 37 57.837  35.5054999  13.6327324  35.5055170  13.6327485   -0.0596   -0.0581    0.0396 17  2 19.00    10.00 
  2020 11 17.710463  2 22  1.3187 +13 37 57.836  35.5054945  13.6327322  35.5054984  13.6327458   -0.0135   -0.0491    0.0199 17  3  4.00    10.00 
  2020 11 18.589421  2 21 53.1209 +13 37 42.926  35.4713370  13.6285904  35.4713408  13.6285898   -0.0131    0.0023    0.0513 14  8 46.00    10.00 
  2020 11 18.589942  2 21 53.1184 +13 37 42.963  35.4713265  13.6286007  35.4713183  13.6285864    0.0290    0.0518    0.0546 14  9 31.00    10.00 
  2020 11 18.590463  2 21 53.1121 +13 37 42.885  35.4713003  13.6285791  35.4712958  13.6285829    0.0159   -0.0139    0.0304 14 10 16.00    10.00 
  2020 11 18.590984  2 21 53.1064 +13 37 42.859  35.4712768  13.6285719  35.4712732  13.6285795    0.0125   -0.0272    0.0317 14 11  1.00    10.00 
  2020 11 18.591505  2 21 53.0991 +13 37 42.860  35.4712462  13.6285723  35.4712507  13.6285761   -0.0159   -0.0136    0.0254 14 11 46.00    10.00 
  2020 11 18.592025  2 21 53.0940 +13 37 42.848  35.4712249  13.6285688  35.4712282  13.6285726   -0.0116   -0.0139    0.0369 14 12 31.00    10.00 
  2020 11 18.592546  2 21 53.0929 +13 37 42.881  35.4712204  13.6285780  35.4712057  13.6285692    0.0513    0.0317    0.0400 14 13 16.00    10.00 
  2020 11 18.593067  2 21 53.0849 +13 37 42.840  35.4711872  13.6285666  35.4711832  13.6285657    0.0141    0.0031    0.0380 14 14  1.00    10.00 
  2020 11 18.593588  2 21 53.0747 +13 37 42.819  35.4711445  13.6285607  35.4711607  13.6285623   -0.0566   -0.0056    0.0332 14 14 46.00    10.00 
  2020 11 18.594109  2 21 53.0732 +13 37 42.773  35.4711382  13.6285482  35.4711381  13.6285588    0.0002   -0.0384    0.0302 14 15 31.00    10.00 
  2020 11 18.594630  2 21 53.0676 +13 37 42.782  35.4711152  13.6285506  35.4711156  13.6285554   -0.0015   -0.0174    0.0303 14 16 16.00    10.00 
  2020 11 18.595150  2 21 53.0642 +13 37 42.810  35.4711007  13.6285584  35.4710931  13.6285519    0.0268    0.0233    0.0239 14 17  1.00    10.00 
  2020 11 18.595671  2 21 53.0560 +13 37 42.746  35.4710665  13.6285404  35.4710705  13.6285485   -0.0142   -0.0290    0.0189 14 17 46.00    10.00 
  2020 11 18.596181  2 21 53.0518 +13 37 42.804  35.4710493  13.6285567  35.4710485  13.6285451    0.0028    0.0417    0.0334 14 18 30.00    10.00 
  2020 11 18.596701  2 21 53.0463 +13 37 42.746  35.4710261  13.6285407  35.4710260  13.6285416    0.0005   -0.0035    0.0203 14 19 15.00    10.00 
  2020 11 18.597222  2 21 53.0429 +13 37 42.715  35.4710121  13.6285319  35.4710034  13.6285382    0.0304   -0.0226    0.1120 14 20  0.00    10.00 
  2020 11 18.597743  2 21 53.0385 +13 37 42.727  35.4709939  13.6285353  35.4709809  13.6285347    0.0455    0.0020    0.0480 14 20 45.00    10.00 
  2020 11 18.598264  2 21 53.0311 +13 37 42.704  35.4709631  13.6285289  35.4709584  13.6285312    0.0166   -0.0085    0.0442 14 21 30.00    10.00 
  2020 11 18.598785  2 21 53.0199 +13 37 42.671  35.4709164  13.6285198  35.4709358  13.6285278   -0.0678   -0.0287    0.0457 14 22 15.00    10.00 
  2020 11 18.599306  2 21 53.0180 +13 37 42.707  35.4709083  13.6285298  35.4709133  13.6285243   -0.0173    0.0198    0.0329 14 23  0.00    10.00 
  2020 11 18.599826  2 21 53.0126 +13 37 42.698  35.4708857  13.6285271  35.4708907  13.6285208   -0.0175    0.0226    0.0438 14 23 45.00    10.00 
  2020 11 18.600347  2 21 53.0067 +13 37 42.668  35.4708611  13.6285189  35.4708682  13.6285173   -0.0250    0.0056    0.0439 14 24 30.00    10.00 
  2020 11 18.600868  2 21 53.0003 +13 37 42.655  35.4708346  13.6285153  35.4708456  13.6285138   -0.0388    0.0054    0.0305 14 25 15.00    10.00 
  2020 11 18.601389  2 21 52.9981 +13 37 42.644  35.4708256  13.6285123  35.4708231  13.6285104    0.0087    0.0070    0.0564 14 26  0.00    10.00 
  2020 11 18.601910  2 21 52.9929 +13 37 42.625  35.4708036  13.6285069  35.4708005  13.6285069    0.0107    0.0001    0.0379 14 26 45.00    10.00 
  2020 11 18.602431  2 21 52.9855 +13 37 42.623  35.4707731  13.6285065  35.4707780  13.6285034   -0.0173    0.0113    0.0448 14 27 30.00    10.00 
  2020 11 18.602951  2 21 52.9807 +13 37 42.599  35.4707528  13.6284997  35.4707554  13.6284999   -0.0091   -0.0008    0.0266 14 28 15.00    10.00 
  2020 11 18.603461  2 21 52.9774 +13 37 42.584  35.4707391  13.6284956  35.4707334  13.6284964    0.0201   -0.0032    0.0758 14 28 59.00    10.00 
  2020 11 18.603981  2 21 52.9703 +13 37 42.563  35.4707095  13.6284896  35.4707108  13.6284929   -0.0047   -0.0120    0.0660 14 29 44.00    10.00 
  2020 11 18.604502  2 21 52.9647 +13 37 42.546  35.4706861  13.6284850  35.4706882  13.6284894   -0.0077   -0.0160    0.0358 14 30 29.00    10.00 
  2020 11 18.605023  2 21 52.9572 +13 37 42.509  35.4706549  13.6284748  35.4706657  13.6284859   -0.0376   -0.0399    0.0278 14 31 14.00    10.00 
  2020 11 18.605544  2 21 52.9538 +13 37 42.560  35.4706408  13.6284888  35.4706431  13.6284824   -0.0082    0.0231    0.0233 14 31 59.00    10.00 
  2020 11 18.606065  2 21 52.9491 +13 37 42.476  35.4706211  13.6284656  35.4706205  13.6284789    0.0019   -0.0477    0.0172 14 32 44.00    10.00 
  2020 11 18.606586  2 21 52.9404 +13 37 42.551  35.4705850  13.6284863  35.4705980  13.6284754   -0.0454    0.0392    0.0869 14 33 29.00    10.00 
  2020 11 18.607106  2 21 52.9352 +13 37 42.534  35.4705635  13.6284816  35.4705754  13.6284719   -0.0415    0.0351    0.0292 14 34 14.00    10.00 
  2020 11 18.607627  2 21 52.9308 +13 37 42.495  35.4705448  13.6284708  35.4705528  13.6284684   -0.0280    0.0090    0.0176 14 34 59.00    10.00 
  2020 11 18.608148  2 21 52.9248 +13 37 42.512  35.4705198  13.6284757  35.4705303  13.6284648   -0.0364    0.0390    0.0458 14 35 44.00    10.00 
  2020 11 18.608669  2 21 52.9198 +13 37 42.479  35.4704991  13.6284663  35.4705077  13.6284613   -0.0300    0.0181    0.0357 14 36 29.00    10.00 
  2020 11 18.609190  2 21 52.9147 +13 37 42.469  35.4704778  13.6284635  35.4704851  13.6284578   -0.0257    0.0207    0.0306 14 37 14.00    10.00 
  2020 11 18.609711  2 21 52.9100 +13 37 42.407  35.4704585  13.6284463  35.4704625  13.6284542   -0.0139   -0.0286    0.0259 14 37 59.00    10.00 
  2020 11 18.610231  2 21 52.9063 +13 37 42.424  35.4704428  13.6284510  35.4704399  13.6284507    0.0100    0.0011    0.0388 14 38 44.00    10.00 
  2020 11 18.610752  2 21 52.9008 +13 37 42.390  35.4704199  13.6284416  35.4704173  13.6284472    0.0089   -0.0199    0.0164 14 39 29.00    10.00 
  2020 11 18.611273  2 21 52.8924 +13 37 42.364  35.4703849  13.6284345  35.4703948  13.6284436   -0.0345   -0.0327    0.0272 14 40 14.00    10.00 
  2020 11 18.611794  2 21 52.8886 +13 37 42.377  35.4703693  13.6284381  35.4703722  13.6284401   -0.0099   -0.0070    0.0334 14 40 59.00    10.00 
  2020 11 18.612315  2 21 52.8807 +13 37 42.369  35.4703364  13.6284360  35.4703496  13.6284365   -0.0459   -0.0021    0.0427 14 41 44.00    10.00 
  2020 11 18.612836  2 21 52.8775 +13 37 42.371  35.4703229  13.6284364  35.4703270  13.6284330   -0.0145    0.0125    0.0316 14 42 29.00    10.00 
  2020 11 18.613356  2 21 52.8735 +13 37 42.304  35.4703061  13.6284178  35.4703044  13.6284294    0.0061   -0.0419    0.0175 14 43 14.00    10.00 
  2020 11 18.613877  2 21 52.8667 +13 37 42.333  35.4702780  13.6284259  35.4702818  13.6284259   -0.0133   -0.0001    0.0171 14 43 59.00    10.00 
  2020 11 18.614398  2 21 52.8597 +13 37 42.268  35.4702488  13.6284077  35.4702592  13.6284223   -0.0363   -0.0525    0.0412 14 44 44.00    10.00 
  2020 11 18.614919  2 21 52.8590 +13 37 42.317  35.4702457  13.6284214  35.4702366  13.6284188    0.0317    0.0097    0.0349 14 45 29.00    10.00 
  2020 11 18.615440  2 21 52.8466 +13 37 42.246  35.4701942  13.6284017  35.4702140  13.6284152   -0.0693   -0.0486    0.0349 14 46 14.00    10.00 
  2020 11 18.615961  2 21 52.8448 +13 37 42.283  35.4701867  13.6284120  35.4701914  13.6284116   -0.0163    0.0015    0.0451 14 46 59.00    10.00 
  2020 11 18.616481  2 21 52.8411 +13 37 42.234  35.4701710  13.6283983  35.4701688  13.6284081    0.0079   -0.0352    0.0218 14 47 44.00    10.00 
  2020 11 18.617002  2 21 52.8340 +13 37 42.255  35.4701419  13.6284041  35.4701462  13.6284045   -0.0151   -0.0013    0.0434 14 48 29.00    10.00 
  2020 11 18.617523  2 21 52.8280 +13 37 42.220  35.4701166  13.6283945  35.4701236  13.6284009   -0.0244   -0.0230    0.0286 14 49 14.00    10.00 
  2020 11 18.618044  2 21 52.8217 +13 37 42.214  35.4700906  13.6283926  35.4701010  13.6283973   -0.0364   -0.0169    0.0227 14 49 59.00    10.00 
  2020 11 18.618565  2 21 52.8199 +13 37 42.158  35.4700831  13.6283773  35.4700784  13.6283938    0.0166   -0.0593    0.0251 14 50 44.00    10.00 
  2020 11 18.619086  2 21 52.8101 +13 37 42.185  35.4700422  13.6283847  35.4700557  13.6283902   -0.0474   -0.0196    0.0308 14 51 29.00    10.00 
  2020 11 18.619606  2 21 52.8092 +13 37 42.183  35.4700385  13.6283841  35.4700331  13.6283866    0.0187   -0.0090    0.0275 14 52 14.00    10.00 
  2020 11 18.620127  2 21 52.8007 +13 37 42.176  35.4700031  13.6283822  35.4700105  13.6283830   -0.0259   -0.0028    0.0282 14 52 59.00    10.00 
  2020 11 18.620648  2 21 52.7967 +13 37 42.142  35.4699863  13.6283729  35.4699879  13.6283794   -0.0057   -0.0236    0.0385 14 53 44.00    10.00 
  2020 11 18.621169  2 21 52.7908 +13 37 42.104  35.4699616  13.6283623  35.4699653  13.6283758   -0.0129   -0.0487    0.0336 14 54 29.00    10.00 
  2020 11 18.621690  2 21 52.7864 +13 37 42.151  35.4699434  13.6283752  35.4699426  13.6283722    0.0028    0.0106    0.0298 14 55 14.00    10.00 
  2020 11 18.622211  2 21 52.7794 +13 37 42.122  35.4699143  13.6283673  35.4699200  13.6283686   -0.0199   -0.0048    0.0390 14 55 59.00    10.00 
  2020 11 18.622731  2 21 52.7766 +13 37 42.165  35.4699027  13.6283790  35.4698974  13.6283650    0.0184    0.0505    0.0320 14 56 44.00    10.00 
  2020 11 18.623252  2 21 52.7674 +13 37 42.112  35.4698640  13.6283644  35.4698748  13.6283614   -0.0376    0.0107    0.0200 14 57 29.00    10.00 
  2020 11 18.623773  2 21 52.7650 +13 37 42.084  35.4698540  13.6283566  35.4698521  13.6283578    0.0064   -0.0043    0.0392 14 58 14.00    10.00 
  2020 11 18.624294  2 21 52.7587 +13 37 42.096  35.4698278  13.6283600  35.4698295  13.6283542   -0.0060    0.0208    0.0223 14 58 59.00    10.00 
  2020 11 18.624815  2 21 52.7543 +13 37 42.053  35.4698096  13.6283480  35.4698069  13.6283506    0.0096   -0.0090    0.0427 14 59 44.00    10.00 
  2020 11 18.625324  2 21 52.7464 +13 37 42.006  35.4697767  13.6283349  35.4697847  13.6283470   -0.0283   -0.0436    0.0355 15  0 28.00    10.00 
  2020 11 18.625845  2 21 52.7387 +13 37 42.015  35.4697448  13.6283374  35.4697621  13.6283434   -0.0606   -0.0217    0.0281 15  1 13.00    10.00 
  2020 11 18.626366  2 21 52.7380 +13 37 42.015  35.4697418  13.6283375  35.4697395  13.6283398    0.0082   -0.0081    0.0199 15  1 58.00    10.00 
  2020 11 18.626887  2 21 52.7311 +13 37 41.986  35.4697131  13.6283293  35.4697168  13.6283361   -0.0130   -0.0246    0.0274 15  2 43.00    10.00 
  2020 11 18.627407  2 21 52.7253 +13 37 42.008  35.4696887  13.6283355  35.4696942  13.6283325   -0.0192    0.0107    0.0341 15  3 28.00    10.00 
  2020 11 18.627928  2 21 52.7231 +13 37 41.988  35.4696795  13.6283300  35.4696715  13.6283289    0.0279    0.0038    0.0309 15  4 13.00    10.00 
  2020 11 18.628449  2 21 52.7148 +13 37 41.991  35.4696449  13.6283309  35.4696489  13.6283252   -0.0139    0.0204    0.0282 15  4 58.00    10.00 
  2020 11 18.628970  2 21 52.7094 +13 37 41.931  35.4696226  13.6283143  35.4696263  13.6283216   -0.0128   -0.0264    0.0382 15  5 43.00    10.00 
  2020 11 18.629491  2 21 52.7028 +13 37 41.978  35.4695949  13.6283274  35.4696036  13.6283180   -0.0305    0.0338    0.0751 15  6 28.00    10.00 
  2020 11 18.630012  2 21 52.6976 +13 37 41.955  35.4695735  13.6283208  35.4695810  13.6283143   -0.0261    0.0232    0.0116 15  7 13.00    10.00 
  2020 11 18.630532  2 21 52.6929 +13 37 41.867  35.4695537  13.6282963  35.4695583  13.6283107   -0.0160   -0.0516    0.0370 15  7 58.00    10.00 
  2020 11 18.631053  2 21 52.6869 +13 37 41.924  35.4695289  13.6283122  35.4695357  13.6283070   -0.0236    0.0186    0.0404 15  8 43.00    10.00 
  2020 11 18.631574  2 21 52.6848 +13 37 41.882  35.4695199  13.6283005  35.4695130  13.6283034    0.0241   -0.0105    0.0279 15  9 28.00    10.00 
  2020 11 18.632095  2 21 52.6799 +13 37 41.866  35.4694996  13.6282960  35.4694903  13.6282997    0.0325   -0.0134    0.0349 15 10 13.00    10.00 
  2020 11 18.632616  2 21 52.6712 +13 37 41.860  35.4694633  13.6282945  35.4694677  13.6282961   -0.0153   -0.0057    0.0396 15 10 58.00    10.00 
  2020 11 18.633137  2 21 52.6683 +13 37 41.798  35.4694514  13.6282772  35.4694450  13.6282924    0.0224   -0.0548    0.0207 15 11 43.00    10.00 
  2020 11 18.633657  2 21 52.6576 +13 37 41.777  35.4694068  13.6282713  35.4694224  13.6282887   -0.0545   -0.0628    0.0650 15 12 28.00    10.00 
  2020 11 18.634167  2 21 52.6570 +13 37 41.868  35.4694043  13.6282967  35.4694002  13.6282851    0.0144    0.0415    0.0326 15 13 12.00    10.00 
  2020 11 18.634687  2 21 52.6508 +13 37 41.774  35.4693785  13.6282705  35.4693775  13.6282815    0.0033   -0.0396    0.0334 15 13 57.00    10.00 
  2020 11 18.635208  2 21 52.6442 +13 37 41.794  35.4693510  13.6282760  35.4693549  13.6282778   -0.0137   -0.0064    0.0579 15 14 42.00    10.00 
  2020 11 18.635729  2 21 52.6387 +13 37 41.761  35.4693278  13.6282670  35.4693322  13.6282741   -0.0153   -0.0257    0.0244 15 15 27.00    10.00 
  2020 11 18.636250  2 21 52.6317 +13 37 41.738  35.4692987  13.6282607  35.4693095  13.6282704   -0.0380   -0.0352    0.0750 15 16 12.00    10.00 
  2020 11 18.636771  2 21 52.6264 +13 37 41.768  35.4692768  13.6282688  35.4692869  13.6282668   -0.0351    0.0074    0.0365 15 16 57.00    10.00 
  2020 11 18.637292  2 21 52.6233 +13 37 41.742  35.4692637  13.6282617  35.4692642  13.6282631   -0.0019   -0.0048    0.0414 15 17 42.00    10.00 
  2020 11 18.637812  2 21 52.6183 +13 37 41.672  35.4692429  13.6282421  35.4692415  13.6282594    0.0049   -0.0623    0.0484 15 18 27.00    10.00 
  2020 11 18.638333  2 21 52.6090 +13 37 41.689  35.4692040  13.6282469  35.4692189  13.6282557   -0.0519   -0.0318    0.0301 15 19 12.00    10.00 
  2020 11 18.638854  2 21 52.6067 +13 37 41.709  35.4691946  13.6282525  35.4691962  13.6282520   -0.0057    0.0017    0.0356 15 19 57.00    10.00 
  2020 11 18.639375  2 21 52.6029 +13 37 41.703  35.4691786  13.6282508  35.4691735  13.6282483    0.0180    0.0089    0.0244 15 20 42.00    10.00 
  2020 11 18.639896  2 21 52.5925 +13 37 41.624  35.4691354  13.6282289  35.4691508  13.6282446   -0.0539   -0.0565    0.0406 15 21 27.00    10.00 
  2020 11 18.640417  2 21 52.5906 +13 37 41.660  35.4691275  13.6282389  35.4691281  13.6282409   -0.0022   -0.0071    0.0240 15 22 12.00    10.00 
  2020 11 18.640937  2 21 52.5838 +13 37 41.654  35.4690993  13.6282372  35.4691055  13.6282372   -0.0215    0.0001    0.0237 15 22 57.00    10.00 
  2020 11 18.641458  2 21 52.5805 +13 37 41.613  35.4690856  13.6282258  35.4690828  13.6282335    0.0098   -0.0277    0.0249 15 23 42.00    10.00 
  2020 11 18.641979  2 21 52.5751 +13 37 41.610  35.4690631  13.6282251  35.4690601  13.6282298    0.0106   -0.0168    0.0533 15 24 27.00    10.00 
  2020 11 18.642500  2 21 52.5667 +13 37 41.574  35.4690279  13.6282151  35.4690374  13.6282261   -0.0332   -0.0396    0.0323 15 25 12.00    10.00 
  2020 11 18.643009  2 21 52.5630 +13 37 41.629  35.4690125  13.6282303  35.4690152  13.6282224   -0.0096    0.0284    0.0254 15 25 56.00    10.00 
  2020 11 18.643530  2 21 52.5569 +13 37 41.559  35.4689871  13.6282107  35.4689925  13.6282187   -0.0189   -0.0288    0.0195 15 26 41.00    10.00 
  2020 11 18.644051  2 21 52.5524 +13 37 41.581  35.4689685  13.6282170  35.4689698  13.6282150   -0.0046    0.0072    0.0272 15 27 26.00    10.00 
  2020 11 18.644572  2 21 52.5460 +13 37 41.577  35.4689418  13.6282158  35.4689472  13.6282113   -0.0186    0.0163    0.0468 15 28 11.00    10.00 
  2020 11 18.645093  2 21 52.5418 +13 37 41.549  35.4689242  13.6282080  35.4689245  13.6282075   -0.0010    0.0017    0.0253 15 28 56.00    10.00 
  2020 11 18.645613  2 21 52.5369 +13 37 41.582  35.4689036  13.6282172  35.4689018  13.6282038    0.0066    0.0481    0.0466 15 29 41.00    10.00 
  2020 11 18.646134  2 21 52.5297 +13 37 41.508  35.4688736  13.6281966  35.4688791  13.6282001   -0.0192   -0.0123    0.0404 15 30 26.00    10.00 
  2020 11 18.646655  2 21 52.5206 +13 37 41.493  35.4688358  13.6281925  35.4688564  13.6281963   -0.0721   -0.0139    0.0224 15 31 11.00    10.00 
  2020 11 18.647176  2 21 52.5196 +13 37 41.479  35.4688316  13.6281886  35.4688337  13.6281926   -0.0072   -0.0144    0.0375 15 31 56.00    10.00 
  2020 11 18.647697  2 21 52.5126 +13 37 41.421  35.4688026  13.6281724  35.4688110  13.6281888   -0.0293   -0.0592    0.0354 15 32 41.00    10.00 
  2020 11 18.648738  2 21 52.5056 +13 37 41.453  35.4687735  13.6281815  35.4687656  13.6281814    0.0277    0.0004    0.0345 15 34 11.00    10.00 
  2020 11 18.649259  2 21 52.4973 +13 37 41.427  35.4687389  13.6281743  35.4687429  13.6281776   -0.0139   -0.0120    0.0337 15 34 56.00    10.00 
  2020 11 18.649780  2 21 52.4908 +13 37 41.395  35.4687117  13.6281653  35.4687202  13.6281738   -0.0296   -0.0309    0.0279 15 35 41.00    10.00 
  2020 11 18.650301  2 21 52.4885 +13 37 41.424  35.4687023  13.6281732  35.4686974  13.6281701    0.0169    0.0113    0.0258 15 36 26.00    10.00 
  2020 11 18.650822  2 21 52.4816 +13 37 41.405  35.4686734  13.6281681  35.4686747  13.6281663   -0.0048    0.0063    0.0297 15 37 11.00    10.00 
  2020 11 18.651343  2 21 52.4760 +13 37 41.358  35.4686502  13.6281549  35.4686520  13.6281626   -0.0064   -0.0276    0.0269 15 37 56.00    10.00 
  2020 11 18.651863  2 21 52.4720 +13 37 41.413  35.4686334  13.6281702  35.4686293  13.6281588    0.0141    0.0410    0.0268 15 38 41.00    10.00 
  2020 11 18.652384  2 21 52.4643 +13 37 41.282  35.4686013  13.6281339  35.4686066  13.6281550   -0.0184   -0.0762    0.0268 15 39 26.00    10.00 
  2020 11 18.652905  2 21 52.4593 +13 37 41.316  35.4685802  13.6281433  35.4685839  13.6281512   -0.0128   -0.0286    0.0332 15 40 11.00    10.00 
  2020 11 18.653414  2 21 52.4565 +13 37 41.309  35.4685688  13.6281414  35.4685617  13.6281476    0.0249   -0.0222    0.0266 15 40 55.00    10.00 
  2020 11 18.653935  2 21 52.4465 +13 37 41.307  35.4685269  13.6281408  35.4685390  13.6281438   -0.0421   -0.0108    0.0272 15 41 40.00    10.00 
  2020 11 18.654456  2 21 52.4430 +13 37 41.295  35.4685124  13.6281375  35.4685162  13.6281400   -0.0136   -0.0088    0.0272 15 42 25.00    10.00 
  2020 11 18.654977  2 21 52.4406 +13 37 41.287  35.4685025  13.6281353  35.4684935  13.6281362    0.0316   -0.0034    0.0587 15 43 10.00    10.00 
  2020 11 18.655498  2 21 52.4325 +13 37 41.277  35.4684687  13.6281325  35.4684708  13.6281324   -0.0072    0.0002    0.0189 15 43 55.00    10.00 
  2020 11 18.656019  2 21 52.4257 +13 37 41.235  35.4684403  13.6281208  35.4684481  13.6281286   -0.0273   -0.0282    0.0405 15 44 40.00    10.00 
  2020 11 18.656539  2 21 52.4212 +13 37 41.213  35.4684218  13.6281146  35.4684254  13.6281248   -0.0125   -0.0369    0.0258 15 45 25.00    10.00 
  2020 11 18.657060  2 21 52.4175 +13 37 41.190  35.4684063  13.6281084  35.4684026  13.6281210    0.0130   -0.0455    0.0388 15 46 10.00    10.00 
  2020 11 18.657581  2 21 52.4108 +13 37 41.212  35.4683785  13.6281144  35.4683799  13.6281172   -0.0050   -0.0102    0.0462 15 46 55.00    10.00 
  2020 11 18.658102  2 21 52.4064 +13 37 41.270  35.4683600  13.6281307  35.4683572  13.6281134    0.0099    0.0620    0.0215 15 47 40.00    10.00 
  2020 11 18.658623  2 21 52.4011 +13 37 41.200  35.4683379  13.6281111  35.4683344  13.6281096    0.0123    0.0052    0.0376 15 48 25.00    10.00 
  2020 11 18.659144  2 21 52.3959 +13 37 41.198  35.4683164  13.6281105  35.4683117  13.6281058    0.0164    0.0167    0.0570 15 49 10.00    10.00 
  2020 11 18.659664  2 21 52.3872 +13 37 41.197  35.4682800  13.6281104  35.4682890  13.6281020   -0.0315    0.0302    0.0287 15 49 55.00    10.00 
  2020 11 18.660185  2 21 52.3842 +13 37 41.151  35.4682673  13.6280974  35.4682663  13.6280982    0.0038   -0.0027    0.0368 15 50 40.00    10.00 
  2020 11 18.660706  2 21 52.3759 +13 37 41.138  35.4682327  13.6280938  35.4682435  13.6280944   -0.0378   -0.0022    0.0207 15 51 25.00    10.00 
  2020 11 18.661227  2 21 52.3724 +13 37 41.086  35.4682185  13.6280795  35.4682208  13.6280906   -0.0080   -0.0397    0.0290 15 52 10.00    10.00 
  2020 11 18.661736  2 21 52.3652 +13 37 41.107  35.4681882  13.6280852  35.4681986  13.6280868   -0.0362   -0.0057    0.0324 15 52 54.00    10.00 
  2020 11 18.662257  2 21 52.3618 +13 37 41.078  35.4681742  13.6280773  35.4681758  13.6280830   -0.0057   -0.0204    0.0294 15 53 39.00    10.00 
  2020 11 18.662778  2 21 52.3561 +13 37 41.099  35.4681503  13.6280830  35.4681531  13.6280792   -0.0095    0.0137    0.0459 15 54 24.00    10.00 
  2020 11 18.663299  2 21 52.3503 +13 37 41.067  35.4681264  13.6280740  35.4681303  13.6280753   -0.0136   -0.0046    0.0452 15 55  9.00    10.00 
  2020 11 18.663819  2 21 52.3427 +13 37 41.014  35.4680947  13.6280594  35.4681076  13.6280715   -0.0450   -0.0436    0.0503 15 55 54.00    10.00 
  2020 11 18.664340  2 21 52.3396 +13 37 41.019  35.4680817  13.6280608  35.4680848  13.6280676   -0.0108   -0.0248    0.0429 15 56 39.00    10.00 
  2020 11 18.664861  2 21 52.3339 +13 37 41.018  35.4680579  13.6280605  35.4680621  13.6280638   -0.0146   -0.0117    0.0305 15 57 24.00    10.00 
  2020 11 18.665382  2 21 52.3303 +13 37 41.040  35.4680430  13.6280665  35.4680394  13.6280600    0.0129    0.0237    0.0356 15 58  9.00    10.00 
  2020 11 18.665903  2 21 52.3209 +13 37 41.016  35.4680037  13.6280601  35.4680166  13.6280561   -0.0453    0.0143    0.0319 15 58 54.00    10.00 
  2020 11 18.666424  2 21 52.3175 +13 37 40.981  35.4679897  13.6280502  35.4679939  13.6280523   -0.0147   -0.0073    0.0307 15 59 39.00    10.00 
  2020 11 18.666944  2 21 52.3118 +13 37 40.948  35.4679657  13.6280410  35.4679711  13.6280484   -0.0189   -0.0265    0.0276 16  0 24.00    10.00 
  2020 11 18.667465  2 21 52.3058 +13 37 40.986  35.4679408  13.6280517  35.4679484  13.6280446   -0.0265    0.0259    0.0216 16  1  9.00    10.00 
  2020 11 18.667986  2 21 52.3043 +13 37 40.926  35.4679345  13.6280350  35.4679256  13.6280407    0.0311   -0.0206    0.0265 16  1 54.00    10.00 
  2020 11 18.668507  2 21 52.2949 +13 37 40.896  35.4678955  13.6280268  35.4679029  13.6280368   -0.0259   -0.0362    0.0332 16  2 39.00    10.00 
  2020 11 18.669016  2 21 52.2913 +13 37 40.893  35.4678806  13.6280258  35.4678806  13.6280330   -0.0001   -0.0261    0.0316 16  3 23.00    10.00 
  2020 11 18.669537  2 21 52.2861 +13 37 40.919  35.4678586  13.6280330  35.4678579  13.6280292    0.0027    0.0136    0.0312 16  4  8.00    10.00 
  2020 11 18.670058  2 21 52.2806 +13 37 40.941  35.4678359  13.6280392  35.4678351  13.6280253    0.0028    0.0500    0.0302 16  4 53.00    10.00 
