  2020 11 13.634543  2 22 39.1443 +13 41 42.916  35.6631011  13.6952545  35.6631022  13.6952570   -0.0039   -0.0091    0.0625 15 13 44.50     5.00 
  2020 11 13.635006  2 22 39.1425 +13 41 42.841  35.6630937  13.6952337  35.6630823  13.6952528    0.0398   -0.0688    0.0682 15 14 24.50     5.00 
  2020 11 13.635469  2 22 39.1324 +13 41 42.861  35.6630516  13.6952390  35.6630623  13.6952486   -0.0375   -0.0344    0.0398 15 15  4.50     5.00 
  2020 11 13.636007  2 22 39.1307 +13 41 42.891  35.6630447  13.6952474  35.6630392  13.6952437    0.0192    0.0133    0.0183 15 15 51.00    10.00 
  2020 11 13.636528  2 22 39.1235 +13 41 42.846  35.6630144  13.6952349  35.6630167  13.6952390   -0.0080   -0.0146    0.0268 15 16 36.00    10.00 
  2020 11 13.637049  2 22 39.1190 +13 41 42.863  35.6629956  13.6952396  35.6629943  13.6952342    0.0048    0.0193    0.0327 15 17 21.00    10.00 
  2020 11 13.637569  2 22 39.1126 +13 41 42.845  35.6629691  13.6952348  35.6629718  13.6952295   -0.0094    0.0190    0.0168 15 18  6.00    10.00 
  2020 11 13.638090  2 22 39.1067 +13 41 42.841  35.6629445  13.6952337  35.6629494  13.6952248   -0.0173    0.0320    0.0165 15 18 51.00    10.00 
  2020 11 13.638611  2 22 39.0990 +13 41 42.791  35.6629126  13.6952198  35.6629269  13.6952200   -0.0501   -0.0007    0.0447 15 19 36.00    10.00 
  2020 11 13.639132  2 22 39.0964 +13 41 42.804  35.6629017  13.6952235  35.6629045  13.6952153   -0.0096    0.0294    0.0311 15 20 21.00    10.00 
  2020 11 13.639641  2 22 39.0904 +13 41 42.755  35.6628766  13.6952098  35.6628825  13.6952107   -0.0209   -0.0030    0.0200 15 21  5.00    10.00 
  2020 11 13.640162  2 22 39.0837 +13 41 42.716  35.6628486  13.6951988  35.6628601  13.6952059   -0.0402   -0.0256    0.0126 15 21 50.00    10.00 
  2020 11 13.640683  2 22 39.0804 +13 41 42.712  35.6628352  13.6951978  35.6628377  13.6952012   -0.0087   -0.0121    0.0177 15 22 35.00    10.00 
  2020 11 13.641204  2 22 39.0736 +13 41 42.692  35.6628069  13.6951921  35.6628152  13.6951964   -0.0292   -0.0155    0.0167 15 23 20.00    10.00 
  2020 11 13.641725  2 22 39.0652 +13 41 42.648  35.6627717  13.6951800  35.6627928  13.6951917   -0.0735   -0.0419    0.0276 15 24  5.00    10.00 
  2020 11 13.642245  2 22 39.0632 +13 41 42.677  35.6627632  13.6951880  35.6627703  13.6951870   -0.0248    0.0039    0.0148 15 24 50.00    10.00 
  2020 11 13.642766  2 22 39.0562 +13 41 42.621  35.6627340  13.6951726  35.6627479  13.6951822   -0.0484   -0.0345    0.0333 15 25 35.00    10.00 
  2020 11 13.643287  2 22 39.0514 +13 41 42.625  35.6627143  13.6951737  35.6627254  13.6951775   -0.0387   -0.0136    0.0226 15 26 20.00    10.00 
  2020 11 13.643808  2 22 39.0487 +13 41 42.621  35.6627027  13.6951724  35.6627030  13.6951727   -0.0008   -0.0012    0.0233 15 27  5.00    10.00 
  2020 11 13.644329  2 22 39.0408 +13 41 42.586  35.6626702  13.6951629  35.6626805  13.6951680   -0.0361   -0.0183    0.0200 15 27 50.00    10.00 
  2020 11 13.644850  2 22 39.0332 +13 41 42.569  35.6626384  13.6951581  35.6626581  13.6951632   -0.0687   -0.0186    0.0285 15 28 35.00    10.00 
  2020 11 13.645370  2 22 39.0327 +13 41 42.567  35.6626364  13.6951574  35.6626356  13.6951585    0.0028   -0.0038    0.0193 15 29 20.00    10.00 
  2020 11 13.645891  2 22 39.0257 +13 41 42.531  35.6626073  13.6951474  35.6626132  13.6951537   -0.0206   -0.0226    0.0231 15 30  5.00    10.00 
  2020 11 13.646412  2 22 39.0217 +13 41 42.556  35.6625905  13.6951544  35.6625907  13.6951490   -0.0009    0.0194    0.0156 15 30 50.00    10.00 
  2020 11 13.646933  2 22 39.0142 +13 41 42.499  35.6625591  13.6951387  35.6625683  13.6951442   -0.0320   -0.0198    0.0176 15 31 35.00    10.00 
  2020 11 13.647454  2 22 39.0106 +13 41 42.465  35.6625441  13.6951293  35.6625458  13.6951395   -0.0060   -0.0368    0.0265 15 32 20.00    10.00 
  2020 11 13.647975  2 22 39.0052 +13 41 42.531  35.6625216  13.6951476  35.6625234  13.6951347   -0.0062    0.0464    0.0285 15 33  5.00    10.00 
  2020 11 13.648484  2 22 38.9989 +13 41 42.491  35.6624955  13.6951363  35.6625014  13.6951301   -0.0206    0.0225    0.0266 15 33 49.00    10.00 
  2020 11 13.649005  2 22 38.9928 +13 41 42.418  35.6624699  13.6951161  35.6624789  13.6951253   -0.0316   -0.0332    0.0221 15 34 34.00    10.00 
  2020 11 13.649525  2 22 38.9913 +13 41 42.428  35.6624639  13.6951190  35.6624565  13.6951206    0.0258   -0.0058    0.0166 15 35 19.00    10.00 
  2020 11 13.650046  2 22 38.9843 +13 41 42.432  35.6624346  13.6951199  35.6624340  13.6951158    0.0018    0.0147    0.0176 15 36  4.00    10.00 
  2020 11 13.650567  2 22 38.9803 +13 41 42.404  35.6624179  13.6951122  35.6624116  13.6951110    0.0222    0.0040    0.0206 15 36 49.00    10.00 
  2020 11 13.651088  2 22 38.9696 +13 41 42.369  35.6623734  13.6951025  35.6623891  13.6951063   -0.0550   -0.0135    0.0220 15 37 34.00    10.00 
  2020 11 13.651609  2 22 38.9644 +13 41 42.297  35.6623517  13.6950826  35.6623667  13.6951015   -0.0523   -0.0683    0.0422 15 38 19.00    10.00 
  2020 11 13.652130  2 22 38.9598 +13 41 42.335  35.6623326  13.6950930  35.6623442  13.6950968   -0.0405   -0.0138    0.0269 15 39  4.00    10.00 
  2020 11 13.652650  2 22 38.9582 +13 41 42.364  35.6623259  13.6951010  35.6623218  13.6950920    0.0144    0.0323    0.0225 15 39 49.00    10.00 
  2020 11 13.653171  2 22 38.9479 +13 41 42.308  35.6622828  13.6950854  35.6622993  13.6950873   -0.0578   -0.0065    0.0305 15 40 34.00    10.00 
  2020 11 13.653692  2 22 38.9460 +13 41 42.287  35.6622750  13.6950797  35.6622768  13.6950825   -0.0066   -0.0102    0.0142 15 41 19.00    10.00 
  2020 11 13.654734  2 22 38.9372 +13 41 42.266  35.6622384  13.6950740  35.6622319  13.6950730    0.0225    0.0037    0.0262 15 42 49.00    10.00 
  2020 11 13.655243  2 22 38.9280 +13 41 42.225  35.6622001  13.6950624  35.6622100  13.6950683   -0.0347   -0.0214    0.0189 15 43 33.00    10.00 
  2020 11 13.655764  2 22 38.9229 +13 41 42.201  35.6621786  13.6950558  35.6621875  13.6950635   -0.0313   -0.0278    0.0204 15 44 18.00    10.00 
  2020 11 13.656285  2 22 38.9187 +13 41 42.197  35.6621613  13.6950547  35.6621650  13.6950588   -0.0129   -0.0148    0.0173 15 45  3.00    10.00 
  2020 11 13.656806  2 22 38.9126 +13 41 42.160  35.6621357  13.6950443  35.6621426  13.6950540   -0.0241   -0.0349    0.0227 15 45 48.00    10.00 
  2020 11 13.657326  2 22 38.9075 +13 41 42.189  35.6621145  13.6950524  35.6621201  13.6950492   -0.0197    0.0115    0.0155 15 46 33.00    10.00 
  2020 11 13.657847  2 22 38.9017 +13 41 42.190  35.6620906  13.6950527  35.6620977  13.6950445   -0.0249    0.0296    0.0195 15 47 18.00    10.00 
  2020 11 13.658368  2 22 38.8981 +13 41 42.168  35.6620753  13.6950467  35.6620752  13.6950397    0.0002    0.0252    0.0167 15 48  3.00    10.00 
  2020 11 13.658889  2 22 38.8921 +13 41 42.153  35.6620506  13.6950426  35.6620527  13.6950349   -0.0075    0.0276    0.0254 15 48 48.00    10.00 
  2020 11 13.659931  2 22 38.8793 +13 41 42.068  35.6619971  13.6950190  35.6620078  13.6950254   -0.0375   -0.0231    0.0280 15 50 18.00    10.00 
  2020 11 13.660451  2 22 38.8789 +13 41 42.121  35.6619954  13.6950337  35.6619854  13.6950206    0.0351    0.0472    0.0418 15 51  3.00    10.00 
  2020 11 13.660972  2 22 38.8720 +13 41 42.029  35.6619668  13.6950080  35.6619629  13.6950158    0.0136   -0.0284    0.0230 15 51 48.00    10.00 
  2020 11 13.661493  2 22 38.8641 +13 41 42.029  35.6619337  13.6950080  35.6619404  13.6950111   -0.0237   -0.0110    0.0159 15 52 33.00    10.00 
  2020 11 13.662014  2 22 38.8594 +13 41 41.995  35.6619142  13.6949986  35.6619180  13.6950063   -0.0133   -0.0275    0.0144 15 53 18.00    10.00 
  2020 11 13.662535  2 22 38.8544 +13 41 42.020  35.6618935  13.6950055  35.6618955  13.6950015   -0.0070    0.0143    0.0225 15 54  3.00    10.00 
  2020 11 13.663056  2 22 38.8478 +13 41 41.996  35.6618657  13.6949990  35.6618731  13.6949967   -0.0256    0.0081    0.0147 15 54 48.00    10.00 
  2020 11 13.663576  2 22 38.8425 +13 41 41.970  35.6618439  13.6949916  35.6618506  13.6949920   -0.0233   -0.0014    0.0269 15 55 33.00    10.00 
  2020 11 13.676053  2 22 38.7134 +13 41 41.513  35.6613058  13.6948647  35.6613124  13.6948773   -0.0230   -0.0453    0.0077 16 13 31.00    10.00 
  2020 11 13.676574  2 22 38.7067 +13 41 41.514  35.6612780  13.6948651  35.6612899  13.6948725   -0.0417   -0.0267    0.0238 16 14 16.00    10.00 
  2020 11 13.677095  2 22 38.7052 +13 41 41.515  35.6612717  13.6948652  35.6612675  13.6948677    0.0148   -0.0088    0.0276 16 15  1.00    10.00 
  2020 11 13.677616  2 22 38.6985 +13 41 41.548  35.6612439  13.6948743  35.6612450  13.6948629   -0.0037    0.0413    0.0355 16 15 46.00    10.00 
  2020 11 13.678137  2 22 38.6929 +13 41 41.459  35.6612204  13.6948498  35.6612225  13.6948581   -0.0075   -0.0296    0.0265 16 16 31.00    10.00 
  2020 11 13.678657  2 22 38.6875 +13 41 41.459  35.6611978  13.6948497  35.6612001  13.6948533   -0.0079   -0.0128    0.0207 16 17 16.00    10.00 
  2020 11 13.679178  2 22 38.6802 +13 41 41.482  35.6611676  13.6948562  35.6611776  13.6948485   -0.0350    0.0279    0.0152 16 18  1.00    10.00 
  2020 11 13.679699  2 22 38.6760 +13 41 41.435  35.6611501  13.6948430  35.6611551  13.6948437   -0.0175   -0.0023    0.0235 16 18 46.00    10.00 
  2020 11 13.680220  2 22 38.6746 +13 41 41.397  35.6611443  13.6948325  35.6611326  13.6948389    0.0408   -0.0228    0.0279 16 19 31.00    10.00 
  2020 11 13.680741  2 22 38.6647 +13 41 41.401  35.6611031  13.6948337  35.6611102  13.6948341   -0.0249   -0.0014    0.0255 16 20 16.00    10.00 
  2020 11 13.681262  2 22 38.6600 +13 41 41.356  35.6610834  13.6948210  35.6610877  13.6948293   -0.0150   -0.0296    0.0124 16 21  1.00    10.00 
  2020 11 13.681782  2 22 38.6516 +13 41 41.347  35.6610485  13.6948187  35.6610652  13.6948244   -0.0584   -0.0208    0.0155 16 21 46.00    10.00 
  2020 11 13.682303  2 22 38.6515 +13 41 41.380  35.6610480  13.6948277  35.6610428  13.6948196    0.0184    0.0289    0.0079 16 22 31.00    10.00 
  2020 11 13.682824  2 22 38.6445 +13 41 41.335  35.6610189  13.6948152  35.6610203  13.6948148   -0.0050    0.0012    0.0250 16 23 16.00    10.00 
  2020 11 13.683345  2 22 38.6381 +13 41 41.325  35.6609919  13.6948126  35.6609978  13.6948100   -0.0206    0.0093    0.0209 16 24  1.00    10.00 
  2020 11 13.683866  2 22 38.6316 +13 41 41.260  35.6609648  13.6947944  35.6609753  13.6948052   -0.0368   -0.0391    0.0206 16 24 46.00    10.00 
  2020 11 13.684907  2 22 38.6227 +13 41 41.228  35.6609279  13.6947857  35.6609304  13.6947956   -0.0089   -0.0357    0.0196 16 26 16.00    10.00 
  2020 11 13.685428  2 22 38.6162 +13 41 41.251  35.6609008  13.6947920  35.6609079  13.6947908   -0.0251    0.0045    0.0266 16 27  1.00    10.00 
  2020 11 13.685937  2 22 38.6116 +13 41 41.214  35.6608815  13.6947818  35.6608860  13.6947861   -0.0156   -0.0154    0.0131 16 27 45.00    10.00 
  2020 11 13.686458  2 22 38.6068 +13 41 41.189  35.6608616  13.6947748  35.6608635  13.6947813   -0.0068   -0.0234    0.0119 16 28 30.00    10.00 
  2020 11 13.686979  2 22 38.5987 +13 41 41.182  35.6608281  13.6947727  35.6608410  13.6947764   -0.0452   -0.0135    0.0208 16 29 15.00    10.00 
  2020 11 13.687500  2 22 38.5978 +13 41 41.163  35.6608240  13.6947676  35.6608186  13.6947716    0.0191   -0.0146    0.0464 16 30  0.00    10.00 
  2020 11 13.688021  2 22 38.5897 +13 41 41.134  35.6607906  13.6947596  35.6607961  13.6947668   -0.0193   -0.0260    0.0151 16 30 45.00    10.00 
  2020 11 13.688542  2 22 38.5848 +13 41 41.100  35.6607698  13.6947500  35.6607736  13.6947620   -0.0133   -0.0433    0.0341 16 31 30.00    10.00 
  2020 11 13.689063  2 22 38.5754 +13 41 41.110  35.6607307  13.6947527  35.6607511  13.6947572   -0.0715   -0.0161    0.0366 16 32 15.00    10.00 
  2020 11 13.689583  2 22 38.5745 +13 41 41.109  35.6607273  13.6947524  35.6607287  13.6947524   -0.0049    0.0001    0.0233 16 33  0.00    10.00 
  2020 11 13.690104  2 22 38.5689 +13 41 41.094  35.6607039  13.6947483  35.6607062  13.6947475   -0.0080    0.0026    0.0401 16 33 45.00    10.00 
  2020 11 13.690625  2 22 38.5627 +13 41 41.067  35.6606778  13.6947408  35.6606837  13.6947427   -0.0207   -0.0069    0.0115 16 34 30.00    10.00 
  2020 11 13.691146  2 22 38.5557 +13 41 41.014  35.6606486  13.6947260  35.6606612  13.6947379   -0.0444   -0.0429    0.0247 16 35 15.00    10.00 
  2020 11 13.691667  2 22 38.5547 +13 41 41.001  35.6606445  13.6947225  35.6606388  13.6947331    0.0200   -0.0381    0.0221 16 36  0.00    10.00 
  2020 11 13.692187  2 22 38.5456 +13 41 41.022  35.6606069  13.6947283  35.6606163  13.6947283   -0.0330    0.0001    0.0227 16 36 45.00    10.00 
  2020 11 13.692708  2 22 38.5444 +13 41 41.009  35.6606016  13.6947247  35.6605938  13.6947234    0.0270    0.0047    0.0256 16 37 30.00    10.00 
  2020 11 13.693229  2 22 38.5392 +13 41 40.943  35.6605801  13.6947065  35.6605714  13.6947186    0.0305   -0.0436    0.0296 16 38 15.00    10.00 
  2020 11 13.693750  2 22 38.5333 +13 41 40.975  35.6605552  13.6947153  35.6605489  13.6947138    0.0222    0.0056    0.0305 16 39  0.00    10.00 
  2020 11 13.694259  2 22 38.5266 +13 41 40.989  35.6605274  13.6947191  35.6605269  13.6947091    0.0018    0.0361    0.0219 16 39 44.00    10.00 
  2020 11 13.694780  2 22 38.5195 +13 41 40.898  35.6604980  13.6946940  35.6605044  13.6947042   -0.0227   -0.0369    0.0148 16 40 29.00    10.00 
  2020 11 13.695301  2 22 38.5149 +13 41 40.891  35.6604789  13.6946919  35.6604820  13.6946994   -0.0108   -0.0270    0.0223 16 41 14.00    10.00 
  2020 11 13.695822  2 22 38.5056 +13 41 40.852  35.6604402  13.6946812  35.6604595  13.6946946   -0.0675   -0.0482    0.0286 16 41 59.00    10.00 
  2020 11 13.696343  2 22 38.5053 +13 41 40.869  35.6604389  13.6946857  35.6604370  13.6946897    0.0065   -0.0145    0.0279 16 42 44.00    10.00 
  2020 11 13.696863  2 22 38.4988 +13 41 40.837  35.6604115  13.6946770  35.6604146  13.6946849   -0.0108   -0.0284    0.0270 16 43 29.00    10.00 
  2020 11 13.697384  2 22 38.4927 +13 41 40.850  35.6603861  13.6946805  35.6603921  13.6946801   -0.0210    0.0015    0.0252 16 44 14.00    10.00 
  2020 11 13.697905  2 22 38.4860 +13 41 40.797  35.6603583  13.6946658  35.6603696  13.6946753   -0.0394   -0.0341    0.0219 16 44 59.00    10.00 
  2020 11 13.698426  2 22 38.4841 +13 41 40.818  35.6603506  13.6946717  35.6603471  13.6946704    0.0120    0.0047    0.0246 16 45 44.00    10.00 
  2020 11 13.698947  2 22 38.4793 +13 41 40.796  35.6603305  13.6946655  35.6603247  13.6946656    0.0205   -0.0003    0.0313 16 46 29.00    10.00 
  2020 11 13.699468  2 22 38.4691 +13 41 40.793  35.6602881  13.6946646  35.6603022  13.6946608   -0.0495    0.0140    0.0298 16 47 14.00    10.00 
  2020 11 13.699988  2 22 38.4666 +13 41 40.758  35.6602774  13.6946550  35.6602797  13.6946559   -0.0081   -0.0035    0.0252 16 47 59.00    10.00 
  2020 11 13.700509  2 22 38.4627 +13 41 40.755  35.6602613  13.6946540  35.6602573  13.6946511    0.0143    0.0106    0.0203 16 48 44.00    10.00 
  2020 11 13.701030  2 22 38.4530 +13 41 40.705  35.6602207  13.6946404  35.6602348  13.6946462   -0.0493   -0.0212    0.0271 16 49 29.00    10.00 
  2020 11 13.701551  2 22 38.4460 +13 41 40.711  35.6601918  13.6946418  35.6602123  13.6946414   -0.0717    0.0016    0.0213 16 50 14.00    10.00 
  2020 11 13.702072  2 22 38.4434 +13 41 40.670  35.6601806  13.6946304  35.6601898  13.6946366   -0.0322   -0.0221    0.0141 16 50 59.00    10.00 
  2020 11 13.702402  2 22 38.4394 +13 41 40.649  35.6601641  13.6946246  35.6601756  13.6946335   -0.0404   -0.0321    0.0155 16 51 27.50    15.00 
  2020 11 13.702980  2 22 38.4314 +13 41 40.643  35.6601309  13.6946230  35.6601506  13.6946281   -0.0689   -0.0183    0.0255 16 52 17.50    15.00 
  2020 11 13.703559  2 22 38.4282 +13 41 40.660  35.6601176  13.6946279  35.6601257  13.6946227   -0.0281    0.0185    0.0170 16 53  7.50    15.00 
  2020 11 13.704138  2 22 38.4231 +13 41 40.600  35.6600963  13.6946112  35.6601007  13.6946174   -0.0154   -0.0223    0.0140 16 53 57.50    15.00 
  2020 11 13.704716  2 22 38.4176 +13 41 40.639  35.6600735  13.6946220  35.6600757  13.6946120   -0.0078    0.0361    0.0207 16 54 47.50    15.00 
  2020 11 13.705295  2 22 38.4120 +13 41 40.573  35.6600499  13.6946037  35.6600508  13.6946066   -0.0029   -0.0105    0.0142 16 55 37.50    15.00 
  2020 11 13.705874  2 22 38.4083 +13 41 40.592  35.6600347  13.6946088  35.6600258  13.6946012    0.0312    0.0273    0.0280 16 56 27.50    15.00 
  2020 11 13.706453  2 22 38.3974 +13 41 40.516  35.6599893  13.6945878  35.6600008  13.6945958   -0.0404   -0.0289    0.0087 16 57 17.50    15.00 
  2020 11 13.707031  2 22 38.3977 +13 41 40.553  35.6599905  13.6945980  35.6599759  13.6945905    0.0512    0.0270    0.0410 16 58  7.50    15.00 
  2020 11 13.707610  2 22 38.3898 +13 41 40.522  35.6599575  13.6945895  35.6599509  13.6945851    0.0231    0.0159    0.0149 16 58 57.50    15.00 
  2020 11 13.708189  2 22 38.3755 +13 41 40.404  35.6598981  13.6945567  35.6599259  13.6945797   -0.0973   -0.0828    0.0445 16 59 47.50    15.00 
  2020 11 13.709346  2 22 38.3716 +13 41 40.419  35.6598819  13.6945609  35.6598760  13.6945689    0.0205   -0.0289    0.0489 17  1 27.50    15.00 
  2020 11 13.709925  2 22 38.3593 +13 41 40.341  35.6598305  13.6945392  35.6598510  13.6945635   -0.0719   -0.0875    0.0301 17  2 17.50    15.00 
  2020 11 13.710503  2 22 38.3606 +13 41 40.403  35.6598357  13.6945564  35.6598261  13.6945581    0.0337   -0.0063    0.0392 17  3  7.50    15.00 
  2020 11 13.711661  2 22 38.3467 +13 41 40.341  35.6597778  13.6945391  35.6597761  13.6945473    0.0059   -0.0295    0.0482 17  4 47.50    15.00 
  2020 11 13.712240  2 22 38.3419 +13 41 40.363  35.6597578  13.6945453  35.6597512  13.6945419    0.0233    0.0120    0.0287 17  5 37.50    15.00 
  2020 11 13.712818  2 22 38.3356 +13 41 40.355  35.6597317  13.6945431  35.6597262  13.6945365    0.0193    0.0236    0.0291 17  6 27.50    15.00 
  2020 11 13.713397  2 22 38.3243 +13 41 40.255  35.6596845  13.6945154  35.6597012  13.6945312   -0.0586   -0.0568    0.0352 17  7 17.50    15.00 
  2020 11 13.713976  2 22 38.3222 +13 41 40.288  35.6596759  13.6945244  35.6596763  13.6945258   -0.0012   -0.0048    0.0134 17  8  7.50    15.00 
  2020 11 13.714554  2 22 38.3156 +13 41 40.244  35.6596482  13.6945121  35.6596513  13.6945204   -0.0107   -0.0296    0.0317 17  8 57.50    15.00 
  2020 11 13.715133  2 22 38.3074 +13 41 40.286  35.6596141  13.6945239  35.6596263  13.6945150   -0.0427    0.0322    0.0278 17  9 47.50    15.00 
  2020 11 13.715712  2 22 38.3033 +13 41 40.178  35.6595969  13.6944938  35.6596014  13.6945096   -0.0156   -0.0569    0.0275 17 10 37.50    15.00 
  2020 11 13.716291  2 22 38.2961 +13 41 40.175  35.6595672  13.6944930  35.6595764  13.6945042   -0.0321   -0.0402    0.0223 17 11 27.50    15.00 
  2020 11 13.716858  2 22 38.2930 +13 41 40.240  35.6595544  13.6945110  35.6595519  13.6944989    0.0085    0.0438    0.0351 17 12 16.50    15.00 
  2020 11 13.717436  2 22 38.2845 +13 41 40.243  35.6595189  13.6945120  35.6595270  13.6944935   -0.0281    0.0667    0.0728 17 13  6.50    15.00 
  2020 11 13.718015  2 22 38.2794 +13 41 40.119  35.6594974  13.6944774  35.6595020  13.6944881   -0.0162   -0.0383    0.0300 17 13 56.50    15.00 
  2020 11 13.718594  2 22 38.2754 +13 41 40.124  35.6594810  13.6944788  35.6594770  13.6944826    0.0139   -0.0137    0.0235 17 14 46.50    15.00 
  2020 11 13.719172  2 22 38.2672 +13 41 40.098  35.6594467  13.6944716  35.6594521  13.6944772   -0.0189   -0.0202    0.0216 17 15 36.50    15.00 
  2020 11 13.719751  2 22 38.2636 +13 41 40.067  35.6594318  13.6944630  35.6594271  13.6944718    0.0164   -0.0318    0.0355 17 16 26.50    15.00 
  2020 11 13.720330  2 22 38.2588 +13 41 40.101  35.6594117  13.6944726  35.6594021  13.6944664    0.0335    0.0223    0.0305 17 17 16.50    15.00 
  2020 11 14.638316  2 22 28.8643 +13 41  6.086  35.6202677  13.6850238  35.6202623  13.6850306    0.0192   -0.0246    0.0184 15 19 10.50    15.00 
  2020 11 14.638692  2 22 28.8583 +13 41  6.060  35.6202427  13.6850165  35.6202459  13.6850264   -0.0110   -0.0354    0.0211 15 19 43.00    10.00 
  2020 11 14.639213  2 22 28.8517 +13 41  6.074  35.6202152  13.6850205  35.6202231  13.6850205   -0.0278    0.0002    0.0306 15 20 28.00    10.00 
  2020 11 14.639734  2 22 28.8461 +13 41  6.037  35.6201920  13.6850103  35.6202004  13.6850146   -0.0294   -0.0152    0.0237 15 21 13.00    10.00 
  2020 11 14.640243  2 22 28.8432 +13 41  5.999  35.6201798  13.6849997  35.6201782  13.6850088    0.0055   -0.0327    0.0218 15 21 57.00    10.00 
  2020 11 14.640775  2 22 28.8363 +13 41  5.989  35.6201513  13.6849970  35.6201550  13.6850028   -0.0131   -0.0207    0.0180 15 22 43.00    10.00 
  2020 11 14.641296  2 22 28.8324 +13 41  5.972  35.6201350  13.6849922  35.6201323  13.6849969    0.0096   -0.0167    0.0185 15 23 28.00    10.00 
  2020 11 14.641817  2 22 28.8252 +13 41  5.968  35.6201048  13.6849912  35.6201096  13.6849910   -0.0166    0.0008    0.0163 15 24 13.00    10.00 
  2020 11 14.642326  2 22 28.8217 +13 41  5.925  35.6200906  13.6849792  35.6200874  13.6849852    0.0112   -0.0218    0.0224 15 24 57.00    10.00 
  2020 11 14.642847  2 22 28.8166 +13 41  5.907  35.6200691  13.6849741  35.6200646  13.6849793    0.0157   -0.0186    0.0179 15 25 42.00    10.00 
  2020 11 14.643368  2 22 28.8084 +13 41  5.883  35.6200350  13.6849676  35.6200419  13.6849734   -0.0241   -0.0208    0.0173 15 26 27.00    10.00 
  2020 11 14.643889  2 22 28.8041 +13 41  5.890  35.6200170  13.6849696  35.6200192  13.6849675   -0.0078    0.0075    0.0209 15 27 12.00    10.00 
  2020 11 14.644410  2 22 28.7987 +13 41  5.845  35.6199944  13.6849569  35.6199965  13.6849616   -0.0073   -0.0170    0.0171 15 27 57.00    10.00 
  2020 11 14.644931  2 22 28.7946 +13 41  5.813  35.6199774  13.6849480  35.6199738  13.6849557    0.0127   -0.0277    0.0125 15 28 42.00    10.00 
  2020 11 14.645451  2 22 28.7875 +13 41  5.798  35.6199479  13.6849438  35.6199511  13.6849498   -0.0112   -0.0215    0.0186 15 29 27.00    10.00 
  2020 11 14.645972  2 22 28.7834 +13 41  5.784  35.6199308  13.6849400  35.6199283  13.6849439    0.0085   -0.0139    0.0189 15 30 12.00    10.00 
  2020 11 14.646493  2 22 28.7768 +13 41  5.808  35.6199034  13.6849466  35.6199056  13.6849380   -0.0077    0.0310    0.0262 15 30 57.00    10.00 
  2020 11 14.647014  2 22 28.7699 +13 41  5.731  35.6198745  13.6849252  35.6198829  13.6849321   -0.0294   -0.0248    0.0189 15 31 42.00    10.00 
  2020 11 14.647535  2 22 28.7672 +13 41  5.736  35.6198632  13.6849265  35.6198602  13.6849261    0.0104    0.0015    0.0305 15 32 27.00    10.00 
  2020 11 14.648044  2 22 28.7597 +13 41  5.702  35.6198322  13.6849172  35.6198380  13.6849204   -0.0203   -0.0112    0.0276 15 33 11.00    10.00 
  2020 11 14.648565  2 22 28.7565 +13 41  5.685  35.6198189  13.6849126  35.6198153  13.6849144    0.0129   -0.0066    0.0338 15 33 56.00    10.00 
  2020 11 14.649086  2 22 28.7504 +13 41  5.670  35.6197933  13.6849082  35.6197925  13.6849085    0.0028   -0.0012    0.0399 15 34 41.00    10.00 
  2020 11 14.649606  2 22 28.7443 +13 41  5.632  35.6197681  13.6848979  35.6197698  13.6849026   -0.0062   -0.0171    0.0183 15 35 26.00    10.00 
  2020 11 14.650127  2 22 28.7385 +13 41  5.645  35.6197439  13.6849013  35.6197471  13.6848967   -0.0111    0.0166    0.0123 15 36 11.00    10.00 
  2020 11 14.650648  2 22 28.7330 +13 41  5.622  35.6197207  13.6848950  35.6197244  13.6848908   -0.0128    0.0153    0.0182 15 36 56.00    10.00 
  2020 11 14.651169  2 22 28.7277 +13 41  5.584  35.6196987  13.6848845  35.6197017  13.6848849   -0.0103   -0.0015    0.0177 15 37 41.00    10.00 
  2020 11 14.651690  2 22 28.7221 +13 41  5.584  35.6196753  13.6848844  35.6196789  13.6848790   -0.0127    0.0197    0.0124 15 38 26.00    10.00 
  2020 11 14.652211  2 22 28.7150 +13 41  5.541  35.6196457  13.6848725  35.6196562  13.6848730   -0.0367   -0.0019    0.0308 15 39 11.00    10.00 
  2020 11 14.652731  2 22 28.7115 +13 41  5.519  35.6196314  13.6848664  35.6196335  13.6848671   -0.0074   -0.0025    0.0103 15 39 56.00    10.00 
  2020 11 14.653252  2 22 28.7056 +13 41  5.525  35.6196067  13.6848679  35.6196108  13.6848612   -0.0144    0.0243    0.0135 15 40 41.00    10.00 
  2020 11 14.653773  2 22 28.7033 +13 41  5.458  35.6195973  13.6848494  35.6195881  13.6848553    0.0322   -0.0210    0.0226 15 41 26.00    10.00 
  2020 11 14.654294  2 22 28.6948 +13 41  5.463  35.6195618  13.6848509  35.6195653  13.6848493   -0.0123    0.0057    0.0108 15 42 11.00    10.00 
  2020 11 14.654803  2 22 28.6889 +13 41  5.453  35.6195371  13.6848481  35.6195431  13.6848436   -0.0212    0.0162    0.0131 15 42 55.00    10.00 
  2020 11 14.655324  2 22 28.6843 +13 41  5.411  35.6195179  13.6848365  35.6195204  13.6848376   -0.0087   -0.0040    0.0271 15 43 40.00    10.00 
  2020 11 14.656366  2 22 28.6738 +13 41  5.356  35.6194743  13.6848212  35.6194750  13.6848258   -0.0024   -0.0163    0.0248 15 45 10.00    10.00 
  2020 11 14.657407  2 22 28.6635 +13 41  5.306  35.6194314  13.6848071  35.6194295  13.6848139    0.0064   -0.0246    0.0196 15 46 40.00    10.00 
  2020 11 14.657928  2 22 28.6577 +13 41  5.274  35.6194070  13.6847983  35.6194068  13.6848080    0.0007   -0.0348    0.0181 15 47 25.00    10.00 
  2020 11 14.658449  2 22 28.6529 +13 41  5.256  35.6193870  13.6847933  35.6193841  13.6848021    0.0101   -0.0314    0.0147 15 48 10.00    10.00 
  2020 11 14.658970  2 22 28.6470 +13 41  5.250  35.6193624  13.6847917  35.6193614  13.6847961    0.0037   -0.0161    0.0077 15 48 55.00    10.00 
  2020 11 14.659491  2 22 28.6425 +13 41  5.217  35.6193437  13.6847825  35.6193386  13.6847902    0.0177   -0.0277    0.0296 15 49 40.00    10.00 
  2020 11 14.660012  2 22 28.6345 +13 41  5.206  35.6193106  13.6847796  35.6193159  13.6847843   -0.0187   -0.0169    0.0163 15 50 25.00    10.00 
  2020 11 14.660521  2 22 28.6301 +13 41  5.221  35.6192920  13.6847836  35.6192937  13.6847785   -0.0060    0.0183    0.0214 15 51  9.00    10.00 
  2020 11 14.661042  2 22 28.6251 +13 41  5.174  35.6192713  13.6847705  35.6192710  13.6847725    0.0009   -0.0073    0.0129 15 51 54.00    10.00 
  2020 11 14.661563  2 22 28.6190 +13 41  5.179  35.6192458  13.6847720  35.6192483  13.6847666   -0.0087    0.0197    0.0195 15 52 39.00    10.00 
  2020 11 14.662083  2 22 28.6133 +13 41  5.133  35.6192223  13.6847592  35.6192255  13.6847606   -0.0114   -0.0051    0.0238 15 53 24.00    10.00 
  2020 11 14.662604  2 22 28.6088 +13 41  5.123  35.6192035  13.6847564  35.6192028  13.6847547    0.0022    0.0063    0.0180 15 54  9.00    10.00 
  2020 11 14.663125  2 22 28.6029 +13 41  5.054  35.6191789  13.6847373  35.6191801  13.6847488   -0.0042   -0.0414    0.0168 15 54 54.00    10.00 
  2020 11 14.663646  2 22 28.5954 +13 41  5.015  35.6191473  13.6847264  35.6191574  13.6847428   -0.0351   -0.0590    0.0310 15 55 39.00    10.00 
  2020 11 14.664167  2 22 28.5911 +13 41  5.036  35.6191295  13.6847322  35.6191347  13.6847369   -0.0181   -0.0170    0.0267 15 56 24.00    10.00 
  2020 11 14.664687  2 22 28.5873 +13 41  4.991  35.6191138  13.6847198  35.6191119  13.6847309    0.0064   -0.0401    0.0259 15 57  9.00    10.00 
  2020 11 14.665208  2 22 28.5812 +13 41  5.012  35.6190885  13.6847257  35.6190892  13.6847250   -0.0025    0.0025    0.0117 15 57 54.00    10.00 
  2020 11 14.665729  2 22 28.5779 +13 41  4.967  35.6190747  13.6847132  35.6190665  13.6847191    0.0285   -0.0211    0.0225 15 58 39.00    10.00 
  2020 11 14.666250  2 22 28.5696 +13 41  4.981  35.6190399  13.6847168  35.6190438  13.6847131   -0.0137    0.0134    0.0152 15 59 24.00    10.00 
  2020 11 14.666771  2 22 28.5648 +13 41  4.940  35.6190201  13.6847055  35.6190211  13.6847072   -0.0034   -0.0059    0.0212 16  0  9.00    10.00 
  2020 11 14.667280  2 22 28.5605 +13 41  4.951  35.6190023  13.6847086  35.6189989  13.6847014    0.0120    0.0262    0.0244 16  0 53.00    10.00 
  2020 11 14.667801  2 22 28.5541 +13 41  4.893  35.6189755  13.6846926  35.6189761  13.6846954   -0.0021   -0.0100    0.0172 16  1 38.00    10.00 
  2020 11 14.668322  2 22 28.5483 +13 41  4.873  35.6189511  13.6846870  35.6189534  13.6846895   -0.0080   -0.0089    0.0100 16  2 23.00    10.00 
  2020 11 14.668843  2 22 28.5432 +13 41  4.861  35.6189299  13.6846837  35.6189307  13.6846835   -0.0026    0.0008    0.0144 16  3  8.00    10.00 
  2020 11 14.669363  2 22 28.5371 +13 41  4.841  35.6189047  13.6846780  35.6189080  13.6846776   -0.0114    0.0018    0.0236 16  3 53.00    10.00 
  2020 11 14.669884  2 22 28.5329 +13 41  4.815  35.6188870  13.6846709  35.6188852  13.6846716    0.0063   -0.0025    0.0245 16  4 38.00    10.00 
  2020 11 14.670405  2 22 28.5260 +13 41  4.767  35.6188583  13.6846576  35.6188625  13.6846656   -0.0149   -0.0290    0.0179 16  5 23.00    10.00 
  2020 11 14.670926  2 22 28.5201 +13 41  4.771  35.6188336  13.6846586  35.6188398  13.6846597   -0.0217   -0.0041    0.0205 16  6  8.00    10.00 
  2020 11 14.671447  2 22 28.5143 +13 41  4.736  35.6188094  13.6846488  35.6188171  13.6846537   -0.0269   -0.0178    0.0249 16  6 53.00    10.00 
  2020 11 14.671968  2 22 28.5098 +13 41  4.724  35.6187907  13.6846456  35.6187944  13.6846478   -0.0127   -0.0077    0.0113 16  7 38.00    10.00 
  2020 11 14.672488  2 22 28.5050 +13 41  4.698  35.6187709  13.6846383  35.6187716  13.6846418   -0.0027   -0.0127    0.0145 16  8 23.00    10.00 
  2020 11 14.673009  2 22 28.4969 +13 41  4.665  35.6187371  13.6846290  35.6187489  13.6846359   -0.0415   -0.0246    0.0159 16  9  8.00    10.00 
  2020 11 14.673519  2 22 28.4953 +13 41  4.666  35.6187304  13.6846293  35.6187267  13.6846300    0.0127   -0.0026    0.0134 16  9 52.00    10.00 
  2020 11 14.674039  2 22 28.4862 +13 41  4.671  35.6186925  13.6846310  35.6187040  13.6846241   -0.0401    0.0247    0.0183 16 10 37.00    10.00 
  2020 11 14.674560  2 22 28.4811 +13 41  4.638  35.6186713  13.6846217  35.6186813  13.6846181   -0.0349    0.0127    0.0214 16 11 22.00    10.00 
  2020 11 14.675081  2 22 28.4772 +13 41  4.595  35.6186551  13.6846098  35.6186586  13.6846122   -0.0120   -0.0086    0.0183 16 12  7.00    10.00 
  2020 11 14.675602  2 22 28.4734 +13 41  4.565  35.6186392  13.6846015  35.6186358  13.6846062    0.0117   -0.0170    0.0214 16 12 52.00    10.00 
  2020 11 14.676123  2 22 28.4678 +13 41  4.572  35.6186159  13.6846033  35.6186131  13.6846002    0.0097    0.0110    0.0265 16 13 37.00    10.00 
  2020 11 14.676644  2 22 28.4608 +13 41  4.533  35.6185867  13.6845925  35.6185904  13.6845943   -0.0128   -0.0063    0.0134 16 14 22.00    10.00 
  2020 11 14.677164  2 22 28.4541 +13 41  4.520  35.6185587  13.6845889  35.6185677  13.6845883   -0.0315    0.0023    0.0187 16 15  7.00    10.00 
  2020 11 14.677685  2 22 28.4513 +13 41  4.496  35.6185470  13.6845821  35.6185450  13.6845823    0.0072   -0.0007    0.0374 16 15 52.00    10.00 
  2020 11 14.678206  2 22 28.4436 +13 41  4.450  35.6185149  13.6845693  35.6185222  13.6845764   -0.0257   -0.0254    0.0293 16 16 37.00    10.00 
  2020 11 14.678727  2 22 28.4403 +13 41  4.461  35.6185013  13.6845726  35.6184995  13.6845704    0.0063    0.0079    0.0301 16 17 22.00    10.00 
  2020 11 14.679248  2 22 28.4326 +13 41  4.411  35.6184691  13.6845585  35.6184768  13.6845644   -0.0270   -0.0213    0.0331 16 18  7.00    10.00 
  2020 11 14.679757  2 22 28.4316 +13 41  4.377  35.6184651  13.6845493  35.6184546  13.6845586    0.0367   -0.0336    0.0224 16 18 51.00    10.00 
  2020 11 14.680278  2 22 28.4234 +13 41  4.369  35.6184309  13.6845469  35.6184319  13.6845526   -0.0032   -0.0206    0.0179 16 19 36.00    10.00 
  2020 11 14.680799  2 22 28.4169 +13 41  4.349  35.6184037  13.6845414  35.6184092  13.6845467   -0.0190   -0.0190    0.0278 16 20 21.00    10.00 
  2020 11 14.681319  2 22 28.4123 +13 41  4.346  35.6183845  13.6845405  35.6183864  13.6845407   -0.0069   -0.0005    0.0253 16 21  6.00    10.00 
  2020 11 14.681840  2 22 28.4045 +13 41  4.335  35.6183523  13.6845374  35.6183637  13.6845347   -0.0401    0.0096    0.0194 16 21 51.00    10.00 
  2020 11 14.682361  2 22 28.4033 +13 41  4.275  35.6183470  13.6845209  35.6183410  13.6845287    0.0208   -0.0283    0.0167 16 22 36.00    10.00 
  2020 11 14.682882  2 22 28.3939 +13 41  4.270  35.6183081  13.6845194  35.6183183  13.6845228   -0.0356   -0.0122    0.0101 16 23 21.00    10.00 
  2020 11 14.683403  2 22 28.3900 +13 41  4.281  35.6182916  13.6845225  35.6182956  13.6845168   -0.0138    0.0207    0.0141 16 24  6.00    10.00 
  2020 11 14.683924  2 22 28.3863 +13 41  4.248  35.6182763  13.6845133  35.6182728  13.6845108    0.0122    0.0091    0.0124 16 24 51.00    10.00 
  2020 11 14.684444  2 22 28.3814 +13 41  4.175  35.6182558  13.6844929  35.6182501  13.6845048    0.0197   -0.0428    0.0179 16 25 36.00    10.00 
  2020 11 14.684965  2 22 28.3743 +13 41  4.203  35.6182262  13.6845008  35.6182274  13.6844988   -0.0044    0.0070    0.0155 16 26 21.00    10.00 
  2020 11 14.685486  2 22 28.3694 +13 41  4.163  35.6182060  13.6844896  35.6182047  13.6844929    0.0047   -0.0116    0.0187 16 27  6.00    10.00 
  2020 11 14.685995  2 22 28.3627 +13 41  4.134  35.6181781  13.6844817  35.6181825  13.6844870   -0.0154   -0.0191    0.0235 16 27 50.00    10.00 
  2020 11 14.686516  2 22 28.3563 +13 41  4.135  35.6181511  13.6844818  35.6181598  13.6844810   -0.0304    0.0029    0.0159 16 28 35.00    10.00 
  2020 11 14.687037  2 22 28.3516 +13 41  4.085  35.6181315  13.6844681  35.6181370  13.6844750   -0.0194   -0.0251    0.0195 16 29 20.00    10.00 
  2020 11 14.687558  2 22 28.3441 +13 41  4.082  35.6181003  13.6844671  35.6181143  13.6844691   -0.0489   -0.0070    0.0319 16 30  5.00    10.00 
  2020 11 14.688079  2 22 28.3402 +13 41  4.056  35.6180842  13.6844601  35.6180916  13.6844631   -0.0259   -0.0106    0.0138 16 30 50.00    10.00 
  2020 11 14.688600  2 22 28.3358 +13 41  4.050  35.6180658  13.6844583  35.6180689  13.6844571   -0.0107    0.0045    0.0142 16 31 35.00    10.00 
  2020 11 14.689120  2 22 28.3316 +13 41  4.033  35.6180485  13.6844537  35.6180462  13.6844511    0.0082    0.0095    0.0188 16 32 20.00    10.00 
  2020 11 14.689641  2 22 28.3232 +13 41  4.000  35.6180132  13.6844446  35.6180235  13.6844451   -0.0359   -0.0019    0.0157 16 33  5.00    10.00 
  2020 11 14.690162  2 22 28.3189 +13 41  3.958  35.6179952  13.6844328  35.6180008  13.6844391   -0.0193   -0.0228    0.0199 16 33 50.00    10.00 
  2020 11 14.690683  2 22 28.3114 +13 41  3.927  35.6179640  13.6844242  35.6179780  13.6844331   -0.0491   -0.0320    0.0302 16 34 35.00    10.00 
  2020 11 14.691204  2 22 28.3083 +13 41  3.938  35.6179511  13.6844273  35.6179553  13.6844271   -0.0148    0.0006    0.0244 16 35 20.00    10.00 
  2020 11 14.691713  2 22 28.3018 +13 41  3.880  35.6179244  13.6844111  35.6179331  13.6844213   -0.0306   -0.0368    0.0168 16 36  4.00    10.00 
  2020 11 14.692234  2 22 28.2969 +13 41  3.902  35.6179037  13.6844171  35.6179104  13.6844153   -0.0234    0.0065    0.0352 16 36 49.00    10.00 
  2020 11 14.692755  2 22 28.2918 +13 41  3.861  35.6178826  13.6844058  35.6178877  13.6844093   -0.0179   -0.0125    0.0236 16 37 34.00    10.00 
  2020 11 14.693275  2 22 28.2878 +13 41  3.842  35.6178657  13.6844007  35.6178650  13.6844033    0.0026   -0.0094    0.0197 16 38 19.00    10.00 
  2020 11 14.693796  2 22 28.2798 +13 41  3.855  35.6178325  13.6844041  35.6178423  13.6843973   -0.0341    0.0247    0.0204 16 39  4.00    10.00 
  2020 11 14.694317  2 22 28.2772 +13 41  3.780  35.6178215  13.6843835  35.6178195  13.6843913    0.0068   -0.0282    0.0145 16 39 49.00    10.00 
  2020 11 14.694838  2 22 28.2708 +13 41  3.794  35.6177951  13.6843871  35.6177968  13.6843853   -0.0061    0.0065    0.0259 16 40 34.00    10.00 
  2020 11 14.695359  2 22 28.2640 +13 41  3.776  35.6177667  13.6843822  35.6177741  13.6843793   -0.0258    0.0103    0.0196 16 41 19.00    10.00 
  2020 11 14.695880  2 22 28.2594 +13 41  3.777  35.6177473  13.6843824  35.6177514  13.6843733   -0.0143    0.0328    0.0190 16 42  4.00    10.00 
  2020 11 14.696400  2 22 28.2532 +13 41  3.724  35.6177215  13.6843676  35.6177287  13.6843673   -0.0250    0.0012    0.0150 16 42 49.00    10.00 
  2020 11 14.696921  2 22 28.2479 +13 41  3.694  35.6176996  13.6843595  35.6177060  13.6843613   -0.0224   -0.0065    0.0156 16 43 34.00    10.00 
  2020 11 14.697442  2 22 28.2456 +13 41  3.645  35.6176899  13.6843458  35.6176833  13.6843553    0.0231   -0.0342    0.0187 16 44 19.00    10.00 
  2020 11 14.697963  2 22 28.2369 +13 41  3.652  35.6176537  13.6843477  35.6176606  13.6843493   -0.0241   -0.0057    0.0191 16 45  4.00    10.00 
  2020 11 14.698484  2 22 28.2338 +13 41  3.622  35.6176406  13.6843394  35.6176378  13.6843433    0.0097   -0.0139    0.0124 16 45 49.00    10.00 
  2020 11 14.698993  2 22 28.2262 +13 41  3.609  35.6176090  13.6843358  35.6176156  13.6843374   -0.0234   -0.0059    0.0159 16 46 33.00    10.00 
  2020 11 14.699514  2 22 28.2235 +13 41  3.559  35.6175981  13.6843219  35.6175929  13.6843314    0.0181   -0.0342    0.0299 16 47 18.00    10.00 
  2020 11 14.700035  2 22 28.2168 +13 41  3.576  35.6175701  13.6843265  35.6175702  13.6843254   -0.0005    0.0041    0.0240 16 48  3.00    10.00 
  2020 11 14.700556  2 22 28.2107 +13 41  3.568  35.6175444  13.6843244  35.6175475  13.6843194   -0.0109    0.0179    0.0161 16 48 48.00    10.00 
  2020 11 14.701076  2 22 28.2038 +13 41  3.541  35.6175158  13.6843169  35.6175248  13.6843134   -0.0315    0.0126    0.0228 16 49 33.00    10.00 
  2020 11 14.701597  2 22 28.1993 +13 41  3.492  35.6174972  13.6843033  35.6175021  13.6843074   -0.0169   -0.0145    0.0131 16 50 18.00    10.00 
  2020 11 14.702118  2 22 28.1947 +13 41  3.485  35.6174779  13.6843014  35.6174794  13.6843014   -0.0054    0.0001    0.0193 16 51  3.00    10.00 
  2020 11 14.702639  2 22 28.1898 +13 41  3.439  35.6174574  13.6842886  35.6174567  13.6842954    0.0027   -0.0243    0.0156 16 51 48.00    10.00 
  2020 11 14.703160  2 22 28.1831 +13 41  3.465  35.6174296  13.6842958  35.6174340  13.6842893   -0.0153    0.0231    0.0169 16 52 33.00    10.00 
  2020 11 14.703681  2 22 28.1784 +13 41  3.420  35.6174099  13.6842833  35.6174113  13.6842833   -0.0049    0.0001    0.0155 16 53 18.00    10.00 
  2020 11 14.704201  2 22 28.1737 +13 41  3.388  35.6173906  13.6842743  35.6173885  13.6842773    0.0071   -0.0108    0.0250 16 54  3.00    10.00 
  2020 11 14.704711  2 22 28.1671 +13 41  3.380  35.6173630  13.6842723  35.6173663  13.6842714   -0.0115    0.0032    0.0114 16 54 47.00    10.00 
  2020 11 14.705231  2 22 28.1617 +13 41  3.348  35.6173406  13.6842634  35.6173436  13.6842654   -0.0107   -0.0071    0.0141 16 55 32.00    10.00 
  2020 11 14.705752  2 22 28.1551 +13 41  3.341  35.6173127  13.6842613  35.6173209  13.6842594   -0.0287    0.0067    0.0207 16 56 17.00    10.00 
  2020 11 14.706273  2 22 28.1506 +13 41  3.272  35.6172943  13.6842423  35.6172982  13.6842534   -0.0137   -0.0400    0.0173 16 57  2.00    10.00 
  2020 11 14.706794  2 22 28.1488 +13 41  3.275  35.6172865  13.6842430  35.6172755  13.6842474    0.0385   -0.0156    0.0180 16 57 47.00    10.00 
  2020 11 14.707315  2 22 28.1396 +13 41  3.268  35.6172485  13.6842412  35.6172528  13.6842413   -0.0150   -0.0004    0.0158 16 58 32.00    10.00 
  2020 11 14.707836  2 22 28.1351 +13 41  3.245  35.6172296  13.6842348  35.6172301  13.6842353   -0.0019   -0.0018    0.0174 16 59 17.00    10.00 
  2020 11 14.708356  2 22 28.1276 +13 41  3.258  35.6171984  13.6842383  35.6172074  13.6842293   -0.0316    0.0325    0.0148 17  0  2.00    10.00 
  2020 11 14.708877  2 22 28.1233 +13 41  3.178  35.6171805  13.6842162  35.6171847  13.6842233   -0.0147   -0.0254    0.0219 17  0 47.00    10.00 
  2020 11 14.709398  2 22 28.1201 +13 41  3.139  35.6171669  13.6842053  35.6171620  13.6842172    0.0173   -0.0431    0.0304 17  1 32.00    10.00 
  2020 11 14.709919  2 22 28.1129 +13 41  3.166  35.6171372  13.6842129  35.6171393  13.6842112   -0.0074    0.0061    0.0212 17  2 17.00    10.00 
  2020 11 14.710440  2 22 28.1061 +13 41  3.116  35.6171089  13.6841989  35.6171166  13.6842052   -0.0268   -0.0225    0.0205 17  3  2.00    10.00 
  2020 11 14.710961  2 22 28.1043 +13 41  3.100  35.6171012  13.6841945  35.6170939  13.6841992    0.0257   -0.0169    0.0159 17  3 47.00    10.00 
  2020 11 14.711481  2 22 28.0957 +13 41  3.069  35.6170655  13.6841859  35.6170712  13.6841931   -0.0200   -0.0261    0.0287 17  4 32.00    10.00 
  2020 11 14.712002  2 22 28.0905 +13 41  3.070  35.6170436  13.6841861  35.6170485  13.6841871   -0.0169   -0.0036    0.0183 17  5 17.00    10.00 
  2020 11 14.712512  2 22 28.0842 +13 41  3.002  35.6170175  13.6841673  35.6170263  13.6841812   -0.0306   -0.0499    0.0302 17  6  1.00    10.00 
  2020 11 14.713032  2 22 28.0798 +13 41  3.037  35.6169990  13.6841768  35.6170036  13.6841752   -0.0160    0.0060    0.0112 17  6 46.00    10.00 
  2020 11 14.713553  2 22 28.0753 +13 41  3.006  35.6169804  13.6841683  35.6169809  13.6841691   -0.0018   -0.0029    0.0136 17  7 31.00    10.00 
  2020 11 14.714074  2 22 28.0713 +13 41  2.995  35.6169638  13.6841654  35.6169582  13.6841631    0.0196    0.0083    0.0149 17  8 16.00    10.00 
  2020 11 14.714595  2 22 28.0630 +13 41  2.968  35.6169290  13.6841578  35.6169355  13.6841571   -0.0228    0.0026    0.0257 17  9  1.00    10.00 
  2020 11 14.715116  2 22 28.0585 +13 41  2.960  35.6169106  13.6841555  35.6169128  13.6841510   -0.0076    0.0160    0.0265 17  9 46.00    10.00 
  2020 11 14.715637  2 22 28.0550 +13 41  2.925  35.6168959  13.6841457  35.6168901  13.6841450    0.0204    0.0026    0.0168 17 10 31.00    10.00 
  2020 11 14.716157  2 22 28.0476 +13 41  2.925  35.6168648  13.6841459  35.6168674  13.6841390   -0.0090    0.0251    0.0126 17 11 16.00    10.00 
  2020 11 14.716678  2 22 28.0432 +13 41  2.893  35.6168469  13.6841370  35.6168447  13.6841329    0.0076    0.0145    0.0188 17 12  1.00    10.00 
  2020 11 14.717199  2 22 28.0354 +13 41  2.847  35.6168142  13.6841243  35.6168220  13.6841269   -0.0272   -0.0094    0.0138 17 12 46.00    10.00 
  2020 11 14.717720  2 22 28.0317 +13 41  2.845  35.6167989  13.6841236  35.6167993  13.6841208   -0.0014    0.0098    0.0156 17 13 31.00    10.00 
  2020 11 14.718241  2 22 28.0263 +13 41  2.759  35.6167760  13.6840998  35.6167766  13.6841148   -0.0019   -0.0539    0.0290 17 14 16.00    10.00 
  2020 11 14.718762  2 22 28.0209 +13 41  2.782  35.6167539  13.6841062  35.6167539  13.6841088    0.0002   -0.0090    0.0183 17 15  1.00    10.00 
  2020 11 14.719282  2 22 28.0136 +13 41  2.739  35.6167232  13.6840940  35.6167312  13.6841027   -0.0278   -0.0312    0.0314 17 15 46.00    10.00 
  2020 11 14.719792  2 22 28.0086 +13 41  2.770  35.6167025  13.6841026  35.6167090  13.6840968   -0.0226    0.0210    0.0154 17 16 30.00    10.00 
  2020 11 14.720313  2 22 28.0036 +13 41  2.733  35.6166818  13.6840926  35.6166863  13.6840908   -0.0159    0.0064    0.0273 17 17 15.00    10.00 
  2020 11 14.720833  2 22 27.9993 +13 41  2.694  35.6166639  13.6840817  35.6166636  13.6840847    0.0010   -0.0110    0.0379 17 18  0.00    10.00 
  2020 11 14.721354  2 22 27.9941 +13 41  2.680  35.6166421  13.6840779  35.6166409  13.6840787    0.0043   -0.0028    0.0195 17 18 45.00    10.00 
  2020 11 14.721875  2 22 27.9882 +13 41  2.655  35.6166175  13.6840708  35.6166182  13.6840726   -0.0024   -0.0067    0.0131 17 19 30.00    10.00 
  2020 11 14.722396  2 22 27.9834 +13 41  2.657  35.6165976  13.6840713  35.6165955  13.6840666    0.0073    0.0168    0.0133 17 20 15.00    10.00 
  2020 11 14.722917  2 22 27.9779 +13 41  2.608  35.6165744  13.6840578  35.6165728  13.6840605    0.0054   -0.0099    0.0125 17 21  0.00    10.00 
  2020 11 14.723437  2 22 27.9709 +13 41  2.637  35.6165455  13.6840659  35.6165501  13.6840545   -0.0163    0.0410    0.0287 17 21 45.00    10.00 
  2020 11 14.723958  2 22 27.9656 +13 41  2.557  35.6165232  13.6840435  35.6165274  13.6840484   -0.0147   -0.0178    0.0154 17 22 30.00    10.00 
  2020 11 14.724479  2 22 27.9617 +13 41  2.505  35.6165069  13.6840291  35.6165048  13.6840424    0.0076   -0.0477    0.0385 17 23 15.00    10.00 
  2020 11 14.725000  2 22 27.9555 +13 41  2.513  35.6164810  13.6840315  35.6164821  13.6840363   -0.0036   -0.0174    0.0204 17 24  0.00    10.00 
  2020 11 14.725521  2 22 27.9507 +13 41  2.505  35.6164612  13.6840291  35.6164594  13.6840303    0.0063   -0.0041    0.0219 17 24 45.00    10.00 
  2020 11 14.726042  2 22 27.9453 +13 41  2.467  35.6164388  13.6840187  35.6164367  13.6840242    0.0073   -0.0197    0.0306 17 25 30.00    10.00 
  2020 11 14.726551  2 22 27.9370 +13 41  2.491  35.6164043  13.6840254  35.6164145  13.6840183   -0.0357    0.0254    0.0234 17 26 14.00    10.00 
  2020 11 14.727072  2 22 27.9333 +13 41  2.422  35.6163886  13.6840061  35.6163918  13.6840122   -0.0111   -0.0222    0.0191 17 26 59.00    10.00 
  2020 11 14.727593  2 22 27.9264 +13 41  2.388  35.6163599  13.6839967  35.6163691  13.6840062   -0.0324   -0.0341    0.0231 17 27 44.00    10.00 
  2020 11 14.728113  2 22 27.9214 +13 41  2.399  35.6163393  13.6839997  35.6163464  13.6840001   -0.0250   -0.0015    0.0345 17 28 29.00    10.00 
  2020 11 14.728634  2 22 27.9160 +13 41  2.387  35.6163166  13.6839965  35.6163237  13.6839941   -0.0251    0.0087    0.0153 17 29 14.00    10.00 
  2020 11 14.729155  2 22 27.9130 +13 41  2.360  35.6163042  13.6839890  35.6163011  13.6839880    0.0111    0.0036    0.0238 17 29 59.00    10.00 
  2020 11 14.729676  2 22 27.9062 +13 41  2.335  35.6162758  13.6839820  35.6162784  13.6839819   -0.0091    0.0001    0.0202 17 30 44.00    10.00 
  2020 11 14.730197  2 22 27.9022 +13 41  2.308  35.6162592  13.6839743  35.6162557  13.6839759    0.0122   -0.0055    0.0169 17 31 29.00    10.00 
  2020 11 14.731238  2 22 27.8898 +13 41  2.258  35.6162074  13.6839605  35.6162103  13.6839637   -0.0102   -0.0116    0.0199 17 32 59.00    10.00 
  2020 11 14.731759  2 22 27.8856 +13 41  2.258  35.6161899  13.6839605  35.6161876  13.6839577    0.0078    0.0100    0.0254 17 33 44.00    10.00 
  2020 11 14.732269  2 22 27.8782 +13 41  2.224  35.6161592  13.6839510  35.6161654  13.6839517   -0.0220   -0.0027    0.0245 17 34 28.00    10.00 
  2020 11 14.732789  2 22 27.8719 +13 41  2.215  35.6161330  13.6839486  35.6161428  13.6839457   -0.0342    0.0106    0.0276 17 35 13.00    10.00 
  2020 11 14.733831  2 22 27.8619 +13 41  2.192  35.6160914  13.6839422  35.6160974  13.6839335   -0.0211    0.0312    0.0264 17 36 43.00    10.00 
  2020 11 14.734352  2 22 27.8591 +13 41  2.122  35.6160795  13.6839227  35.6160747  13.6839275    0.0168   -0.0173    0.0196 17 37 28.00    10.00 
  2020 11 14.734873  2 22 27.8511 +13 41  2.064  35.6160462  13.6839066  35.6160520  13.6839214   -0.0206   -0.0531    0.0204 17 38 13.00    10.00 
  2020 11 14.735394  2 22 27.8482 +13 41  2.057  35.6160340  13.6839048  35.6160294  13.6839153    0.0164   -0.0377    0.0259 17 38 58.00    10.00 
  2020 11 14.735914  2 22 27.8437 +13 41  2.092  35.6160152  13.6839144  35.6160067  13.6839093    0.0298    0.0185    0.0177 17 39 43.00    10.00 
  2020 11 14.736435  2 22 27.8354 +13 41  2.057  35.6159809  13.6839048  35.6159840  13.6839032   -0.0109    0.0059    0.0104 17 40 28.00    10.00 
  2020 11 14.736956  2 22 27.8297 +13 41  2.018  35.6159569  13.6838939  35.6159613  13.6838971   -0.0155   -0.0115    0.0235 17 41 13.00    10.00 
  2020 11 14.737477  2 22 27.8259 +13 41  2.032  35.6159412  13.6838977  35.6159386  13.6838910    0.0091    0.0239    0.0248 17 41 58.00    10.00 
  2020 11 14.737998  2 22 27.8165 +13 41  1.987  35.6159021  13.6838852  35.6159160  13.6838849   -0.0483    0.0009    0.0233 17 42 43.00    10.00 
  2020 11 14.738507  2 22 27.8136 +13 41  1.980  35.6158902  13.6838834  35.6158938  13.6838790   -0.0127    0.0160    0.0168 17 43 27.00    10.00 
  2020 11 14.739028  2 22 27.8101 +13 41  1.908  35.6158755  13.6838635  35.6158711  13.6838729    0.0154   -0.0341    0.0247 17 44 12.00    10.00 
  2020 11 14.740081  2 22 27.7941 +13 41  1.902  35.6158088  13.6838618  35.6158253  13.6838606   -0.0577    0.0041    0.0185 17 45 43.00    10.00 
  2020 11 14.740590  2 22 27.7928 +13 41  1.881  35.6158034  13.6838557  35.6158031  13.6838547    0.0010    0.0037    0.0164 17 46 27.00    10.00 
  2020 11 14.741111  2 22 27.7871 +13 41  1.864  35.6157796  13.6838512  35.6157804  13.6838486   -0.0028    0.0092    0.0164 17 47 12.00    10.00 
  2020 11 14.741632  2 22 27.7814 +13 41  1.818  35.6157558  13.6838383  35.6157577  13.6838425   -0.0067   -0.0152    0.0318 17 47 57.00    10.00 
  2020 11 15.628738  2 22 18.7037 +13 40 21.314  35.5779320  13.6725874  35.5779486  13.6725818   -0.0579    0.0201    0.0800 15  5 23.00    10.00 
  2020 11 15.629259  2 22 18.6987 +13 40 21.277  35.5779114  13.6725769  35.5779261  13.6725746   -0.0515    0.0085    0.0451 15  6  8.00    10.00 
  2020 11 15.629780  2 22 18.6973 +13 40 21.153  35.5779053  13.6725424  35.5779036  13.6725674    0.0059   -0.0901    0.0566 15  6 53.00    10.00 
  2020 11 15.630301  2 22 18.6937 +13 40 21.276  35.5778902  13.6725767  35.5778811  13.6725603    0.0319    0.0593    0.0553 15  7 38.00    10.00 
  2020 11 15.630822  2 22 18.6853 +13 40 21.182  35.5778555  13.6725504  35.5778586  13.6725531   -0.0108   -0.0095    0.0500 15  8 23.00    10.00 
  2020 11 15.631343  2 22 18.6774 +13 40 21.157  35.5778224  13.6725436  35.5778361  13.6725459   -0.0479   -0.0082    0.0521 15  9  8.00    10.00 
  2020 11 15.631863  2 22 18.6778 +13 40 21.166  35.5778243  13.6725460  35.5778136  13.6725388    0.0374    0.0260    0.0710 15  9 53.00    10.00 
  2020 11 15.632384  2 22 18.6667 +13 40 21.004  35.5777780  13.6725012  35.5777911  13.6725316   -0.0459   -0.1095    0.1497 15 10 38.00    10.00 
  2020 11 15.632905  2 22 18.6621 +13 40 21.089  35.5777588  13.6725246  35.5777686  13.6725244   -0.0344    0.0007    0.0363 15 11 23.00    10.00 
  2020 11 15.633426  2 22 18.6589 +13 40 21.031  35.5777455  13.6725086  35.5777461  13.6725172   -0.0022   -0.0309    0.0317 15 12  8.00    10.00 
  2020 11 15.633947  2 22 18.6516 +13 40 20.976  35.5777148  13.6724932  35.5777237  13.6725101   -0.0310   -0.0607    0.0477 15 12 53.00    10.00 
  2020 11 15.634468  2 22 18.6494 +13 40 21.035  35.5777060  13.6725097  35.5777012  13.6725029    0.0170    0.0244    0.1042 15 13 38.00    10.00 
  2020 11 15.634988  2 22 18.6373 +13 40 20.953  35.5776556  13.6724871  35.5776787  13.6724957   -0.0806   -0.0311    0.0520 15 14 23.00    10.00 
  2020 11 15.635509  2 22 18.6359 +13 40 20.964  35.5776497  13.6724901  35.5776562  13.6724885   -0.0227    0.0055    0.0441 15 15  8.00    10.00 
  2020 11 15.636030  2 22 18.6317 +13 40 20.868  35.5776320  13.6724634  35.5776337  13.6724814   -0.0060   -0.0645    0.0563 15 15 53.00    10.00 
  2020 11 15.636551  2 22 18.6304 +13 40 20.852  35.5776266  13.6724589  35.5776112  13.6724742    0.0539   -0.0551    0.0630 15 16 38.00    10.00 
  2020 11 15.637072  2 22 18.6211 +13 40 20.846  35.5775880  13.6724573  35.5775887  13.6724670   -0.0024   -0.0350    0.0374 15 17 23.00    10.00 
  2020 11 15.637593  2 22 18.6153 +13 40 20.954  35.5775638  13.6724873  35.5775662  13.6724598   -0.0083    0.0989    0.0712 15 18  8.00    10.00 
  2020 11 15.638113  2 22 18.6104 +13 40 20.822  35.5775435  13.6724505  35.5775437  13.6724526   -0.0006   -0.0079    0.0245 15 18 53.00    10.00 
  2020 11 15.638634  2 22 18.6051 +13 40 20.752  35.5775212  13.6724310  35.5775212  13.6724455    0.0000   -0.0519    0.0597 15 19 38.00    10.00 
  2020 11 15.639155  2 22 18.5996 +13 40 20.721  35.5774981  13.6724225  35.5774987  13.6724383   -0.0021   -0.0566    0.0407 15 20 23.00    10.00 
  2020 11 15.639676  2 22 18.5947 +13 40 20.694  35.5774779  13.6724150  35.5774762  13.6724311    0.0060   -0.0580    0.0526 15 21  8.00    10.00 
  2020 11 15.640185  2 22 18.5843 +13 40 20.624  35.5774347  13.6723955  35.5774542  13.6724241   -0.0684   -0.1027    0.1080 15 21 52.00    10.00 
  2020 11 15.640706  2 22 18.5833 +13 40 20.707  35.5774305  13.6724186  35.5774317  13.6724169   -0.0044    0.0064    0.0371 15 22 37.00    10.00 
  2020 11 15.641227  2 22 18.5745 +13 40 20.703  35.5773939  13.6724176  35.5774093  13.6724097   -0.0538    0.0285    0.0401 15 23 22.00    10.00 
  2020 11 15.641748  2 22 18.5724 +13 40 20.696  35.5773848  13.6724156  35.5773868  13.6724025   -0.0068    0.0473    0.0786 15 24  7.00    10.00 
  2020 11 15.642269  2 22 18.5652 +13 40 20.604  35.5773549  13.6723899  35.5773643  13.6723953   -0.0329   -0.0196    0.0640 15 24 52.00    10.00 
  2020 11 15.642789  2 22 18.5613 +13 40 20.515  35.5773388  13.6723653  35.5773418  13.6723881   -0.0105   -0.0820    0.1158 15 25 37.00    10.00 
  2020 11 15.646435  2 22 18.5230 +13 40 20.431  35.5771792  13.6723419  35.5771843  13.6723378   -0.0179    0.0149    0.0462 15 30 52.00    10.00 
  2020 11 15.646956  2 22 18.5189 +13 40 20.327  35.5771621  13.6723131  35.5771618  13.6723306    0.0010   -0.0627    0.0884 15 31 37.00    10.00 
  2020 11 15.647477  2 22 18.5180 +13 40 20.302  35.5771584  13.6723062  35.5771393  13.6723234    0.0666   -0.0619    0.0888 15 32 22.00    10.00 
  2020 11 15.649560  2 22 18.4924 +13 40 20.237  35.5770518  13.6722880  35.5770494  13.6722946    0.0086   -0.0237    0.0559 15 35 22.00    10.00 
  2020 11 15.650081  2 22 18.4850 +13 40 20.216  35.5770208  13.6722821  35.5770269  13.6722874   -0.0212   -0.0188    0.0341 15 36  7.00    10.00 
  2020 11 15.650602  2 22 18.4822 +13 40 20.104  35.5770090  13.6722511  35.5770044  13.6722801    0.0161   -0.1047    0.1418 15 36 52.00    10.00 
  2020 11 15.658403  2 22 18.3995 +13 40 19.794  35.5766646  13.6721650  35.5766676  13.6721721   -0.0104   -0.0255    0.0427 15 48  6.00    10.00 
  2020 11 15.658924  2 22 18.3953 +13 40 19.755  35.5766471  13.6721542  35.5766451  13.6721649    0.0070   -0.0387    0.0407 15 48 51.00    10.00 
  2020 11 16.626713  2 22  8.6831 +13 39 27.695  35.5361794  13.6576932  35.5361866  13.6576858   -0.0250    0.0264    0.0471 15  2 28.00    10.00 
  2020 11 16.627234  2 22  8.6771 +13 39 27.641  35.5361544  13.6576782  35.5361648  13.6576775   -0.0362    0.0023    0.0378 15  3 13.00    10.00 
  2020 11 16.627755  2 22  8.6731 +13 39 27.576  35.5361380  13.6576600  35.5361429  13.6576692   -0.0172   -0.0334    0.0211 15  3 58.00    10.00 
  2020 11 16.628275  2 22  8.6681 +13 39 27.587  35.5361169  13.6576630  35.5361211  13.6576609   -0.0148    0.0074    0.0247 15  4 43.00    10.00 
  2020 11 16.628796  2 22  8.6633 +13 39 27.562  35.5360971  13.6576560  35.5360993  13.6576526   -0.0078    0.0121    0.0217 15  5 28.00    10.00 
  2020 11 16.629317  2 22  8.6556 +13 39 27.581  35.5360652  13.6576615  35.5360775  13.6576443   -0.0432    0.0619    0.0438 15  6 13.00    10.00 
  2020 11 16.629838  2 22  8.6520 +13 39 27.463  35.5360501  13.6576285  35.5360557  13.6576360   -0.0199   -0.0269    0.0320 15  6 58.00    10.00 
  2020 11 16.630359  2 22  8.6489 +13 39 27.427  35.5360370  13.6576187  35.5360339  13.6576277    0.0108   -0.0325    0.0200 15  7 43.00    10.00 
  2020 11 16.630880  2 22  8.6421 +13 39 27.411  35.5360087  13.6576143  35.5360121  13.6576194   -0.0121   -0.0185    0.0252 15  8 28.00    10.00 
  2020 11 16.631400  2 22  8.6368 +13 39 27.378  35.5359865  13.6576049  35.5359903  13.6576111   -0.0135   -0.0223    0.0238 15  9 13.00    10.00 
  2020 11 16.631921  2 22  8.6326 +13 39 27.359  35.5359693  13.6575998  35.5359685  13.6576028    0.0026   -0.0109    0.0403 15  9 58.00    10.00 
  2020 11 16.632442  2 22  8.6295 +13 39 27.304  35.5359561  13.6575844  35.5359467  13.6575945    0.0329   -0.0364    0.0309 15 10 43.00    10.00 
  2020 11 16.632963  2 22  8.6192 +13 39 27.336  35.5359134  13.6575933  35.5359249  13.6575862   -0.0404    0.0257    0.0440 15 11 28.00    10.00 
  2020 11 16.633484  2 22  8.6176 +13 39 27.264  35.5359067  13.6575733  35.5359031  13.6575779    0.0125   -0.0165    0.0258 15 12 13.00    10.00 
  2020 11 16.634005  2 22  8.6087 +13 39 27.302  35.5358697  13.6575839  35.5358813  13.6575696   -0.0407    0.0517    0.0463 15 12 58.00    10.00 
  2020 11 16.634525  2 22  8.6061 +13 39 27.205  35.5358590  13.6575569  35.5358595  13.6575613   -0.0020   -0.0157    0.0263 15 13 43.00    10.00 
  2020 11 16.635046  2 22  8.6016 +13 39 27.190  35.5358400  13.6575528  35.5358377  13.6575529    0.0080   -0.0006    0.0222 15 14 28.00    10.00 
  2020 11 16.635567  2 22  8.5950 +13 39 27.160  35.5358124  13.6575444  35.5358159  13.6575446   -0.0124   -0.0009    0.0523 15 15 13.00    10.00 
  2020 11 16.636088  2 22  8.5856 +13 39 27.150  35.5357735  13.6575417  35.5357941  13.6575363   -0.0723    0.0195    0.0527 15 15 58.00    10.00 
  2020 11 16.637118  2 22  8.5825 +13 39 27.028  35.5357603  13.6575077  35.5357510  13.6575199    0.0327   -0.0440    0.0812 15 17 27.00    10.00 
  2020 11 16.637639  2 22  8.5744 +13 39 27.011  35.5357267  13.6575029  35.5357292  13.6575116   -0.0089   -0.0310    0.0542 15 18 12.00    10.00 
  2020 11 16.638160  2 22  8.5651 +13 39 26.994  35.5356878  13.6574982  35.5357074  13.6575032   -0.0686   -0.0181    0.1068 15 18 57.00    10.00 
  2020 11 16.638681  2 22  8.5657 +13 39 27.004  35.5356904  13.6575010  35.5356856  13.6574949    0.0166    0.0219    0.1172 15 19 42.00    10.00 
  2020 11 16.639201  2 22  8.5575 +13 39 26.952  35.5356561  13.6574867  35.5356638  13.6574866   -0.0270    0.0003    0.0462 15 20 27.00    10.00 
  2020 11 16.639722  2 22  8.5496 +13 39 26.904  35.5356233  13.6574733  35.5356420  13.6574783   -0.0654   -0.0180    0.0277 15 21 12.00    10.00 
  2020 11 16.640243  2 22  8.5443 +13 39 26.888  35.5356012  13.6574689  35.5356202  13.6574700   -0.0665   -0.0038    0.0412 15 21 57.00    10.00 
  2020 11 16.640764  2 22  8.5408 +13 39 26.903  35.5355865  13.6574731  35.5355984  13.6574616   -0.0418    0.0414    0.0275 15 22 42.00    10.00 
  2020 11 16.641285  2 22  8.5389 +13 39 26.837  35.5355789  13.6574549  35.5355766  13.6574533    0.0078    0.0056    0.0322 15 23 27.00    10.00 
  2020 11 16.641806  2 22  8.5290 +13 39 26.860  35.5355376  13.6574612  35.5355548  13.6574450   -0.0605    0.0584    0.0408 15 24 12.00    10.00 
  2020 11 16.642326  2 22  8.5275 +13 39 26.796  35.5355310  13.6574433  35.5355330  13.6574367   -0.0070    0.0238    0.0432 15 24 57.00    10.00 
  2020 11 16.642847  2 22  8.5215 +13 39 26.731  35.5355061  13.6574254  35.5355112  13.6574283   -0.0178   -0.0106    0.0297 15 25 42.00    10.00 
  2020 11 16.643368  2 22  8.5169 +13 39 26.719  35.5354873  13.6574219  35.5354894  13.6574200   -0.0076    0.0068    0.0293 15 26 27.00    10.00 
  2020 11 16.643889  2 22  8.5109 +13 39 26.701  35.5354621  13.6574170  35.5354677  13.6574117   -0.0193    0.0190    0.0276 15 27 12.00    10.00 
  2020 11 16.644410  2 22  8.5073 +13 39 26.662  35.5354473  13.6574062  35.5354459  13.6574034    0.0049    0.0102    0.0242 15 27 57.00    10.00 
  2020 11 16.644931  2 22  8.5008 +13 39 26.625  35.5354198  13.6573958  35.5354241  13.6573950   -0.0149    0.0026    0.0272 15 28 42.00    10.00 
  2020 11 16.645451  2 22  8.4935 +13 39 26.599  35.5353896  13.6573887  35.5354023  13.6573867   -0.0445    0.0070    0.0239 15 29 27.00    10.00 
  2020 11 16.645961  2 22  8.4884 +13 39 26.573  35.5353684  13.6573813  35.5353810  13.6573786   -0.0440    0.0100    0.0266 15 30 11.00    10.00 
  2020 11 16.646481  2 22  8.4845 +13 39 26.551  35.5353521  13.6573753  35.5353592  13.6573702   -0.0246    0.0181    0.0362 15 30 56.00    10.00 
  2020 11 16.647002  2 22  8.4776 +13 39 26.514  35.5353232  13.6573650  35.5353374  13.6573619   -0.0496    0.0110    0.0402 15 31 41.00    10.00 
  2020 11 16.647523  2 22  8.4743 +13 39 26.477  35.5353096  13.6573548  35.5353156  13.6573536   -0.0210    0.0042    0.0206 15 32 26.00    10.00 
  2020 11 16.648044  2 22  8.4702 +13 39 26.467  35.5352927  13.6573520  35.5352938  13.6573452   -0.0038    0.0243    0.0407 15 33 11.00    10.00 
  2020 11 16.648565  2 22  8.4687 +13 39 26.403  35.5352861  13.6573341  35.5352720  13.6573369    0.0491   -0.0100    0.0489 15 33 56.00    10.00 
  2020 11 16.649086  2 22  8.4591 +13 39 26.397  35.5352461  13.6573326  35.5352502  13.6573286   -0.0143    0.0144    0.0190 15 34 41.00    10.00 
  2020 11 16.649606  2 22  8.4513 +13 39 26.382  35.5352138  13.6573284  35.5352284  13.6573202   -0.0511    0.0293    0.0407 15 35 26.00    10.00 
  2020 11 16.650127  2 22  8.4495 +13 39 26.313  35.5352063  13.6573091  35.5352066  13.6573119   -0.0010   -0.0101    0.0319 15 36 11.00    10.00 
  2020 11 16.650648  2 22  8.4429 +13 39 26.342  35.5351788  13.6573173  35.5351848  13.6573036   -0.0210    0.0495    0.0372 15 36 56.00    10.00 
  2020 11 16.651169  2 22  8.4353 +13 39 26.276  35.5351470  13.6572989  35.5351631  13.6572952   -0.0560    0.0133    0.0283 15 37 41.00    10.00 
  2020 11 16.651690  2 22  8.4324 +13 39 26.205  35.5351350  13.6572793  35.5351413  13.6572869   -0.0220   -0.0274    0.0398 15 38 26.00    10.00 
  2020 11 16.652211  2 22  8.4289 +13 39 26.176  35.5351206  13.6572710  35.5351195  13.6572786    0.0038   -0.0271    0.0340 15 39 11.00    10.00 
  2020 11 16.652731  2 22  8.4228 +13 39 26.198  35.5350951  13.6572773  35.5350977  13.6572702   -0.0090    0.0256    0.0387 15 39 56.00    10.00 
  2020 11 16.653252  2 22  8.4172 +13 39 26.143  35.5350716  13.6572620  35.5350759  13.6572619   -0.0151    0.0006    0.0204 15 40 41.00    10.00 
  2020 11 16.654294  2 22  8.4070 +13 39 26.102  35.5350290  13.6572505  35.5350323  13.6572452   -0.0116    0.0190    0.0492 15 42 11.00    10.00 
  2020 11 16.654815  2 22  8.3997 +13 39 26.060  35.5349990  13.6572388  35.5350105  13.6572369   -0.0405    0.0069    0.0319 15 42 56.00    10.00 
  2020 11 16.655324  2 22  8.3959 +13 39 26.040  35.5349830  13.6572333  35.5349892  13.6572287   -0.0219    0.0164    0.0230 15 43 40.00    10.00 
  2020 11 16.655845  2 22  8.3895 +13 39 25.979  35.5349564  13.6572164  35.5349675  13.6572204   -0.0388   -0.0143    0.0333 15 44 25.00    10.00 
  2020 11 16.656366  2 22  8.3852 +13 39 25.994  35.5349383  13.6572204  35.5349457  13.6572120   -0.0256    0.0304    0.0399 15 45 10.00    10.00 
  2020 11 16.656887  2 22  8.3813 +13 39 25.933  35.5349222  13.6572035  35.5349239  13.6572037   -0.0058   -0.0005    0.0373 15 45 55.00    10.00 
  2020 11 16.657407  2 22  8.3801 +13 39 25.888  35.5349172  13.6571911  35.5349021  13.6571953    0.0528   -0.0150    0.0531 15 46 40.00    10.00 
  2020 11 16.657928  2 22  8.3715 +13 39 25.881  35.5348811  13.6571891  35.5348803  13.6571870    0.0029    0.0076    0.0243 15 47 25.00    10.00 
  2020 11 16.658449  2 22  8.3648 +13 39 25.821  35.5348534  13.6571726  35.5348585  13.6571786   -0.0179   -0.0216    0.0345 15 48 10.00    10.00 
  2020 11 16.658970  2 22  8.3606 +13 39 25.825  35.5348359  13.6571737  35.5348368  13.6571703   -0.0028    0.0122    0.0261 15 48 55.00    10.00 
  2020 11 16.659491  2 22  8.3559 +13 39 25.795  35.5348164  13.6571653  35.5348150  13.6571619    0.0051    0.0120    0.0370 15 49 40.00    10.00 
  2020 11 16.660012  2 22  8.3477 +13 39 25.767  35.5347820  13.6571576  35.5347932  13.6571536   -0.0390    0.0146    0.0199 15 50 25.00    10.00 
  2020 11 16.660532  2 22  8.3449 +13 39 25.773  35.5347704  13.6571592  35.5347714  13.6571452   -0.0034    0.0503    0.0637 15 51 10.00    10.00 
  2020 11 16.661053  2 22  8.3381 +13 39 25.688  35.5347421  13.6571357  35.5347496  13.6571369   -0.0263   -0.0043    0.0254 15 51 55.00    10.00 
  2020 11 16.661574  2 22  8.3335 +13 39 25.612  35.5347229  13.6571145  35.5347278  13.6571285   -0.0173   -0.0505    0.0276 15 52 40.00    10.00 
  2020 11 16.662083  2 22  8.3278 +13 39 25.639  35.5346992  13.6571219  35.5347066  13.6571203   -0.0256    0.0056    0.0510 15 53 24.00    10.00 
  2020 11 16.662604  2 22  8.3215 +13 39 25.626  35.5346729  13.6571184  35.5346848  13.6571120   -0.0414    0.0232    0.0366 15 54  9.00    10.00 
  2020 11 16.663125  2 22  8.3202 +13 39 25.543  35.5346674  13.6570952  35.5346630  13.6571036    0.0155   -0.0304    0.0386 15 54 54.00    10.00 
  2020 11 16.663646  2 22  8.3137 +13 39 25.562  35.5346402  13.6571006  35.5346412  13.6570953   -0.0034    0.0190    0.0413 15 55 39.00    10.00 
  2020 11 16.664167  2 22  8.3057 +13 39 25.544  35.5346073  13.6570955  35.5346194  13.6570869   -0.0425    0.0309    0.0312 15 56 24.00    10.00 
  2020 11 16.664687  2 22  8.3019 +13 39 25.481  35.5345913  13.6570780  35.5345977  13.6570786   -0.0221   -0.0019    0.0250 15 57  9.00    10.00 
  2020 11 16.665208  2 22  8.2951 +13 39 25.448  35.5345628  13.6570689  35.5345759  13.6570702   -0.0457   -0.0047    0.0631 15 57 54.00    10.00 
  2020 11 16.665729  2 22  8.2897 +13 39 25.447  35.5345404  13.6570687  35.5345541  13.6570618   -0.0479    0.0248    0.0226 15 58 39.00    10.00 
  2020 11 16.666250  2 22  8.2838 +13 39 25.389  35.5345158  13.6570526  35.5345323  13.6570535   -0.0578   -0.0033    0.0382 15 59 24.00    10.00 
  2020 11 16.666771  2 22  8.2827 +13 39 25.380  35.5345111  13.6570501  35.5345106  13.6570451    0.0021    0.0178    0.0314 16  0  9.00    10.00 
  2020 11 16.667292  2 22  8.2748 +13 39 25.363  35.5344783  13.6570453  35.5344888  13.6570368   -0.0368    0.0308    0.0347 16  0 54.00    10.00 
  2020 11 16.667813  2 22  8.2692 +13 39 25.306  35.5344549  13.6570293  35.5344670  13.6570284   -0.0425    0.0033    0.0346 16  1 39.00    10.00 
  2020 11 16.668333  2 22  8.2667 +13 39 25.252  35.5344447  13.6570144  35.5344452  13.6570200   -0.0018   -0.0204    0.0383 16  2 24.00    10.00 
  2020 11 16.668854  2 22  8.2587 +13 39 25.239  35.5344112  13.6570109  35.5344235  13.6570117   -0.0430   -0.0026    0.0393 16  3  9.00    10.00 
  2020 11 16.669375  2 22  8.2570 +13 39 25.221  35.5344040  13.6570058  35.5344017  13.6570033    0.0082    0.0090    0.0302 16  3 54.00    10.00 
  2020 11 16.669896  2 22  8.2520 +13 39 25.161  35.5343832  13.6569893  35.5343799  13.6569949    0.0116   -0.0204    0.0240 16  4 39.00    10.00 
  2020 11 16.670417  2 22  8.2469 +13 39 25.153  35.5343623  13.6569869  35.5343581  13.6569866    0.0144    0.0010    0.0449 16  5 24.00    10.00 
  2020 11 16.670938  2 22  8.2389 +13 39 25.096  35.5343287  13.6569711  35.5343364  13.6569782   -0.0268   -0.0257    0.0394 16  6  9.00    10.00 
  2020 11 16.671458  2 22  8.2331 +13 39 25.103  35.5343045  13.6569730  35.5343146  13.6569698   -0.0354    0.0113    0.0339 16  6 54.00    10.00 
  2020 11 16.671979  2 22  8.2259 +13 39 25.101  35.5342745  13.6569726  35.5342928  13.6569615   -0.0642    0.0401    0.0358 16  7 39.00    10.00 
  2020 11 16.672500  2 22  8.2254 +13 39 25.030  35.5342726  13.6569528  35.5342711  13.6569531    0.0053   -0.0010    0.0463 16  8 24.00    10.00 
  2020 11 16.673021  2 22  8.2175 +13 39 25.013  35.5342397  13.6569481  35.5342493  13.6569447   -0.0337    0.0122    0.0421 16  9  9.00    10.00 
  2020 11 16.673542  2 22  8.2148 +13 39 24.956  35.5342284  13.6569323  35.5342275  13.6569364    0.0031   -0.0148    0.0260 16  9 54.00    10.00 
  2020 11 16.674051  2 22  8.2093 +13 39 24.953  35.5342055  13.6569315  35.5342063  13.6569282   -0.0025    0.0121    0.0204 16 10 38.00    10.00 
  2020 11 16.674572  2 22  8.2029 +13 39 24.921  35.5341789  13.6569224  35.5341845  13.6569198   -0.0194    0.0093    0.0296 16 11 23.00    10.00 
  2020 11 16.675093  2 22  8.1987 +13 39 24.898  35.5341611  13.6569161  35.5341627  13.6569114   -0.0056    0.0170    0.0268 16 12  8.00    10.00 
  2020 11 16.675613  2 22  8.1942 +13 39 24.800  35.5341426  13.6568889  35.5341410  13.6569031    0.0056   -0.0508    0.0385 16 12 53.00    10.00 
  2020 11 16.676134  2 22  8.1883 +13 39 24.818  35.5341178  13.6568938  35.5341192  13.6568947   -0.0050   -0.0032    0.0351 16 13 38.00    10.00 
  2020 11 16.676655  2 22  8.1827 +13 39 24.806  35.5340946  13.6568906  35.5340974  13.6568863   -0.0098    0.0155    0.0237 16 14 23.00    10.00 
  2020 11 16.677176  2 22  8.1793 +13 39 24.780  35.5340803  13.6568832  35.5340757  13.6568779    0.0161    0.0191    0.0471 16 15  8.00    10.00 
  2020 11 16.677697  2 22  8.1710 +13 39 24.722  35.5340458  13.6568673  35.5340539  13.6568696   -0.0282   -0.0081    0.0428 16 15 53.00    10.00 
  2020 11 16.678218  2 22  8.1668 +13 39 24.735  35.5340281  13.6568707  35.5340321  13.6568612   -0.0140    0.0343    0.0553 16 16 38.00    10.00 
  2020 11 16.678738  2 22  8.1608 +13 39 24.700  35.5340035  13.6568612  35.5340104  13.6568528   -0.0240    0.0302    0.0283 16 17 23.00    10.00 
  2020 11 16.679259  2 22  8.1555 +13 39 24.611  35.5339812  13.6568364  35.5339886  13.6568444   -0.0258   -0.0290    0.0356 16 18  8.00    10.00 
  2020 11 16.679780  2 22  8.1494 +13 39 24.623  35.5339559  13.6568397  35.5339669  13.6568360   -0.0384    0.0132    0.0415 16 18 53.00    10.00 
  2020 11 16.680301  2 22  8.1462 +13 39 24.608  35.5339424  13.6568355  35.5339451  13.6568277   -0.0094    0.0284    0.0206 16 19 38.00    10.00 
  2020 11 16.680822  2 22  8.1395 +13 39 24.593  35.5339147  13.6568315  35.5339233  13.6568193   -0.0304    0.0440    0.0344 16 20 23.00    10.00 
  2020 11 16.681331  2 22  8.1362 +13 39 24.531  35.5339010  13.6568142  35.5339021  13.6568111   -0.0039    0.0112    0.0355 16 21  7.00    10.00 
  2020 11 16.681852  2 22  8.1270 +13 39 24.488  35.5338624  13.6568021  35.5338803  13.6568027   -0.0628   -0.0021    0.0346 16 21 52.00    10.00 
  2020 11 16.682373  2 22  8.1246 +13 39 24.476  35.5338524  13.6567990  35.5338586  13.6567943   -0.0215    0.0168    0.0394 16 22 37.00    10.00 
  2020 11 16.682894  2 22  8.1187 +13 39 24.458  35.5338280  13.6567940  35.5338368  13.6567859   -0.0309    0.0289    0.0226 16 23 22.00    10.00 
  2020 11 16.683414  2 22  8.1145 +13 39 24.436  35.5338104  13.6567877  35.5338150  13.6567775   -0.0164    0.0364    0.0411 16 24  7.00    10.00 
  2020 11 16.683935  2 22  8.1079 +13 39 24.353  35.5337830  13.6567646  35.5337933  13.6567691   -0.0360   -0.0164    0.0545 16 24 52.00    10.00 
  2020 11 16.684456  2 22  8.1053 +13 39 24.322  35.5337722  13.6567561  35.5337715  13.6567608    0.0022   -0.0167    0.0450 16 25 37.00    10.00 
  2020 11 16.684977  2 22  8.0979 +13 39 24.348  35.5337415  13.6567634  35.5337498  13.6567524   -0.0291    0.0398    0.0257 16 26 22.00    10.00 
  2020 11 16.685498  2 22  8.0931 +13 39 24.295  35.5337214  13.6567487  35.5337280  13.6567440   -0.0232    0.0171    0.0291 16 27  7.00    10.00 
  2020 11 16.686019  2 22  8.0896 +13 39 24.286  35.5337068  13.6567462  35.5337063  13.6567356    0.0018    0.0380    0.0380 16 27 52.00    10.00 
  2020 11 16.686539  2 22  8.0868 +13 39 24.253  35.5336949  13.6567371  35.5336845  13.6567272    0.0362    0.0355    0.0357 16 28 37.00    10.00 
  2020 11 16.687060  2 22  8.0760 +13 39 24.209  35.5336499  13.6567248  35.5336628  13.6567188   -0.0451    0.0216    0.0333 16 29 22.00    10.00 
  2020 11 16.687581  2 22  8.0731 +13 39 24.160  35.5336378  13.6567112  35.5336410  13.6567104   -0.0114    0.0029    0.0224 16 30  7.00    10.00 
  2020 11 16.688090  2 22  8.0671 +13 39 24.157  35.5336128  13.6567102  35.5336198  13.6567022   -0.0244    0.0288    0.0256 16 30 51.00    10.00 
  2020 11 16.688611  2 22  8.0623 +13 39 24.120  35.5335928  13.6567000  35.5335980  13.6566938   -0.0181    0.0223    0.0405 16 31 36.00    10.00 
  2020 11 16.689132  2 22  8.0581 +13 39 24.062  35.5335754  13.6566839  35.5335763  13.6566854   -0.0031   -0.0054    0.0316 16 32 21.00    10.00 
  2020 11 16.689653  2 22  8.0528 +13 39 24.031  35.5335532  13.6566753  35.5335545  13.6566770   -0.0047   -0.0063    0.0234 16 33  6.00    10.00 
  2020 11 16.690174  2 22  8.0469 +13 39 24.036  35.5335288  13.6566767  35.5335328  13.6566686   -0.0138    0.0290    0.0466 16 33 51.00    10.00 
  2020 11 16.690694  2 22  8.0417 +13 39 24.003  35.5335071  13.6566676  35.5335110  13.6566602   -0.0138    0.0265    0.0327 16 34 36.00    10.00 
  2020 11 16.691215  2 22  8.0381 +13 39 23.933  35.5334921  13.6566479  35.5334893  13.6566518    0.0098   -0.0141    0.0345 16 35 21.00    10.00 
  2020 11 16.691736  2 22  8.0305 +13 39 23.925  35.5334604  13.6566458  35.5334675  13.6566434   -0.0249    0.0087    0.0304 16 36  6.00    10.00 
  2020 11 16.692257  2 22  8.0260 +13 39 23.920  35.5334418  13.6566444  35.5334458  13.6566350   -0.0139    0.0336    0.0277 16 36 51.00    10.00 
  2020 11 16.692778  2 22  8.0193 +13 39 23.874  35.5334138  13.6566316  35.5334241  13.6566266   -0.0359    0.0179    0.0275 16 37 36.00    10.00 
  2020 11 16.693299  2 22  8.0133 +13 39 23.845  35.5333887  13.6566237  35.5334023  13.6566182   -0.0476    0.0198    0.0240 16 38 21.00    10.00 
  2020 11 16.693819  2 22  8.0091 +13 39 23.805  35.5333710  13.6566125  35.5333806  13.6566098   -0.0333    0.0098    0.0155 16 39  6.00    10.00 
  2020 11 16.694329  2 22  8.0051 +13 39 23.749  35.5333544  13.6565969  35.5333593  13.6566016   -0.0170   -0.0169    0.0253 16 39 50.00    10.00 
  2020 11 16.694850  2 22  8.0010 +13 39 23.709  35.5333376  13.6565858  35.5333376  13.6565932    0.0002   -0.0266    0.0227 16 40 35.00    10.00 
  2020 11 16.695370  2 22  7.9951 +13 39 23.711  35.5333128  13.6565865  35.5333158  13.6565848   -0.0107    0.0059    0.0258 16 41 20.00    10.00 
  2020 11 16.695891  2 22  7.9910 +13 39 23.668  35.5332960  13.6565745  35.5332941  13.6565764    0.0066   -0.0069    0.0307 16 42  5.00    10.00 
  2020 11 16.696412  2 22  7.9841 +13 39 23.628  35.5332670  13.6565634  35.5332724  13.6565680   -0.0187   -0.0166    0.0296 16 42 50.00    10.00 
  2020 11 16.696933  2 22  7.9789 +13 39 23.683  35.5332456  13.6565786  35.5332506  13.6565596   -0.0176    0.0686    0.0255 16 43 35.00    10.00 
  2020 11 16.697454  2 22  7.9763 +13 39 23.543  35.5332345  13.6565398  35.5332289  13.6565512    0.0195   -0.0409    0.0336 16 44 20.00    10.00 
  2020 11 16.697975  2 22  7.9695 +13 39 23.572  35.5332062  13.6565477  35.5332072  13.6565428   -0.0033    0.0178    0.0349 16 45  5.00    10.00 
  2020 11 16.698495  2 22  7.9637 +13 39 23.537  35.5331820  13.6565382  35.5331854  13.6565344   -0.0121    0.0137    0.0304 16 45 50.00    10.00 
  2020 11 16.699016  2 22  7.9587 +13 39 23.481  35.5331611  13.6565224  35.5331637  13.6565260   -0.0092   -0.0126    0.0508 16 46 35.00    10.00 
  2020 11 16.699537  2 22  7.9546 +13 39 23.484  35.5331443  13.6565233  35.5331420  13.6565175    0.0081    0.0209    0.0400 16 47 20.00    10.00 
  2020 11 16.700058  2 22  7.9473 +13 39 23.413  35.5331137  13.6565037  35.5331202  13.6565091   -0.0229   -0.0195    0.0619 16 48  5.00    10.00 
  2020 11 16.700579  2 22  7.9404 +13 39 23.468  35.5330849  13.6565190  35.5330985  13.6565007   -0.0477    0.0658    0.1099 16 48 50.00    10.00 
  2020 11 16.701620  2 22  7.9284 +13 39 23.335  35.5330352  13.6564820  35.5330550  13.6564839   -0.0695   -0.0067    0.0558 16 50 20.00    10.00 
  2020 11 16.702141  2 22  7.9254 +13 39 23.307  35.5330224  13.6564741  35.5330333  13.6564755   -0.0383   -0.0048    0.0719 16 51  5.00    10.00 
  2020 11 16.702662  2 22  7.9218 +13 39 23.283  35.5330074  13.6564674  35.5330116  13.6564671   -0.0146    0.0014    0.0328 16 51 50.00    10.00 
  2020 11 16.703183  2 22  7.9167 +13 39 23.251  35.5329864  13.6564586  35.5329899  13.6564586   -0.0120   -0.0001    0.0634 16 52 35.00    10.00 
  2020 11 16.703704  2 22  7.9103 +13 39 23.225  35.5329595  13.6564513  35.5329681  13.6564502   -0.0301    0.0038    0.1138 16 53 20.00    10.00 
  2020 11 16.704734  2 22  7.9041 +13 39 23.160  35.5329336  13.6564332  35.5329252  13.6564336    0.0295   -0.0013    0.1348 16 54 49.00    10.00 
  2020 11 16.705255  2 22  7.8947 +13 39 23.173  35.5328946  13.6564371  35.5329034  13.6564252   -0.0311    0.0428    0.0565 16 55 34.00    10.00 
  2020 11 16.705775  2 22  7.8870 +13 39 23.104  35.5328625  13.6564179  35.5328817  13.6564167   -0.0671    0.0041    0.1170 16 56 19.00    10.00 
  2020 11 16.706296  2 22  7.8870 +13 39 23.076  35.5328624  13.6564099  35.5328600  13.6564083    0.0084    0.0057    0.0268 16 57  4.00    10.00 
  2020 11 16.706817  2 22  7.8816 +13 39 23.006  35.5328400  13.6563907  35.5328383  13.6563999    0.0060   -0.0331    0.0502 16 57 49.00    10.00 
  2020 11 16.707338  2 22  7.8768 +13 39 23.015  35.5328200  13.6563930  35.5328166  13.6563915    0.0119    0.0055    0.0343 16 58 34.00    10.00 
  2020 11 16.707859  2 22  7.8666 +13 39 23.008  35.5327774  13.6563912  35.5327948  13.6563831   -0.0610    0.0294    0.0300 16 59 19.00    10.00 
  2020 11 16.708380  2 22  7.8640 +13 39 22.949  35.5327666  13.6563748  35.5327731  13.6563746   -0.0228    0.0006    0.0175 17  0  4.00    10.00 
  2020 11 16.708900  2 22  7.8601 +13 39 22.943  35.5327505  13.6563731  35.5327514  13.6563662   -0.0032    0.0250    0.0358 17  0 49.00    10.00 
  2020 11 16.709421  2 22  7.8539 +13 39 22.913  35.5327247  13.6563648  35.5327297  13.6563578   -0.0175    0.0253    0.0143 17  1 34.00    10.00 
  2020 11 16.709942  2 22  7.8491 +13 39 22.859  35.5327046  13.6563498  35.5327080  13.6563494   -0.0120    0.0017    0.0307 17  2 19.00    10.00 
  2020 11 16.710463  2 22  7.8444 +13 39 22.809  35.5326849  13.6563359  35.5326863  13.6563409   -0.0049   -0.0181    0.0206 17  3  4.00    10.00 
  2020 11 16.710984  2 22  7.8387 +13 39 22.793  35.5326614  13.6563315  35.5326645  13.6563325   -0.0111   -0.0038    0.0255 17  3 49.00    10.00 
  2020 11 16.711505  2 22  7.8337 +13 39 22.807  35.5326406  13.6563354  35.5326428  13.6563241   -0.0078    0.0406    0.0309 17  4 34.00    10.00 
  2020 11 16.712025  2 22  7.8273 +13 39 22.738  35.5326139  13.6563160  35.5326211  13.6563156   -0.0253    0.0012    0.0228 17  5 19.00    10.00 
  2020 11 16.712535  2 22  7.8238 +13 39 22.712  35.5325990  13.6563089  35.5325999  13.6563074   -0.0031    0.0054    0.0272 17  6  3.00    10.00 
  2020 11 16.713056  2 22  7.8187 +13 39 22.670  35.5325780  13.6562972  35.5325782  13.6562990   -0.0008   -0.0065    0.0322 17  6 48.00    10.00 
  2020 11 16.713576  2 22  7.8124 +13 39 22.678  35.5325518  13.6562993  35.5325565  13.6562905   -0.0165    0.0316    0.0188 17  7 33.00    10.00 
  2020 11 16.714097  2 22  7.8082 +13 39 22.577  35.5325343  13.6562714  35.5325348  13.6562821   -0.0016   -0.0386    0.0280 17  8 18.00    10.00 
  2020 11 16.714618  2 22  7.8025 +13 39 22.605  35.5325105  13.6562792  35.5325131  13.6562737   -0.0091    0.0200    0.0187 17  9  3.00    10.00 
  2020 11 16.715139  2 22  7.7999 +13 39 22.583  35.5324995  13.6562731  35.5324914  13.6562652    0.0284    0.0283    0.0234 17  9 48.00    10.00 
  2020 11 16.715660  2 22  7.7919 +13 39 22.554  35.5324663  13.6562650  35.5324697  13.6562568   -0.0117    0.0295    0.0298 17 10 33.00    10.00 
  2020 11 16.716181  2 22  7.7875 +13 39 22.471  35.5324479  13.6562421  35.5324479  13.6562484   -0.0001   -0.0227    0.0377 17 11 18.00    10.00 
  2020 11 16.716701  2 22  7.7828 +13 39 22.448  35.5324284  13.6562355  35.5324262  13.6562399    0.0075   -0.0160    0.0357 17 12  3.00    10.00 
  2020 11 16.717222  2 22  7.7756 +13 39 22.444  35.5323982  13.6562345  35.5324045  13.6562315   -0.0221    0.0109    0.0327 17 12 48.00    10.00 
  2020 11 16.717743  2 22  7.7723 +13 39 22.418  35.5323846  13.6562273  35.5323828  13.6562231    0.0062    0.0153    0.0289 17 13 33.00    10.00 
  2020 11 16.718264  2 22  7.7659 +13 39 22.402  35.5323579  13.6562226  35.5323611  13.6562146   -0.0115    0.0289    0.0199 17 14 18.00    10.00 
  2020 11 16.718785  2 22  7.7610 +13 39 22.359  35.5323374  13.6562109  35.5323394  13.6562062   -0.0072    0.0168    0.0257 17 15  3.00    10.00 
  2020 11 16.719306  2 22  7.7549 +13 39 22.309  35.5323120  13.6561971  35.5323177  13.6561977   -0.0202   -0.0024    0.0224 17 15 48.00    10.00 
  2020 11 16.719815  2 22  7.7515 +13 39 22.261  35.5322977  13.6561837  35.5322965  13.6561895    0.0042   -0.0209    0.0358 17 16 32.00    10.00 
  2020 11 16.720336  2 22  7.7450 +13 39 22.261  35.5322708  13.6561837  35.5322748  13.6561810   -0.0140    0.0095    0.0280 17 17 17.00    10.00 
  2020 11 16.720856  2 22  7.7400 +13 39 22.224  35.5322498  13.6561733  35.5322531  13.6561726   -0.0115    0.0025    0.0295 17 18  2.00    10.00 
  2020 11 16.721377  2 22  7.7336 +13 39 22.198  35.5322233  13.6561661  35.5322314  13.6561642   -0.0285    0.0070    0.0490 17 18 47.00    10.00 
  2020 11 16.721898  2 22  7.7283 +13 39 22.185  35.5322012  13.6561625  35.5322098  13.6561557   -0.0300    0.0246    0.0285 17 19 32.00    10.00 
  2020 11 16.722419  2 22  7.7263 +13 39 22.130  35.5321928  13.6561473  35.5321881  13.6561473    0.0167    0.0003    0.0458 17 20 17.00    10.00 
  2020 11 16.722940  2 22  7.7185 +13 39 22.083  35.5321602  13.6561341  35.5321664  13.6561388   -0.0215   -0.0170    0.0431 17 21  2.00    10.00 
  2020 11 16.723461  2 22  7.7122 +13 39 22.063  35.5321343  13.6561286  35.5321447  13.6561304   -0.0365   -0.0065    0.0215 17 21 47.00    10.00 
  2020 11 16.723981  2 22  7.7107 +13 39 22.058  35.5321278  13.6561271  35.5321230  13.6561219    0.0169    0.0187    0.0291 17 22 32.00    10.00 
  2020 11 16.724502  2 22  7.7028 +13 39 21.991  35.5320951  13.6561087  35.5321013  13.6561135   -0.0217   -0.0172    0.0316 17 23 17.00    10.00 
  2020 11 16.725023  2 22  7.6979 +13 39 22.011  35.5320745  13.6561142  35.5320796  13.6561050   -0.0181    0.0331    0.0469 17 24  2.00    10.00 
  2020 11 16.725544  2 22  7.6931 +13 39 21.970  35.5320545  13.6561028  35.5320579  13.6560966   -0.0119    0.0224    0.0437 17 24 47.00    10.00 
  2020 11 16.726065  2 22  7.6895 +13 39 21.924  35.5320398  13.6560900  35.5320362  13.6560881    0.0124    0.0068    0.0309 17 25 32.00    10.00 
  2020 11 16.726586  2 22  7.6809 +13 39 21.892  35.5320038  13.6560812  35.5320146  13.6560797   -0.0376    0.0055    0.0330 17 26 17.00    10.00 
  2020 11 16.727106  2 22  7.6759 +13 39 21.848  35.5319830  13.6560689  35.5319929  13.6560712   -0.0344   -0.0083    0.0290 17 27  2.00    10.00 
  2020 11 16.727627  2 22  7.6717 +13 39 21.857  35.5319653  13.6560715  35.5319712  13.6560628   -0.0208    0.0315    0.0381 17 27 47.00    10.00 
  2020 11 16.728148  2 22  7.6702 +13 39 21.784  35.5319592  13.6560511  35.5319495  13.6560543    0.0337   -0.0116    0.0426 17 28 32.00    10.00 
  2020 11 16.728657  2 22  7.6601 +13 39 21.752  35.5319169  13.6560421  35.5319283  13.6560461   -0.0399   -0.0142    0.0401 17 29 16.00    10.00 
  2020 11 16.729178  2 22  7.6576 +13 39 21.716  35.5319066  13.6560323  35.5319066  13.6560376   -0.0002   -0.0191    0.0190 17 30  1.00    10.00 
  2020 11 16.729699  2 22  7.6502 +13 39 21.728  35.5318758  13.6560354  35.5318850  13.6560292   -0.0320    0.0226    0.0351 17 30 46.00    10.00 
  2020 11 16.730220  2 22  7.6454 +13 39 21.671  35.5318557  13.6560197  35.5318633  13.6560207   -0.0265   -0.0037    0.0435 17 31 31.00    10.00 
  2020 11 16.730741  2 22  7.6405 +13 39 21.669  35.5318354  13.6560191  35.5318416  13.6560122   -0.0216    0.0247    0.0343 17 32 16.00    10.00 
  2020 11 16.731262  2 22  7.6369 +13 39 21.620  35.5318205  13.6560055  35.5318199  13.6560038    0.0020    0.0063    0.0395 17 33  1.00    10.00 
  2020 11 16.731782  2 22  7.6326 +13 39 21.582  35.5318024  13.6559950  35.5317983  13.6559953    0.0144   -0.0013    0.0361 17 33 46.00    10.00 
  2020 11 16.732303  2 22  7.6253 +13 39 21.553  35.5317722  13.6559868  35.5317766  13.6559869   -0.0155   -0.0002    0.0370 17 34 31.00    10.00 
  2020 11 16.732824  2 22  7.6208 +13 39 21.522  35.5317533  13.6559784  35.5317549  13.6559784   -0.0057   -0.0001    0.0304 17 35 16.00    10.00 
  2020 11 16.733345  2 22  7.6157 +13 39 21.467  35.5317321  13.6559630  35.5317332  13.6559700   -0.0040   -0.0251    0.0317 17 36  1.00    10.00 
  2020 11 16.733866  2 22  7.6113 +13 39 21.472  35.5317139  13.6559646  35.5317116  13.6559615    0.0081    0.0111    0.0455 17 36 46.00    10.00 
  2020 11 16.734387  2 22  7.6048 +13 39 21.453  35.5316868  13.6559592  35.5316899  13.6559530   -0.0108    0.0224    0.0261 17 37 31.00    10.00 
  2020 11 16.734907  2 22  7.6007 +13 39 21.444  35.5316695  13.6559566  35.5316682  13.6559446    0.0045    0.0432    0.0359 17 38 16.00    10.00 
  2020 11 16.735428  2 22  7.5955 +13 39 21.384  35.5316478  13.6559399  35.5316466  13.6559361    0.0041    0.0137    0.0320 17 39  1.00    10.00 
  2020 11 16.735937  2 22  7.5887 +13 39 21.353  35.5316195  13.6559314  35.5316254  13.6559278   -0.0207    0.0127    0.0336 17 39 45.00    10.00 
  2020 11 16.736458  2 22  7.5869 +13 39 21.275  35.5316121  13.6559097  35.5316037  13.6559194    0.0293   -0.0348    0.0346 17 40 30.00    10.00 
  2020 11 16.736979  2 22  7.5823 +13 39 21.258  35.5315930  13.6559050  35.5315821  13.6559109    0.0381   -0.0212    0.0605 17 41 15.00    10.00 
  2020 11 16.737500  2 22  7.5736 +13 39 21.249  35.5315568  13.6559025  35.5315604  13.6559024   -0.0126    0.0001    0.0347 17 42  0.00    10.00 
  2020 11 16.738021  2 22  7.5676 +13 39 21.211  35.5315315  13.6558919  35.5315387  13.6558940   -0.0252   -0.0073    0.0298 17 42 45.00    10.00 
  2020 11 16.738542  2 22  7.5656 +13 39 21.207  35.5315234  13.6558907  35.5315171  13.6558855    0.0220    0.0188    0.0386 17 43 30.00    10.00 
  2020 11 16.739062  2 22  7.5568 +13 39 21.204  35.5314865  13.6558900  35.5314954  13.6558770   -0.0311    0.0468    0.0324 17 44 15.00    10.00 
  2020 11 16.739583  2 22  7.5542 +13 39 21.174  35.5314759  13.6558818  35.5314738  13.6558686    0.0076    0.0475    0.0345 17 45  0.00    10.00 
  2020 11 16.740104  2 22  7.5470 +13 39 21.163  35.5314458  13.6558786  35.5314521  13.6558601   -0.0220    0.0668    0.0459 17 45 45.00    10.00 
  2020 11 16.740625  2 22  7.5451 +13 39 21.070  35.5314379  13.6558527  35.5314305  13.6558516    0.0259    0.0039    0.1220 17 46 30.00    10.00 
  2020 11 16.741146  2 22  7.5341 +13 39 21.044  35.5313921  13.6558456  35.5314088  13.6558431   -0.0583    0.0089    0.0455 17 47 15.00    10.00 
  2020 11 16.741667  2 22  7.5331 +13 39 21.066  35.5313878  13.6558518  35.5313872  13.6558347    0.0022    0.0615    0.0339 17 48  0.00    10.00 
  2020 11 16.742188  2 22  7.5235 +13 39 20.979  35.5313478  13.6558275  35.5313655  13.6558262   -0.0619    0.0046    0.0412 17 48 45.00    10.00 
  2020 11 16.742708  2 22  7.5204 +13 39 20.941  35.5313352  13.6558168  35.5313439  13.6558177   -0.0304   -0.0032    0.0329 17 49 30.00    10.00 
  2020 11 16.743229  2 22  7.5166 +13 39 20.934  35.5313191  13.6558151  35.5313222  13.6558093   -0.0108    0.0209    0.0425 17 50 15.00    10.00 
  2020 11 16.743750  2 22  7.5104 +13 39 20.889  35.5312932  13.6558024  35.5313006  13.6558008   -0.0258    0.0058    0.0298 17 51  0.00    10.00 
  2020 11 16.744271  2 22  7.5065 +13 39 20.849  35.5312772  13.6557913  35.5312789  13.6557923   -0.0059   -0.0038    0.0363 17 51 45.00    10.00 
  2020 11 16.744792  2 22  7.5004 +13 39 20.833  35.5312518  13.6557869  35.5312573  13.6557838   -0.0190    0.0109    0.0276 17 52 30.00    10.00 
  2020 11 16.745313  2 22  7.4943 +13 39 20.832  35.5312262  13.6557866  35.5312356  13.6557753   -0.0328    0.0405    0.0326 17 53 15.00    10.00 
  2020 11 16.745822  2 22  7.4942 +13 39 20.742  35.5312258  13.6557616  35.5312145  13.6557671    0.0398   -0.0198    0.0496 17 53 59.00    10.00 
  2020 11 16.746343  2 22  7.4854 +13 39 20.738  35.5311891  13.6557605  35.5311928  13.6557586   -0.0129    0.0068    0.0313 17 54 44.00    10.00 
  2020 11 16.746863  2 22  7.4835 +13 39 20.708  35.5311814  13.6557522  35.5311712  13.6557501    0.0357    0.0076    0.0500 17 55 29.00    10.00 
  2020 11 16.747940  2 22  7.4690 +13 39 20.650  35.5311207  13.6557361  35.5311265  13.6557326   -0.0201    0.0125    0.0299 17 57  2.00    10.00 
  2020 11 16.748461  2 22  7.4635 +13 39 20.626  35.5310978  13.6557293  35.5311048  13.6557241   -0.0244    0.0189    0.0409 17 57 47.00    10.00 
  2020 11 16.748981  2 22  7.4608 +13 39 20.565  35.5310865  13.6557126  35.5310832  13.6557156    0.0117   -0.0107    0.0322 17 58 32.00    10.00 
  2020 11 16.749491  2 22  7.4568 +13 39 20.551  35.5310698  13.6557086  35.5310620  13.6557073    0.0273    0.0046    0.0341 17 59 16.00    10.00 
  2020 11 16.750532  2 22  7.4444 +13 39 20.488  35.5310182  13.6556911  35.5310188  13.6556903   -0.0021    0.0028    0.0229 18  0 46.00    10.00 
  2020 11 16.751053  2 22  7.4395 +13 39 20.419  35.5309978  13.6556719  35.5309971  13.6556819    0.0023   -0.0358    0.0403 18  1 31.00    10.00 
  2020 11 16.751574  2 22  7.4351 +13 39 20.421  35.5309798  13.6556726  35.5309755  13.6556734    0.0150   -0.0028    0.0229 18  2 16.00    10.00 
  2020 11 16.752095  2 22  7.4300 +13 39 20.449  35.5309584  13.6556802  35.5309539  13.6556649    0.0159    0.0552    0.0304 18  3  1.00    10.00 
  2020 11 16.752616  2 22  7.4242 +13 39 20.334  35.5309340  13.6556484  35.5309322  13.6556564    0.0063   -0.0288    0.0411 18  3 46.00    10.00 
  2020 11 16.753137  2 22  7.4196 +13 39 20.340  35.5309152  13.6556500  35.5309106  13.6556479    0.0159    0.0076    0.0442 18  4 31.00    10.00 
  2020 11 16.753657  2 22  7.4113 +13 39 20.296  35.5308802  13.6556377  35.5308890  13.6556394   -0.0307   -0.0064    0.0298 18  5 16.00    10.00 
  2020 11 16.754178  2 22  7.4074 +13 39 20.243  35.5308641  13.6556229  35.5308674  13.6556309   -0.0114   -0.0288    0.0289 18  6  1.00    10.00 
  2020 11 16.754699  2 22  7.4027 +13 39 20.213  35.5308448  13.6556148  35.5308457  13.6556224   -0.0034   -0.0273    0.0312 18  6 46.00    10.00 
  2020 11 16.755220  2 22  7.3989 +13 39 20.208  35.5308287  13.6556134  35.5308241  13.6556139    0.0161   -0.0019    0.0370 18  7 31.00    10.00 
  2020 11 16.755741  2 22  7.3885 +13 39 20.187  35.5307854  13.6556075  35.5308025  13.6556055   -0.0598    0.0073    0.0360 18  8 16.00    10.00 
  2020 11 16.756262  2 22  7.3881 +13 39 20.144  35.5307838  13.6555956  35.5307809  13.6555970    0.0102   -0.0048    0.0278 18  9  1.00    10.00 
  2020 11 16.756771  2 22  7.3837 +13 39 20.165  35.5307652  13.6556013  35.5307597  13.6555887    0.0192    0.0457    0.0448 18  9 45.00    10.00 
  2020 11 17.614236  2 21 59.1678 +13 38 28.123  35.4965327  13.6411453  35.4965286  13.6411496    0.0144   -0.0155    0.0223 14 44 30.00    10.00 
  2020 11 17.614757  2 21 59.1605 +13 38 28.140  35.4965023  13.6411500  35.4965078  13.6411406   -0.0192    0.0338    0.0243 14 45 15.00    10.00 
  2020 11 17.615278  2 21 59.1556 +13 38 28.108  35.4964817  13.6411411  35.4964870  13.6411315   -0.0186    0.0345    0.0190 14 46  0.00    10.00 
  2020 11 17.615799  2 21 59.1515 +13 38 28.030  35.4964645  13.6411195  35.4964663  13.6411225   -0.0060   -0.0107    0.0353 14 46 45.00    10.00 
  2020 11 17.616319  2 21 59.1460 +13 38 28.014  35.4964416  13.6411149  35.4964455  13.6411135   -0.0135    0.0052    0.0244 14 47 30.00    10.00 
  2020 11 17.616840  2 21 59.1411 +13 38 27.999  35.4964211  13.6411108  35.4964247  13.6411045   -0.0128    0.0229    0.0210 14 48 15.00    10.00 
  2020 11 17.617361  2 21 59.1323 +13 38 27.947  35.4963844  13.6410963  35.4964040  13.6410955   -0.0684    0.0031    0.0331 14 49  0.00    10.00 
  2020 11 17.617882  2 21 59.1288 +13 38 27.894  35.4963700  13.6410816  35.4963832  13.6410864   -0.0461   -0.0174    0.0460 14 49 45.00    10.00 
  2020 11 17.618403  2 21 59.1272 +13 38 27.880  35.4963635  13.6410778  35.4963624  13.6410774    0.0037    0.0012    0.0604 14 50 30.00    10.00 
  2020 11 17.618924  2 21 59.1250 +13 38 27.827  35.4963541  13.6410632  35.4963417  13.6410684    0.0434   -0.0188    0.0678 14 51 15.00    10.00 
  2020 11 17.619444  2 21 59.1119 +13 38 27.850  35.4962998  13.6410694  35.4963209  13.6410594   -0.0740    0.0361    0.1119 14 52  0.00    10.00 
  2020 11 17.619965  2 21 59.1100 +13 38 27.745  35.4962916  13.6410404  35.4963001  13.6410503   -0.0300   -0.0358    0.0482 14 52 45.00    10.00 
  2020 11 17.620486  2 21 59.1051 +13 38 27.735  35.4962713  13.6410374  35.4962794  13.6410413   -0.0283   -0.0140    0.0272 14 53 30.00    10.00 
  2020 11 17.621007  2 21 59.1006 +13 38 27.680  35.4962527  13.6410222  35.4962586  13.6410323   -0.0208   -0.0364    0.0296 14 54 15.00    10.00 
  2020 11 17.621528  2 21 59.0941 +13 38 27.715  35.4962254  13.6410320  35.4962379  13.6410233   -0.0437    0.0313    0.0307 14 55  0.00    10.00 
  2020 11 17.622049  2 21 59.0915 +13 38 27.672  35.4962145  13.6410201  35.4962171  13.6410142   -0.0090    0.0212    0.0282 14 55 45.00    10.00 
  2020 11 17.622558  2 21 59.0880 +13 38 27.654  35.4962000  13.6410150  35.4961968  13.6410054    0.0113    0.0346    0.0660 14 56 29.00    10.00 
  2020 11 17.624120  2 21 59.0718 +13 38 27.497  35.4961325  13.6409715  35.4961345  13.6409783   -0.0070   -0.0245    0.0491 14 58 44.00    10.00 
  2020 11 17.624641  2 21 59.0685 +13 38 27.480  35.4961186  13.6409666  35.4961138  13.6409693    0.0170   -0.0096    0.0553 14 59 29.00    10.00 
  2020 11 17.625162  2 21 59.0618 +13 38 27.500  35.4960910  13.6409723  35.4960930  13.6409602   -0.0069    0.0433    0.0258 15  0 14.00    10.00 
  2020 11 17.626725  2 21 59.0454 +13 38 27.316  35.4960225  13.6409211  35.4960307  13.6409332   -0.0289   -0.0435    0.0609 15  2 29.00    10.00 
  2020 11 17.627245  2 21 59.0413 +13 38 27.356  35.4960052  13.6409323  35.4960100  13.6409241   -0.0165    0.0293    0.0390 15  3 14.00    10.00 
  2020 11 17.627766  2 21 59.0341 +13 38 27.303  35.4959755  13.6409175  35.4959892  13.6409151   -0.0480    0.0087    0.0315 15  3 59.00    10.00 
  2020 11 17.628287  2 21 59.0309 +13 38 27.279  35.4959623  13.6409108  35.4959684  13.6409061   -0.0215    0.0170    0.0272 15  4 44.00    10.00 
  2020 11 17.629850  2 21 59.0186 +13 38 27.158  35.4959109  13.6408771  35.4959062  13.6408789    0.0167   -0.0066    0.0274 15  6 59.00    10.00 
  2020 11 17.630370  2 21 59.0120 +13 38 27.172  35.4958833  13.6408812  35.4958854  13.6408699   -0.0073    0.0406    0.0414 15  7 44.00    10.00 
  2020 11 17.630891  2 21 59.0057 +13 38 27.107  35.4958569  13.6408630  35.4958647  13.6408609   -0.0272    0.0077    0.0438 15  8 29.00    10.00 
  2020 11 17.631400  2 21 59.0026 +13 38 27.064  35.4958443  13.6408512  35.4958444  13.6408520   -0.0001   -0.0029    0.0363 15  9 13.00    10.00 
  2020 11 17.631921  2 21 58.9986 +13 38 27.012  35.4958273  13.6408366  35.4958236  13.6408430    0.0130   -0.0231    0.0494 15  9 58.00    10.00 
  2020 11 17.632442  2 21 58.9913 +13 38 27.084  35.4957972  13.6408567  35.4958029  13.6408340   -0.0199    0.0819    0.0226 15 10 43.00    10.00 
  2020 11 17.632963  2 21 58.9855 +13 38 27.012  35.4957730  13.6408366  35.4957821  13.6408249   -0.0319    0.0422    0.0322 15 11 28.00    10.00 
  2020 11 17.633484  2 21 58.9803 +13 38 26.938  35.4957514  13.6408162  35.4957614  13.6408159   -0.0348    0.0011    0.0451 15 12 13.00    10.00 
  2020 11 17.634005  2 21 58.9753 +13 38 26.916  35.4957305  13.6408100  35.4957406  13.6408068   -0.0353    0.0115    0.0322 15 12 58.00    10.00 
  2020 11 17.635046  2 21 58.9647 +13 38 26.813  35.4956863  13.6407813  35.4956991  13.6407888   -0.0448   -0.0268    0.0309 15 14 28.00    10.00 
  2020 11 17.635567  2 21 58.9595 +13 38 26.803  35.4956647  13.6407786  35.4956783  13.6407797   -0.0477   -0.0041    0.0534 15 15 13.00    10.00 
  2020 11 17.637130  2 21 58.9463 +13 38 26.781  35.4956097  13.6407725  35.4956161  13.6407526   -0.0225    0.0717    0.0508 15 17 28.00    10.00 
  2020 11 17.638171  2 21 58.9361 +13 38 26.659  35.4955672  13.6407385  35.4955746  13.6407345   -0.0259    0.0146    0.0454 15 18 58.00    10.00 
  2020 11 17.638692  2 21 58.9317 +13 38 26.698  35.4955488  13.6407495  35.4955538  13.6407255   -0.0177    0.0864    0.0541 15 19 43.00    10.00 
  2020 11 17.639734  2 21 58.9187 +13 38 26.508  35.4954947  13.6406967  35.4955124  13.6407074   -0.0618   -0.0382    0.0300 15 21 13.00    10.00 
  2020 11 17.640775  2 21 58.9119 +13 38 26.505  35.4954662  13.6406958  35.4954709  13.6406893   -0.0162    0.0235    0.0471 15 22 43.00    10.00 
  2020 11 17.641806  2 21 58.9013 +13 38 26.440  35.4954220  13.6406777  35.4954298  13.6406714   -0.0275    0.0226    0.0385 15 24 12.00    10.00 
  2020 11 17.642326  2 21 58.8976 +13 38 26.328  35.4954065  13.6406465  35.4954091  13.6406623   -0.0090   -0.0569    0.0348 15 24 57.00    10.00 
  2020 11 17.642847  2 21 58.8939 +13 38 26.371  35.4953912  13.6406586  35.4953883  13.6406533    0.0101    0.0190    0.0374 15 25 42.00    10.00 
  2020 11 17.643368  2 21 58.8859 +13 38 26.390  35.4953578  13.6406639  35.4953676  13.6406442   -0.0343    0.0708    0.0322 15 26 27.00    10.00 
  2020 11 17.643889  2 21 58.8843 +13 38 26.226  35.4953512  13.6406184  35.4953469  13.6406352    0.0151   -0.0604    0.0385 15 27 12.00    10.00 
  2020 11 17.644410  2 21 58.8754 +13 38 26.247  35.4953141  13.6406242  35.4953261  13.6406261   -0.0422   -0.0071    0.0357 15 27 57.00    10.00 
  2020 11 17.644931  2 21 58.8722 +13 38 26.152  35.4953007  13.6405977  35.4953054  13.6406171   -0.0165   -0.0700    0.0315 15 28 42.00    10.00 
  2020 11 17.645451  2 21 58.8672 +13 38 26.198  35.4952801  13.6406105  35.4952846  13.6406080   -0.0159    0.0089    0.0253 15 29 27.00    10.00 
  2020 11 17.645972  2 21 58.8613 +13 38 26.119  35.4952552  13.6405886  35.4952639  13.6405990   -0.0302   -0.0372    0.0274 15 30 12.00    10.00 
  2020 11 17.646493  2 21 58.8579 +13 38 26.105  35.4952415  13.6405848  35.4952431  13.6405899   -0.0059   -0.0185    0.0316 15 30 57.00    10.00 
  2020 11 17.647014  2 21 58.8515 +13 38 26.110  35.4952144  13.6405862  35.4952224  13.6405809   -0.0280    0.0193    0.0408 15 31 42.00    10.00 
  2020 11 17.647535  2 21 58.8444 +13 38 26.020  35.4951849  13.6405612  35.4952017  13.6405718   -0.0587   -0.0382    0.0374 15 32 27.00    10.00 
  2020 11 17.648056  2 21 58.8420 +13 38 26.000  35.4951750  13.6405555  35.4951809  13.6405628   -0.0207   -0.0261    0.0508 15 33 12.00    10.00 
  2020 11 17.648576  2 21 58.8400 +13 38 25.970  35.4951665  13.6405474  35.4951602  13.6405537    0.0222   -0.0229    0.0540 15 33 57.00    10.00 
  2020 11 17.649097  2 21 58.8351 +13 38 26.003  35.4951463  13.6405565  35.4951394  13.6405447    0.0240    0.0426    0.0749 15 34 42.00    10.00 
  2020 11 17.649618  2 21 58.8240 +13 38 25.861  35.4951001  13.6405169  35.4951187  13.6405356   -0.0651   -0.0674    0.1166 15 35 27.00    10.00 
  2020 11 17.650139  2 21 58.8188 +13 38 25.915  35.4950782  13.6405319  35.4950980  13.6405265   -0.0691    0.0192    0.0752 15 36 12.00    10.00 
  2020 11 17.650660  2 21 58.8182 +13 38 25.909  35.4950758  13.6405303  35.4950772  13.6405175   -0.0049    0.0461    0.0264 15 36 57.00    10.00 
  2020 11 17.651181  2 21 58.8146 +13 38 25.841  35.4950609  13.6405114  35.4950565  13.6405084    0.0153    0.0106    0.0333 15 37 42.00    10.00 
  2020 11 17.651701  2 21 58.8076 +13 38 25.820  35.4950318  13.6405056  35.4950358  13.6404994   -0.0140    0.0223    0.0357 15 38 27.00    10.00 
  2020 11 17.652222  2 21 58.8021 +13 38 25.803  35.4950086  13.6405007  35.4950150  13.6404903   -0.0226    0.0374    0.0332 15 39 12.00    10.00 
  2020 11 17.652743  2 21 58.7979 +13 38 25.768  35.4949914  13.6404910  35.4949943  13.6404813   -0.0100    0.0351    0.0387 15 39 57.00    10.00 
  2020 11 17.653252  2 21 58.7939 +13 38 25.690  35.4949746  13.6404694  35.4949740  13.6404724    0.0019   -0.0106    0.0230 15 40 41.00    10.00 
  2020 11 17.653773  2 21 58.7860 +13 38 25.699  35.4949418  13.6404718  35.4949533  13.6404633   -0.0401    0.0306    0.0379 15 41 26.00    10.00 
  2020 11 17.654294  2 21 58.7840 +13 38 25.576  35.4949335  13.6404379  35.4949326  13.6404543    0.0034   -0.0589    0.0440 15 42 11.00    10.00 
  2020 11 17.654815  2 21 58.7771 +13 38 25.584  35.4949046  13.6404401  35.4949118  13.6404452   -0.0253   -0.0184    0.0738 15 42 56.00    10.00 
  2020 11 17.655336  2 21 58.7770 +13 38 25.611  35.4949041  13.6404476  35.4948911  13.6404362    0.0454    0.0413    0.0499 15 43 41.00    10.00 
  2020 11 17.655856  2 21 58.7653 +13 38 25.522  35.4948556  13.6404228  35.4948704  13.6404271   -0.0517   -0.0156    0.0261 15 44 26.00    10.00 
  2020 11 17.656377  2 21 58.7634 +13 38 25.511  35.4948476  13.6404196  35.4948496  13.6404180   -0.0071    0.0057    0.0191 15 45 11.00    10.00 
  2020 11 17.656898  2 21 58.7552 +13 38 25.459  35.4948133  13.6404053  35.4948289  13.6404090   -0.0546   -0.0130    0.0303 15 45 56.00    10.00 
  2020 11 17.657419  2 21 58.7525 +13 38 25.448  35.4948022  13.6404022  35.4948082  13.6403999   -0.0209    0.0082    0.0200 15 46 41.00    10.00 
  2020 11 17.657940  2 21 58.7481 +13 38 25.368  35.4947836  13.6403801  35.4947874  13.6403908   -0.0135   -0.0388    0.0595 15 47 26.00    10.00 
  2020 11 17.658461  2 21 58.7432 +13 38 25.376  35.4947635  13.6403821  35.4947667  13.6403818   -0.0111    0.0012    0.0282 15 48 11.00    10.00 
  2020 11 17.658981  2 21 58.7355 +13 38 25.363  35.4947312  13.6403786  35.4947460  13.6403727   -0.0518    0.0213    0.0368 15 48 56.00    10.00 
  2020 11 17.659502  2 21 58.7338 +13 38 25.297  35.4947243  13.6403603  35.4947253  13.6403636   -0.0034   -0.0122    0.0291 15 49 41.00    10.00 
  2020 11 17.660023  2 21 58.7272 +13 38 25.247  35.4946966  13.6403464  35.4947045  13.6403546   -0.0279   -0.0293    0.0231 15 50 26.00    10.00 
  2020 11 17.660544  2 21 58.7216 +13 38 25.290  35.4946735  13.6403582  35.4946838  13.6403455   -0.0361    0.0457    0.0274 15 51 11.00    10.00 
  2020 11 17.661065  2 21 58.7190 +13 38 25.214  35.4946626  13.6403372  35.4946631  13.6403364   -0.0015    0.0027    0.0329 15 51 56.00    10.00 
  2020 11 17.661586  2 21 58.7120 +13 38 25.152  35.4946334  13.6403200  35.4946424  13.6403274   -0.0312   -0.0264    0.0389 15 52 41.00    10.00 
  2020 11 17.662106  2 21 58.7081 +13 38 25.132  35.4946172  13.6403143  35.4946216  13.6403183   -0.0154   -0.0143    0.0228 15 53 26.00    10.00 
  2020 11 17.662627  2 21 58.7031 +13 38 25.108  35.4945964  13.6403077  35.4946009  13.6403092   -0.0158   -0.0056    0.0349 15 54 11.00    10.00 
  2020 11 17.663148  2 21 58.6983 +13 38 25.083  35.4945764  13.6403008  35.4945802  13.6403002   -0.0132    0.0023    0.0230 15 54 56.00    10.00 
  2020 11 17.663657  2 21 58.6946 +13 38 25.049  35.4945610  13.6402913  35.4945599  13.6402913    0.0036    0.0000    0.0280 15 55 40.00    10.00 
  2020 11 17.664178  2 21 58.6883 +13 38 25.009  35.4945347  13.6402804  35.4945392  13.6402822   -0.0157   -0.0066    0.0234 15 56 25.00    10.00 
  2020 11 17.664699  2 21 58.6821 +13 38 24.988  35.4945088  13.6402744  35.4945185  13.6402731   -0.0341    0.0043    0.0356 15 57 10.00    10.00 
  2020 11 17.665220  2 21 58.6774 +13 38 24.982  35.4944890  13.6402728  35.4944978  13.6402641   -0.0307    0.0314    0.0235 15 57 55.00    10.00 
  2020 11 17.665741  2 21 58.6744 +13 38 24.924  35.4944766  13.6402566  35.4944771  13.6402550   -0.0015    0.0059    0.0209 15 58 40.00    10.00 
  2020 11 17.666262  2 21 58.6681 +13 38 24.910  35.4944503  13.6402527  35.4944563  13.6402459   -0.0210    0.0242    0.0277 15 59 25.00    10.00 
  2020 11 17.666782  2 21 58.6649 +13 38 24.834  35.4944372  13.6402317  35.4944356  13.6402369    0.0057   -0.0187    0.0197 16  0 10.00    10.00 
  2020 11 17.667303  2 21 58.6596 +13 38 24.822  35.4944151  13.6402283  35.4944149  13.6402278    0.0007    0.0019    0.0314 16  0 55.00    10.00 
  2020 11 17.667824  2 21 58.6549 +13 38 24.806  35.4943952  13.6402238  35.4943942  13.6402187    0.0036    0.0184    0.0260 16  1 40.00    10.00 
  2020 11 17.668345  2 21 58.6489 +13 38 24.770  35.4943705  13.6402139  35.4943735  13.6402096   -0.0104    0.0152    0.0209 16  2 25.00    10.00 
  2020 11 17.668866  2 21 58.6435 +13 38 24.713  35.4943477  13.6401980  35.4943528  13.6402006   -0.0176   -0.0092    0.0240 16  3 10.00    10.00 
  2020 11 17.669387  2 21 58.6374 +13 38 24.707  35.4943224  13.6401965  35.4943320  13.6401915   -0.0337    0.0181    0.0367 16  3 55.00    10.00 
  2020 11 17.669907  2 21 58.6341 +13 38 24.696  35.4943086  13.6401934  35.4943113  13.6401824   -0.0096    0.0396    0.0283 16  4 40.00    10.00 
  2020 11 17.670428  2 21 58.6266 +13 38 24.624  35.4942776  13.6401733  35.4942906  13.6401733   -0.0456   -0.0000    0.0321 16  5 25.00    10.00 
  2020 11 17.670949  2 21 58.6256 +13 38 24.590  35.4942732  13.6401638  35.4942699  13.6401642    0.0115   -0.0014    0.0332 16  6 10.00    10.00 
  2020 11 17.671470  2 21 58.6210 +13 38 24.532  35.4942543  13.6401477  35.4942492  13.6401552    0.0177   -0.0268    0.0348 16  6 55.00    10.00 
  2020 11 17.671991  2 21 58.6134 +13 38 24.515  35.4942226  13.6401431  35.4942285  13.6401461   -0.0206   -0.0109    0.0272 16  7 40.00    10.00 
  2020 11 17.672512  2 21 58.6102 +13 38 24.493  35.4942091  13.6401368  35.4942078  13.6401370    0.0046   -0.0006    0.0282 16  8 25.00    10.00 
  2020 11 17.673032  2 21 58.6038 +13 38 24.434  35.4941823  13.6401206  35.4941871  13.6401279   -0.0167   -0.0263    0.0196 16  9 10.00    10.00 
  2020 11 17.673553  2 21 58.5985 +13 38 24.427  35.4941603  13.6401185  35.4941664  13.6401189   -0.0211   -0.0012    0.0177 16  9 55.00    10.00 
  2020 11 17.674074  2 21 58.5944 +13 38 24.436  35.4941435  13.6401212  35.4941457  13.6401098   -0.0075    0.0411    0.0240 16 10 40.00    10.00 
  2020 11 17.674583  2 21 58.5886 +13 38 24.379  35.4941190  13.6401053  35.4941254  13.6401009   -0.0225    0.0158    0.0251 16 11 24.00    10.00 
  2020 11 17.675104  2 21 58.5834 +13 38 24.300  35.4940973  13.6400832  35.4941047  13.6400918   -0.0258   -0.0309    0.0219 16 12  9.00    10.00 
  2020 11 17.675625  2 21 58.5783 +13 38 24.316  35.4940764  13.6400878  35.4940840  13.6400827   -0.0265    0.0182    0.0246 16 12 54.00    10.00 
  2020 11 17.676146  2 21 58.5754 +13 38 24.255  35.4940643  13.6400707  35.4940633  13.6400736    0.0033   -0.0106    0.0280 16 13 39.00    10.00 
  2020 11 17.676667  2 21 58.5700 +13 38 24.238  35.4940416  13.6400662  35.4940426  13.6400646   -0.0034    0.0058    0.0215 16 14 24.00    10.00 
  2020 11 17.677187  2 21 58.5642 +13 38 24.173  35.4940175  13.6400480  35.4940219  13.6400555   -0.0152   -0.0271    0.0314 16 15  9.00    10.00 
  2020 11 17.677697  2 21 58.5606 +13 38 24.184  35.4940027  13.6400511  35.4940017  13.6400466    0.0036    0.0161    0.0207 16 15 53.00    10.00 
  2020 11 17.678206  2 21 58.5552 +13 38 24.148  35.4939800  13.6400412  35.4939814  13.6400377   -0.0050    0.0126    0.0272 16 16 37.00    10.00 
  2020 11 17.678727  2 21 58.5491 +13 38 24.118  35.4939546  13.6400327  35.4939607  13.6400286   -0.0214    0.0147    0.0356 16 17 22.00    10.00 
  2020 11 17.679248  2 21 58.5447 +13 38 24.080  35.4939363  13.6400221  35.4939400  13.6400195   -0.0131    0.0092    0.0345 16 18  7.00    10.00 
  2020 11 17.679769  2 21 58.5397 +13 38 24.063  35.4939153  13.6400176  35.4939193  13.6400105   -0.0141    0.0258    0.0264 16 18 52.00    10.00 
  2020 11 17.680289  2 21 58.5368 +13 38 24.016  35.4939034  13.6400046  35.4938986  13.6400014    0.0166    0.0115    0.0214 16 19 37.00    10.00 
  2020 11 17.680810  2 21 58.5279 +13 38 23.933  35.4938664  13.6399813  35.4938779  13.6399923   -0.0403   -0.0397    0.0350 16 20 22.00    10.00 
  2020 11 17.681331  2 21 58.5253 +13 38 23.964  35.4938556  13.6399899  35.4938572  13.6399832   -0.0057    0.0243    0.0255 16 21  7.00    10.00 
  2020 11 17.681852  2 21 58.5184 +13 38 23.928  35.4938269  13.6399800  35.4938365  13.6399741   -0.0338    0.0212    0.0298 16 21 52.00    10.00 
  2020 11 17.682373  2 21 58.5148 +13 38 23.874  35.4938116  13.6399649  35.4938158  13.6399650   -0.0149   -0.0003    0.0218 16 22 37.00    10.00 
  2020 11 17.682894  2 21 58.5086 +13 38 23.863  35.4937858  13.6399620  35.4937951  13.6399559   -0.0327    0.0217    0.0334 16 23 22.00    10.00 
  2020 11 17.683414  2 21 58.5070 +13 38 23.772  35.4937791  13.6399368  35.4937745  13.6399468    0.0163   -0.0361    0.0268 16 24  7.00    10.00 
  2020 11 17.683935  2 21 58.4988 +13 38 23.737  35.4937448  13.6399268  35.4937538  13.6399377   -0.0312   -0.0393    0.0337 16 24 52.00    10.00 
  2020 11 17.684456  2 21 58.4946 +13 38 23.760  35.4937277  13.6399333  35.4937331  13.6399287   -0.0188    0.0166    0.0258 16 25 37.00    10.00 
  2020 11 17.684977  2 21 58.4901 +13 38 23.698  35.4937087  13.6399161  35.4937124  13.6399196   -0.0130   -0.0124    0.0172 16 26 22.00    10.00 
  2020 11 17.685498  2 21 58.4843 +13 38 23.679  35.4936847  13.6399109  35.4936917  13.6399105   -0.0246    0.0016    0.0255 16 27  7.00    10.00 
  2020 11 17.686019  2 21 58.4784 +13 38 23.649  35.4936602  13.6399024  35.4936710  13.6399014   -0.0378    0.0036    0.0255 16 27 52.00    10.00 
  2020 11 17.686539  2 21 58.4754 +13 38 23.624  35.4936477  13.6398956  35.4936503  13.6398923   -0.0091    0.0120    0.0238 16 28 37.00    10.00 
  2020 11 17.687060  2 21 58.4710 +13 38 23.604  35.4936290  13.6398900  35.4936296  13.6398832   -0.0021    0.0245    0.0331 16 29 22.00    10.00 
  2020 11 17.687581  2 21 58.4645 +13 38 23.596  35.4936020  13.6398877  35.4936089  13.6398741   -0.0243    0.0492    0.0368 16 30  7.00    10.00 
  2020 11 17.688102  2 21 58.4611 +13 38 23.515  35.4935881  13.6398653  35.4935883  13.6398650   -0.0007    0.0009    0.0236 16 30 52.00    10.00 
  2020 11 17.688611  2 21 58.4541 +13 38 23.551  35.4935589  13.6398754  35.4935680  13.6398561   -0.0320    0.0694    0.0229 16 31 36.00    10.00 
  2020 11 17.689132  2 21 58.4492 +13 38 23.460  35.4935381  13.6398499  35.4935474  13.6398470   -0.0323    0.0103    0.0416 16 32 21.00    10.00 
  2020 11 17.689653  2 21 58.4468 +13 38 23.401  35.4935285  13.6398335  35.4935267  13.6398379    0.0063   -0.0157    0.0399 16 33  6.00    10.00 
  2020 11 17.690174  2 21 58.4382 +13 38 23.411  35.4934924  13.6398364  35.4935060  13.6398288   -0.0476    0.0274    0.0442 16 33 51.00    10.00 
  2020 11 17.690694  2 21 58.4309 +13 38 23.307  35.4934622  13.6398076  35.4934853  13.6398197   -0.0810   -0.0435    0.0586 16 34 36.00    10.00 
  2020 11 17.691215  2 21 58.4315 +13 38 23.314  35.4934647  13.6398095  35.4934646  13.6398106    0.0003   -0.0042    0.0234 16 35 21.00    10.00 
  2020 11 17.691736  2 21 58.4251 +13 38 23.304  35.4934377  13.6398068  35.4934440  13.6398015   -0.0218    0.0190    0.0307 16 36  6.00    10.00 
  2020 11 17.692257  2 21 58.4185 +13 38 23.238  35.4934104  13.6397882  35.4934233  13.6397924   -0.0450   -0.0152    0.0258 16 36 51.00    10.00 
  2020 11 17.692778  2 21 58.4161 +13 38 23.223  35.4934004  13.6397840  35.4934026  13.6397833   -0.0078    0.0026    0.0306 16 37 36.00    10.00 
  2020 11 17.693299  2 21 58.4109 +13 38 23.175  35.4933786  13.6397710  35.4933819  13.6397742   -0.0117   -0.0117    0.0248 16 38 21.00    10.00 
  2020 11 17.693819  2 21 58.4052 +13 38 23.165  35.4933549  13.6397681  35.4933613  13.6397651   -0.0223    0.0109    0.0270 16 39  6.00    10.00 
  2020 11 17.694340  2 21 58.4014 +13 38 23.120  35.4933391  13.6397555  35.4933406  13.6397560   -0.0053   -0.0018    0.0218 16 39 51.00    10.00 
  2020 11 17.694861  2 21 58.3949 +13 38 23.103  35.4933121  13.6397508  35.4933199  13.6397469   -0.0272    0.0141    0.0218 16 40 36.00    10.00 
  2020 11 17.695382  2 21 58.3912 +13 38 23.055  35.4932968  13.6397374  35.4932992  13.6397378   -0.0085   -0.0013    0.0204 16 41 21.00    10.00 
  2020 11 17.695903  2 21 58.3847 +13 38 23.024  35.4932695  13.6397288  35.4932786  13.6397287   -0.0318    0.0002    0.0143 16 42  6.00    10.00 
  2020 11 17.696424  2 21 58.3803 +13 38 22.958  35.4932510  13.6397106  35.4932579  13.6397196   -0.0239   -0.0324    0.0195 16 42 51.00    10.00 
  2020 11 17.696944  2 21 58.3742 +13 38 22.967  35.4932260  13.6397131  35.4932372  13.6397105   -0.0392    0.0094    0.0327 16 43 36.00    10.00 
  2020 11 17.697454  2 21 58.3689 +13 38 22.930  35.4932035  13.6397028  35.4932170  13.6397016   -0.0471    0.0042    0.0213 16 44 20.00    10.00 
  2020 11 17.697975  2 21 58.3663 +13 38 22.932  35.4931931  13.6397032  35.4931963  13.6396925   -0.0115    0.0385    0.0284 16 45  5.00    10.00 
  2020 11 17.698495  2 21 58.3616 +13 38 22.866  35.4931735  13.6396850  35.4931757  13.6396834   -0.0077    0.0059    0.0477 16 45 50.00    10.00 
  2020 11 17.699016  2 21 58.3564 +13 38 22.813  35.4931517  13.6396704  35.4931550  13.6396743   -0.0114   -0.0141    0.0341 16 46 35.00    10.00 
  2020 11 17.699537  2 21 58.3519 +13 38 22.802  35.4931328  13.6396672  35.4931344  13.6396652   -0.0055    0.0073    0.0223 16 47 20.00    10.00 
  2020 11 17.700058  2 21 58.3451 +13 38 22.763  35.4931044  13.6396563  35.4931137  13.6396561   -0.0325    0.0009    0.0234 16 48  5.00    10.00 
  2020 11 17.700579  2 21 58.3403 +13 38 22.732  35.4930848  13.6396478  35.4930930  13.6396470   -0.0288    0.0031    0.0161 16 48 50.00    10.00 
  2020 11 17.701100  2 21 58.3342 +13 38 22.738  35.4930594  13.6396494  35.4930724  13.6396379   -0.0455    0.0415    0.0356 16 49 35.00    10.00 
  2020 11 17.701620  2 21 58.3300 +13 38 22.665  35.4930417  13.6396292  35.4930517  13.6396288   -0.0351    0.0017    0.0339 16 50 20.00    10.00 
  2020 11 17.702141  2 21 58.3273 +13 38 22.650  35.4930305  13.6396251  35.4930310  13.6396196   -0.0018    0.0196    0.0269 16 51  5.00    10.00 
  2020 11 17.702662  2 21 58.3213 +13 38 22.607  35.4930052  13.6396132  35.4930104  13.6396105   -0.0181    0.0095    0.0230 16 51 50.00    10.00 
  2020 11 17.703183  2 21 58.3148 +13 38 22.556  35.4929783  13.6395988  35.4929897  13.6396014   -0.0399   -0.0095    0.0404 16 52 35.00    10.00 
  2020 11 17.703704  2 21 58.3107 +13 38 22.508  35.4929611  13.6395856  35.4929691  13.6395923   -0.0280   -0.0242    0.0254 16 53 20.00    10.00 
  2020 11 17.704225  2 21 58.3068 +13 38 22.485  35.4929449  13.6395793  35.4929484  13.6395832   -0.0124   -0.0141    0.0255 16 54  5.00    10.00 
  2020 11 17.704745  2 21 58.3021 +13 38 22.431  35.4929255  13.6395641  35.4929278  13.6395741   -0.0078   -0.0360    0.0288 16 54 50.00    10.00 
  2020 11 17.705266  2 21 58.2969 +13 38 22.419  35.4929036  13.6395609  35.4929071  13.6395650   -0.0122   -0.0145    0.0257 16 55 35.00    10.00 
  2020 11 17.705775  2 21 58.2920 +13 38 22.450  35.4928833  13.6395695  35.4928869  13.6395561   -0.0127    0.0482    0.0152 16 56 19.00    10.00 
  2020 11 17.706296  2 21 58.2861 +13 38 22.405  35.4928589  13.6395569  35.4928663  13.6395470   -0.0257    0.0358    0.0265 16 57  4.00    10.00 
  2020 11 17.706817  2 21 58.2801 +13 38 22.336  35.4928338  13.6395378  35.4928456  13.6395378   -0.0413   -0.0002    0.0418 16 57 49.00    10.00 
  2020 11 17.707338  2 21 58.2759 +13 38 22.262  35.4928162  13.6395172  35.4928250  13.6395287   -0.0306   -0.0415    0.0308 16 58 34.00    10.00 
  2020 11 17.707859  2 21 58.2686 +13 38 22.297  35.4927857  13.6395269  35.4928043  13.6395196   -0.0653    0.0263    0.0419 16 59 19.00    10.00 
  2020 11 17.708380  2 21 58.2678 +13 38 22.237  35.4927824  13.6395104  35.4927837  13.6395105   -0.0046   -0.0003    0.0415 17  0  4.00    10.00 
  2020 11 17.708900  2 21 58.2648 +13 38 22.202  35.4927699  13.6395004  35.4927630  13.6395014    0.0242   -0.0034    0.0287 17  0 49.00    10.00 
  2020 11 17.709421  2 21 58.2582 +13 38 22.202  35.4927426  13.6395007  35.4927424  13.6394923    0.0009    0.0302    0.0284 17  1 34.00    10.00 
  2020 11 17.709942  2 21 58.2500 +13 38 22.149  35.4927085  13.6394859  35.4927217  13.6394832   -0.0464    0.0098    0.0397 17  2 19.00    10.00 
  2020 11 17.710463  2 21 58.2469 +13 38 22.097  35.4926954  13.6394714  35.4927011  13.6394740   -0.0198   -0.0095    0.0199 17  3  4.00    10.00 
  2020 11 18.589421  2 21 50.2724 +13 37 26.291  35.4594682  13.6239697  35.4594772  13.6239676   -0.0315    0.0077    0.0513 14  8 46.00    10.00 
  2020 11 18.589942  2 21 50.2681 +13 37 26.328  35.4594503  13.6239801  35.4594576  13.6239584   -0.0256    0.0781    0.0543 14  9 31.00    10.00 
  2020 11 18.590463  2 21 50.2656 +13 37 26.250  35.4594402  13.6239584  35.4594381  13.6239492    0.0073    0.0329    0.0302 14 10 16.00    10.00 
  2020 11 18.590984  2 21 50.2597 +13 37 26.176  35.4594155  13.6239377  35.4594185  13.6239400   -0.0106   -0.0084    0.0318 14 11  1.00    10.00 
  2020 11 18.591505  2 21 50.2543 +13 37 26.146  35.4593930  13.6239295  35.4593989  13.6239309   -0.0208   -0.0048    0.0252 14 11 46.00    10.00 
  2020 11 18.592025  2 21 50.2478 +13 37 26.117  35.4593659  13.6239214  35.4593794  13.6239217   -0.0471   -0.0009    0.0369 14 12 31.00    10.00 
  2020 11 18.592546  2 21 50.2480 +13 37 26.092  35.4593667  13.6239145  35.4593598  13.6239125    0.0240    0.0072    0.0398 14 13 16.00    10.00 
  2020 11 18.593588  2 21 50.2339 +13 37 26.042  35.4593078  13.6239005  35.4593207  13.6238942   -0.0449    0.0229    0.0331 14 14 46.00    10.00 
  2020 11 18.594109  2 21 50.2314 +13 37 26.001  35.4592977  13.6238893  35.4593011  13.6238850   -0.0120    0.0155    0.0301 14 15 31.00    10.00 
  2020 11 18.594630  2 21 50.2279 +13 37 25.969  35.4592830  13.6238803  35.4592815  13.6238758    0.0053    0.0162    0.0303 14 16 16.00    10.00 
  2020 11 18.595150  2 21 50.2213 +13 37 25.961  35.4592553  13.6238780  35.4592620  13.6238666   -0.0233    0.0411    0.0239 14 17  1.00    10.00 
  2020 11 18.595671  2 21 50.2182 +13 37 25.860  35.4592426  13.6238501  35.4592424  13.6238574    0.0006   -0.0266    0.0189 14 17 46.00    10.00 
  2020 11 18.596181  2 21 50.2095 +13 37 25.857  35.4592061  13.6238492  35.4592233  13.6238485   -0.0600    0.0025    0.0334 14 18 30.00    10.00 
  2020 11 18.596701  2 21 50.2071 +13 37 25.841  35.4591962  13.6238447  35.4592037  13.6238393   -0.0262    0.0195    0.0204 14 19 15.00    10.00 
  2020 11 18.597222  2 21 50.2025 +13 37 25.759  35.4591772  13.6238220  35.4591841  13.6238301   -0.0242   -0.0291    0.1105 14 20  0.00    10.00 
  2020 11 18.597743  2 21 50.1990 +13 37 25.809  35.4591624  13.6238358  35.4591645  13.6238209   -0.0075    0.0536    0.0480 14 20 45.00    10.00 
  2020 11 18.598264  2 21 50.1938 +13 37 25.712  35.4591410  13.6238089  35.4591450  13.6238118   -0.0139   -0.0104    0.0438 14 21 30.00    10.00 
  2020 11 18.598785  2 21 50.1851 +13 37 25.697  35.4591045  13.6238048  35.4591254  13.6238026   -0.0732    0.0080    0.0451 14 22 15.00    10.00 
  2020 11 18.599306  2 21 50.1849 +13 37 25.689  35.4591039  13.6238026  35.4591058  13.6237934   -0.0067    0.0330    0.0328 14 23  0.00    10.00 
  2020 11 18.599826  2 21 50.1754 +13 37 25.642  35.4590642  13.6237895  35.4590863  13.6237842   -0.0772    0.0190    0.0438 14 23 45.00    10.00 
  2020 11 18.600347  2 21 50.1743 +13 37 25.623  35.4590596  13.6237842  35.4590667  13.6237750   -0.0249    0.0329    0.0438 14 24 30.00    10.00 
  2020 11 18.600868  2 21 50.1707 +13 37 25.578  35.4590446  13.6237717  35.4590471  13.6237659   -0.0091    0.0209    0.0305 14 25 15.00    10.00 
  2020 11 18.601389  2 21 50.1660 +13 37 25.565  35.4590250  13.6237682  35.4590276  13.6237567   -0.0091    0.0414    0.0560 14 26  0.00    10.00 
  2020 11 18.601910  2 21 50.1597 +13 37 25.513  35.4589988  13.6237537  35.4590080  13.6237475   -0.0322    0.0223    0.0378 14 26 45.00    10.00 
  2020 11 18.602431  2 21 50.1552 +13 37 25.455  35.4589800  13.6237375  35.4589885  13.6237383   -0.0296   -0.0031    0.0447 14 27 30.00    10.00 
  2020 11 18.602951  2 21 50.1518 +13 37 25.450  35.4589657  13.6237362  35.4589689  13.6237291   -0.0110    0.0254    0.0265 14 28 15.00    10.00 
  2020 11 18.603461  2 21 50.1473 +13 37 25.429  35.4589470  13.6237302  35.4589498  13.6237202   -0.0095    0.0364    0.0755 14 28 59.00    10.00 
  2020 11 18.603981  2 21 50.1395 +13 37 25.383  35.4589145  13.6237175  35.4589302  13.6237110   -0.0548    0.0236    0.0659 14 29 44.00    10.00 
  2020 11 18.604502  2 21 50.1372 +13 37 25.352  35.4589052  13.6237088  35.4589106  13.6237018   -0.0190    0.0253    0.0358 14 30 29.00    10.00 
  2020 11 18.605023  2 21 50.1317 +13 37 25.305  35.4588821  13.6236958  35.4588911  13.6236926   -0.0313    0.0116    0.0277 14 31 14.00    10.00 
  2020 11 18.605544  2 21 50.1281 +13 37 25.296  35.4588671  13.6236933  35.4588715  13.6236834   -0.0153    0.0355    0.0234 14 31 59.00    10.00 
  2020 11 18.606065  2 21 50.1221 +13 37 25.244  35.4588421  13.6236789  35.4588519  13.6236742   -0.0344    0.0167    0.0172 14 32 44.00    10.00 
  2020 11 18.606586  2 21 50.1166 +13 37 25.257  35.4588191  13.6236826  35.4588324  13.6236651   -0.0463    0.0630    0.0866 14 33 29.00    10.00 
  2020 11 18.607106  2 21 50.1134 +13 37 25.190  35.4588058  13.6236638  35.4588128  13.6236559   -0.0246    0.0286    0.0291 14 34 14.00    10.00 
  2020 11 18.607627  2 21 50.1081 +13 37 25.155  35.4587836  13.6236541  35.4587932  13.6236467   -0.0338    0.0266    0.0175 14 34 59.00    10.00 
  2020 11 18.608148  2 21 50.1051 +13 37 25.140  35.4587712  13.6236501  35.4587737  13.6236375   -0.0088    0.0454    0.0440 14 35 44.00    10.00 
  2020 11 18.608669  2 21 50.0979 +13 37 25.134  35.4587413  13.6236482  35.4587541  13.6236283   -0.0447    0.0717    0.0356 14 36 29.00    10.00 
  2020 11 18.609190  2 21 50.0917 +13 37 25.063  35.4587155  13.6236285  35.4587346  13.6236191   -0.0668    0.0339    0.0304 14 37 14.00    10.00 
  2020 11 18.609711  2 21 50.0911 +13 37 24.978  35.4587130  13.6236050  35.4587150  13.6236100   -0.0069   -0.0178    0.0259 14 37 59.00    10.00 
  2020 11 18.610231  2 21 50.0869 +13 37 25.003  35.4586955  13.6236119  35.4586954  13.6236008    0.0003    0.0401    0.0388 14 38 44.00    10.00 
  2020 11 18.610752  2 21 50.0809 +13 37 24.924  35.4586705  13.6235899  35.4586759  13.6235916   -0.0189   -0.0062    0.0164 14 39 29.00    10.00 
  2020 11 18.611273  2 21 50.0742 +13 37 24.878  35.4586426  13.6235773  35.4586563  13.6235824   -0.0479   -0.0183    0.0273 14 40 14.00    10.00 
  2020 11 18.611794  2 21 50.0695 +13 37 24.851  35.4586230  13.6235698  35.4586368  13.6235732   -0.0481   -0.0122    0.0312 14 40 59.00    10.00 
  2020 11 18.612315  2 21 50.0649 +13 37 24.836  35.4586040  13.6235654  35.4586172  13.6235640   -0.0463    0.0051    0.0427 14 41 44.00    10.00 
  2020 11 18.612836  2 21 50.0611 +13 37 24.844  35.4585880  13.6235679  35.4585976  13.6235548   -0.0338    0.0469    0.0315 14 42 29.00    10.00 
  2020 11 18.613356  2 21 50.0575 +13 37 24.772  35.4585729  13.6235479  35.4585781  13.6235457   -0.0183    0.0081    0.0175 14 43 14.00    10.00 
  2020 11 18.613877  2 21 50.0527 +13 37 24.730  35.4585531  13.6235361  35.4585585  13.6235365   -0.0191   -0.0014    0.0170 14 43 59.00    10.00 
  2020 11 18.614398  2 21 50.0463 +13 37 24.689  35.4585264  13.6235246  35.4585390  13.6235273   -0.0438   -0.0096    0.0412 14 44 44.00    10.00 
  2020 11 18.614919  2 21 50.0453 +13 37 24.671  35.4585222  13.6235198  35.4585194  13.6235181    0.0100    0.0061    0.0349 14 45 29.00    10.00 
  2020 11 18.615440  2 21 50.0376 +13 37 24.628  35.4584902  13.6235077  35.4584998  13.6235089   -0.0339   -0.0043    0.0350 14 46 14.00    10.00 
  2020 11 18.615961  2 21 50.0321 +13 37 24.602  35.4584673  13.6235005  35.4584803  13.6234997   -0.0455    0.0029    0.0451 14 46 59.00    10.00 
  2020 11 18.616481  2 21 50.0279 +13 37 24.562  35.4584496  13.6234895  35.4584607  13.6234905   -0.0391   -0.0037    0.0218 14 47 44.00    10.00 
  2020 11 18.617002  2 21 50.0244 +13 37 24.545  35.4584350  13.6234847  35.4584412  13.6234813   -0.0215    0.0122    0.0435 14 48 29.00    10.00 
  2020 11 18.617523  2 21 50.0199 +13 37 24.508  35.4584161  13.6234744  35.4584216  13.6234722   -0.0194    0.0080    0.0287 14 49 14.00    10.00 
  2020 11 18.618044  2 21 50.0135 +13 37 24.450  35.4583894  13.6234582  35.4584020  13.6234630   -0.0442   -0.0171    0.0227 14 49 59.00    10.00 
  2020 11 18.618565  2 21 50.0101 +13 37 24.393  35.4583756  13.6234424  35.4583825  13.6234538   -0.0241   -0.0411    0.0251 14 50 44.00    10.00 
  2020 11 18.619086  2 21 50.0036 +13 37 24.393  35.4583483  13.6234425  35.4583629  13.6234446   -0.0513   -0.0075    0.0307 14 51 29.00    10.00 
  2020 11 18.619606  2 21 50.0022 +13 37 24.355  35.4583425  13.6234320  35.4583434  13.6234354   -0.0032   -0.0124    0.0274 14 52 14.00    10.00 
  2020 11 18.620127  2 21 49.9937 +13 37 24.329  35.4583070  13.6234248  35.4583238  13.6234262   -0.0589   -0.0049    0.0282 14 52 59.00    10.00 
  2020 11 18.620648  2 21 49.9900 +13 37 24.298  35.4582916  13.6234161  35.4583043  13.6234170   -0.0442   -0.0032    0.0385 14 53 44.00    10.00 
  2020 11 18.621169  2 21 49.9840 +13 37 24.244  35.4582668  13.6234011  35.4582847  13.6234078   -0.0625   -0.0242    0.0336 14 54 29.00    10.00 
  2020 11 18.621690  2 21 49.9849 +13 37 24.226  35.4582703  13.6233962  35.4582652  13.6233987    0.0181   -0.0089    0.0298 14 55 14.00    10.00 
  2020 11 18.622211  2 21 49.9777 +13 37 24.175  35.4582404  13.6233820  35.4582456  13.6233895   -0.0181   -0.0269    0.0389 14 55 59.00    10.00 
  2020 11 18.622731  2 21 49.9707 +13 37 24.214  35.4582112  13.6233928  35.4582261  13.6233803   -0.0518    0.0450    0.0320 14 56 44.00    10.00 
  2020 11 18.623252  2 21 49.9676 +13 37 24.150  35.4581982  13.6233750  35.4582065  13.6233711   -0.0291    0.0141    0.0200 14 57 29.00    10.00 
  2020 11 18.623773  2 21 49.9639 +13 37 24.124  35.4581830  13.6233678  35.4581869  13.6233619   -0.0137    0.0213    0.0393 14 58 14.00    10.00 
  2020 11 18.624294  2 21 49.9579 +13 37 24.097  35.4581580  13.6233602  35.4581674  13.6233527   -0.0328    0.0271    0.0222 14 58 59.00    10.00 
  2020 11 18.624815  2 21 49.9525 +13 37 24.033  35.4581355  13.6233426  35.4581478  13.6233435   -0.0433   -0.0034    0.0425 14 59 44.00    10.00 
  2020 11 18.625324  2 21 49.9500 +13 37 24.017  35.4581251  13.6233380  35.4581287  13.6233345   -0.0126    0.0127    0.0355 15  0 28.00    10.00 
  2020 11 18.625845  2 21 49.9420 +13 37 23.985  35.4580919  13.6233292  35.4581092  13.6233253   -0.0606    0.0141    0.0281 15  1 13.00    10.00 
  2020 11 18.626366  2 21 49.9397 +13 37 23.944  35.4580820  13.6233178  35.4580896  13.6233161   -0.0268    0.0059    0.0199 15  1 58.00    10.00 
  2020 11 18.626887  2 21 49.9348 +13 37 23.922  35.4580618  13.6233115  35.4580701  13.6233069   -0.0291    0.0166    0.0274 15  2 43.00    10.00 
  2020 11 18.627407  2 21 49.9303 +13 37 23.884  35.4580429  13.6233011  35.4580505  13.6232978   -0.0267    0.0120    0.0341 15  3 28.00    10.00 
  2020 11 18.627928  2 21 49.9286 +13 37 23.822  35.4580357  13.6232838  35.4580310  13.6232886    0.0167   -0.0171    0.0309 15  4 13.00    10.00 
  2020 11 18.628449  2 21 49.9203 +13 37 23.811  35.4580012  13.6232808  35.4580114  13.6232794   -0.0358    0.0053    0.0282 15  4 58.00    10.00 
  2020 11 18.628970  2 21 49.9145 +13 37 23.733  35.4579773  13.6232593  35.4579919  13.6232702   -0.0511   -0.0393    0.0381 15  5 43.00    10.00 
  2020 11 18.630012  2 21 49.9068 +13 37 23.708  35.4579449  13.6232521  35.4579528  13.6232518   -0.0275    0.0012    0.0116 15  7 13.00    10.00 
  2020 11 18.630532  2 21 49.9031 +13 37 23.646  35.4579297  13.6232349  35.4579332  13.6232426   -0.0123   -0.0276    0.0370 15  7 58.00    10.00 
  2020 11 18.631053  2 21 49.8980 +13 37 23.620  35.4579083  13.6232279  35.4579137  13.6232334   -0.0188   -0.0199    0.0402 15  8 43.00    10.00 
  2020 11 18.631574  2 21 49.8931 +13 37 23.611  35.4578879  13.6232254  35.4578941  13.6232242   -0.0218    0.0043    0.0279 15  9 28.00    10.00 
  2020 11 18.632095  2 21 49.8897 +13 37 23.591  35.4578737  13.6232197  35.4578746  13.6232150   -0.0032    0.0170    0.0349 15 10 13.00    10.00 
  2020 11 18.632616  2 21 49.8801 +13 37 23.559  35.4578339  13.6232110  35.4578551  13.6232058   -0.0740    0.0185    0.0396 15 10 58.00    10.00 
  2020 11 18.633137  2 21 49.8780 +13 37 23.472  35.4578252  13.6231868  35.4578355  13.6231966   -0.0362   -0.0354    0.0207 15 11 43.00    10.00 
  2020 11 18.633657  2 21 49.8705 +13 37 23.472  35.4577938  13.6231868  35.4578160  13.6231874   -0.0775   -0.0024    0.0649 15 12 28.00    10.00 
  2020 11 18.634167  2 21 49.8684 +13 37 23.510  35.4577852  13.6231972  35.4577969  13.6231784   -0.0410    0.0674    0.0324 15 13 12.00    10.00 
  2020 11 18.634687  2 21 49.8640 +13 37 23.403  35.4577665  13.6231676  35.4577773  13.6231693   -0.0379   -0.0060    0.0333 15 13 57.00    10.00 
  2020 11 18.635208  2 21 49.8591 +13 37 23.339  35.4577461  13.6231496  35.4577578  13.6231601   -0.0407   -0.0375    0.0449 15 14 42.00    10.00 
  2020 11 18.635729  2 21 49.8552 +13 37 23.349  35.4577299  13.6231524  35.4577382  13.6231509   -0.0290    0.0054    0.0246 15 15 27.00    10.00 
  2020 11 18.636250  2 21 49.8501 +13 37 23.345  35.4577087  13.6231513  35.4577187  13.6231417   -0.0350    0.0348    0.0637 15 16 12.00    10.00 
  2020 11 18.636771  2 21 49.8443 +13 37 23.329  35.4576845  13.6231470  35.4576991  13.6231325   -0.0514    0.0524    0.0364 15 16 57.00    10.00 
  2020 11 18.637292  2 21 49.8421 +13 37 23.233  35.4576755  13.6231202  35.4576796  13.6231233   -0.0144   -0.0113    0.0337 15 17 42.00    10.00 
  2020 11 18.637812  2 21 49.8348 +13 37 23.190  35.4576451  13.6231084  35.4576601  13.6231141   -0.0524   -0.0204    0.0483 15 18 27.00    10.00 
  2020 11 18.638333  2 21 49.8308 +13 37 23.169  35.4576285  13.6231025  35.4576405  13.6231049   -0.0421   -0.0087    0.0301 15 19 12.00    10.00 
  2020 11 18.638854  2 21 49.8277 +13 37 23.209  35.4576156  13.6231136  35.4576210  13.6230957   -0.0189    0.0645    0.0356 15 19 57.00    10.00 
  2020 11 18.639375  2 21 49.8235 +13 37 23.147  35.4575979  13.6230964  35.4576014  13.6230865   -0.0125    0.0358    0.0244 15 20 42.00    10.00 
  2020 11 18.639896  2 21 49.8167 +13 37 23.066  35.4575695  13.6230740  35.4575819  13.6230773   -0.0434   -0.0119    0.0406 15 21 27.00    10.00 
  2020 11 18.640417  2 21 49.8130 +13 37 23.055  35.4575541  13.6230708  35.4575624  13.6230681   -0.0291    0.0097    0.0240 15 22 12.00    10.00 
  2020 11 18.640937  2 21 49.8073 +13 37 23.030  35.4575304  13.6230640  35.4575428  13.6230589   -0.0436    0.0182    0.0237 15 22 57.00    10.00 
  2020 11 18.641458  2 21 49.8040 +13 37 22.977  35.4575168  13.6230491  35.4575233  13.6230497   -0.0229   -0.0020    0.0249 15 23 42.00    10.00 
  2020 11 18.641979  2 21 49.7963 +13 37 22.942  35.4574846  13.6230394  35.4575038  13.6230405   -0.0669   -0.0038    0.0533 15 24 27.00    10.00 
  2020 11 18.642500  2 21 49.7930 +13 37 22.930  35.4574707  13.6230361  35.4574842  13.6230313   -0.0474    0.0174    0.0323 15 25 12.00    10.00 
  2020 11 18.643009  2 21 49.7900 +13 37 22.964  35.4574582  13.6230457  35.4574651  13.6230223   -0.0241    0.0841    0.0256 15 25 56.00    10.00 
  2020 11 18.643530  2 21 49.7858 +13 37 22.866  35.4574409  13.6230184  35.4574456  13.6230131   -0.0163    0.0189    0.0195 15 26 41.00    10.00 
  2020 11 18.644051  2 21 49.7791 +13 37 22.838  35.4574128  13.6230105  35.4574261  13.6230039   -0.0463    0.0236    0.0272 15 27 26.00    10.00 
  2020 11 18.644572  2 21 49.7733 +13 37 22.782  35.4573888  13.6229949  35.4574065  13.6229947   -0.0619    0.0008    0.0468 15 28 11.00    10.00 
  2020 11 18.645093  2 21 49.7698 +13 37 22.754  35.4573740  13.6229872  35.4573870  13.6229855   -0.0454    0.0059    0.0253 15 28 56.00    10.00 
  2020 11 18.645613  2 21 49.7650 +13 37 22.702  35.4573543  13.6229727  35.4573675  13.6229763   -0.0460   -0.0131    0.0465 15 29 41.00    10.00 
  2020 11 18.646134  2 21 49.7616 +13 37 22.645  35.4573398  13.6229570  35.4573479  13.6229671   -0.0283   -0.0364    0.0404 15 30 26.00    10.00 
  2020 11 18.646655  2 21 49.7572 +13 37 22.653  35.4573216  13.6229592  35.4573284  13.6229579   -0.0237    0.0047    0.0224 15 31 11.00    10.00 
  2020 11 18.647176  2 21 49.7537 +13 37 22.618  35.4573070  13.6229496  35.4573089  13.6229487   -0.0064    0.0031    0.0375 15 31 56.00    10.00 
  2020 11 18.647697  2 21 49.7468 +13 37 22.532  35.4572784  13.6229255  35.4572893  13.6229395   -0.0382   -0.0504    0.0354 15 32 41.00    10.00 
  2020 11 18.648218  2 21 49.7429 +13 37 22.596  35.4572622  13.6229433  35.4572698  13.6229303   -0.0267    0.0467    0.0537 15 33 26.00    10.00 
  2020 11 18.648738  2 21 49.7369 +13 37 22.512  35.4572371  13.6229201  35.4572503  13.6229211   -0.0463   -0.0036    0.0345 15 34 11.00    10.00 
  2020 11 18.649259  2 21 49.7326 +13 37 22.477  35.4572192  13.6229102  35.4572307  13.6229119   -0.0406   -0.0062    0.0337 15 34 56.00    10.00 
  2020 11 18.649780  2 21 49.7295 +13 37 22.433  35.4572062  13.6228982  35.4572112  13.6229027   -0.0176   -0.0163    0.0279 15 35 41.00    10.00 
  2020 11 18.650301  2 21 49.7250 +13 37 22.435  35.4571873  13.6228987  35.4571917  13.6228935   -0.0152    0.0187    0.0257 15 36 26.00    10.00 
  2020 11 18.650822  2 21 49.7200 +13 37 22.419  35.4571667  13.6228942  35.4571722  13.6228843   -0.0193    0.0357    0.0297 15 37 11.00    10.00 
  2020 11 18.651343  2 21 49.7153 +13 37 22.343  35.4571472  13.6228732  35.4571526  13.6228751   -0.0189   -0.0070    0.0269 15 37 56.00    10.00 
  2020 11 18.651863  2 21 49.7094 +13 37 22.356  35.4571224  13.6228766  35.4571331  13.6228659   -0.0374    0.0384    0.0268 15 38 41.00    10.00 
  2020 11 18.652384  2 21 49.7051 +13 37 22.267  35.4571047  13.6228519  35.4571136  13.6228567   -0.0312   -0.0173    0.0269 15 39 26.00    10.00 
  2020 11 18.652905  2 21 49.7018 +13 37 22.276  35.4570909  13.6228544  35.4570941  13.6228475   -0.0110    0.0249    0.0332 15 40 11.00    10.00 
  2020 11 18.653414  2 21 49.6967 +13 37 22.216  35.4570695  13.6228377  35.4570750  13.6228385   -0.0190   -0.0030    0.0266 15 40 55.00    10.00 
  2020 11 18.653935  2 21 49.6911 +13 37 22.243  35.4570462  13.6228453  35.4570555  13.6228293   -0.0325    0.0577    0.0272 15 41 40.00    10.00 
  2020 11 18.654456  2 21 49.6881 +13 37 22.160  35.4570339  13.6228221  35.4570359  13.6228201   -0.0072    0.0073    0.0272 15 42 25.00    10.00 
  2020 11 18.654977  2 21 49.6816 +13 37 22.122  35.4570066  13.6228117  35.4570164  13.6228109   -0.0344    0.0028    0.0584 15 43 10.00    10.00 
  2020 11 18.655498  2 21 49.6763 +13 37 22.033  35.4569845  13.6227869  35.4569969  13.6228017   -0.0433   -0.0531    0.0188 15 43 55.00    10.00 
  2020 11 18.656019  2 21 49.6727 +13 37 22.058  35.4569695  13.6227938  35.4569774  13.6227925   -0.0276    0.0048    0.0405 15 44 40.00    10.00 
  2020 11 18.656539  2 21 49.6691 +13 37 22.014  35.4569544  13.6227817  35.4569579  13.6227833   -0.0122   -0.0058    0.0257 15 45 25.00    10.00 
  2020 11 18.657060  2 21 49.6608 +13 37 21.967  35.4569200  13.6227687  35.4569383  13.6227741   -0.0640   -0.0194    0.0388 15 46 10.00    10.00 
  2020 11 18.657581  2 21 49.6578 +13 37 21.972  35.4569073  13.6227701  35.4569188  13.6227649   -0.0402    0.0187    0.0461 15 46 55.00    10.00 
  2020 11 18.658102  2 21 49.6523 +13 37 21.947  35.4568845  13.6227631  35.4568993  13.6227557   -0.0519    0.0268    0.0213 15 47 40.00    10.00 
  2020 11 18.658623  2 21 49.6492 +13 37 21.911  35.4568718  13.6227531  35.4568798  13.6227465   -0.0279    0.0237    0.0375 15 48 25.00    10.00 
  2020 11 18.659144  2 21 49.6419 +13 37 21.870  35.4568413  13.6227418  35.4568603  13.6227373   -0.0662    0.0162    0.0563 15 49 10.00    10.00 
  2020 11 18.659664  2 21 49.6389 +13 37 21.836  35.4568289  13.6227323  35.4568408  13.6227281   -0.0415    0.0153    0.0287 15 49 55.00    10.00 
  2020 11 18.660185  2 21 49.6332 +13 37 21.774  35.4568050  13.6227150  35.4568212  13.6227189   -0.0567   -0.0139    0.0368 15 50 40.00    10.00 
  2020 11 18.660706  2 21 49.6301 +13 37 21.801  35.4567922  13.6227224  35.4568017  13.6227097   -0.0333    0.0460    0.0207 15 51 25.00    10.00 
  2020 11 18.661227  2 21 49.6247 +13 37 21.695  35.4567694  13.6226932  35.4567822  13.6227004   -0.0447   -0.0262    0.0290 15 52 10.00    10.00 
  2020 11 18.661736  2 21 49.6200 +13 37 21.682  35.4567502  13.6226893  35.4567631  13.6226914   -0.0454   -0.0077    0.0324 15 52 54.00    10.00 
  2020 11 18.662257  2 21 49.6147 +13 37 21.666  35.4567281  13.6226850  35.4567436  13.6226822   -0.0543    0.0099    0.0294 15 53 39.00    10.00 
  2020 11 18.662778  2 21 49.6125 +13 37 21.656  35.4567187  13.6226821  35.4567241  13.6226730   -0.0190    0.0327    0.0459 15 54 24.00    10.00 
  2020 11 18.663299  2 21 49.6046 +13 37 21.632  35.4566857  13.6226755  35.4567046  13.6226638   -0.0663    0.0419    0.0453 15 55  9.00    10.00 
  2020 11 18.663819  2 21 49.6007 +13 37 21.569  35.4566694  13.6226581  35.4566851  13.6226546   -0.0549    0.0126    0.0501 15 55 54.00    10.00 
  2020 11 18.664340  2 21 49.5980 +13 37 21.576  35.4566585  13.6226599  35.4566656  13.6226454   -0.0249    0.0522    0.0428 15 56 39.00    10.00 
  2020 11 18.664861  2 21 49.5908 +13 37 21.507  35.4566285  13.6226407  35.4566461  13.6226362   -0.0614    0.0162    0.0305 15 57 24.00    10.00 
  2020 11 18.665382  2 21 49.5884 +13 37 21.466  35.4566184  13.6226295  35.4566266  13.6226270   -0.0287    0.0089    0.0355 15 58  9.00    10.00 
  2020 11 18.665903  2 21 49.5826 +13 37 21.463  35.4565940  13.6226286  35.4566071  13.6226178   -0.0457    0.0390    0.0316 15 58 54.00    10.00 
  2020 11 18.666424  2 21 49.5784 +13 37 21.395  35.4565767  13.6226096  35.4565876  13.6226086   -0.0379    0.0038    0.0306 15 59 39.00    10.00 
  2020 11 18.666944  2 21 49.5733 +13 37 21.370  35.4565554  13.6226029  35.4565681  13.6225994   -0.0443    0.0125    0.0277 16  0 24.00    10.00 
  2020 11 18.667465  2 21 49.5670 +13 37 21.365  35.4565291  13.6226014  35.4565486  13.6225902   -0.0679    0.0404    0.0216 16  1  9.00    10.00 
  2020 11 18.667986  2 21 49.5666 +13 37 21.297  35.4565273  13.6225825  35.4565290  13.6225810   -0.0060    0.0056    0.0265 16  1 54.00    10.00 
  2020 11 18.668507  2 21 49.5570 +13 37 21.267  35.4564876  13.6225741  35.4565095  13.6225718   -0.0766    0.0083    0.0332 16  2 39.00    10.00 
  2020 11 18.669016  2 21 49.5544 +13 37 21.260  35.4564765  13.6225724  35.4564905  13.6225628   -0.0490    0.0346    0.0315 16  3 23.00    10.00 
  2020 11 18.669537  2 21 49.5503 +13 37 21.186  35.4564596  13.6225517  35.4564710  13.6225535   -0.0399   -0.0066    0.0311 16  4  8.00    10.00 
  2020 11 18.670058  2 21 49.5444 +13 37 21.193  35.4564350  13.6225536  35.4564515  13.6225443   -0.0578    0.0332    0.0302 16  4 53.00    10.00 
