  2020 11 13.634543  2 22 37.0969 +13 41 39.590  35.6545704  13.6943305  35.6545672  13.6943342    0.0111   -0.0133    0.0628 15 13 44.50     5.00 
  2020 11 13.635006  2 22 37.0947 +13 41 39.537  35.6545611  13.6943158  35.6545468  13.6943273    0.0502   -0.0413    0.0684 15 14 24.50     5.00 
  2020 11 13.635469  2 22 37.0827 +13 41 39.529  35.6545113  13.6943136  35.6545264  13.6943203   -0.0526   -0.0241    0.0400 15 15  4.50     5.00 
  2020 11 13.636007  2 22 37.0801 +13 41 39.564  35.6545002  13.6943234  35.6545027  13.6943123   -0.0085    0.0401    0.0183 15 15 51.00    10.00 
  2020 11 13.636528  2 22 37.0741 +13 41 39.512  35.6544756  13.6943088  35.6544797  13.6943044   -0.0146    0.0159    0.0269 15 16 36.00    10.00 
  2020 11 13.637049  2 22 37.0686 +13 41 39.505  35.6544527  13.6943070  35.6544568  13.6942966   -0.0144    0.0375    0.0328 15 17 21.00    10.00 
  2020 11 13.637569  2 22 37.0626 +13 41 39.456  35.6544276  13.6942934  35.6544338  13.6942888   -0.0218    0.0165    0.0168 15 18  6.00    10.00 
  2020 11 13.638090  2 22 37.0570 +13 41 39.467  35.6544040  13.6942964  35.6544109  13.6942810   -0.0240    0.0554    0.0165 15 18 51.00    10.00 
  2020 11 13.638611  2 22 37.0477 +13 41 39.377  35.6543655  13.6942715  35.6543879  13.6942732   -0.0784   -0.0062    0.0449 15 19 36.00    10.00 
  2020 11 13.639132  2 22 37.0471 +13 41 39.403  35.6543631  13.6942787  35.6543650  13.6942654   -0.0066    0.0479    0.0310 15 20 21.00    10.00 
  2020 11 13.639641  2 22 37.0396 +13 41 39.343  35.6543315  13.6942618  35.6543426  13.6942577   -0.0387    0.0148    0.0200 15 21  5.00    10.00 
  2020 11 13.640162  2 22 37.0328 +13 41 39.283  35.6543035  13.6942452  35.6543196  13.6942499   -0.0565   -0.0167    0.0126 15 21 50.00    10.00 
  2020 11 13.640683  2 22 37.0306 +13 41 39.278  35.6542942  13.6942440  35.6542967  13.6942421   -0.0087    0.0070    0.0178 15 22 35.00    10.00 
  2020 11 13.641204  2 22 37.0243 +13 41 39.212  35.6542681  13.6942256  35.6542737  13.6942342   -0.0199   -0.0311    0.0167 15 23 20.00    10.00 
  2020 11 13.641725  2 22 37.0163 +13 41 39.202  35.6542347  13.6942227  35.6542508  13.6942264   -0.0562   -0.0132    0.0276 15 24  5.00    10.00 
  2020 11 13.642245  2 22 37.0117 +13 41 39.209  35.6542156  13.6942248  35.6542278  13.6942186   -0.0430    0.0224    0.0148 15 24 50.00    10.00 
  2020 11 13.642766  2 22 37.0048 +13 41 39.106  35.6541868  13.6941962  35.6542049  13.6942108   -0.0632   -0.0524    0.0333 15 25 35.00    10.00 
  2020 11 13.643287  2 22 37.0013 +13 41 39.117  35.6541723  13.6941991  35.6541820  13.6942029   -0.0338   -0.0139    0.0225 15 26 20.00    10.00 
  2020 11 13.643808  2 22 36.9974 +13 41 39.121  35.6541558  13.6942002  35.6541590  13.6941951   -0.0113    0.0185    0.0233 15 27  5.00    10.00 
  2020 11 13.644329  2 22 36.9889 +13 41 39.090  35.6541206  13.6941918  35.6541361  13.6941873   -0.0542    0.0162    0.0199 15 27 50.00    10.00 
  2020 11 13.644850  2 22 36.9816 +13 41 39.030  35.6540899  13.6941751  35.6541131  13.6941794   -0.0813   -0.0156    0.0285 15 28 35.00    10.00 
  2020 11 13.645370  2 22 36.9803 +13 41 39.021  35.6540847  13.6941724  35.6540902  13.6941716   -0.0192    0.0030    0.0194 15 29 20.00    10.00 
  2020 11 13.645891  2 22 36.9759 +13 41 38.986  35.6540665  13.6941628  35.6540673  13.6941637   -0.0028   -0.0034    0.0231 15 30  5.00    10.00 
  2020 11 13.646412  2 22 36.9704 +13 41 38.987  35.6540432  13.6941631  35.6540443  13.6941559   -0.0038    0.0260    0.0156 15 30 50.00    10.00 
  2020 11 13.646933  2 22 36.9623 +13 41 38.943  35.6540095  13.6941509  35.6540214  13.6941481   -0.0417    0.0100    0.0176 15 31 35.00    10.00 
  2020 11 13.647454  2 22 36.9588 +13 41 38.864  35.6539951  13.6941290  35.6539984  13.6941402   -0.0115   -0.0405    0.0266 15 32 20.00    10.00 
  2020 11 13.647975  2 22 36.9532 +13 41 38.936  35.6539715  13.6941490  35.6539755  13.6941324   -0.0140    0.0598    0.0286 15 33  5.00    10.00 
  2020 11 13.648484  2 22 36.9465 +13 41 38.879  35.6539437  13.6941331  35.6539531  13.6941247   -0.0328    0.0304    0.0266 15 33 49.00    10.00 
  2020 11 13.649005  2 22 36.9400 +13 41 38.776  35.6539168  13.6941046  35.6539301  13.6941169   -0.0468   -0.0443    0.0221 15 34 34.00    10.00 
  2020 11 13.649525  2 22 36.9384 +13 41 38.794  35.6539101  13.6941095  35.6539072  13.6941090    0.0102    0.0018    0.0167 15 35 19.00    10.00 
  2020 11 13.650046  2 22 36.9334 +13 41 38.780  35.6538890  13.6941056  35.6538843  13.6941012    0.0165    0.0160    0.0176 15 36  4.00    10.00 
  2020 11 13.650567  2 22 36.9280 +13 41 38.752  35.6538666  13.6940978  35.6538613  13.6940933    0.0187    0.0162    0.0206 15 36 49.00    10.00 
  2020 11 13.651088  2 22 36.9165 +13 41 38.683  35.6538186  13.6940786  35.6538384  13.6940855   -0.0692   -0.0249    0.0220 15 37 34.00    10.00 
  2020 11 13.651609  2 22 36.9112 +13 41 38.602  35.6537966  13.6940561  35.6538154  13.6940776   -0.0660   -0.0774    0.0424 15 38 19.00    10.00 
  2020 11 13.652130  2 22 36.9072 +13 41 38.636  35.6537798  13.6940657  35.6537925  13.6940698   -0.0443   -0.0146    0.0269 15 39  4.00    10.00 
  2020 11 13.652650  2 22 36.9054 +13 41 38.658  35.6537727  13.6940715  35.6537696  13.6940619    0.0108    0.0347    0.0226 15 39 49.00    10.00 
  2020 11 13.653171  2 22 36.8952 +13 41 38.589  35.6537300  13.6940524  35.6537466  13.6940540   -0.0580   -0.0060    0.0305 15 40 34.00    10.00 
  2020 11 13.653692  2 22 36.8931 +13 41 38.561  35.6537214  13.6940446  35.6537237  13.6940462   -0.0079   -0.0057    0.0142 15 41 19.00    10.00 
  2020 11 13.654734  2 22 36.8847 +13 41 38.526  35.6536864  13.6940350  35.6536778  13.6940305    0.0299    0.0163    0.0263 15 42 49.00    10.00 
  2020 11 13.655243  2 22 36.8746 +13 41 38.479  35.6536442  13.6940220  35.6536554  13.6940228   -0.0390   -0.0027    0.0189 15 43 33.00    10.00 
  2020 11 13.655764  2 22 36.8686 +13 41 38.443  35.6536191  13.6940119  35.6536325  13.6940149   -0.0467   -0.0109    0.0205 15 44 18.00    10.00 
  2020 11 13.656285  2 22 36.8655 +13 41 38.415  35.6536062  13.6940040  35.6536095  13.6940070   -0.0118   -0.0108    0.0173 15 45  3.00    10.00 
  2020 11 13.656806  2 22 36.8597 +13 41 38.349  35.6535819  13.6939858  35.6535866  13.6939992   -0.0164   -0.0481    0.0227 15 45 48.00    10.00 
  2020 11 13.657326  2 22 36.8543 +13 41 38.402  35.6535595  13.6940004  35.6535637  13.6939913   -0.0146    0.0329    0.0155 15 46 33.00    10.00 
  2020 11 13.657847  2 22 36.8473 +13 41 38.383  35.6535305  13.6939952  35.6535407  13.6939834   -0.0358    0.0425    0.0195 15 47 18.00    10.00 
  2020 11 13.658368  2 22 36.8448 +13 41 38.332  35.6535198  13.6939810  35.6535178  13.6939756    0.0071    0.0198    0.0167 15 48  3.00    10.00 
  2020 11 13.658889  2 22 36.8381 +13 41 38.306  35.6534923  13.6939738  35.6534949  13.6939677   -0.0091    0.0219    0.0256 15 48 48.00    10.00 
  2020 11 13.659931  2 22 36.8244 +13 41 38.186  35.6534349  13.6939407  35.6534490  13.6939519   -0.0494   -0.0405    0.0280 15 50 18.00    10.00 
  2020 11 13.660451  2 22 36.8251 +13 41 38.244  35.6534379  13.6939566  35.6534261  13.6939440    0.0414    0.0450    0.0418 15 51  3.00    10.00 
  2020 11 13.660972  2 22 36.8165 +13 41 38.164  35.6534021  13.6939345  35.6534032  13.6939362   -0.0035   -0.0060    0.0230 15 51 48.00    10.00 
  2020 11 13.661493  2 22 36.8076 +13 41 38.137  35.6533652  13.6939270  35.6533802  13.6939283   -0.0527   -0.0046    0.0159 15 52 33.00    10.00 
  2020 11 13.662014  2 22 36.8049 +13 41 38.110  35.6533537  13.6939193  35.6533573  13.6939204   -0.0127   -0.0039    0.0144 15 53 18.00    10.00 
  2020 11 13.662535  2 22 36.7984 +13 41 38.094  35.6533266  13.6939149  35.6533344  13.6939125   -0.0272    0.0087    0.0226 15 54  3.00    10.00 
  2020 11 13.663056  2 22 36.7928 +13 41 38.080  35.6533032  13.6939110  35.6533114  13.6939046   -0.0287    0.0228    0.0147 15 54 48.00    10.00 
  2020 11 13.663576  2 22 36.7863 +13 41 38.049  35.6532762  13.6939024  35.6532885  13.6938967   -0.0432    0.0204    0.0268 15 55 33.00    10.00 
  2020 11 13.664097  2 22 36.7799 +13 41 37.977  35.6532498  13.6938824  35.6532656  13.6938889   -0.0553   -0.0231    0.0184 15 56 18.00    10.00 
  2020 11 13.664606  2 22 36.7758 +13 41 37.935  35.6532324  13.6938707  35.6532432  13.6938811   -0.0378   -0.0374    0.0277 15 57  2.00    10.00 
  2020 11 13.665127  2 22 36.7740 +13 41 37.945  35.6532250  13.6938737  35.6532202  13.6938733    0.0165    0.0016    0.0191 15 57 47.00    10.00 
  2020 11 13.665648  2 22 36.7660 +13 41 37.935  35.6531915  13.6938709  35.6531973  13.6938654   -0.0203    0.0199    0.0322 15 58 32.00    10.00 
  2020 11 13.666169  2 22 36.7574 +13 41 37.861  35.6531558  13.6938502  35.6531744  13.6938575   -0.0651   -0.0262    0.0255 15 59 17.00    10.00 
  2020 11 13.666690  2 22 36.7557 +13 41 37.869  35.6531488  13.6938524  35.6531515  13.6938496   -0.0094    0.0102    0.0241 16  0  2.00    10.00 
  2020 11 13.667211  2 22 36.7492 +13 41 37.800  35.6531216  13.6938334  35.6531286  13.6938417   -0.0243   -0.0297    0.0217 16  0 47.00    10.00 
  2020 11 13.667731  2 22 36.7431 +13 41 37.811  35.6530961  13.6938365  35.6531056  13.6938338   -0.0333    0.0099    0.0097 16  1 32.00    10.00 
  2020 11 13.668252  2 22 36.7393 +13 41 37.792  35.6530805  13.6938310  35.6530827  13.6938259   -0.0076    0.0185    0.0144 16  2 17.00    10.00 
  2020 11 13.668773  2 22 36.7311 +13 41 37.728  35.6530460  13.6938133  35.6530598  13.6938180   -0.0481   -0.0169    0.0154 16  3  2.00    10.00 
  2020 11 13.669294  2 22 36.7303 +13 41 37.731  35.6530428  13.6938142  35.6530369  13.6938101    0.0208    0.0150    0.0221 16  3 47.00    10.00 
  2020 11 13.669815  2 22 36.7205 +13 41 37.657  35.6530022  13.6937937  35.6530139  13.6938022   -0.0410   -0.0303    0.0156 16  4 32.00    10.00 
  2020 11 13.670336  2 22 36.7129 +13 41 37.640  35.6529705  13.6937888  35.6529910  13.6937943   -0.0718   -0.0197    0.0150 16  5 17.00    10.00 
  2020 11 13.670856  2 22 36.7114 +13 41 37.614  35.6529641  13.6937816  35.6529681  13.6937864   -0.0139   -0.0172    0.0128 16  6  2.00    10.00 
  2020 11 13.671377  2 22 36.7062 +13 41 37.629  35.6529425  13.6937858  35.6529452  13.6937785   -0.0094    0.0265    0.0255 16  6 47.00    10.00 
  2020 11 13.671898  2 22 36.6990 +13 41 37.588  35.6529124  13.6937744  35.6529223  13.6937705   -0.0345    0.0138    0.0222 16  7 32.00    10.00 
  2020 11 13.672419  2 22 36.6969 +13 41 37.565  35.6529039  13.6937682  35.6528994  13.6937626    0.0158    0.0199    0.0181 16  8 17.00    10.00 
  2020 11 13.672940  2 22 36.6873 +13 41 37.510  35.6528639  13.6937528  35.6528764  13.6937547   -0.0439   -0.0069    0.0262 16  9  2.00    10.00 
  2020 11 13.673461  2 22 36.6821 +13 41 37.471  35.6528422  13.6937419  35.6528535  13.6937468   -0.0396   -0.0176    0.0134 16  9 47.00    10.00 
  2020 11 13.673981  2 22 36.6777 +13 41 37.484  35.6528239  13.6937457  35.6528306  13.6937389   -0.0234    0.0244    0.0243 16 10 32.00    10.00 
  2020 11 13.674502  2 22 36.6737 +13 41 37.402  35.6528071  13.6937227  35.6528077  13.6937310   -0.0019   -0.0296    0.0238 16 11 17.00    10.00 
  2020 11 13.675023  2 22 36.6667 +13 41 37.415  35.6527779  13.6937264  35.6527848  13.6937231   -0.0241    0.0120    0.0339 16 12  2.00    10.00 
  2020 11 13.675532  2 22 36.6594 +13 41 37.423  35.6527476  13.6937286  35.6527624  13.6937153   -0.0515    0.0480    0.0325 16 12 46.00    10.00 
  2020 11 13.676053  2 22 36.6543 +13 41 37.316  35.6527262  13.6936990  35.6527395  13.6937074   -0.0463   -0.0301    0.0077 16 13 31.00    10.00 
  2020 11 13.676574  2 22 36.6487 +13 41 37.303  35.6527030  13.6936952  35.6527165  13.6936995   -0.0472   -0.0153    0.0236 16 14 16.00    10.00 
  2020 11 13.677095  2 22 36.6472 +13 41 37.296  35.6526965  13.6936933  35.6526936  13.6936915    0.0100    0.0061    0.0276 16 15  1.00    10.00 
  2020 11 13.677616  2 22 36.6401 +13 41 37.287  35.6526671  13.6936907  35.6526707  13.6936836   -0.0125    0.0255    0.0355 16 15 46.00    10.00 
  2020 11 13.678137  2 22 36.6334 +13 41 37.186  35.6526390  13.6936628  35.6526478  13.6936757   -0.0309   -0.0465    0.0265 16 16 31.00    10.00 
  2020 11 13.678657  2 22 36.6280 +13 41 37.189  35.6526167  13.6936636  35.6526249  13.6936678   -0.0286   -0.0151    0.0207 16 17 16.00    10.00 
  2020 11 13.679178  2 22 36.6233 +13 41 37.198  35.6525970  13.6936660  35.6526020  13.6936598   -0.0175    0.0222    0.0152 16 18  1.00    10.00 
  2020 11 13.679699  2 22 36.6160 +13 41 37.125  35.6525668  13.6936457  35.6525791  13.6936519   -0.0428   -0.0223    0.0234 16 18 46.00    10.00 
  2020 11 13.680220  2 22 36.6177 +13 41 37.110  35.6525739  13.6936417  35.6525562  13.6936440    0.0620   -0.0082    0.0281 16 19 31.00    10.00 
  2020 11 13.680741  2 22 36.6068 +13 41 37.097  35.6525283  13.6936379  35.6525333  13.6936360   -0.0174    0.0068    0.0256 16 20 16.00    10.00 
  2020 11 13.681262  2 22 36.6016 +13 41 37.032  35.6525067  13.6936201  35.6525103  13.6936281   -0.0129   -0.0288    0.0123 16 21  1.00    10.00 
  2020 11 13.681782  2 22 36.5917 +13 41 37.053  35.6524656  13.6936258  35.6524874  13.6936202   -0.0764    0.0201    0.0155 16 21 46.00    10.00 
  2020 11 13.682303  2 22 36.5915 +13 41 37.034  35.6524647  13.6936205  35.6524645  13.6936122    0.0006    0.0297    0.0079 16 22 31.00    10.00 
  2020 11 13.682824  2 22 36.5853 +13 41 36.982  35.6524388  13.6936061  35.6524416  13.6936043   -0.0098    0.0064    0.0250 16 23 16.00    10.00 
  2020 11 13.683345  2 22 36.5787 +13 41 36.976  35.6524111  13.6936043  35.6524187  13.6935964   -0.0268    0.0287    0.0210 16 24  1.00    10.00 
  2020 11 13.683866  2 22 36.5719 +13 41 36.886  35.6523831  13.6935794  35.6523958  13.6935884   -0.0445   -0.0324    0.0206 16 24 46.00    10.00 
  2020 11 13.684907  2 22 36.5626 +13 41 36.837  35.6523443  13.6935658  35.6523500  13.6935725   -0.0199   -0.0241    0.0195 16 26 16.00    10.00 
  2020 11 13.685428  2 22 36.5573 +13 41 36.850  35.6523222  13.6935695  35.6523271  13.6935646   -0.0172    0.0178    0.0265 16 27  1.00    10.00 
  2020 11 13.685937  2 22 36.5517 +13 41 36.809  35.6522986  13.6935579  35.6523047  13.6935568   -0.0213    0.0041    0.0132 16 27 45.00    10.00 
  2020 11 13.686458  2 22 36.5478 +13 41 36.745  35.6522825  13.6935402  35.6522818  13.6935489    0.0025   -0.0310    0.0121 16 28 30.00    10.00 
  2020 11 13.686979  2 22 36.5366 +13 41 36.757  35.6522358  13.6935436  35.6522589  13.6935409   -0.0808    0.0096    0.0208 16 29 15.00    10.00 
  2020 11 13.687500  2 22 36.5385 +13 41 36.691  35.6522437  13.6935252  35.6522360  13.6935330    0.0269   -0.0279    0.0464 16 30  0.00    10.00 
  2020 11 13.688021  2 22 36.5299 +13 41 36.680  35.6522080  13.6935221  35.6522131  13.6935250   -0.0178   -0.0104    0.0151 16 30 45.00    10.00 
  2020 11 13.688542  2 22 36.5231 +13 41 36.605  35.6521794  13.6935014  35.6521902  13.6935170   -0.0379   -0.0562    0.0341 16 31 30.00    10.00 
  2020 11 13.689063  2 22 36.5160 +13 41 36.634  35.6521501  13.6935094  35.6521673  13.6935091   -0.0603    0.0011    0.0366 16 32 15.00    10.00 
  2020 11 13.689583  2 22 36.5141 +13 41 36.594  35.6521421  13.6934983  35.6521444  13.6935011   -0.0083   -0.0101    0.0234 16 33  0.00    10.00 
  2020 11 13.690104  2 22 36.5060 +13 41 36.601  35.6521083  13.6935003  35.6521215  13.6934932   -0.0461    0.0257    0.0401 16 33 45.00    10.00 
  2020 11 13.690625  2 22 36.5039 +13 41 36.546  35.6520998  13.6934850  35.6520986  13.6934852    0.0039   -0.0007    0.0115 16 34 30.00    10.00 
  2020 11 13.691146  2 22 36.4954 +13 41 36.506  35.6520641  13.6934738  35.6520757  13.6934773   -0.0406   -0.0123    0.0248 16 35 15.00    10.00 
  2020 11 13.691667  2 22 36.4943 +13 41 36.467  35.6520594  13.6934630  35.6520529  13.6934693    0.0230   -0.0226    0.0222 16 36  0.00    10.00 
  2020 11 13.692187  2 22 36.4857 +13 41 36.455  35.6520240  13.6934597  35.6520300  13.6934613   -0.0210   -0.0059    0.0227 16 36 45.00    10.00 
  2020 11 13.692708  2 22 36.4834 +13 41 36.441  35.6520143  13.6934558  35.6520071  13.6934534    0.0251    0.0086    0.0256 16 37 30.00    10.00 
  2020 11 13.693229  2 22 36.4785 +13 41 36.374  35.6519937  13.6934372  35.6519842  13.6934454    0.0335   -0.0296    0.0297 16 38 15.00    10.00 
  2020 11 13.693750  2 22 36.4709 +13 41 36.396  35.6519620  13.6934433  35.6519613  13.6934374    0.0024    0.0211    0.0305 16 39  0.00    10.00 
  2020 11 13.694259  2 22 36.4648 +13 41 36.390  35.6519367  13.6934416  35.6519389  13.6934296   -0.0076    0.0430    0.0218 16 39 44.00    10.00 
  2020 11 13.694780  2 22 36.4586 +13 41 36.276  35.6519110  13.6934101  35.6519160  13.6934217   -0.0177   -0.0415    0.0148 16 40 29.00    10.00 
  2020 11 13.695301  2 22 36.4533 +13 41 36.283  35.6518887  13.6934121  35.6518931  13.6934137   -0.0156   -0.0058    0.0223 16 41 14.00    10.00 
  2020 11 13.695822  2 22 36.4453 +13 41 36.204  35.6518554  13.6933899  35.6518702  13.6934057   -0.0518   -0.0569    0.0288 16 41 59.00    10.00 
  2020 11 13.696343  2 22 36.4423 +13 41 36.215  35.6518429  13.6933932  35.6518474  13.6933977   -0.0157   -0.0164    0.0279 16 42 44.00    10.00 
  2020 11 13.696863  2 22 36.4360 +13 41 36.175  35.6518168  13.6933818  35.6518245  13.6933898   -0.0268   -0.0285    0.0270 16 43 29.00    10.00 
  2020 11 13.697384  2 22 36.4302 +13 41 36.179  35.6517926  13.6933829  35.6518016  13.6933818   -0.0316    0.0041    0.0251 16 44 14.00    10.00 
  2020 11 13.697905  2 22 36.4246 +13 41 36.132  35.6517690  13.6933701  35.6517787  13.6933738   -0.0340   -0.0133    0.0219 16 44 59.00    10.00 
  2020 11 13.698426  2 22 36.4226 +13 41 36.144  35.6517610  13.6933733  35.6517558  13.6933658    0.0181    0.0270    0.0246 16 45 44.00    10.00 
  2020 11 13.698947  2 22 36.4182 +13 41 36.100  35.6517427  13.6933611  35.6517329  13.6933578    0.0340    0.0119    0.0313 16 46 29.00    10.00 
  2020 11 13.699468  2 22 36.4063 +13 41 36.084  35.6516928  13.6933565  35.6517100  13.6933498   -0.0603    0.0241    0.0298 16 47 14.00    10.00 
  2020 11 13.699988  2 22 36.4046 +13 41 36.043  35.6516860  13.6933453  35.6516872  13.6933419   -0.0043    0.0123    0.0253 16 47 59.00    10.00 
  2020 11 13.700509  2 22 36.4005 +13 41 36.025  35.6516687  13.6933404  35.6516643  13.6933339    0.0154    0.0234    0.0203 16 48 44.00    10.00 
  2020 11 13.701030  2 22 36.3902 +13 41 35.992  35.6516257  13.6933311  35.6516414  13.6933259   -0.0551    0.0187    0.0271 16 49 29.00    10.00 
  2020 11 13.701551  2 22 36.3827 +13 41 35.942  35.6515946  13.6933172  35.6516185  13.6933179   -0.0838   -0.0023    0.0212 16 50 14.00    10.00 
  2020 11 13.702072  2 22 36.3826 +13 41 35.874  35.6515944  13.6932982  35.6515957  13.6933099   -0.0045   -0.0421    0.0141 16 50 59.00    10.00 
  2020 11 13.702402  2 22 36.3756 +13 41 35.860  35.6515650  13.6932944  35.6515812  13.6933048   -0.0566   -0.0374    0.0156 16 51 27.50    15.00 
  2020 11 13.702980  2 22 36.3676 +13 41 35.850  35.6515318  13.6932918  35.6515557  13.6932960   -0.0838   -0.0150    0.0255 16 52 17.50    15.00 
  2020 11 13.703559  2 22 36.3643 +13 41 35.876  35.6515178  13.6932990  35.6515303  13.6932871   -0.0439    0.0429    0.0168 16 53  7.50    15.00 
  2020 11 13.704138  2 22 36.3600 +13 41 35.777  35.6515001  13.6932714  35.6515049  13.6932782   -0.0167   -0.0245    0.0140 16 53 57.50    15.00 
  2020 11 13.704716  2 22 36.3536 +13 41 35.802  35.6514733  13.6932783  35.6514795  13.6932693   -0.0218    0.0323    0.0207 16 54 47.50    15.00 
  2020 11 13.705295  2 22 36.3485 +13 41 35.733  35.6514521  13.6932591  35.6514541  13.6932604   -0.0070   -0.0047    0.0139 16 55 37.50    15.00 
  2020 11 13.705874  2 22 36.3450 +13 41 35.739  35.6514374  13.6932609  35.6514287  13.6932515    0.0307    0.0336    0.0278 16 56 27.50    15.00 
  2020 11 13.706453  2 22 36.3326 +13 41 35.652  35.6513858  13.6932366  35.6514033  13.6932426   -0.0609   -0.0217    0.0087 16 57 17.50    15.00 
  2020 11 13.707031  2 22 36.3346 +13 41 35.655  35.6513943  13.6932376  35.6513778  13.6932337    0.0574    0.0137    0.0410 16 58  7.50    15.00 
  2020 11 13.707610  2 22 36.3244 +13 41 35.609  35.6513518  13.6932248  35.6513524  13.6932248   -0.0023   -0.0002    0.0149 16 58 57.50    15.00 
  2020 11 13.708189  2 22 36.3125 +13 41 35.511  35.6513020  13.6931975  35.6513270  13.6932159   -0.0876   -0.0663    0.0446 16 59 47.50    15.00 
  2020 11 13.709346  2 22 36.3061 +13 41 35.467  35.6512754  13.6931852  35.6512762  13.6931981   -0.0028   -0.0466    0.0489 17  1 27.50    15.00 
  2020 11 13.710503  2 22 36.2953 +13 41 35.456  35.6512304  13.6931821  35.6512254  13.6931803    0.0174    0.0063    0.0392 17  3  7.50    15.00 
  2020 11 13.711661  2 22 36.2827 +13 41 35.384  35.6511780  13.6931621  35.6511746  13.6931625    0.0121   -0.0015    0.0481 17  4 47.50    15.00 
  2020 11 13.712240  2 22 36.2780 +13 41 35.376  35.6511582  13.6931599  35.6511492  13.6931536    0.0316    0.0227    0.0287 17  5 37.50    15.00 
  2020 11 13.712818  2 22 36.2708 +13 41 35.352  35.6511285  13.6931532  35.6511238  13.6931447    0.0165    0.0307    0.0292 17  6 27.50    15.00 
  2020 11 13.713397  2 22 36.2586 +13 41 35.221  35.6510773  13.6931170  35.6510984  13.6931358   -0.0736   -0.0677    0.0352 17  7 17.50    15.00 
  2020 11 13.713976  2 22 36.2561 +13 41 35.263  35.6510671  13.6931286  35.6510730  13.6931269   -0.0206    0.0061    0.0134 17  8  7.50    15.00 
  2020 11 13.714554  2 22 36.2502 +13 41 35.192  35.6510424  13.6931088  35.6510476  13.6931180   -0.0183   -0.0330    0.0317 17  8 57.50    15.00 
  2020 11 13.715133  2 22 36.2416 +13 41 35.252  35.6510066  13.6931256  35.6510222  13.6931090   -0.0545    0.0595    0.0279 17  9 47.50    15.00 
  2020 11 13.715712  2 22 36.2378 +13 41 35.119  35.6509909  13.6930885  35.6509968  13.6931001   -0.0208   -0.0418    0.0274 17 10 37.50    15.00 
  2020 11 13.716291  2 22 36.2287 +13 41 35.088  35.6509529  13.6930800  35.6509714  13.6930912   -0.0648   -0.0405    0.0224 17 11 27.50    15.00 
  2020 11 13.716858  2 22 36.2257 +13 41 35.154  35.6509402  13.6930984  35.6509465  13.6930825   -0.0220    0.0575    0.0354 17 12 16.50    15.00 
  2020 11 13.717436  2 22 36.2191 +13 41 35.146  35.6509130  13.6930962  35.6509211  13.6930735   -0.0285    0.0816    0.0732 17 13  6.50    15.00 
  2020 11 13.718015  2 22 36.2128 +13 41 34.972  35.6508868  13.6930477  35.6508958  13.6930646   -0.0314   -0.0609    0.0301 17 13 56.50    15.00 
  2020 11 13.718594  2 22 36.2075 +13 41 35.025  35.6508646  13.6930625  35.6508704  13.6930557   -0.0201    0.0247    0.0237 17 14 46.50    15.00 
  2020 11 13.719172  2 22 36.2022 +13 41 34.965  35.6508426  13.6930458  35.6508450  13.6930467   -0.0082   -0.0035    0.0217 17 15 36.50    15.00 
  2020 11 13.719751  2 22 36.1974 +13 41 34.891  35.6508226  13.6930252  35.6508196  13.6930378    0.0104   -0.0454    0.0354 17 16 26.50    15.00 
  2020 11 13.720330  2 22 36.1907 +13 41 34.913  35.6507945  13.6930314  35.6507942  13.6930289    0.0011    0.0090    0.0306 17 17 16.50    15.00 
  2020 11 14.638316  2 22 26.9691 +13 40 38.790  35.6123713  13.6774417  35.6123681  13.6774436    0.0112   -0.0068    0.0184 15 19 10.50    15.00 
  2020 11 14.638692  2 22 26.9636 +13 40 38.767  35.6123484  13.6774354  35.6123526  13.6774367   -0.0149   -0.0047    0.0211 15 19 43.00    10.00 
  2020 11 14.639213  2 22 26.9588 +13 40 38.745  35.6123283  13.6774292  35.6123312  13.6774272   -0.0099    0.0070    0.0305 15 20 28.00    10.00 
  2020 11 14.639734  2 22 26.9522 +13 40 38.714  35.6123006  13.6774205  35.6123097  13.6774177   -0.0317    0.0100    0.0237 15 21 13.00    10.00 
  2020 11 14.640243  2 22 26.9482 +13 40 38.643  35.6122840  13.6774009  35.6122887  13.6774084   -0.0165   -0.0269    0.0217 15 21 57.00    10.00 
  2020 11 14.640775  2 22 26.9422 +13 40 38.626  35.6122591  13.6773960  35.6122668  13.6773987   -0.0269   -0.0099    0.0179 15 22 43.00    10.00 
  2020 11 14.641296  2 22 26.9384 +13 40 38.609  35.6122431  13.6773914  35.6122453  13.6773892   -0.0075    0.0079    0.0185 15 23 28.00    10.00 
  2020 11 14.641817  2 22 26.9323 +13 40 38.573  35.6122181  13.6773814  35.6122238  13.6773797   -0.0201    0.0061    0.0163 15 24 13.00    10.00 
  2020 11 14.642326  2 22 26.9287 +13 40 38.526  35.6122028  13.6773685  35.6122029  13.6773704   -0.0003   -0.0070    0.0224 15 24 57.00    10.00 
  2020 11 14.642847  2 22 26.9229 +13 40 38.490  35.6121786  13.6773583  35.6121814  13.6773609   -0.0097   -0.0093    0.0179 15 25 42.00    10.00 
  2020 11 14.643368  2 22 26.9166 +13 40 38.461  35.6121524  13.6773503  35.6121599  13.6773514   -0.0262   -0.0039    0.0172 15 26 27.00    10.00 
  2020 11 14.643889  2 22 26.9117 +13 40 38.439  35.6121323  13.6773443  35.6121385  13.6773419   -0.0217    0.0085    0.0209 15 27 12.00    10.00 
  2020 11 14.644410  2 22 26.9071 +13 40 38.397  35.6121128  13.6773325  35.6121170  13.6773324   -0.0147    0.0003    0.0172 15 27 57.00    10.00 
  2020 11 14.644931  2 22 26.9032 +13 40 38.357  35.6120968  13.6773214  35.6120956  13.6773229    0.0043   -0.0054    0.0125 15 28 42.00    10.00 
  2020 11 14.645451  2 22 26.8965 +13 40 38.299  35.6120688  13.6773053  35.6120741  13.6773134   -0.0187   -0.0291    0.0186 15 29 27.00    10.00 
  2020 11 14.645972  2 22 26.8918 +13 40 38.291  35.6120492  13.6773031  35.6120527  13.6773039   -0.0121   -0.0030    0.0189 15 30 12.00    10.00 
  2020 11 14.646493  2 22 26.8867 +13 40 38.287  35.6120280  13.6773021  35.6120312  13.6772944   -0.0112    0.0277    0.0263 15 30 57.00    10.00 
  2020 11 14.647014  2 22 26.8798 +13 40 38.200  35.6119992  13.6772779  35.6120098  13.6772849   -0.0370   -0.0252    0.0189 15 31 42.00    10.00 
  2020 11 14.647535  2 22 26.8772 +13 40 38.181  35.6119884  13.6772724  35.6119883  13.6772754    0.0002   -0.0108    0.0305 15 32 27.00    10.00 
  2020 11 14.648044  2 22 26.8693 +13 40 38.148  35.6119554  13.6772633  35.6119673  13.6772661   -0.0419   -0.0099    0.0276 15 33 11.00    10.00 
  2020 11 14.648565  2 22 26.8667 +13 40 38.115  35.6119445  13.6772543  35.6119459  13.6772566   -0.0049   -0.0082    0.0338 15 33 56.00    10.00 
  2020 11 14.649086  2 22 26.8614 +13 40 38.101  35.6119225  13.6772502  35.6119244  13.6772471   -0.0069    0.0113    0.0400 15 34 41.00    10.00 
  2020 11 14.649606  2 22 26.8561 +13 40 38.042  35.6119006  13.6772339  35.6119030  13.6772375   -0.0084   -0.0132    0.0183 15 35 26.00    10.00 
  2020 11 14.650127  2 22 26.8494 +13 40 38.039  35.6118723  13.6772332  35.6118815  13.6772280   -0.0322    0.0185    0.0123 15 36 11.00    10.00 
  2020 11 14.650648  2 22 26.8433 +13 40 38.033  35.6118473  13.6772314  35.6118601  13.6772185   -0.0448    0.0463    0.0183 15 36 56.00    10.00 
  2020 11 14.651169  2 22 26.8387 +13 40 37.950  35.6118281  13.6772084  35.6118386  13.6772090   -0.0370   -0.0023    0.0177 15 37 41.00    10.00 
  2020 11 14.651690  2 22 26.8346 +13 40 37.936  35.6118108  13.6772046  35.6118172  13.6771995   -0.0222    0.0183    0.0124 15 38 26.00    10.00 
  2020 11 14.652211  2 22 26.8289 +13 40 37.892  35.6117872  13.6771923  35.6117958  13.6771900   -0.0298    0.0083    0.0308 15 39 11.00    10.00 
  2020 11 14.652731  2 22 26.8245 +13 40 37.873  35.6117687  13.6771869  35.6117743  13.6771804   -0.0196    0.0232    0.0104 15 39 56.00    10.00 
  2020 11 14.653252  2 22 26.8190 +13 40 37.839  35.6117458  13.6771774  35.6117529  13.6771709   -0.0249    0.0232    0.0135 15 40 41.00    10.00 
  2020 11 14.653773  2 22 26.8161 +13 40 37.750  35.6117336  13.6771528  35.6117314  13.6771614    0.0077   -0.0308    0.0226 15 41 26.00    10.00 
  2020 11 14.654294  2 22 26.8092 +13 40 37.766  35.6117049  13.6771573  35.6117100  13.6771519   -0.0179    0.0194    0.0108 15 42 11.00    10.00 
  2020 11 14.654803  2 22 26.8033 +13 40 37.741  35.6116805  13.6771503  35.6116890  13.6771426   -0.0299    0.0279    0.0130 15 42 55.00    10.00 
  2020 11 14.655324  2 22 26.7992 +13 40 37.666  35.6116634  13.6771294  35.6116676  13.6771331   -0.0145   -0.0132    0.0272 15 43 40.00    10.00 
  2020 11 14.656366  2 22 26.7895 +13 40 37.586  35.6116228  13.6771072  35.6116247  13.6771140   -0.0067   -0.0245    0.0248 15 45 10.00    10.00 
  2020 11 14.657407  2 22 26.7791 +13 40 37.533  35.6115798  13.6770925  35.6115818  13.6770950   -0.0073   -0.0088    0.0196 15 46 40.00    10.00 
  2020 11 14.657928  2 22 26.7744 +13 40 37.507  35.6115600  13.6770853  35.6115604  13.6770854   -0.0014   -0.0006    0.0181 15 47 25.00    10.00 
  2020 11 14.658449  2 22 26.7697 +13 40 37.457  35.6115405  13.6770713  35.6115390  13.6770759    0.0052   -0.0165    0.0148 15 48 10.00    10.00 
  2020 11 14.658970  2 22 26.7626 +13 40 37.424  35.6115109  13.6770621  35.6115175  13.6770664   -0.0232   -0.0153    0.0077 15 48 55.00    10.00 
  2020 11 14.659491  2 22 26.7598 +13 40 37.391  35.6114993  13.6770530  35.6114961  13.6770569    0.0110   -0.0140    0.0296 15 49 40.00    10.00 
  2020 11 14.660012  2 22 26.7519 +13 40 37.361  35.6114663  13.6770449  35.6114747  13.6770473   -0.0292   -0.0089    0.0163 15 50 25.00    10.00 
  2020 11 14.660521  2 22 26.7472 +13 40 37.356  35.6114466  13.6770434  35.6114537  13.6770380   -0.0251    0.0193    0.0214 15 51  9.00    10.00 
  2020 11 14.661042  2 22 26.7429 +13 40 37.295  35.6114288  13.6770265  35.6114323  13.6770285   -0.0121   -0.0070    0.0129 15 51 54.00    10.00 
  2020 11 14.661563  2 22 26.7370 +13 40 37.277  35.6114040  13.6770214  35.6114109  13.6770189   -0.0239    0.0088    0.0196 15 52 39.00    10.00 
  2020 11 14.662083  2 22 26.7325 +13 40 37.245  35.6113852  13.6770126  35.6113894  13.6770094   -0.0148    0.0115    0.0238 15 53 24.00    10.00 
  2020 11 14.662604  2 22 26.7276 +13 40 37.185  35.6113649  13.6769958  35.6113680  13.6769999   -0.0110   -0.0148    0.0180 15 54  9.00    10.00 
  2020 11 14.663125  2 22 26.7230 +13 40 37.144  35.6113458  13.6769844  35.6113466  13.6769903   -0.0029   -0.0214    0.0168 15 54 54.00    10.00 
  2020 11 14.663646  2 22 26.7141 +13 40 37.075  35.6113087  13.6769652  35.6113252  13.6769808   -0.0576   -0.0563    0.0311 15 55 39.00    10.00 
  2020 11 14.664167  2 22 26.7108 +13 40 37.099  35.6112950  13.6769719  35.6113038  13.6769713   -0.0305    0.0021    0.0268 15 56 24.00    10.00 
  2020 11 14.664687  2 22 26.7077 +13 40 37.034  35.6112819  13.6769540  35.6112823  13.6769617   -0.0014   -0.0278    0.0259 15 57  9.00    10.00 
  2020 11 14.665208  2 22 26.7020 +13 40 37.047  35.6112582  13.6769574  35.6112609  13.6769522   -0.0096    0.0188    0.0117 15 57 54.00    10.00 
  2020 11 14.665729  2 22 26.6976 +13 40 36.976  35.6112398  13.6769379  35.6112395  13.6769427    0.0011   -0.0172    0.0225 15 58 39.00    10.00 
  2020 11 14.666250  2 22 26.6908 +13 40 36.978  35.6112118  13.6769383  35.6112181  13.6769331   -0.0219    0.0187    0.0152 15 59 24.00    10.00 
  2020 11 14.666771  2 22 26.6856 +13 40 36.937  35.6111899  13.6769268  35.6111967  13.6769236   -0.0238    0.0116    0.0212 16  0  9.00    10.00 
  2020 11 14.667280  2 22 26.6822 +13 40 36.933  35.6111758  13.6769258  35.6111757  13.6769143    0.0004    0.0414    0.0244 16  0 53.00    10.00 
  2020 11 14.667801  2 22 26.6766 +13 40 36.847  35.6111523  13.6769020  35.6111543  13.6769047   -0.0069   -0.0097    0.0172 16  1 38.00    10.00 
  2020 11 14.668322  2 22 26.6711 +13 40 36.820  35.6111297  13.6768944  35.6111329  13.6768952   -0.0112   -0.0028    0.0100 16  2 23.00    10.00 
  2020 11 14.668843  2 22 26.6654 +13 40 36.793  35.6111060  13.6768869  35.6111115  13.6768856   -0.0192    0.0045    0.0144 16  3  8.00    10.00 
  2020 11 14.669363  2 22 26.6602 +13 40 36.730  35.6110841  13.6768693  35.6110901  13.6768761   -0.0208   -0.0244    0.0236 16  3 53.00    10.00 
  2020 11 14.669884  2 22 26.6564 +13 40 36.734  35.6110684  13.6768705  35.6110686  13.6768665   -0.0008    0.0144    0.0244 16  4 38.00    10.00 
  2020 11 14.670405  2 22 26.6497 +13 40 36.668  35.6110404  13.6768522  35.6110472  13.6768570   -0.0239   -0.0173    0.0179 16  5 23.00    10.00 
  2020 11 14.670926  2 22 26.6446 +13 40 36.649  35.6110190  13.6768471  35.6110258  13.6768475   -0.0237   -0.0014    0.0205 16  6  8.00    10.00 
  2020 11 14.671447  2 22 26.6392 +13 40 36.595  35.6109966  13.6768320  35.6110044  13.6768379   -0.0272   -0.0211    0.0250 16  6 53.00    10.00 
  2020 11 14.671968  2 22 26.6341 +13 40 36.549  35.6109753  13.6768191  35.6109830  13.6768284   -0.0268   -0.0334    0.0113 16  7 38.00    10.00 
  2020 11 14.672488  2 22 26.6295 +13 40 36.538  35.6109561  13.6768161  35.6109616  13.6768188   -0.0191   -0.0098    0.0145 16  8 23.00    10.00 
  2020 11 14.673009  2 22 26.6228 +13 40 36.484  35.6109282  13.6768011  35.6109402  13.6768093   -0.0419   -0.0293    0.0159 16  9  8.00    10.00 
  2020 11 14.673519  2 22 26.6207 +13 40 36.480  35.6109194  13.6767999  35.6109193  13.6767999    0.0003   -0.0001    0.0134 16  9 52.00    10.00 
  2020 11 14.674039  2 22 26.6137 +13 40 36.448  35.6108905  13.6767910  35.6108979  13.6767904   -0.0257    0.0022    0.0183 16 10 37.00    10.00 
  2020 11 14.674560  2 22 26.6085 +13 40 36.415  35.6108688  13.6767819  35.6108765  13.6767808   -0.0268    0.0039    0.0214 16 11 22.00    10.00 
  2020 11 14.675081  2 22 26.6029 +13 40 36.357  35.6108456  13.6767659  35.6108551  13.6767713   -0.0331   -0.0195    0.0183 16 12  7.00    10.00 
  2020 11 14.675602  2 22 26.6007 +13 40 36.303  35.6108362  13.6767507  35.6108337  13.6767617    0.0089   -0.0395    0.0214 16 12 52.00    10.00 
  2020 11 14.676123  2 22 26.5947 +13 40 36.321  35.6108114  13.6767559  35.6108123  13.6767522   -0.0029    0.0134    0.0265 16 13 37.00    10.00 
  2020 11 14.676644  2 22 26.5880 +13 40 36.308  35.6107835  13.6767522  35.6107909  13.6767426   -0.0259    0.0344    0.0134 16 14 22.00    10.00 
  2020 11 14.677164  2 22 26.5824 +13 40 36.263  35.6107599  13.6767397  35.6107695  13.6767330   -0.0334    0.0240    0.0188 16 15  7.00    10.00 
  2020 11 14.677685  2 22 26.5787 +13 40 36.211  35.6107445  13.6767254  35.6107481  13.6767235   -0.0124    0.0068    0.0374 16 15 52.00    10.00 
  2020 11 14.678206  2 22 26.5727 +13 40 36.181  35.6107194  13.6767168  35.6107267  13.6767139   -0.0254    0.0104    0.0293 16 16 37.00    10.00 
  2020 11 14.678727  2 22 26.5685 +13 40 36.139  35.6107022  13.6767053  35.6107053  13.6767044   -0.0107    0.0034    0.0300 16 17 22.00    10.00 
  2020 11 14.679248  2 22 26.5621 +13 40 36.095  35.6106756  13.6766932  35.6106839  13.6766948   -0.0291   -0.0060    0.0332 16 18  7.00    10.00 
  2020 11 14.679757  2 22 26.5606 +13 40 36.049  35.6106690  13.6766803  35.6106630  13.6766855    0.0211   -0.0186    0.0224 16 18 51.00    10.00 
  2020 11 14.680278  2 22 26.5526 +13 40 35.996  35.6106357  13.6766657  35.6106416  13.6766759   -0.0205   -0.0369    0.0179 16 19 36.00    10.00 
  2020 11 14.680799  2 22 26.5472 +13 40 35.982  35.6106134  13.6766617  35.6106202  13.6766664   -0.0240   -0.0168    0.0278 16 20 21.00    10.00 
  2020 11 14.681319  2 22 26.5432 +13 40 35.945  35.6105967  13.6766515  35.6105988  13.6766568   -0.0075   -0.0191    0.0252 16 21  6.00    10.00 
  2020 11 14.681840  2 22 26.5349 +13 40 35.956  35.6105621  13.6766546  35.6105774  13.6766472   -0.0537    0.0264    0.0194 16 21 51.00    10.00 
  2020 11 14.682361  2 22 26.5347 +13 40 35.871  35.6105613  13.6766309  35.6105561  13.6766377    0.0182   -0.0242    0.0167 16 22 36.00    10.00 
  2020 11 14.682882  2 22 26.5255 +13 40 35.889  35.6105228  13.6766358  35.6105347  13.6766281   -0.0416    0.0276    0.0101 16 23 21.00    10.00 
  2020 11 14.683403  2 22 26.5223 +13 40 35.858  35.6105095  13.6766271  35.6105133  13.6766185   -0.0133    0.0309    0.0141 16 24  6.00    10.00 
  2020 11 14.683924  2 22 26.5193 +13 40 35.806  35.6104969  13.6766127  35.6104919  13.6766090    0.0174    0.0133    0.0123 16 24 51.00    10.00 
  2020 11 14.684444  2 22 26.5122 +13 40 35.748  35.6104674  13.6765965  35.6104705  13.6765994   -0.0108   -0.0103    0.0179 16 25 36.00    10.00 
  2020 11 14.684965  2 22 26.5064 +13 40 35.747  35.6104435  13.6765965  35.6104491  13.6765898   -0.0198    0.0241    0.0155 16 26 21.00    10.00 
  2020 11 14.685486  2 22 26.5027 +13 40 35.684  35.6104278  13.6765790  35.6104278  13.6765803   -0.0001   -0.0046    0.0187 16 27  6.00    10.00 
  2020 11 14.685995  2 22 26.4966 +13 40 35.683  35.6104025  13.6765785  35.6104069  13.6765709   -0.0151    0.0272    0.0235 16 27 50.00    10.00 
  2020 11 14.686516  2 22 26.4907 +13 40 35.623  35.6103779  13.6765619  35.6103855  13.6765613   -0.0265    0.0019    0.0158 16 28 35.00    10.00 
  2020 11 14.687037  2 22 26.4858 +13 40 35.564  35.6103574  13.6765456  35.6103641  13.6765518   -0.0236   -0.0222    0.0196 16 29 20.00    10.00 
  2020 11 14.687558  2 22 26.4795 +13 40 35.557  35.6103314  13.6765436  35.6103427  13.6765422   -0.0398    0.0049    0.0320 16 30  5.00    10.00 
  2020 11 14.688079  2 22 26.4756 +13 40 35.537  35.6103149  13.6765380  35.6103214  13.6765326   -0.0225    0.0194    0.0138 16 30 50.00    10.00 
  2020 11 14.688600  2 22 26.4727 +13 40 35.505  35.6103028  13.6765291  35.6103000  13.6765230    0.0100    0.0219    0.0142 16 31 35.00    10.00 
  2020 11 14.689120  2 22 26.4666 +13 40 35.463  35.6102777  13.6765175  35.6102786  13.6765135   -0.0033    0.0146    0.0189 16 32 20.00    10.00 
  2020 11 14.689641  2 22 26.4585 +13 40 35.436  35.6102436  13.6765100  35.6102573  13.6765039   -0.0479    0.0221    0.0157 16 33  5.00    10.00 
  2020 11 14.690162  2 22 26.4556 +13 40 35.380  35.6102317  13.6764943  35.6102359  13.6764943   -0.0148   -0.0000    0.0199 16 33 50.00    10.00 
  2020 11 14.690683  2 22 26.4490 +13 40 35.327  35.6102042  13.6764796  35.6102145  13.6764847   -0.0361   -0.0184    0.0302 16 34 35.00    10.00 
  2020 11 14.691204  2 22 26.4454 +13 40 35.355  35.6101891  13.6764875  35.6101932  13.6764752   -0.0141    0.0444    0.0244 16 35 20.00    10.00 
  2020 11 14.691713  2 22 26.4395 +13 40 35.262  35.6101647  13.6764618  35.6101723  13.6764658   -0.0264   -0.0144    0.0168 16 36  4.00    10.00 
  2020 11 14.692234  2 22 26.4347 +13 40 35.288  35.6101446  13.6764688  35.6101509  13.6764562   -0.0220    0.0451    0.0353 16 36 49.00    10.00 
  2020 11 14.692755  2 22 26.4302 +13 40 35.197  35.6101257  13.6764436  35.6101296  13.6764466   -0.0136   -0.0111    0.0236 16 37 34.00    10.00 
  2020 11 14.693275  2 22 26.4240 +13 40 35.142  35.6101001  13.6764283  35.6101082  13.6764371   -0.0282   -0.0315    0.0196 16 38 19.00    10.00 
  2020 11 14.693796  2 22 26.4183 +13 40 35.170  35.6100761  13.6764360  35.6100868  13.6764275   -0.0377    0.0307    0.0203 16 39  4.00    10.00 
  2020 11 14.694317  2 22 26.4148 +13 40 35.094  35.6100615  13.6764150  35.6100655  13.6764179   -0.0139   -0.0105    0.0145 16 39 49.00    10.00 
  2020 11 14.694838  2 22 26.4095 +13 40 35.103  35.6100395  13.6764176  35.6100441  13.6764083   -0.0160    0.0334    0.0259 16 40 34.00    10.00 
  2020 11 14.695359  2 22 26.4035 +13 40 35.055  35.6100147  13.6764043  35.6100228  13.6763987   -0.0281    0.0200    0.0196 16 41 19.00    10.00 
  2020 11 14.695880  2 22 26.3991 +13 40 35.041  35.6099962  13.6764001  35.6100014  13.6763892   -0.0182    0.0396    0.0189 16 42  4.00    10.00 
  2020 11 14.696400  2 22 26.3942 +13 40 35.000  35.6099760  13.6763889  35.6099801  13.6763796   -0.0143    0.0336    0.0150 16 42 49.00    10.00 
  2020 11 14.696921  2 22 26.3878 +13 40 34.940  35.6099491  13.6763722  35.6099587  13.6763700   -0.0337    0.0081    0.0156 16 43 34.00    10.00 
  2020 11 14.697442  2 22 26.3844 +13 40 34.882  35.6099351  13.6763562  35.6099374  13.6763604   -0.0080   -0.0150    0.0187 16 44 19.00    10.00 
  2020 11 14.697963  2 22 26.3785 +13 40 34.883  35.6099104  13.6763563  35.6099160  13.6763508   -0.0198    0.0199    0.0191 16 45  4.00    10.00 
  2020 11 14.698484  2 22 26.3745 +13 40 34.832  35.6098938  13.6763423  35.6098947  13.6763412   -0.0029    0.0038    0.0123 16 45 49.00    10.00 
  2020 11 14.698993  2 22 26.3686 +13 40 34.785  35.6098691  13.6763293  35.6098738  13.6763318   -0.0164   -0.0093    0.0159 16 46 33.00    10.00 
  2020 11 14.699514  2 22 26.3650 +13 40 34.697  35.6098543  13.6763048  35.6098524  13.6763223    0.0064   -0.0628    0.0299 16 47 18.00    10.00 
  2020 11 14.700035  2 22 26.3582 +13 40 34.733  35.6098258  13.6763148  35.6098311  13.6763127   -0.0185    0.0076    0.0241 16 48  3.00    10.00 
  2020 11 14.700556  2 22 26.3532 +13 40 34.723  35.6098050  13.6763119  35.6098098  13.6763031   -0.0165    0.0318    0.0161 16 48 48.00    10.00 
  2020 11 14.701076  2 22 26.3468 +13 40 34.658  35.6097784  13.6762940  35.6097884  13.6762935   -0.0351    0.0019    0.0228 16 49 33.00    10.00 
  2020 11 14.701597  2 22 26.3420 +13 40 34.621  35.6097583  13.6762836  35.6097671  13.6762839   -0.0306   -0.0012    0.0131 16 50 18.00    10.00 
  2020 11 14.702118  2 22 26.3382 +13 40 34.575  35.6097424  13.6762709  35.6097457  13.6762743   -0.0117   -0.0122    0.0193 16 51  3.00    10.00 
  2020 11 14.702639  2 22 26.3330 +13 40 34.533  35.6097209  13.6762591  35.6097244  13.6762647   -0.0123   -0.0202    0.0156 16 51 48.00    10.00 
  2020 11 14.703160  2 22 26.3279 +13 40 34.548  35.6096996  13.6762633  35.6097031  13.6762551   -0.0121    0.0296    0.0169 16 52 33.00    10.00 
  2020 11 14.703681  2 22 26.3233 +13 40 34.497  35.6096803  13.6762492  35.6096817  13.6762455   -0.0048    0.0133    0.0155 16 53 18.00    10.00 
  2020 11 14.704201  2 22 26.3192 +13 40 34.451  35.6096632  13.6762365  35.6096604  13.6762359    0.0098    0.0020    0.0250 16 54  3.00    10.00 
  2020 11 14.704711  2 22 26.3122 +13 40 34.411  35.6096341  13.6762253  35.6096395  13.6762265   -0.0190   -0.0044    0.0114 16 54 47.00    10.00 
  2020 11 14.705231  2 22 26.3059 +13 40 34.378  35.6096078  13.6762162  35.6096182  13.6762169   -0.0364   -0.0027    0.0141 16 55 32.00    10.00 
  2020 11 14.705752  2 22 26.3018 +13 40 34.333  35.6095907  13.6762037  35.6095969  13.6762073   -0.0216   -0.0131    0.0207 16 56 17.00    10.00 
  2020 11 14.706273  2 22 26.2967 +13 40 34.292  35.6095695  13.6761921  35.6095756  13.6761977   -0.0211   -0.0203    0.0173 16 57  2.00    10.00 
  2020 11 14.706794  2 22 26.2932 +13 40 34.282  35.6095550  13.6761894  35.6095542  13.6761881    0.0025    0.0045    0.0180 16 57 47.00    10.00 
  2020 11 14.707315  2 22 26.2860 +13 40 34.246  35.6095251  13.6761795  35.6095329  13.6761785   -0.0275    0.0036    0.0158 16 58 32.00    10.00 
  2020 11 14.707836  2 22 26.2834 +13 40 34.204  35.6095142  13.6761676  35.6095116  13.6761689    0.0092   -0.0046    0.0174 16 59 17.00    10.00 
  2020 11 14.708356  2 22 26.2755 +13 40 34.207  35.6094813  13.6761685  35.6094903  13.6761593   -0.0314    0.0330    0.0148 17  0  2.00    10.00 
  2020 11 14.708877  2 22 26.2720 +13 40 34.092  35.6094665  13.6761367  35.6094689  13.6761497   -0.0084   -0.0470    0.0219 17  0 47.00    10.00 
  2020 11 14.709398  2 22 26.2670 +13 40 34.097  35.6094460  13.6761380  35.6094476  13.6761401   -0.0056   -0.0075    0.0304 17  1 32.00    10.00 
  2020 11 14.709919  2 22 26.2618 +13 40 34.080  35.6094242  13.6761335  35.6094263  13.6761305   -0.0072    0.0106    0.0212 17  2 17.00    10.00 
  2020 11 14.710961  2 22 26.2522 +13 40 34.018  35.6093840  13.6761160  35.6093837  13.6761113    0.0011    0.0170    0.0159 17  3 47.00    10.00 
  2020 11 14.712002  2 22 26.2393 +13 40 33.911  35.6093303  13.6760865  35.6093410  13.6760921   -0.0375   -0.0202    0.0307 17  5 17.00    10.00 
  2020 11 14.712512  2 22 26.2347 +13 40 33.864  35.6093110  13.6760732  35.6093202  13.6760827   -0.0320   -0.0340    0.0303 17  6  1.00    10.00 
  2020 11 14.713032  2 22 26.2297 +13 40 33.883  35.6092905  13.6760786  35.6092989  13.6760731   -0.0293    0.0197    0.0112 17  6 46.00    10.00 
  2020 11 14.713553  2 22 26.2268 +13 40 33.828  35.6092784  13.6760634  35.6092776  13.6760635    0.0030   -0.0002    0.0136 17  7 31.00    10.00 
  2020 11 14.714074  2 22 26.2210 +13 40 33.781  35.6092542  13.6760504  35.6092563  13.6760539   -0.0073   -0.0124    0.0165 17  8 16.00    10.00 
  2020 11 14.714595  2 22 26.2141 +13 40 33.754  35.6092254  13.6760428  35.6092350  13.6760442   -0.0336   -0.0052    0.0257 17  9  1.00    10.00 
  2020 11 14.715116  2 22 26.2112 +13 40 33.774  35.6092131  13.6760484  35.6092137  13.6760346   -0.0018    0.0496    0.0265 17  9 46.00    10.00 
  2020 11 14.715637  2 22 26.2063 +13 40 33.695  35.6091929  13.6760264  35.6091924  13.6760250    0.0019    0.0050    0.0167 17 10 31.00    10.00 
  2020 11 14.716157  2 22 26.2005 +13 40 33.681  35.6091688  13.6760225  35.6091711  13.6760154   -0.0078    0.0254    0.0126 17 11 16.00    10.00 
  2020 11 14.716678  2 22 26.1948 +13 40 33.632  35.6091451  13.6760090  35.6091498  13.6760058   -0.0164    0.0115    0.0188 17 12  1.00    10.00 
  2020 11 14.717199  2 22 26.1887 +13 40 33.584  35.6091197  13.6759956  35.6091285  13.6759962   -0.0306   -0.0019    0.0138 17 12 46.00    10.00 
  2020 11 14.717720  2 22 26.1850 +13 40 33.554  35.6091041  13.6759872  35.6091072  13.6759866   -0.0107    0.0024    0.0156 17 13 31.00    10.00 
  2020 11 14.718241  2 22 26.1798 +13 40 33.459  35.6090824  13.6759610  35.6090859  13.6759769   -0.0123   -0.0575    0.0290 17 14 16.00    10.00 
  2020 11 14.718762  2 22 26.1742 +13 40 33.464  35.6090593  13.6759624  35.6090646  13.6759673   -0.0184   -0.0179    0.0184 17 15  1.00    10.00 
  2020 11 14.719282  2 22 26.1685 +13 40 33.417  35.6090356  13.6759493  35.6090433  13.6759577   -0.0270   -0.0302    0.0314 17 15 46.00    10.00 
  2020 11 14.719792  2 22 26.1630 +13 40 33.420  35.6090127  13.6759500  35.6090225  13.6759483   -0.0342    0.0060    0.0154 17 16 30.00    10.00 
  2020 11 14.720313  2 22 26.1595 +13 40 33.379  35.6089979  13.6759385  35.6090012  13.6759387   -0.0113   -0.0005    0.0272 17 17 15.00    10.00 
  2020 11 14.720833  2 22 26.1554 +13 40 33.320  35.6089808  13.6759221  35.6089799  13.6759291    0.0033   -0.0250    0.0379 17 18  0.00    10.00 
  2020 11 14.721354  2 22 26.1495 +13 40 33.304  35.6089562  13.6759178  35.6089586  13.6759194   -0.0084   -0.0058    0.0195 17 18 45.00    10.00 
  2020 11 14.721875  2 22 26.1443 +13 40 33.270  35.6089347  13.6759083  35.6089373  13.6759098   -0.0090   -0.0053    0.0131 17 19 30.00    10.00 
  2020 11 14.722396  2 22 26.1395 +13 40 33.252  35.6089144  13.6759033  35.6089160  13.6759002   -0.0056    0.0113    0.0133 17 20 15.00    10.00 
  2020 11 14.722917  2 22 26.1341 +13 40 33.212  35.6088919  13.6758921  35.6088947  13.6758906   -0.0099    0.0056    0.0125 17 21  0.00    10.00 
  2020 11 14.723437  2 22 26.1279 +13 40 33.209  35.6088661  13.6758913  35.6088735  13.6758809   -0.0257    0.0373    0.0287 17 21 45.00    10.00 
  2020 11 14.723958  2 22 26.1217 +13 40 33.132  35.6088402  13.6758699  35.6088522  13.6758713   -0.0418   -0.0052    0.0155 17 22 30.00    10.00 
  2020 11 14.724479  2 22 26.1203 +13 40 33.065  35.6088347  13.6758513  35.6088309  13.6758617    0.0132   -0.0373    0.0384 17 23 15.00    10.00 
  2020 11 14.725000  2 22 26.1130 +13 40 33.076  35.6088040  13.6758544  35.6088096  13.6758521   -0.0198    0.0085    0.0204 17 24  0.00    10.00 
  2020 11 14.725521  2 22 26.1091 +13 40 33.021  35.6087878  13.6758392  35.6087884  13.6758424   -0.0020   -0.0117    0.0219 17 24 45.00    10.00 
  2020 11 14.726042  2 22 26.1038 +13 40 32.980  35.6087659  13.6758279  35.6087671  13.6758328   -0.0042   -0.0176    0.0306 17 25 30.00    10.00 
  2020 11 14.726551  2 22 26.0973 +13 40 32.961  35.6087386  13.6758224  35.6087463  13.6758234   -0.0268   -0.0037    0.0234 17 26 14.00    10.00 
  2020 11 14.727072  2 22 26.0932 +13 40 32.912  35.6087215  13.6758090  35.6087250  13.6758138   -0.0123   -0.0172    0.0191 17 26 59.00    10.00 
  2020 11 14.727593  2 22 26.0865 +13 40 32.865  35.6086938  13.6757959  35.6087037  13.6758041   -0.0347   -0.0295    0.0231 17 27 44.00    10.00 
  2020 11 14.728113  2 22 26.0832 +13 40 32.884  35.6086801  13.6758011  35.6086825  13.6757945   -0.0082    0.0239    0.0345 17 28 29.00    10.00 
  2020 11 14.728634  2 22 26.0770 +13 40 32.822  35.6086540  13.6757840  35.6086612  13.6757849   -0.0251   -0.0030    0.0153 17 29 14.00    10.00 
  2020 11 14.729155  2 22 26.0735 +13 40 32.794  35.6086394  13.6757760  35.6086399  13.6757752   -0.0019    0.0028    0.0238 17 29 59.00    10.00 
  2020 11 14.729676  2 22 26.0679 +13 40 32.760  35.6086162  13.6757667  35.6086187  13.6757656   -0.0088    0.0039    0.0202 17 30 44.00    10.00 
  2020 11 14.730197  2 22 26.0632 +13 40 32.691  35.6085968  13.6757475  35.6085974  13.6757560   -0.0022   -0.0304    0.0170 17 31 29.00    10.00 
  2020 11 14.730718  2 22 26.0564 +13 40 32.707  35.6085685  13.6757519  35.6085762  13.6757463   -0.0268    0.0199    0.0252 17 32 14.00    10.00 
  2020 11 14.731238  2 22 26.0531 +13 40 32.660  35.6085547  13.6757388  35.6085549  13.6757367   -0.0008    0.0077    0.0199 17 32 59.00    10.00 
  2020 11 14.731759  2 22 26.0477 +13 40 32.622  35.6085322  13.6757282  35.6085336  13.6757271   -0.0051    0.0042    0.0254 17 33 44.00    10.00 
  2020 11 14.732269  2 22 26.0419 +13 40 32.583  35.6085077  13.6757176  35.6085129  13.6757176   -0.0179   -0.0001    0.0245 17 34 28.00    10.00 
  2020 11 14.732789  2 22 26.0361 +13 40 32.550  35.6084837  13.6757084  35.6084916  13.6757080   -0.0277    0.0016    0.0276 17 35 13.00    10.00 
  2020 11 14.733831  2 22 26.0268 +13 40 32.519  35.6084452  13.6756996  35.6084491  13.6756887   -0.0137    0.0392    0.0264 17 36 43.00    10.00 
  2020 11 14.734352  2 22 26.0229 +13 40 32.427  35.6084288  13.6756741  35.6084278  13.6756791    0.0032   -0.0178    0.0197 17 37 28.00    10.00 
  2020 11 14.734873  2 22 26.0164 +13 40 32.384  35.6084015  13.6756622  35.6084066  13.6756694   -0.0177   -0.0259    0.0204 17 38 13.00    10.00 
  2020 11 14.735394  2 22 26.0134 +13 40 32.337  35.6083894  13.6756491  35.6083854  13.6756598    0.0140   -0.0385    0.0259 17 38 58.00    10.00 
  2020 11 14.735914  2 22 26.0081 +13 40 32.358  35.6083669  13.6756549  35.6083641  13.6756501    0.0097    0.0172    0.0178 17 39 43.00    10.00 
  2020 11 14.736435  2 22 26.0016 +13 40 32.310  35.6083399  13.6756416  35.6083429  13.6756405   -0.0103    0.0041    0.0104 17 40 28.00    10.00 
  2020 11 14.736956  2 22 25.9946 +13 40 32.254  35.6083106  13.6756261  35.6083216  13.6756309   -0.0384   -0.0171    0.0234 17 41 13.00    10.00 
  2020 11 14.737477  2 22 25.9907 +13 40 32.252  35.6082946  13.6756256  35.6083004  13.6756212   -0.0203    0.0157    0.0248 17 41 58.00    10.00 
  2020 11 14.737998  2 22 25.9850 +13 40 32.206  35.6082709  13.6756128  35.6082791  13.6756116   -0.0289    0.0044    0.0233 17 42 43.00    10.00 
  2020 11 14.738507  2 22 25.9813 +13 40 32.153  35.6082554  13.6755981  35.6082584  13.6756021   -0.0104   -0.0145    0.0168 17 43 27.00    10.00 
  2020 11 14.739028  2 22 25.9774 +13 40 32.127  35.6082393  13.6755909  35.6082371  13.6755925    0.0074   -0.0057    0.0247 17 44 12.00    10.00 
  2020 11 14.740081  2 22 25.9643 +13 40 32.063  35.6081847  13.6755730  35.6081942  13.6755730   -0.0332    0.0002    0.0186 17 45 43.00    10.00 
  2020 11 14.740590  2 22 25.9605 +13 40 32.038  35.6081686  13.6755662  35.6081735  13.6755636   -0.0171    0.0094    0.0164 17 46 27.00    10.00 
  2020 11 14.741111  2 22 25.9560 +13 40 32.000  35.6081498  13.6755556  35.6081522  13.6755539   -0.0085    0.0062    0.0164 17 47 12.00    10.00 
  2020 11 14.741632  2 22 25.9493 +13 40 31.911  35.6081221  13.6755309  35.6081310  13.6755443   -0.0312   -0.0481    0.0318 17 47 57.00    10.00 
  2020 11 15.628738  2 22 17.7950 +13 39 32.074  35.5741459  13.6589093  35.5741682  13.6589051   -0.0780    0.0153    0.0800 15  5 23.00    10.00 
  2020 11 15.629259  2 22 17.7926 +13 39 32.040  35.5741358  13.6588999  35.5741487  13.6588954   -0.0452    0.0163    0.0452 15  6  8.00    10.00 
  2020 11 15.629780  2 22 17.7903 +13 39 31.922  35.5741264  13.6588671  35.5741292  13.6588857   -0.0100   -0.0670    0.0566 15  6 53.00    10.00 
  2020 11 15.630301  2 22 17.7863 +13 39 31.990  35.5741095  13.6588860  35.5741098  13.6588760   -0.0010    0.0359    0.0553 15  7 38.00    10.00 
  2020 11 15.630822  2 22 17.7802 +13 39 31.944  35.5740840  13.6588734  35.5740903  13.6588663   -0.0220    0.0256    0.0500 15  8 23.00    10.00 
  2020 11 15.631343  2 22 17.7742 +13 39 31.843  35.5740592  13.6588453  35.5740708  13.6588566   -0.0405   -0.0409    0.0521 15  9  8.00    10.00 
  2020 11 15.631863  2 22 17.7723 +13 39 31.871  35.5740512  13.6588532  35.5740513  13.6588469   -0.0005    0.0224    0.0713 15  9 53.00    10.00 
  2020 11 15.632384  2 22 17.7658 +13 39 31.677  35.5740243  13.6587992  35.5740318  13.6588373   -0.0263   -0.1372    0.1501 15 10 38.00    10.00 
  2020 11 15.632905  2 22 17.7602 +13 39 31.733  35.5740009  13.6588147  35.5740123  13.6588276   -0.0400   -0.0462    0.0363 15 11 23.00    10.00 
  2020 11 15.633426  2 22 17.7568 +13 39 31.717  35.5739866  13.6588102  35.5739929  13.6588179   -0.0218   -0.0275    0.0317 15 12  8.00    10.00 
  2020 11 15.633947  2 22 17.7507 +13 39 31.698  35.5739611  13.6588050  35.5739734  13.6588082   -0.0430   -0.0114    0.0478 15 12 53.00    10.00 
  2020 11 15.634468  2 22 17.7451 +13 39 31.616  35.5739378  13.6587821  35.5739539  13.6587985   -0.0563   -0.0589    0.1039 15 13 38.00    10.00 
  2020 11 15.634988  2 22 17.7417 +13 39 31.585  35.5739236  13.6587736  35.5739344  13.6587888   -0.0379   -0.0546    0.0523 15 14 23.00    10.00 
  2020 11 15.635509  2 22 17.7372 +13 39 31.565  35.5739052  13.6587679  35.5739149  13.6587791   -0.0341   -0.0403    0.0442 15 15  8.00    10.00 
  2020 11 15.636030  2 22 17.7351 +13 39 31.481  35.5738965  13.6587446  35.5738955  13.6587694    0.0035   -0.0892    0.0563 15 15 53.00    10.00 
  2020 11 15.636551  2 22 17.7332 +13 39 31.455  35.5738884  13.6587375  35.5738760  13.6587597    0.0436   -0.0801    0.0631 15 16 38.00    10.00 
  2020 11 15.637072  2 22 17.7237 +13 39 31.488  35.5738487  13.6587467  35.5738565  13.6587500   -0.0275   -0.0121    0.0374 15 17 23.00    10.00 
  2020 11 15.637593  2 22 17.7170 +13 39 31.500  35.5738207  13.6587501  35.5738370  13.6587403   -0.0572    0.0352    0.0718 15 18  8.00    10.00 
  2020 11 15.638113  2 22 17.7157 +13 39 31.399  35.5738155  13.6587220  35.5738176  13.6587306   -0.0072   -0.0313    0.0245 15 18 53.00    10.00 
  2020 11 15.638634  2 22 17.7120 +13 39 31.348  35.5737999  13.6587079  35.5737981  13.6587210    0.0064   -0.0470    0.0597 15 19 38.00    10.00 
  2020 11 15.639155  2 22 17.7046 +13 39 31.318  35.5737693  13.6586993  35.5737786  13.6587113   -0.0327   -0.0429    0.0408 15 20 23.00    10.00 
  2020 11 15.639676  2 22 17.7032 +13 39 31.223  35.5737632  13.6586731  35.5737591  13.6587016    0.0143   -0.1025    0.0526 15 21  8.00    10.00 
  2020 11 15.640185  2 22 17.6974 +13 39 31.273  35.5737392  13.6586870  35.5737401  13.6586921   -0.0033   -0.0183    0.1078 15 21 52.00    10.00 
  2020 11 15.640706  2 22 17.6908 +13 39 31.233  35.5737118  13.6586760  35.5737206  13.6586824   -0.0310   -0.0232    0.0371 15 22 37.00    10.00 
  2020 11 15.641227  2 22 17.6852 +13 39 31.237  35.5736884  13.6586770  35.5737012  13.6586727   -0.0446    0.0154    0.0402 15 23 22.00    10.00 
  2020 11 15.641748  2 22 17.6826 +13 39 31.177  35.5736774  13.6586602  35.5736817  13.6586630   -0.0151   -0.0103    0.0753 15 24  7.00    10.00 
  2020 11 15.642269  2 22 17.6775 +13 39 31.103  35.5736564  13.6586398  35.5736622  13.6586533   -0.0205   -0.0487    0.0647 15 24 52.00    10.00 
  2020 11 15.642789  2 22 17.6715 +13 39 31.140  35.5736310  13.6586501  35.5736428  13.6586436   -0.0410    0.0233    0.1155 15 25 37.00    10.00 
  2020 11 15.646435  2 22 17.6379 +13 39 30.861  35.5734913  13.6585725  35.5735065  13.6585758   -0.0533   -0.0119    0.0464 15 30 52.00    10.00 
  2020 11 15.646956  2 22 17.6377 +13 39 30.873  35.5734904  13.6585759  35.5734871  13.6585661    0.0118    0.0353    0.0887 15 31 37.00    10.00 
  2020 11 15.647477  2 22 17.6328 +13 39 30.750  35.5734698  13.6585416  35.5734676  13.6585564    0.0077   -0.0536    0.0890 15 32 22.00    10.00 
  2020 11 15.649560  2 22 17.6155 +13 39 30.613  35.5733980  13.6585036  35.5733898  13.6585177    0.0286   -0.0507    0.0560 15 35 22.00    10.00 
  2020 11 15.650081  2 22 17.6076 +13 39 30.575  35.5733650  13.6584931  35.5733703  13.6585080   -0.0187   -0.0537    0.0342 15 36  7.00    10.00 
  2020 11 15.650602  2 22 17.6065 +13 39 30.525  35.5733606  13.6584791  35.5733509  13.6584983    0.0340   -0.0690    0.0565 15 36 52.00    10.00 
  2020 11 15.658403  2 22 17.5336 +13 39 30.015  35.5730567  13.6583376  35.5730596  13.6583532   -0.0100   -0.0560    0.0428 15 48  6.00    10.00 
  2020 11 15.658924  2 22 17.5290 +13 39 29.975  35.5730374  13.6583265  35.5730402  13.6583435   -0.0096   -0.0612    0.0408 15 48 51.00    10.00 
  2020 11 16.626713  2 22  9.4095 +13 38 29.154  35.5392063  13.6414317  35.5392247  13.6414172   -0.0642    0.0522    0.0472 15  2 28.00    10.00 
  2020 11 16.627234  2 22  9.4057 +13 38 29.056  35.5391905  13.6414044  35.5392068  13.6414089   -0.0568   -0.0163    0.0379 15  3 13.00    10.00 
  2020 11 16.627755  2 22  9.4039 +13 38 29.007  35.5391827  13.6413909  35.5391888  13.6414006   -0.0214   -0.0350    0.0211 15  3 58.00    10.00 
  2020 11 16.628275  2 22  9.4005 +13 38 29.012  35.5391689  13.6413923  35.5391709  13.6413924   -0.0073   -0.0003    0.0247 15  4 43.00    10.00 
  2020 11 16.628796  2 22  9.3942 +13 38 28.996  35.5391427  13.6413878  35.5391530  13.6413841   -0.0362    0.0133    0.0218 15  5 28.00    10.00 
  2020 11 16.629838  2 22  9.3857 +13 38 28.938  35.5391070  13.6413716  35.5391172  13.6413675   -0.0358    0.0147    0.0320 15  6 58.00    10.00 
  2020 11 16.630359  2 22  9.3831 +13 38 28.880  35.5390961  13.6413557  35.5390993  13.6413592   -0.0113   -0.0128    0.0200 15  7 43.00    10.00 
  2020 11 16.630880  2 22  9.3791 +13 38 28.844  35.5390797  13.6413455  35.5390814  13.6413509   -0.0062   -0.0195    0.0253 15  8 28.00    10.00 
  2020 11 16.631400  2 22  9.3726 +13 38 28.798  35.5390525  13.6413328  35.5390635  13.6413426   -0.0387   -0.0354    0.0239 15  9 13.00    10.00 
  2020 11 16.631921  2 22  9.3709 +13 38 28.813  35.5390454  13.6413370  35.5390456  13.6413343   -0.0008    0.0097    0.0402 15  9 58.00    10.00 
  2020 11 16.632442  2 22  9.3669 +13 38 28.763  35.5390289  13.6413232  35.5390277  13.6413261    0.0042   -0.0104    0.0309 15 10 43.00    10.00 
  2020 11 16.632963  2 22  9.3592 +13 38 28.749  35.5389965  13.6413192  35.5390098  13.6413178   -0.0464    0.0050    0.0440 15 11 28.00    10.00 
  2020 11 16.633484  2 22  9.3572 +13 38 28.726  35.5389884  13.6413126  35.5389919  13.6413095   -0.0123    0.0113    0.0257 15 12 13.00    10.00 
  2020 11 16.634005  2 22  9.3519 +13 38 28.687  35.5389660  13.6413019  35.5389740  13.6413012   -0.0279    0.0024    0.0464 15 12 58.00    10.00 
  2020 11 16.634525  2 22  9.3503 +13 38 28.632  35.5389596  13.6412868  35.5389561  13.6412929    0.0121   -0.0221    0.0262 15 13 43.00    10.00 
  2020 11 16.635046  2 22  9.3442 +13 38 28.630  35.5389344  13.6412861  35.5389382  13.6412847   -0.0135    0.0053    0.0222 15 14 28.00    10.00 
  2020 11 16.635567  2 22  9.3398 +13 38 28.579  35.5389158  13.6412719  35.5389203  13.6412764   -0.0160   -0.0162    0.0522 15 15 13.00    10.00 
  2020 11 16.636088  2 22  9.3328 +13 38 28.593  35.5388865  13.6412758  35.5389024  13.6412681   -0.0556    0.0276    0.0530 15 15 58.00    10.00 
  2020 11 16.636609  2 22  9.3275 +13 38 28.495  35.5388645  13.6412486  35.5388845  13.6412598   -0.0702   -0.0405    0.0441 15 16 43.00    10.00 
  2020 11 16.637639  2 22  9.3234 +13 38 28.427  35.5388474  13.6412298  35.5388491  13.6412435   -0.0060   -0.0490    0.0543 15 18 12.00    10.00 
  2020 11 16.639201  2 22  9.3103 +13 38 28.364  35.5387928  13.6412123  35.5387954  13.6412186   -0.0092   -0.0226    0.0463 15 20 27.00    10.00 
  2020 11 16.639722  2 22  9.3037 +13 38 28.353  35.5387653  13.6412093  35.5387775  13.6412104   -0.0429   -0.0039    0.0277 15 21 12.00    10.00 
  2020 11 16.640243  2 22  9.2981 +13 38 28.314  35.5387421  13.6411983  35.5387596  13.6412021   -0.0613   -0.0135    0.0412 15 21 57.00    10.00 
  2020 11 16.640764  2 22  9.2945 +13 38 28.317  35.5387273  13.6411993  35.5387417  13.6411938   -0.0506    0.0196    0.0275 15 22 42.00    10.00 
  2020 11 16.641285  2 22  9.2947 +13 38 28.281  35.5387280  13.6411892  35.5387239  13.6411855    0.0145    0.0133    0.0322 15 23 27.00    10.00 
  2020 11 16.641806  2 22  9.2874 +13 38 28.287  35.5386975  13.6411908  35.5387060  13.6411773   -0.0294    0.0489    0.0409 15 24 12.00    10.00 
  2020 11 16.642326  2 22  9.2850 +13 38 28.240  35.5386876  13.6411778  35.5386881  13.6411690   -0.0016    0.0318    0.0431 15 24 57.00    10.00 
  2020 11 16.642847  2 22  9.2803 +13 38 28.149  35.5386677  13.6411526  35.5386702  13.6411607   -0.0085   -0.0295    0.0297 15 25 42.00    10.00 
  2020 11 16.643368  2 22  9.2768 +13 38 28.117  35.5386534  13.6411437  35.5386523  13.6411525    0.0039   -0.0316    0.0294 15 26 27.00    10.00 
  2020 11 16.643889  2 22  9.2707 +13 38 28.133  35.5386277  13.6411481  35.5386344  13.6411442   -0.0233    0.0141    0.0276 15 27 12.00    10.00 
  2020 11 16.644410  2 22  9.2683 +13 38 28.094  35.5386180  13.6411372  35.5386165  13.6411359    0.0053    0.0046    0.0242 15 27 57.00    10.00 
  2020 11 16.644931  2 22  9.2611 +13 38 28.055  35.5385879  13.6411263  35.5385986  13.6411277   -0.0374   -0.0051    0.0272 15 28 42.00    10.00 
  2020 11 16.645451  2 22  9.2559 +13 38 28.046  35.5385662  13.6411239  35.5385807  13.6411194   -0.0506    0.0163    0.0239 15 29 27.00    10.00 
  2020 11 16.645961  2 22  9.2532 +13 38 27.991  35.5385549  13.6411086  35.5385632  13.6411113   -0.0290   -0.0097    0.0266 15 30 11.00    10.00 
  2020 11 16.646481  2 22  9.2470 +13 38 28.008  35.5385292  13.6411134  35.5385453  13.6411031   -0.0564    0.0372    0.0363 15 30 56.00    10.00 
  2020 11 16.647002  2 22  9.2437 +13 38 27.962  35.5385154  13.6411005  35.5385274  13.6410948   -0.0420    0.0205    0.0403 15 31 41.00    10.00 
  2020 11 16.647523  2 22  9.2408 +13 38 27.909  35.5385033  13.6410858  35.5385095  13.6410865   -0.0218   -0.0027    0.0205 15 32 26.00    10.00 
  2020 11 16.648044  2 22  9.2369 +13 38 27.881  35.5384872  13.6410782  35.5384917  13.6410783   -0.0156   -0.0004    0.0407 15 33 11.00    10.00 
  2020 11 16.648565  2 22  9.2366 +13 38 27.818  35.5384859  13.6410605  35.5384738  13.6410700    0.0423   -0.0343    0.0489 15 33 56.00    10.00 
  2020 11 16.649086  2 22  9.2272 +13 38 27.804  35.5384465  13.6410567  35.5384559  13.6410618   -0.0328   -0.0181    0.0190 15 34 41.00    10.00 
  2020 11 16.649606  2 22  9.2210 +13 38 27.811  35.5384209  13.6410585  35.5384380  13.6410535   -0.0598    0.0180    0.0407 15 35 26.00    10.00 
  2020 11 16.650127  2 22  9.2207 +13 38 27.739  35.5384197  13.6410385  35.5384201  13.6410452   -0.0013   -0.0242    0.0319 15 36 11.00    10.00 
  2020 11 16.650648  2 22  9.2140 +13 38 27.754  35.5383918  13.6410429  35.5384022  13.6410370   -0.0364    0.0213    0.0373 15 36 56.00    10.00 
  2020 11 16.651169  2 22  9.2087 +13 38 27.718  35.5383695  13.6410329  35.5383843  13.6410287   -0.0520    0.0149    0.0283 15 37 41.00    10.00 
  2020 11 16.651690  2 22  9.2050 +13 38 27.682  35.5383543  13.6410228  35.5383665  13.6410205   -0.0426    0.0085    0.0399 15 38 26.00    10.00 
  2020 11 16.652211  2 22  9.2027 +13 38 27.624  35.5383445  13.6410066  35.5383486  13.6410122   -0.0142   -0.0202    0.0339 15 39 11.00    10.00 
  2020 11 16.652731  2 22  9.1992 +13 38 27.626  35.5383302  13.6410071  35.5383307  13.6410040   -0.0018    0.0114    0.0387 15 39 56.00    10.00 
  2020 11 16.653252  2 22  9.1932 +13 38 27.608  35.5383052  13.6410022  35.5383128  13.6409957   -0.0267    0.0232    0.0204 15 40 41.00    10.00 
  2020 11 16.654294  2 22  9.1837 +13 38 27.523  35.5382653  13.6409785  35.5382770  13.6409792   -0.0410   -0.0027    0.0491 15 42 11.00    10.00 
  2020 11 16.654815  2 22  9.1799 +13 38 27.495  35.5382494  13.6409709  35.5382591  13.6409710   -0.0342   -0.0001    0.0319 15 42 56.00    10.00 
  2020 11 16.655324  2 22  9.1781 +13 38 27.462  35.5382421  13.6409618  35.5382417  13.6409629    0.0015   -0.0040    0.0230 15 43 40.00    10.00 
  2020 11 16.655845  2 22  9.1706 +13 38 27.418  35.5382108  13.6409495  35.5382238  13.6409547   -0.0454   -0.0184    0.0334 15 44 25.00    10.00 
  2020 11 16.656366  2 22  9.1693 +13 38 27.378  35.5382056  13.6409382  35.5382059  13.6409464   -0.0011   -0.0294    0.0399 15 45 10.00    10.00 
  2020 11 16.656887  2 22  9.1642 +13 38 27.390  35.5381843  13.6409416  35.5381880  13.6409382   -0.0130    0.0122    0.0372 15 45 55.00    10.00 
  2020 11 16.657407  2 22  9.1622 +13 38 27.336  35.5381757  13.6409268  35.5381701  13.6409299    0.0196   -0.0113    0.0532 15 46 40.00    10.00 
  2020 11 16.657928  2 22  9.1549 +13 38 27.325  35.5381455  13.6409236  35.5381523  13.6409217   -0.0235    0.0069    0.0243 15 47 25.00    10.00 
  2020 11 16.658449  2 22  9.1505 +13 38 27.244  35.5381269  13.6409011  35.5381344  13.6409134   -0.0261   -0.0444    0.0345 15 48 10.00    10.00 
  2020 11 16.658970  2 22  9.1476 +13 38 27.281  35.5381151  13.6409115  35.5381165  13.6409052   -0.0050    0.0228    0.0261 15 48 55.00    10.00 
  2020 11 16.659491  2 22  9.1431 +13 38 27.211  35.5380964  13.6408919  35.5380986  13.6408969   -0.0077   -0.0180    0.0370 15 49 40.00    10.00 
  2020 11 16.660012  2 22  9.1374 +13 38 27.219  35.5380727  13.6408943  35.5380808  13.6408887   -0.0283    0.0201    0.0199 15 50 25.00    10.00 
  2020 11 16.660532  2 22  9.1324 +13 38 27.231  35.5380516  13.6408976  35.5380629  13.6408805   -0.0394    0.0617    0.0636 15 51 10.00    10.00 
  2020 11 16.661053  2 22  9.1302 +13 38 27.106  35.5380423  13.6408628  35.5380450  13.6408722   -0.0094   -0.0338    0.0254 15 51 55.00    10.00 
  2020 11 16.661574  2 22  9.1256 +13 38 27.102  35.5380234  13.6408616  35.5380271  13.6408640   -0.0131   -0.0084    0.0276 15 52 40.00    10.00 
  2020 11 16.662083  2 22  9.1209 +13 38 27.079  35.5380039  13.6408552  35.5380096  13.6408559   -0.0203   -0.0026    0.0511 15 53 24.00    10.00 
  2020 11 16.662604  2 22  9.1176 +13 38 27.055  35.5379899  13.6408486  35.5379918  13.6408477   -0.0066    0.0033    0.0368 15 54  9.00    10.00 
  2020 11 16.663125  2 22  9.1077 +13 38 27.027  35.5379487  13.6408409  35.5379739  13.6408394   -0.0881    0.0053    0.0386 15 54 54.00    10.00 
  2020 11 16.663646  2 22  9.1073 +13 38 27.004  35.5379470  13.6408346  35.5379560  13.6408312   -0.0314    0.0122    0.0413 15 55 39.00    10.00 
  2020 11 16.664167  2 22  9.1040 +13 38 26.953  35.5379332  13.6408202  35.5379382  13.6408230   -0.0173   -0.0098    0.0312 15 56 24.00    10.00 
  2020 11 16.664687  2 22  9.0976 +13 38 26.943  35.5379067  13.6408176  35.5379203  13.6408147   -0.0476    0.0104    0.0251 15 57  9.00    10.00 
  2020 11 16.665208  2 22  9.0933 +13 38 26.943  35.5378886  13.6408176  35.5379024  13.6408065   -0.0485    0.0400    0.0632 15 57 54.00    10.00 
  2020 11 16.665729  2 22  9.0901 +13 38 26.852  35.5378755  13.6407922  35.5378845  13.6407983   -0.0316   -0.0217    0.0226 15 58 39.00    10.00 
  2020 11 16.666250  2 22  9.0852 +13 38 26.857  35.5378550  13.6407936  35.5378667  13.6407900   -0.0409    0.0129    0.0385 15 59 24.00    10.00 
  2020 11 16.666771  2 22  9.0839 +13 38 26.805  35.5378496  13.6407791  35.5378488  13.6407818    0.0030   -0.0097    0.0313 16  0  9.00    10.00 
  2020 11 16.667292  2 22  9.0761 +13 38 26.820  35.5378171  13.6407833  35.5378309  13.6407736   -0.0484    0.0352    0.0346 16  0 54.00    10.00 
  2020 11 16.667813  2 22  9.0719 +13 38 26.736  35.5377994  13.6407599  35.5378131  13.6407653   -0.0478   -0.0195    0.0346 16  1 39.00    10.00 
  2020 11 16.668333  2 22  9.0715 +13 38 26.681  35.5377977  13.6407447  35.5377952  13.6407571    0.0089   -0.0448    0.0384 16  2 24.00    10.00 
  2020 11 16.668854  2 22  9.0621 +13 38 26.681  35.5377586  13.6407446  35.5377773  13.6407489   -0.0654   -0.0152    0.0393 16  3  9.00    10.00 
  2020 11 16.669375  2 22  9.0621 +13 38 26.655  35.5377586  13.6407376  35.5377595  13.6407406   -0.0032   -0.0111    0.0302 16  3 54.00    10.00 
  2020 11 16.669896  2 22  9.0565 +13 38 26.604  35.5377355  13.6407233  35.5377416  13.6407324   -0.0215   -0.0330    0.0239 16  4 39.00    10.00 
  2020 11 16.670417  2 22  9.0545 +13 38 26.579  35.5377273  13.6407163  35.5377237  13.6407242    0.0123   -0.0285    0.0450 16  5 24.00    10.00 
  2020 11 16.670938  2 22  9.0489 +13 38 26.550  35.5377038  13.6407084  35.5377059  13.6407160   -0.0072   -0.0273    0.0394 16  6  9.00    10.00 
  2020 11 16.671458  2 22  9.0446 +13 38 26.511  35.5376859  13.6406975  35.5376880  13.6407077   -0.0074   -0.0368    0.0339 16  6 54.00    10.00 
  2020 11 16.671979  2 22  9.0367 +13 38 26.508  35.5376529  13.6406967  35.5376701  13.6406995   -0.0603   -0.0100    0.0358 16  7 39.00    10.00 
  2020 11 16.672500  2 22  9.0363 +13 38 26.464  35.5376514  13.6406844  35.5376523  13.6406913   -0.0032   -0.0247    0.0463 16  8 24.00    10.00 
  2020 11 16.673021  2 22  9.0308 +13 38 26.467  35.5376282  13.6406852  35.5376344  13.6406831   -0.0218    0.0076    0.0422 16  9  9.00    10.00 
  2020 11 16.673542  2 22  9.0260 +13 38 26.398  35.5376082  13.6406662  35.5376166  13.6406748   -0.0294   -0.0310    0.0260 16  9 54.00    10.00 
  2020 11 16.674051  2 22  9.0222 +13 38 26.396  35.5375927  13.6406654  35.5375991  13.6406668   -0.0225   -0.0049    0.0205 16 10 38.00    10.00 
  2020 11 16.674572  2 22  9.0164 +13 38 26.391  35.5375682  13.6406642  35.5375812  13.6406586   -0.0458    0.0201    0.0296 16 11 23.00    10.00 
  2020 11 16.675093  2 22  9.0146 +13 38 26.311  35.5375609  13.6406420  35.5375634  13.6406504   -0.0086   -0.0302    0.0269 16 12  8.00    10.00 
  2020 11 16.675613  2 22  9.0098 +13 38 26.282  35.5375409  13.6406340  35.5375455  13.6406421   -0.0163   -0.0293    0.0385 16 12 53.00    10.00 
  2020 11 16.676134  2 22  9.0056 +13 38 26.254  35.5375233  13.6406262  35.5375277  13.6406339   -0.0154   -0.0279    0.0351 16 13 38.00    10.00 
  2020 11 16.676655  2 22  9.0004 +13 38 26.263  35.5375015  13.6406286  35.5375098  13.6406257   -0.0289    0.0105    0.0236 16 14 23.00    10.00 
  2020 11 16.677176  2 22  8.9996 +13 38 26.207  35.5374984  13.6406131  35.5374920  13.6406175    0.0224   -0.0157    0.0471 16 15  8.00    10.00 
  2020 11 16.677697  2 22  8.9920 +13 38 26.155  35.5374669  13.6405987  35.5374741  13.6406093   -0.0253   -0.0380    0.0428 16 15 53.00    10.00 
  2020 11 16.678218  2 22  8.9872 +13 38 26.197  35.5374467  13.6406102  35.5374562  13.6406011   -0.0336    0.0328    0.0553 16 16 38.00    10.00 
  2020 11 16.678738  2 22  8.9824 +13 38 26.149  35.5374266  13.6405970  35.5374384  13.6405929   -0.0412    0.0151    0.0283 16 17 23.00    10.00 
  2020 11 16.679259  2 22  8.9782 +13 38 26.075  35.5374093  13.6405764  35.5374205  13.6405846   -0.0394   -0.0295    0.0356 16 18  8.00    10.00 
  2020 11 16.679780  2 22  8.9763 +13 38 26.093  35.5374012  13.6405813  35.5374027  13.6405764   -0.0052    0.0175    0.0415 16 18 53.00    10.00 
  2020 11 16.680301  2 22  8.9715 +13 38 26.053  35.5373811  13.6405702  35.5373848  13.6405682   -0.0129    0.0070    0.0206 16 19 38.00    10.00 
  2020 11 16.680822  2 22  8.9690 +13 38 26.043  35.5373707  13.6405675  35.5373670  13.6405600    0.0132    0.0272    0.0344 16 20 23.00    10.00 
  2020 11 16.681331  2 22  8.9641 +13 38 25.951  35.5373502  13.6405420  35.5373495  13.6405520    0.0024   -0.0359    0.0355 16 21  7.00    10.00 
  2020 11 16.681852  2 22  8.9569 +13 38 25.971  35.5373202  13.6405476  35.5373317  13.6405438   -0.0401    0.0137    0.0346 16 21 52.00    10.00 
  2020 11 16.682373  2 22  8.9535 +13 38 25.950  35.5373062  13.6405415  35.5373138  13.6405356   -0.0266    0.0216    0.0394 16 22 37.00    10.00 
  2020 11 16.682894  2 22  8.9474 +13 38 25.889  35.5372809  13.6405247  35.5372960  13.6405273   -0.0529   -0.0096    0.0226 16 23 22.00    10.00 
  2020 11 16.683414  2 22  8.9438 +13 38 25.904  35.5372660  13.6405289  35.5372781  13.6405191   -0.0424    0.0352    0.0412 16 24  7.00    10.00 
  2020 11 16.683935  2 22  8.9411 +13 38 25.857  35.5372546  13.6405158  35.5372603  13.6405109   -0.0201    0.0176    0.0330 16 24 52.00    10.00 
  2020 11 16.684456  2 22  8.9375 +13 38 25.804  35.5372398  13.6405010  35.5372424  13.6405027   -0.0093   -0.0063    0.0449 16 25 37.00    10.00 
  2020 11 16.684977  2 22  8.9318 +13 38 25.800  35.5372159  13.6405001  35.5372246  13.6404945   -0.0303    0.0202    0.0257 16 26 22.00    10.00 
  2020 11 16.685498  2 22  8.9273 +13 38 25.754  35.5371970  13.6404872  35.5372068  13.6404863   -0.0342    0.0030    0.0293 16 27  7.00    10.00 
  2020 11 16.686019  2 22  8.9251 +13 38 25.720  35.5371878  13.6404778  35.5371889  13.6404781   -0.0038   -0.0013    0.0380 16 27 52.00    10.00 
  2020 11 16.686539  2 22  8.9233 +13 38 25.704  35.5371802  13.6404734  35.5371711  13.6404699    0.0321    0.0125    0.0357 16 28 37.00    10.00 
  2020 11 16.687060  2 22  8.9130 +13 38 25.652  35.5371377  13.6404589  35.5371532  13.6404617   -0.0543   -0.0101    0.0332 16 29 22.00    10.00 
  2020 11 16.687581  2 22  8.9116 +13 38 25.634  35.5371315  13.6404540  35.5371354  13.6404535   -0.0136    0.0018    0.0224 16 30  7.00    10.00 
  2020 11 16.688090  2 22  8.9060 +13 38 25.629  35.5371084  13.6404524  35.5371179  13.6404455   -0.0334    0.0249    0.0256 16 30 51.00    10.00 
  2020 11 16.688611  2 22  8.9017 +13 38 25.570  35.5370906  13.6404361  35.5371001  13.6404373   -0.0331   -0.0043    0.0405 16 31 36.00    10.00 
  2020 11 16.689132  2 22  8.8975 +13 38 25.514  35.5370731  13.6404205  35.5370823  13.6404291   -0.0321   -0.0308    0.0316 16 32 21.00    10.00 
  2020 11 16.689653  2 22  8.8934 +13 38 25.501  35.5370559  13.6404169  35.5370644  13.6404209   -0.0297   -0.0144    0.0234 16 33  6.00    10.00 
  2020 11 16.690174  2 22  8.8884 +13 38 25.507  35.5370348  13.6404187  35.5370466  13.6404127   -0.0413    0.0214    0.0466 16 33 51.00    10.00 
  2020 11 16.690694  2 22  8.8858 +13 38 25.457  35.5370243  13.6404047  35.5370287  13.6404045   -0.0154    0.0009    0.0327 16 34 36.00    10.00 
  2020 11 16.691215  2 22  8.8827 +13 38 25.417  35.5370112  13.6403936  35.5370109  13.6403963    0.0009   -0.0099    0.0345 16 35 21.00    10.00 
  2020 11 16.691736  2 22  8.8756 +13 38 25.405  35.5369815  13.6403903  35.5369931  13.6403881   -0.0403    0.0080    0.0304 16 36  6.00    10.00 
  2020 11 16.692257  2 22  8.8726 +13 38 25.374  35.5369690  13.6403817  35.5369752  13.6403799   -0.0217    0.0065    0.0277 16 36 51.00    10.00 
  2020 11 16.692778  2 22  8.8676 +13 38 25.332  35.5369484  13.6403699  35.5369574  13.6403717   -0.0315   -0.0066    0.0276 16 37 36.00    10.00 
  2020 11 16.693299  2 22  8.8623 +13 38 25.332  35.5369263  13.6403701  35.5369396  13.6403635   -0.0464    0.0237    0.0240 16 38 21.00    10.00 
  2020 11 16.693819  2 22  8.8597 +13 38 25.286  35.5369155  13.6403573  35.5369217  13.6403553   -0.0217    0.0070    0.0155 16 39  6.00    10.00 
  2020 11 16.694329  2 22  8.8553 +13 38 25.219  35.5368972  13.6403386  35.5369043  13.6403473   -0.0250   -0.0314    0.0253 16 39 50.00    10.00 
  2020 11 16.694850  2 22  8.8501 +13 38 25.227  35.5368755  13.6403407  35.5368865  13.6403392   -0.0383    0.0056    0.0227 16 40 35.00    10.00 
  2020 11 16.695370  2 22  8.8457 +13 38 25.201  35.5368573  13.6403335  35.5368687  13.6403310   -0.0398    0.0093    0.0258 16 41 20.00    10.00 
  2020 11 16.695891  2 22  8.8445 +13 38 25.143  35.5368521  13.6403174  35.5368508  13.6403228    0.0044   -0.0192    0.0307 16 42  5.00    10.00 
  2020 11 16.696412  2 22  8.8379 +13 38 25.111  35.5368247  13.6403087  35.5368330  13.6403146   -0.0289   -0.0211    0.0296 16 42 50.00    10.00 
  2020 11 16.696933  2 22  8.8342 +13 38 25.115  35.5368092  13.6403097  35.5368152  13.6403064   -0.0208    0.0117    0.0256 16 43 35.00    10.00 
  2020 11 16.697454  2 22  8.8307 +13 38 25.083  35.5367944  13.6403009  35.5367973  13.6402982   -0.0103    0.0098    0.0336 16 44 20.00    10.00 
  2020 11 16.697975  2 22  8.8254 +13 38 25.049  35.5367725  13.6402914  35.5367795  13.6402900   -0.0247    0.0050    0.0349 16 45  5.00    10.00 
  2020 11 16.698495  2 22  8.8219 +13 38 25.004  35.5367580  13.6402788  35.5367617  13.6402818   -0.0129   -0.0109    0.0305 16 45 50.00    10.00 
  2020 11 16.699016  2 22  8.8162 +13 38 24.982  35.5367343  13.6402726  35.5367439  13.6402737   -0.0335   -0.0037    0.0511 16 46 35.00    10.00 
  2020 11 16.699537  2 22  8.8129 +13 38 24.973  35.5367203  13.6402702  35.5367260  13.6402655   -0.0202    0.0170    0.0400 16 47 20.00    10.00 
  2020 11 16.700058  2 22  8.8063 +13 38 24.895  35.5366927  13.6402487  35.5367082  13.6402573   -0.0542   -0.0311    0.0623 16 48  5.00    10.00 
  2020 11 16.701620  2 22  8.7942 +13 38 24.867  35.5366423  13.6402407  35.5366548  13.6402328   -0.0436    0.0286    0.0561 16 50 20.00    10.00 
  2020 11 16.702141  2 22  8.7895 +13 38 24.766  35.5366229  13.6402129  35.5366369  13.6402246   -0.0491   -0.0421    0.0718 16 51  5.00    10.00 
  2020 11 16.702662  2 22  8.7885 +13 38 24.781  35.5366186  13.6402171  35.5366191  13.6402164   -0.0020    0.0023    0.0330 16 51 50.00    10.00 
  2020 11 16.703183  2 22  8.7801 +13 38 24.753  35.5365837  13.6402090  35.5366013  13.6402082   -0.0616    0.0029    0.0634 16 52 35.00    10.00 
  2020 11 16.703704  2 22  8.7778 +13 38 24.723  35.5365741  13.6402010  35.5365835  13.6402001   -0.0330    0.0033    0.0824 16 53 20.00    10.00 
  2020 11 16.704213  2 22  8.7719 +13 38 24.715  35.5365494  13.6401985  35.5365661  13.6401921   -0.0583    0.0231    0.0685 16 54  4.00    10.00 
  2020 11 16.704734  2 22  8.7706 +13 38 24.620  35.5365443  13.6401722  35.5365483  13.6401839   -0.0138   -0.0421    0.1349 16 54 49.00    10.00 
  2020 11 16.705255  2 22  8.7658 +13 38 24.644  35.5365241  13.6401790  35.5365305  13.6401757   -0.0223    0.0119    0.0566 16 55 34.00    10.00 
  2020 11 16.705775  2 22  8.7606 +13 38 24.578  35.5365023  13.6401605  35.5365126  13.6401675   -0.0362   -0.0254    0.1172 16 56 19.00    10.00 
  2020 11 16.706296  2 22  8.7574 +13 38 24.581  35.5364892  13.6401615  35.5364948  13.6401594   -0.0195    0.0076    0.0267 16 57  4.00    10.00 
  2020 11 16.706817  2 22  8.7539 +13 38 24.500  35.5364744  13.6401388  35.5364770  13.6401512   -0.0091   -0.0445    0.0502 16 57 49.00    10.00 
  2020 11 16.707338  2 22  8.7516 +13 38 24.525  35.5364650  13.6401459  35.5364592  13.6401430    0.0202    0.0103    0.0343 16 58 34.00    10.00 
  2020 11 16.707859  2 22  8.7421 +13 38 24.509  35.5364255  13.6401413  35.5364414  13.6401349   -0.0557    0.0231    0.0301 16 59 19.00    10.00 
  2020 11 16.708380  2 22  8.7397 +13 38 24.459  35.5364156  13.6401275  35.5364236  13.6401267   -0.0281    0.0029    0.0175 17  0  4.00    10.00 
  2020 11 16.708900  2 22  8.7354 +13 38 24.443  35.5363973  13.6401231  35.5364058  13.6401185   -0.0296    0.0166    0.0636 17  0 49.00    10.00 
  2020 11 16.709421  2 22  8.7323 +13 38 24.384  35.5363846  13.6401066  35.5363880  13.6401104   -0.0118   -0.0134    0.0142 17  1 34.00    10.00 
  2020 11 16.709942  2 22  8.7275 +13 38 24.365  35.5363644  13.6401014  35.5363702  13.6401022   -0.0202   -0.0030    0.0353 17  2 19.00    10.00 
  2020 11 16.710463  2 22  8.7225 +13 38 24.334  35.5363437  13.6400928  35.5363524  13.6400940   -0.0303   -0.0045    0.0422 17  3  4.00    10.00 
  2020 11 16.710984  2 22  8.7206 +13 38 24.320  35.5363358  13.6400889  35.5363346  13.6400859    0.0042    0.0110    0.0562 17  3 49.00    10.00 
  2020 11 16.711505  2 22  8.7162 +13 38 24.309  35.5363173  13.6400858  35.5363168  13.6400777    0.0020    0.0291    0.0817 17  4 34.00    10.00 
  2020 11 16.712025  2 22  8.7091 +13 38 24.245  35.5362879  13.6400682  35.5362990  13.6400695   -0.0386   -0.0048    0.0397 17  5 19.00    10.00 
  2020 11 16.712535  2 22  8.7068 +13 38 24.200  35.5362782  13.6400555  35.5362816  13.6400616   -0.0119   -0.0218    0.0344 17  6  3.00    10.00 
  2020 11 16.713056  2 22  8.7027 +13 38 24.192  35.5362614  13.6400533  35.5362638  13.6400534   -0.0085   -0.0004    0.0365 17  6 48.00    10.00 
  2020 11 16.713576  2 22  8.6973 +13 38 24.178  35.5362388  13.6400495  35.5362460  13.6400452   -0.0250    0.0152    0.0274 17  7 33.00    10.00 
  2020 11 16.714097  2 22  8.6925 +13 38 24.119  35.5362188  13.6400331  35.5362282  13.6400371   -0.0329   -0.0144    0.0293 17  8 18.00    10.00 
  2020 11 16.714618  2 22  8.6885 +13 38 24.101  35.5362020  13.6400281  35.5362104  13.6400289   -0.0292   -0.0030    0.0201 17  9  3.00    10.00 
  2020 11 16.715139  2 22  8.6867 +13 38 24.085  35.5361946  13.6400237  35.5361926  13.6400208    0.0072    0.0107    0.0244 17  9 48.00    10.00 
  2020 11 16.715660  2 22  8.6788 +13 38 24.081  35.5361619  13.6400226  35.5361748  13.6400126   -0.0452    0.0358    0.0300 17 10 33.00    10.00 
  2020 11 16.716181  2 22  8.6771 +13 38 23.988  35.5361547  13.6399968  35.5361570  13.6400044   -0.0081   -0.0275    0.0372 17 11 18.00    10.00 
  2020 11 16.716701  2 22  8.6721 +13 38 23.962  35.5361336  13.6399894  35.5361392  13.6399963   -0.0198   -0.0248    0.0357 17 12  3.00    10.00 
  2020 11 16.717222  2 22  8.6666 +13 38 23.964  35.5361109  13.6399901  35.5361214  13.6399881   -0.0367    0.0070    0.0327 17 12 48.00    10.00 
  2020 11 16.717743  2 22  8.6631 +13 38 23.922  35.5360964  13.6399784  35.5361036  13.6399800   -0.0252   -0.0058    0.0289 17 13 33.00    10.00 
  2020 11 16.718264  2 22  8.6584 +13 38 23.895  35.5360769  13.6399710  35.5360858  13.6399718   -0.0314   -0.0032    0.0199 17 14 18.00    10.00 
  2020 11 16.718785  2 22  8.6558 +13 38 23.883  35.5360659  13.6399676  35.5360680  13.6399637   -0.0075    0.0142    0.0257 17 15  3.00    10.00 
  2020 11 16.719306  2 22  8.6499 +13 38 23.821  35.5360411  13.6399502  35.5360503  13.6399555   -0.0321   -0.0192    0.0225 17 15 48.00    10.00 
  2020 11 16.719815  2 22  8.6464 +13 38 23.815  35.5360266  13.6399486  35.5360329  13.6399476   -0.0218    0.0038    0.0358 17 16 32.00    10.00 
  2020 11 16.720336  2 22  8.6439 +13 38 23.763  35.5360162  13.6399343  35.5360151  13.6399394    0.0040   -0.0184    0.0280 17 17 17.00    10.00 
  2020 11 16.720856  2 22  8.6378 +13 38 23.743  35.5359910  13.6399286  35.5359973  13.6399313   -0.0221   -0.0096    0.0295 17 18  2.00    10.00 
  2020 11 16.721377  2 22  8.6319 +13 38 23.713  35.5359661  13.6399203  35.5359795  13.6399231   -0.0471   -0.0101    0.0490 17 18 47.00    10.00 
  2020 11 16.721898  2 22  8.6270 +13 38 23.720  35.5359459  13.6399221  35.5359617  13.6399150   -0.0554    0.0258    0.0285 17 19 32.00    10.00 
  2020 11 16.722419  2 22  8.6278 +13 38 23.620  35.5359492  13.6398943  35.5359440  13.6399068    0.0182   -0.0449    0.0458 17 20 17.00    10.00 
  2020 11 16.722940  2 22  8.6198 +13 38 23.619  35.5359159  13.6398940  35.5359262  13.6398987   -0.0359   -0.0167    0.0431 17 21  2.00    10.00 
  2020 11 16.723461  2 22  8.6160 +13 38 23.625  35.5359001  13.6398960  35.5359084  13.6398905   -0.0291    0.0196    0.0215 17 21 47.00    10.00 
  2020 11 16.723981  2 22  8.6123 +13 38 23.567  35.5358845  13.6398797  35.5358906  13.6398824   -0.0215   -0.0095    0.0291 17 22 32.00    10.00 
  2020 11 16.724502  2 22  8.6082 +13 38 23.542  35.5358675  13.6398728  35.5358728  13.6398742   -0.0187   -0.0050    0.0316 17 23 17.00    10.00 
  2020 11 16.725023  2 22  8.6033 +13 38 23.523  35.5358470  13.6398676  35.5358551  13.6398661   -0.0284    0.0055    0.0476 17 24  2.00    10.00 
  2020 11 16.725544  2 22  8.5988 +13 38 23.509  35.5358283  13.6398636  35.5358373  13.6398580   -0.0316    0.0202    0.0437 17 24 47.00    10.00 
  2020 11 16.726065  2 22  8.5942 +13 38 23.446  35.5358093  13.6398460  35.5358195  13.6398498   -0.0357   -0.0137    0.0309 17 25 32.00    10.00 
  2020 11 16.726586  2 22  8.5890 +13 38 23.404  35.5357876  13.6398346  35.5358017  13.6398417   -0.0493   -0.0256    0.0330 17 26 17.00    10.00 
  2020 11 16.727106  2 22  8.5854 +13 38 23.384  35.5357725  13.6398290  35.5357840  13.6398335   -0.0402   -0.0165    0.0290 17 27  2.00    10.00 
  2020 11 16.727627  2 22  8.5828 +13 38 23.399  35.5357616  13.6398330  35.5357662  13.6398254   -0.0163    0.0272    0.0381 17 27 47.00    10.00 
  2020 11 16.728148  2 22  8.5819 +13 38 23.311  35.5357580  13.6398086  35.5357484  13.6398173    0.0334   -0.0311    0.0426 17 28 32.00    10.00 
  2020 11 16.728657  2 22  8.5736 +13 38 23.291  35.5357232  13.6398031  35.5357311  13.6398093   -0.0274   -0.0225    0.0401 17 29 16.00    10.00 
  2020 11 16.729178  2 22  8.5702 +13 38 23.284  35.5357090  13.6398011  35.5357133  13.6398012   -0.0150   -0.0004    0.0190 17 30  1.00    10.00 
  2020 11 16.729699  2 22  8.5612 +13 38 23.277  35.5356718  13.6397990  35.5356955  13.6397930   -0.0830    0.0216    0.0352 17 30 46.00    10.00 
  2020 11 16.730220  2 22  8.5600 +13 38 23.215  35.5356668  13.6397819  35.5356778  13.6397849   -0.0384   -0.0108    0.0435 17 31 31.00    10.00 
  2020 11 16.730741  2 22  8.5582 +13 38 23.198  35.5356592  13.6397773  35.5356600  13.6397768   -0.0027    0.0019    0.0343 17 32 16.00    10.00 
  2020 11 16.731262  2 22  8.5515 +13 38 23.168  35.5356311  13.6397689  35.5356422  13.6397686   -0.0390    0.0009    0.0395 17 33  1.00    10.00 
  2020 11 16.731782  2 22  8.5499 +13 38 23.151  35.5356246  13.6397641  35.5356245  13.6397605    0.0003    0.0129    0.0362 17 33 46.00    10.00 
  2020 11 16.732303  2 22  8.5441 +13 38 23.091  35.5356006  13.6397476  35.5356067  13.6397524   -0.0215   -0.0171    0.0370 17 34 31.00    10.00 
  2020 11 16.732824  2 22  8.5393 +13 38 23.065  35.5355804  13.6397404  35.5355890  13.6397443   -0.0298   -0.0139    0.0304 17 35 16.00    10.00 
  2020 11 16.733345  2 22  8.5346 +13 38 23.022  35.5355609  13.6397283  35.5355712  13.6397361   -0.0360   -0.0283    0.0317 17 36  1.00    10.00 
  2020 11 16.733866  2 22  8.5314 +13 38 23.020  35.5355475  13.6397278  35.5355534  13.6397280   -0.0208   -0.0006    0.0456 17 36 46.00    10.00 
  2020 11 16.734387  2 22  8.5267 +13 38 23.015  35.5355279  13.6397264  35.5355357  13.6397199   -0.0272    0.0234    0.0262 17 37 31.00    10.00 
  2020 11 16.734907  2 22  8.5213 +13 38 22.973  35.5355052  13.6397148  35.5355179  13.6397117   -0.0444    0.0108    0.0359 17 38 16.00    10.00 
  2020 11 16.735428  2 22  8.5189 +13 38 22.928  35.5354953  13.6397022  35.5355002  13.6397036   -0.0170   -0.0050    0.0320 17 39  1.00    10.00 
  2020 11 16.735937  2 22  8.5145 +13 38 22.923  35.5354769  13.6397009  35.5354828  13.6396957   -0.0207    0.0188    0.0336 17 39 45.00    10.00 
  2020 11 16.736458  2 22  8.5122 +13 38 22.869  35.5354674  13.6396858  35.5354651  13.6396876    0.0080   -0.0062    0.0348 17 40 30.00    10.00 
  2020 11 16.736979  2 22  8.5076 +13 38 22.848  35.5354483  13.6396800  35.5354473  13.6396794    0.0034    0.0021    0.0526 17 41 15.00    10.00 
  2020 11 16.737500  2 22  8.5005 +13 38 22.808  35.5354189  13.6396690  35.5354296  13.6396713   -0.0373   -0.0085    0.0347 17 42  0.00    10.00 
  2020 11 16.738021  2 22  8.4969 +13 38 22.804  35.5354038  13.6396678  35.5354118  13.6396632   -0.0279    0.0167    0.0299 17 42 45.00    10.00 
  2020 11 16.738542  2 22  8.4937 +13 38 22.779  35.5353903  13.6396607  35.5353941  13.6396551   -0.0132    0.0203    0.0386 17 43 30.00    10.00 
  2020 11 16.739062  2 22  8.4901 +13 38 22.767  35.5353755  13.6396576  35.5353763  13.6396469   -0.0030    0.0382    0.0324 17 44 15.00    10.00 
  2020 11 16.739583  2 22  8.4847 +13 38 22.701  35.5353531  13.6396391  35.5353586  13.6396388   -0.0191    0.0009    0.0346 17 45  0.00    10.00 
  2020 11 16.740104  2 22  8.4801 +13 38 22.678  35.5353339  13.6396329  35.5353408  13.6396307   -0.0241    0.0078    0.0459 17 45 45.00    10.00 
  2020 11 16.740625  2 22  8.4777 +13 38 22.686  35.5353239  13.6396350  35.5353231  13.6396226    0.0028    0.0447    0.0877 17 46 30.00    10.00 
  2020 11 16.741146  2 22  8.4712 +13 38 22.594  35.5352969  13.6396095  35.5353053  13.6396145   -0.0297   -0.0180    0.0455 17 47 15.00    10.00 
  2020 11 16.741667  2 22  8.4674 +13 38 22.624  35.5352806  13.6396178  35.5352876  13.6396064   -0.0244    0.0411    0.0339 17 48  0.00    10.00 
  2020 11 16.742188  2 22  8.4594 +13 38 22.567  35.5352474  13.6396020  35.5352699  13.6395983   -0.0785    0.0134    0.0411 17 48 45.00    10.00 
  2020 11 16.742708  2 22  8.4567 +13 38 22.501  35.5352361  13.6395836  35.5352521  13.6395901   -0.0562   -0.0234    0.0328 17 49 30.00    10.00 
  2020 11 16.743229  2 22  8.4544 +13 38 22.507  35.5352269  13.6395852  35.5352344  13.6395820   -0.0263    0.0114    0.0426 17 50 15.00    10.00 
  2020 11 16.743750  2 22  8.4522 +13 38 22.450  35.5352175  13.6395694  35.5352167  13.6395739    0.0030   -0.0161    0.0299 17 51  0.00    10.00 
  2020 11 16.744271  2 22  8.4484 +13 38 22.431  35.5352016  13.6395642  35.5351989  13.6395658    0.0093   -0.0056    0.0363 17 51 45.00    10.00 
  2020 11 16.744792  2 22  8.4408 +13 38 22.392  35.5351699  13.6395534  35.5351812  13.6395577   -0.0394   -0.0154    0.0275 17 52 30.00    10.00 
  2020 11 16.745313  2 22  8.4346 +13 38 22.397  35.5351441  13.6395549  35.5351635  13.6395496   -0.0676    0.0190    0.0328 17 53 15.00    10.00 
  2020 11 16.745822  2 22  8.4363 +13 38 22.333  35.5351511  13.6395369  35.5351461  13.6395417    0.0173   -0.0170    0.0495 17 53 59.00    10.00 
  2020 11 16.746343  2 22  8.4296 +13 38 22.300  35.5351232  13.6395279  35.5351284  13.6395336   -0.0182   -0.0205    0.0313 17 54 44.00    10.00 
  2020 11 16.746863  2 22  8.4268 +13 38 22.295  35.5351116  13.6395264  35.5351107  13.6395254    0.0032    0.0033    0.0500 17 55 29.00    10.00 
  2020 11 16.747940  2 22  8.4176 +13 38 22.232  35.5350732  13.6395089  35.5350740  13.6395087   -0.0029    0.0006    0.0299 17 57  2.00    10.00 
  2020 11 16.748461  2 22  8.4134 +13 38 22.165  35.5350560  13.6394904  35.5350563  13.6395006   -0.0010   -0.0368    0.0409 17 57 47.00    10.00 
  2020 11 16.748981  2 22  8.4081 +13 38 22.167  35.5350338  13.6394908  35.5350386  13.6394925   -0.0166   -0.0060    0.0324 17 58 32.00    10.00 
  2020 11 16.749491  2 22  8.4049 +13 38 22.128  35.5350206  13.6394799  35.5350212  13.6394846   -0.0022   -0.0168    0.0341 17 59 16.00    10.00 
  2020 11 16.750012  2 22  8.4021 +13 38 22.086  35.5350089  13.6394682  35.5350035  13.6394765    0.0187   -0.0297    0.0297 18  0  1.00    10.00 
  2020 11 16.750532  2 22  8.3950 +13 38 22.075  35.5349791  13.6394653  35.5349858  13.6394684   -0.0234   -0.0110    0.0229 18  0 46.00    10.00 
  2020 11 16.751053  2 22  8.3889 +13 38 22.058  35.5349538  13.6394605  35.5349681  13.6394603   -0.0498    0.0007    0.0403 18  1 31.00    10.00 
  2020 11 16.751574  2 22  8.3874 +13 38 22.032  35.5349476  13.6394532  35.5349504  13.6394522   -0.0097    0.0039    0.0229 18  2 16.00    10.00 
  2020 11 16.752095  2 22  8.3833 +13 38 22.007  35.5349305  13.6394464  35.5349327  13.6394441   -0.0076    0.0084    0.0305 18  3  1.00    10.00 
  2020 11 16.752616  2 22  8.3799 +13 38 21.922  35.5349164  13.6394229  35.5349149  13.6394360    0.0052   -0.0471    0.0411 18  3 46.00    10.00 
  2020 11 16.753137  2 22  8.3727 +13 38 21.956  35.5348863  13.6394322  35.5348972  13.6394279   -0.0381    0.0156    0.0441 18  4 31.00    10.00 
  2020 11 16.753657  2 22  8.3698 +13 38 21.936  35.5348744  13.6394266  35.5348795  13.6394198   -0.0180    0.0247    0.0299 18  5 16.00    10.00 
  2020 11 16.754178  2 22  8.3652 +13 38 21.883  35.5348549  13.6394119  35.5348618  13.6394117   -0.0241    0.0008    0.0289 18  6  1.00    10.00 
  2020 11 16.754699  2 22  8.3639 +13 38 21.864  35.5348495  13.6394066  35.5348441  13.6394036    0.0189    0.0109    0.0312 18  6 46.00    10.00 
  2020 11 16.755220  2 22  8.3576 +13 38 21.815  35.5348233  13.6393931  35.5348264  13.6393955   -0.0107   -0.0085    0.0369 18  7 31.00    10.00 
  2020 11 16.755741  2 22  8.3492 +13 38 21.792  35.5347885  13.6393867  35.5348087  13.6393874   -0.0706   -0.0025    0.0359 18  8 16.00    10.00 
  2020 11 16.756262  2 22  8.3505 +13 38 21.723  35.5347937  13.6393674  35.5347910  13.6393793    0.0095   -0.0428    0.0281 18  9  1.00    10.00 
  2020 11 16.756771  2 22  8.3453 +13 38 21.780  35.5347722  13.6393835  35.5347737  13.6393714   -0.0051    0.0433    0.0544 18  9 45.00    10.00 
  2020 11 17.614236  2 22  1.5981 +13 37 40.025  35.5066586  13.6277846  35.5066586  13.6277939   -0.0000   -0.0335    0.0223 14 44 30.00    10.00 
  2020 11 17.614757  2 22  1.5923 +13 37 40.060  35.5066347  13.6277945  35.5066412  13.6277879   -0.0228    0.0237    0.0243 14 45 15.00    10.00 
  2020 11 17.615278  2 22  1.5878 +13 37 40.039  35.5066159  13.6277885  35.5066238  13.6277820   -0.0273    0.0235    0.0189 14 46  0.00    10.00 
  2020 11 17.615799  2 22  1.5855 +13 37 39.938  35.5066061  13.6277605  35.5066063  13.6277760   -0.0006   -0.0559    0.0352 14 46 45.00    10.00 
  2020 11 17.616319  2 22  1.5792 +13 37 39.997  35.5065800  13.6277768  35.5065889  13.6277700   -0.0311    0.0245    0.0244 14 47 30.00    10.00 
  2020 11 17.616840  2 22  1.5751 +13 37 39.943  35.5065628  13.6277620  35.5065714  13.6277641   -0.0301   -0.0075    0.0210 14 48 15.00    10.00 
  2020 11 17.617361  2 22  1.5684 +13 37 39.910  35.5065351  13.6277529  35.5065540  13.6277581   -0.0658   -0.0187    0.0331 14 49  0.00    10.00 
  2020 11 17.617882  2 22  1.5655 +13 37 39.960  35.5065229  13.6277667  35.5065365  13.6277521   -0.0476    0.0523    0.0460 14 49 45.00    10.00 
  2020 11 17.618403  2 22  1.5619 +13 37 39.873  35.5065079  13.6277424  35.5065191  13.6277462   -0.0390   -0.0135    0.0604 14 50 30.00    10.00 
  2020 11 17.618924  2 22  1.5620 +13 37 39.916  35.5065081  13.6277544  35.5065016  13.6277402    0.0228    0.0510    0.0670 14 51 15.00    10.00 
  2020 11 17.619444  2 22  1.5500 +13 37 39.859  35.5064584  13.6277385  35.5064842  13.6277342   -0.0901    0.0154    0.0950 14 52  0.00    10.00 
  2020 11 17.619965  2 22  1.5495 +13 37 39.768  35.5064561  13.6277134  35.5064667  13.6277283   -0.0373   -0.0537    0.0483 14 52 45.00    10.00 
  2020 11 17.620486  2 22  1.5476 +13 37 39.748  35.5064485  13.6277079  35.5064493  13.6277223   -0.0027   -0.0520    0.0272 14 53 30.00    10.00 
  2020 11 17.621007  2 22  1.5425 +13 37 39.744  35.5064272  13.6277066  35.5064318  13.6277164   -0.0162   -0.0350    0.0296 14 54 15.00    10.00 
  2020 11 17.621528  2 22  1.5369 +13 37 39.743  35.5064039  13.6277063  35.5064144  13.6277104   -0.0365   -0.0149    0.0307 14 55  0.00    10.00 
  2020 11 17.622049  2 22  1.5339 +13 37 39.753  35.5063913  13.6277093  35.5063969  13.6277044   -0.0198    0.0173    0.0281 14 55 45.00    10.00 
  2020 11 17.622558  2 22  1.5330 +13 37 39.762  35.5063876  13.6277115  35.5063799  13.6276986    0.0271    0.0466    0.0661 14 56 29.00    10.00 
  2020 11 17.624120  2 22  1.5181 +13 37 39.615  35.5063254  13.6276707  35.5063275  13.6276808   -0.0075   -0.0362    0.0491 14 58 44.00    10.00 
  2020 11 17.624641  2 22  1.5155 +13 37 39.573  35.5063148  13.6276593  35.5063100  13.6276748    0.0165   -0.0560    0.0553 14 59 29.00    10.00 
  2020 11 17.625162  2 22  1.5098 +13 37 39.640  35.5062910  13.6276778  35.5062926  13.6276689   -0.0055    0.0323    0.0257 15  0 14.00    10.00 
  2020 11 17.626725  2 22  1.4942 +13 37 39.585  35.5062258  13.6276624  35.5062402  13.6276510   -0.0505    0.0410    0.0610 15  2 29.00    10.00 
  2020 11 17.627245  2 22  1.4941 +13 37 39.478  35.5062252  13.6276327  35.5062228  13.6276451    0.0086   -0.0444    0.0389 15  3 14.00    10.00 
  2020 11 17.627766  2 22  1.4854 +13 37 39.502  35.5061891  13.6276394  35.5062053  13.6276391   -0.0569    0.0010    0.0315 15  3 59.00    10.00 
  2020 11 17.628287  2 22  1.4828 +13 37 39.503  35.5061782  13.6276396  35.5061879  13.6276332   -0.0338    0.0233    0.0272 15  4 44.00    10.00 
  2020 11 17.629850  2 22  1.4711 +13 37 39.421  35.5061295  13.6276168  35.5061355  13.6276153   -0.0209    0.0054    0.0274 15  6 59.00    10.00 
  2020 11 17.630370  2 22  1.4646 +13 37 39.403  35.5061026  13.6276120  35.5061180  13.6276094   -0.0540    0.0094    0.0413 15  7 44.00    10.00 
  2020 11 17.630891  2 22  1.4609 +13 37 39.342  35.5060872  13.6275951  35.5061006  13.6276035   -0.0467   -0.0302    0.0438 15  8 29.00    10.00 
  2020 11 17.631400  2 22  1.4606 +13 37 39.333  35.5060859  13.6275925  35.5060835  13.6275976    0.0085   -0.0186    0.0363 15  9 13.00    10.00 
  2020 11 17.631921  2 22  1.4545 +13 37 39.381  35.5060604  13.6276058  35.5060660  13.6275917   -0.0197    0.0508    0.0495 15  9 58.00    10.00 
  2020 11 17.632442  2 22  1.4502 +13 37 39.283  35.5060426  13.6275787  35.5060486  13.6275858   -0.0211   -0.0253    0.0226 15 10 43.00    10.00 
  2020 11 17.632963  2 22  1.4459 +13 37 39.292  35.5060245  13.6275811  35.5060311  13.6275798   -0.0232    0.0047    0.0321 15 11 28.00    10.00 
  2020 11 17.633484  2 22  1.4420 +13 37 39.278  35.5060082  13.6275771  35.5060137  13.6275739   -0.0193    0.0115    0.0452 15 12 13.00    10.00 
  2020 11 17.634005  2 22  1.4349 +13 37 39.228  35.5059787  13.6275633  35.5059962  13.6275680   -0.0614   -0.0168    0.0322 15 12 58.00    10.00 
  2020 11 17.634525  2 22  1.4309 +13 37 39.232  35.5059619  13.6275643  35.5059787  13.6275620   -0.0589    0.0083    0.0577 15 13 43.00    10.00 
  2020 11 17.635046  2 22  1.4272 +13 37 39.199  35.5059466  13.6275553  35.5059613  13.6275561   -0.0515   -0.0027    0.0309 15 14 28.00    10.00 
  2020 11 17.635567  2 22  1.4230 +13 37 39.126  35.5059292  13.6275350  35.5059438  13.6275502   -0.0511   -0.0546    0.0536 15 15 13.00    10.00 
  2020 11 17.636088  2 22  1.4172 +13 37 39.195  35.5059052  13.6275542  35.5059264  13.6275442   -0.0742    0.0359    0.0734 15 15 58.00    10.00 
  2020 11 17.637130  2 22  1.4138 +13 37 39.066  35.5058907  13.6275184  35.5058914  13.6275324   -0.0025   -0.0502    0.0510 15 17 28.00    10.00 
  2020 11 17.638171  2 22  1.4002 +13 37 39.058  35.5058343  13.6275161  35.5058565  13.6275205   -0.0778   -0.0159    0.0453 15 18 58.00    10.00 
  2020 11 17.639734  2 22  1.3899 +13 37 39.020  35.5057912  13.6275056  35.5058041  13.6275027   -0.0451    0.0101    0.0300 15 21 13.00    10.00 
  2020 11 17.640255  2 22  1.3879 +13 37 39.054  35.5057828  13.6275150  35.5057867  13.6274968   -0.0134    0.0656    0.0811 15 21 58.00    10.00 
  2020 11 17.640775  2 22  1.3820 +13 37 39.003  35.5057584  13.6275008  35.5057692  13.6274909   -0.0377    0.0358    0.0473 15 22 43.00    10.00 
  2020 11 17.641296  2 22  1.3769 +13 37 38.904  35.5057370  13.6274734  35.5057517  13.6274850   -0.0517   -0.0418    0.0760 15 23 28.00    10.00 
  2020 11 17.641806  2 22  1.3740 +13 37 38.885  35.5057250  13.6274680  35.5057347  13.6274792   -0.0337   -0.0404    0.0384 15 24 12.00    10.00 
  2020 11 17.642326  2 22  1.3696 +13 37 38.889  35.5057066  13.6274690  35.5057172  13.6274733   -0.0372   -0.0152    0.0349 15 24 57.00    10.00 
  2020 11 17.642847  2 22  1.3709 +13 37 38.906  35.5057122  13.6274738  35.5056997  13.6274674    0.0436    0.0234    0.0373 15 25 42.00    10.00 
  2020 11 17.643368  2 22  1.3606 +13 37 38.864  35.5056692  13.6274623  35.5056823  13.6274614   -0.0458    0.0032    0.0324 15 26 27.00    10.00 
  2020 11 17.643889  2 22  1.3571 +13 37 38.801  35.5056546  13.6274448  35.5056648  13.6274555   -0.0358   -0.0384    0.0388 15 27 12.00    10.00 
  2020 11 17.644410  2 22  1.3538 +13 37 38.825  35.5056406  13.6274515  35.5056473  13.6274496   -0.0235    0.0068    0.0357 15 27 57.00    10.00 
  2020 11 17.644931  2 22  1.3490 +13 37 38.765  35.5056210  13.6274346  35.5056299  13.6274437   -0.0310   -0.0326    0.0315 15 28 42.00    10.00 
  2020 11 17.645451  2 22  1.3444 +13 37 38.775  35.5056015  13.6274376  35.5056124  13.6274378   -0.0381   -0.0008    0.0252 15 29 27.00    10.00 
  2020 11 17.645972  2 22  1.3393 +13 37 38.732  35.5055803  13.6274256  35.5055950  13.6274319   -0.0512   -0.0226    0.0273 15 30 12.00    10.00 
  2020 11 17.646493  2 22  1.3362 +13 37 38.712  35.5055677  13.6274199  35.5055775  13.6274260   -0.0342   -0.0217    0.0317 15 30 57.00    10.00 
  2020 11 17.647014  2 22  1.3337 +13 37 38.658  35.5055570  13.6274051  35.5055600  13.6274200   -0.0106   -0.0539    0.0411 15 31 42.00    10.00 
  2020 11 17.647535  2 22  1.3270 +13 37 38.679  35.5055293  13.6274109  35.5055426  13.6274141   -0.0465   -0.0117    0.0376 15 32 27.00    10.00 
  2020 11 17.648056  2 22  1.3248 +13 37 38.670  35.5055200  13.6274084  35.5055251  13.6274082   -0.0179    0.0005    0.0520 15 33 12.00    10.00 
  2020 11 17.648576  2 22  1.3188 +13 37 38.659  35.5054952  13.6274053  35.5055076  13.6274023   -0.0435    0.0106    0.0540 15 33 57.00    10.00 
  2020 11 17.649097  2 22  1.3166 +13 37 38.628  35.5054859  13.6273966  35.5054902  13.6273964   -0.0148    0.0006    0.0751 15 34 42.00    10.00 
  2020 11 17.650139  2 22  1.3032 +13 37 38.576  35.5054301  13.6273823  35.5054552  13.6273846   -0.0879   -0.0083    0.0752 15 36 12.00    10.00 
  2020 11 17.650660  2 22  1.3034 +13 37 38.589  35.5054310  13.6273858  35.5054378  13.6273787   -0.0236    0.0256    0.0264 15 36 57.00    10.00 
  2020 11 17.651181  2 22  1.3025 +13 37 38.525  35.5054271  13.6273681  35.5054203  13.6273728    0.0237   -0.0169    0.0334 15 37 42.00    10.00 
  2020 11 17.651701  2 22  1.2968 +13 37 38.543  35.5054033  13.6273732  35.5054028  13.6273669    0.0018    0.0226    0.0357 15 38 27.00    10.00 
  2020 11 17.652222  2 22  1.2905 +13 37 38.507  35.5053769  13.6273631  35.5053854  13.6273610   -0.0295    0.0077    0.0332 15 39 12.00    10.00 
  2020 11 17.652743  2 22  1.2879 +13 37 38.483  35.5053663  13.6273565  35.5053679  13.6273551   -0.0054    0.0050    0.0387 15 39 57.00    10.00 
  2020 11 17.653252  2 22  1.2840 +13 37 38.460  35.5053499  13.6273499  35.5053508  13.6273493   -0.0032    0.0022    0.0230 15 40 41.00    10.00 
  2020 11 17.653773  2 22  1.2762 +13 37 38.467  35.5053174  13.6273520  35.5053333  13.6273434   -0.0559    0.0310    0.0379 15 41 26.00    10.00 
  2020 11 17.654294  2 22  1.2770 +13 37 38.371  35.5053210  13.6273252  35.5053159  13.6273375    0.0179   -0.0443    0.0441 15 42 11.00    10.00 
  2020 11 17.654815  2 22  1.2705 +13 37 38.353  35.5052940  13.6273202  35.5052984  13.6273316   -0.0156   -0.0410    0.0738 15 42 56.00    10.00 
  2020 11 17.655336  2 22  1.2694 +13 37 38.400  35.5052892  13.6273333  35.5052809  13.6273257    0.0288    0.0271    0.0502 15 43 41.00    10.00 
  2020 11 17.655856  2 22  1.2606 +13 37 38.378  35.5052524  13.6273273  35.5052635  13.6273198   -0.0386    0.0270    0.0261 15 44 26.00    10.00 
  2020 11 17.656377  2 22  1.2564 +13 37 38.308  35.5052348  13.6273077  35.5052460  13.6273139   -0.0391   -0.0225    0.0191 15 45 11.00    10.00 
  2020 11 17.656898  2 22  1.2523 +13 37 38.323  35.5052178  13.6273119  35.5052285  13.6273081   -0.0374    0.0139    0.0303 15 45 56.00    10.00 
  2020 11 17.657419  2 22  1.2489 +13 37 38.280  35.5052038  13.6272999  35.5052111  13.6273022   -0.0255   -0.0081    0.0200 15 46 41.00    10.00 
  2020 11 17.657940  2 22  1.2466 +13 37 38.209  35.5051942  13.6272804  35.5051936  13.6272963    0.0021   -0.0572    0.0596 15 47 26.00    10.00 
  2020 11 17.658461  2 22  1.2422 +13 37 38.218  35.5051757  13.6272828  35.5051761  13.6272904   -0.0016   -0.0274    0.0282 15 48 11.00    10.00 
  2020 11 17.658981  2 22  1.2344 +13 37 38.218  35.5051432  13.6272828  35.5051587  13.6272845   -0.0539   -0.0062    0.0369 15 48 56.00    10.00 
  2020 11 17.659502  2 22  1.2323 +13 37 38.169  35.5051345  13.6272692  35.5051412  13.6272786   -0.0234   -0.0340    0.0291 15 49 41.00    10.00 
  2020 11 17.660023  2 22  1.2266 +13 37 38.151  35.5051108  13.6272642  35.5051237  13.6272727   -0.0451   -0.0308    0.0230 15 50 26.00    10.00 
  2020 11 17.660544  2 22  1.2218 +13 37 38.170  35.5050910  13.6272694  35.5051062  13.6272668   -0.0532    0.0091    0.0275 15 51 11.00    10.00 
  2020 11 17.661065  2 22  1.2211 +13 37 38.114  35.5050879  13.6272540  35.5050888  13.6272610   -0.0032   -0.0252    0.0329 15 51 56.00    10.00 
  2020 11 17.661586  2 22  1.2135 +13 37 38.050  35.5050561  13.6272362  35.5050713  13.6272551   -0.0533   -0.0678    0.0389 15 52 41.00    10.00 
  2020 11 17.662106  2 22  1.2135 +13 37 38.030  35.5050563  13.6272306  35.5050538  13.6272492    0.0085   -0.0671    0.0228 15 53 26.00    10.00 
  2020 11 17.662627  2 22  1.2081 +13 37 38.052  35.5050336  13.6272367  35.5050364  13.6272433   -0.0098   -0.0238    0.0350 15 54 11.00    10.00 
  2020 11 17.663148  2 22  1.2034 +13 37 38.070  35.5050140  13.6272417  35.5050189  13.6272374   -0.0171    0.0153    0.0230 15 54 56.00    10.00 
  2020 11 17.663657  2 22  1.2003 +13 37 37.998  35.5050011  13.6272216  35.5050018  13.6272317   -0.0026   -0.0361    0.0280 15 55 40.00    10.00 
  2020 11 17.664178  2 22  1.1950 +13 37 37.998  35.5049791  13.6272218  35.5049843  13.6272258   -0.0185   -0.0145    0.0234 15 56 25.00    10.00 
  2020 11 17.664699  2 22  1.1874 +13 37 37.967  35.5049475  13.6272131  35.5049669  13.6272199   -0.0678   -0.0245    0.0384 15 57 10.00    10.00 
  2020 11 17.665220  2 22  1.1843 +13 37 37.985  35.5049346  13.6272180  35.5049494  13.6272140   -0.0518    0.0144    0.0235 15 57 55.00    10.00 
  2020 11 17.665741  2 22  1.1840 +13 37 37.931  35.5049333  13.6272030  35.5049319  13.6272082    0.0047   -0.0186    0.0209 15 58 40.00    10.00 
  2020 11 17.666262  2 22  1.1773 +13 37 37.929  35.5049055  13.6272024  35.5049145  13.6272023   -0.0315    0.0005    0.0277 15 59 25.00    10.00 
  2020 11 17.666782  2 22  1.1745 +13 37 37.876  35.5048937  13.6271878  35.5048970  13.6271964   -0.0115   -0.0310    0.0197 16  0 10.00    10.00 
  2020 11 17.667303  2 22  1.1696 +13 37 37.878  35.5048734  13.6271884  35.5048795  13.6271906   -0.0216   -0.0076    0.0314 16  0 55.00    10.00 
  2020 11 17.667824  2 22  1.1662 +13 37 37.871  35.5048593  13.6271865  35.5048621  13.6271847   -0.0095    0.0066    0.0260 16  1 40.00    10.00 
  2020 11 17.668345  2 22  1.1625 +13 37 37.787  35.5048436  13.6271631  35.5048446  13.6271788   -0.0033   -0.0565    0.0209 16  2 25.00    10.00 
  2020 11 17.668866  2 22  1.1580 +13 37 37.826  35.5048251  13.6271740  35.5048271  13.6271729   -0.0071    0.0039    0.0240 16  3 10.00    10.00 
  2020 11 17.669387  2 22  1.1522 +13 37 37.769  35.5048010  13.6271580  35.5048096  13.6271671   -0.0303   -0.0327    0.0367 16  3 55.00    10.00 
  2020 11 17.669907  2 22  1.1493 +13 37 37.767  35.5047886  13.6271574  35.5047922  13.6271612   -0.0125   -0.0136    0.0283 16  4 40.00    10.00 
  2020 11 17.670428  2 22  1.1429 +13 37 37.754  35.5047619  13.6271539  35.5047747  13.6271553   -0.0449   -0.0052    0.0321 16  5 25.00    10.00 
  2020 11 17.670949  2 22  1.1418 +13 37 37.696  35.5047575  13.6271379  35.5047572  13.6271495    0.0010   -0.0416    0.0332 16  6 10.00    10.00 
  2020 11 17.671470  2 22  1.1388 +13 37 37.695  35.5047448  13.6271376  35.5047398  13.6271436    0.0176   -0.0215    0.0348 16  6 55.00    10.00 
  2020 11 17.671991  2 22  1.1325 +13 37 37.698  35.5047187  13.6271383  35.5047223  13.6271377   -0.0124    0.0020    0.0272 16  7 40.00    10.00 
  2020 11 17.672512  2 22  1.1282 +13 37 37.702  35.5047009  13.6271396  35.5047048  13.6271319   -0.0138    0.0277    0.0283 16  8 25.00    10.00 
  2020 11 17.673032  2 22  1.1235 +13 37 37.639  35.5046815  13.6271219  35.5046873  13.6271260   -0.0206   -0.0149    0.0196 16  9 10.00    10.00 
  2020 11 17.673553  2 22  1.1201 +13 37 37.596  35.5046672  13.6271101  35.5046699  13.6271202   -0.0093   -0.0361    0.0176 16  9 55.00    10.00 
  2020 11 17.674074  2 22  1.1163 +13 37 37.625  35.5046511  13.6271181  35.5046524  13.6271143   -0.0045    0.0136    0.0239 16 10 40.00    10.00 
  2020 11 17.674583  2 22  1.1114 +13 37 37.604  35.5046309  13.6271123  35.5046353  13.6271086   -0.0155    0.0136    0.0252 16 11 24.00    10.00 
  2020 11 17.675104  2 22  1.1061 +13 37 37.542  35.5046089  13.6270949  35.5046179  13.6271027   -0.0312   -0.0279    0.0219 16 12  9.00    10.00 
  2020 11 17.675625  2 22  1.1008 +13 37 37.552  35.5045866  13.6270978  35.5046004  13.6270968   -0.0483    0.0034    0.0246 16 12 54.00    10.00 
  2020 11 17.676146  2 22  1.0997 +13 37 37.483  35.5045819  13.6270787  35.5045829  13.6270910   -0.0034   -0.0444    0.0280 16 13 39.00    10.00 
  2020 11 17.676667  2 22  1.0951 +13 37 37.491  35.5045628  13.6270808  35.5045654  13.6270851   -0.0091   -0.0157    0.0216 16 14 24.00    10.00 
  2020 11 17.677187  2 22  1.0905 +13 37 37.447  35.5045435  13.6270686  35.5045480  13.6270793   -0.0155   -0.0383    0.0314 16 15  9.00    10.00 
  2020 11 17.677697  2 22  1.0881 +13 37 37.479  35.5045336  13.6270776  35.5045309  13.6270736    0.0095    0.0146    0.0207 16 15 53.00    10.00 
  2020 11 17.678206  2 22  1.0826 +13 37 37.457  35.5045109  13.6270713  35.5045138  13.6270678   -0.0101    0.0123    0.0272 16 16 37.00    10.00 
  2020 11 17.678727  2 22  1.0779 +13 37 37.387  35.5044914  13.6270519  35.5044963  13.6270620   -0.0171   -0.0363    0.0357 16 17 22.00    10.00 
  2020 11 17.679248  2 22  1.0737 +13 37 37.379  35.5044739  13.6270498  35.5044789  13.6270561   -0.0173   -0.0227    0.0345 16 18  7.00    10.00 
  2020 11 17.679769  2 22  1.0683 +13 37 37.402  35.5044514  13.6270562  35.5044614  13.6270503   -0.0349    0.0215    0.0264 16 18 52.00    10.00 
  2020 11 17.680289  2 22  1.0653 +13 37 37.386  35.5044389  13.6270516  35.5044439  13.6270444   -0.0176    0.0260    0.0214 16 19 37.00    10.00 
  2020 11 17.680810  2 22  1.0595 +13 37 37.294  35.5044145  13.6270262  35.5044265  13.6270386   -0.0419   -0.0445    0.0350 16 20 22.00    10.00 
  2020 11 17.681331  2 22  1.0573 +13 37 37.297  35.5044056  13.6270270  35.5044090  13.6270327   -0.0118   -0.0207    0.0255 16 21  7.00    10.00 
  2020 11 17.681852  2 22  1.0511 +13 37 37.294  35.5043797  13.6270262  35.5043915  13.6270269   -0.0413   -0.0025    0.0298 16 21 52.00    10.00 
  2020 11 17.682373  2 22  1.0488 +13 37 37.240  35.5043700  13.6270111  35.5043740  13.6270211   -0.0143   -0.0357    0.0218 16 22 37.00    10.00 
  2020 11 17.682894  2 22  1.0440 +13 37 37.220  35.5043499  13.6270057  35.5043566  13.6270152   -0.0233   -0.0343    0.0334 16 23 22.00    10.00 
  2020 11 17.683414  2 22  1.0406 +13 37 37.222  35.5043357  13.6270061  35.5043391  13.6270094   -0.0118   -0.0117    0.0268 16 24  7.00    10.00 
  2020 11 17.683935  2 22  1.0346 +13 37 37.217  35.5043108  13.6270047  35.5043216  13.6270035   -0.0380    0.0044    0.0337 16 24 52.00    10.00 
  2020 11 17.684456  2 22  1.0305 +13 37 37.202  35.5042938  13.6270006  35.5043042  13.6269977   -0.0361    0.0105    0.0258 16 25 37.00    10.00 
  2020 11 17.684977  2 22  1.0270 +13 37 37.148  35.5042793  13.6269857  35.5042867  13.6269918   -0.0257   -0.0222    0.0172 16 26 22.00    10.00 
  2020 11 17.685498  2 22  1.0234 +13 37 37.134  35.5042642  13.6269816  35.5042692  13.6269860   -0.0176   -0.0160    0.0255 16 27  7.00    10.00 
  2020 11 17.686019  2 22  1.0168 +13 37 37.155  35.5042365  13.6269876  35.5042518  13.6269802   -0.0532    0.0268    0.0255 16 27 52.00    10.00 
  2020 11 17.686539  2 22  1.0155 +13 37 37.087  35.5042314  13.6269686  35.5042343  13.6269743   -0.0101   -0.0205    0.0238 16 28 37.00    10.00 
  2020 11 17.687060  2 22  1.0107 +13 37 37.137  35.5042112  13.6269824  35.5042168  13.6269685   -0.0198    0.0501    0.0331 16 29 22.00    10.00 
  2020 11 17.687581  2 22  1.0070 +13 37 37.045  35.5041959  13.6269570  35.5041993  13.6269627   -0.0120   -0.0204    0.0368 16 30  7.00    10.00 
  2020 11 17.688102  2 22  1.0033 +13 37 37.031  35.5041804  13.6269531  35.5041819  13.6269568   -0.0051   -0.0132    0.0236 16 30 52.00    10.00 
  2020 11 17.688611  2 22  0.9979 +13 37 37.041  35.5041581  13.6269558  35.5041648  13.6269511   -0.0234    0.0169    0.0230 16 31 36.00    10.00 
  2020 11 17.689132  2 22  0.9908 +13 37 37.014  35.5041283  13.6269483  35.5041473  13.6269453   -0.0666    0.0107    0.0417 16 32 21.00    10.00 
  2020 11 17.689653  2 22  0.9913 +13 37 36.925  35.5041306  13.6269236  35.5041299  13.6269395    0.0025   -0.0571    0.0399 16 33  6.00    10.00 
  2020 11 17.690174  2 22  0.9846 +13 37 36.946  35.5041025  13.6269296  35.5041124  13.6269336   -0.0347   -0.0146    0.0442 16 33 51.00    10.00 
  2020 11 17.690694  2 22  0.9774 +13 37 36.900  35.5040727  13.6269166  35.5040949  13.6269278   -0.0778   -0.0403    0.0590 16 34 36.00    10.00 
  2020 11 17.691215  2 22  0.9795 +13 37 36.919  35.5040814  13.6269220  35.5040775  13.6269220    0.0139    0.0002    0.0234 16 35 21.00    10.00 
  2020 11 17.691736  2 22  0.9712 +13 37 36.911  35.5040466  13.6269196  35.5040600  13.6269161   -0.0467    0.0126    0.0307 16 36  6.00    10.00 
  2020 11 17.692257  2 22  0.9680 +13 37 36.842  35.5040334  13.6269005  35.5040425  13.6269103   -0.0318   -0.0354    0.0258 16 36 51.00    10.00 
  2020 11 17.692778  2 22  0.9631 +13 37 36.846  35.5040128  13.6269016  35.5040250  13.6269045   -0.0430   -0.0105    0.0305 16 37 36.00    10.00 
  2020 11 17.693299  2 22  0.9592 +13 37 36.794  35.5039967  13.6268872  35.5040076  13.6268987   -0.0380   -0.0414    0.0248 16 38 21.00    10.00 
  2020 11 17.693819  2 22  0.9548 +13 37 36.823  35.5039782  13.6268953  35.5039901  13.6268928   -0.0415    0.0090    0.0271 16 39  6.00    10.00 
  2020 11 17.694340  2 22  0.9525 +13 37 36.803  35.5039688  13.6268896  35.5039726  13.6268870   -0.0133    0.0093    0.0218 16 39 51.00    10.00 
  2020 11 17.694861  2 22  0.9456 +13 37 36.775  35.5039400  13.6268821  35.5039552  13.6268812   -0.0531    0.0032    0.0218 16 40 36.00    10.00 
  2020 11 17.695382  2 22  0.9443 +13 37 36.753  35.5039344  13.6268758  35.5039377  13.6268754   -0.0115    0.0016    0.0204 16 41 21.00    10.00 
  2020 11 17.695903  2 22  0.9376 +13 37 36.758  35.5039066  13.6268771  35.5039202  13.6268696   -0.0479    0.0272    0.0245 16 42  6.00    10.00 
  2020 11 17.696424  2 22  0.9361 +13 37 36.666  35.5039004  13.6268517  35.5039028  13.6268637   -0.0082   -0.0435    0.0195 16 42 51.00    10.00 
  2020 11 17.696944  2 22  0.9307 +13 37 36.703  35.5038777  13.6268620  35.5038853  13.6268579   -0.0265    0.0147    0.0386 16 43 36.00    10.00 
  2020 11 17.697454  2 22  0.9243 +13 37 36.670  35.5038513  13.6268529  35.5038682  13.6268522   -0.0593    0.0023    0.0215 16 44 20.00    10.00 
  2020 11 17.697975  2 22  0.9232 +13 37 36.597  35.5038467  13.6268326  35.5038508  13.6268464   -0.0143   -0.0498    0.0285 16 45  5.00    10.00 
  2020 11 17.698495  2 22  0.9187 +13 37 36.605  35.5038279  13.6268347  35.5038333  13.6268406   -0.0188   -0.0214    0.0478 16 45 50.00    10.00 
  2020 11 17.699016  2 22  0.9150 +13 37 36.587  35.5038126  13.6268298  35.5038158  13.6268348   -0.0114   -0.0181    0.0342 16 46 35.00    10.00 
  2020 11 17.699537  2 22  0.9094 +13 37 36.619  35.5037892  13.6268387  35.5037984  13.6268290   -0.0321    0.0351    0.0223 16 47 20.00    10.00 
  2020 11 17.700058  2 22  0.9054 +13 37 36.586  35.5037725  13.6268293  35.5037809  13.6268232   -0.0295    0.0222    0.0234 16 48  5.00    10.00 
  2020 11 17.700579  2 22  0.9017 +13 37 36.550  35.5037571  13.6268194  35.5037634  13.6268174   -0.0223    0.0075    0.0161 16 48 50.00    10.00 
  2020 11 17.701100  2 22  0.8955 +13 37 36.511  35.5037313  13.6268085  35.5037460  13.6268115   -0.0512   -0.0110    0.0356 16 49 35.00    10.00 
  2020 11 17.701620  2 22  0.8942 +13 37 36.485  35.5037257  13.6268015  35.5037285  13.6268057   -0.0098   -0.0152    0.0339 16 50 20.00    10.00 
  2020 11 17.702141  2 22  0.8911 +13 37 36.442  35.5037128  13.6267896  35.5037110  13.6267999    0.0061   -0.0373    0.0269 16 51  5.00    10.00 
  2020 11 17.702662  2 22  0.8850 +13 37 36.467  35.5036875  13.6267963  35.5036936  13.6267941   -0.0213    0.0079    0.0230 16 51 50.00    10.00 
  2020 11 17.703183  2 22  0.8801 +13 37 36.369  35.5036669  13.6267692  35.5036761  13.6267883   -0.0321   -0.0690    0.0406 16 52 35.00    10.00 
  2020 11 17.703704  2 22  0.8765 +13 37 36.387  35.5036521  13.6267741  35.5036586  13.6267825   -0.0230   -0.0302    0.0253 16 53 20.00    10.00 
  2020 11 17.704225  2 22  0.8728 +13 37 36.361  35.5036366  13.6267668  35.5036412  13.6267767   -0.0161   -0.0355    0.0255 16 54  5.00    10.00 
  2020 11 17.704745  2 22  0.8673 +13 37 36.346  35.5036139  13.6267628  35.5036237  13.6267709   -0.0342   -0.0290    0.0287 16 54 50.00    10.00 
  2020 11 17.705266  2 22  0.8655 +13 37 36.345  35.5036064  13.6267624  35.5036063  13.6267651    0.0004   -0.0096    0.0257 16 55 35.00    10.00 
  2020 11 17.705775  2 22  0.8606 +13 37 36.339  35.5035858  13.6267608  35.5035892  13.6267594   -0.0117    0.0050    0.0152 16 56 19.00    10.00 
  2020 11 17.706296  2 22  0.8534 +13 37 36.283  35.5035560  13.6267454  35.5035717  13.6267536   -0.0550   -0.0297    0.0265 16 57  4.00    10.00 
  2020 11 17.706817  2 22  0.8474 +13 37 36.267  35.5035309  13.6267407  35.5035543  13.6267478   -0.0817   -0.0256    0.0420 16 57 49.00    10.00 
  2020 11 17.707338  2 22  0.8464 +13 37 36.261  35.5035267  13.6267393  35.5035368  13.6267420   -0.0352   -0.0098    0.0309 16 58 34.00    10.00 
  2020 11 17.707859  2 22  0.8397 +13 37 36.223  35.5034988  13.6267286  35.5035193  13.6267362   -0.0717   -0.0274    0.0419 16 59 19.00    10.00 
  2020 11 17.708380  2 22  0.8390 +13 37 36.223  35.5034956  13.6267285  35.5035019  13.6267304   -0.0218   -0.0070    0.0415 17  0  4.00    10.00 
  2020 11 17.708900  2 22  0.8369 +13 37 36.150  35.5034871  13.6267082  35.5034844  13.6267246    0.0095   -0.0591    0.0286 17  0 49.00    10.00 
  2020 11 17.709421  2 22  0.8289 +13 37 36.242  35.5034538  13.6267339  35.5034669  13.6267189   -0.0459    0.0541    0.0284 17  1 34.00    10.00 
  2020 11 17.709942  2 22  0.8244 +13 37 36.120  35.5034351  13.6267000  35.5034495  13.6267131   -0.0502   -0.0470    0.0396 17  2 19.00    10.00 
  2020 11 17.710463  2 22  0.8223 +13 37 36.119  35.5034263  13.6266997  35.5034320  13.6267073   -0.0201   -0.0273    0.0199 17  3  4.00    10.00 
  2020 11 18.589421  2 21 53.7974 +13 37  7.148  35.4741557  13.6186523  35.4741625  13.6186515   -0.0237    0.0030    0.0513 14  8 46.00    10.00 
  2020 11 18.589942  2 21 53.7930 +13 37  7.190  35.4741376  13.6186639  35.4741443  13.6186476   -0.0234    0.0588    0.0546 14  9 31.00    10.00 
  2020 11 18.590463  2 21 53.7887 +13 37  7.136  35.4741195  13.6186489  35.4741260  13.6186437   -0.0228    0.0185    0.0304 14 10 16.00    10.00 
  2020 11 18.590984  2 21 53.7832 +13 37  7.084  35.4740969  13.6186344  35.4741078  13.6186399   -0.0384   -0.0196    0.0317 14 11  1.00    10.00 
  2020 11 18.591505  2 21 53.7792 +13 37  7.099  35.4740800  13.6186386  35.4740896  13.6186360   -0.0335    0.0092    0.0254 14 11 46.00    10.00 
  2020 11 18.592025  2 21 53.7747 +13 37  7.064  35.4740613  13.6186288  35.4740714  13.6186322   -0.0353   -0.0122    0.0369 14 12 31.00    10.00 
  2020 11 18.592546  2 21 53.7714 +13 37  7.071  35.4740477  13.6186309  35.4740532  13.6186283   -0.0192    0.0093    0.0400 14 13 16.00    10.00 
  2020 11 18.593067  2 21 53.7692 +13 37  7.055  35.4740384  13.6186263  35.4740349  13.6186245    0.0122    0.0065    0.0380 14 14  1.00    10.00 
  2020 11 18.593588  2 21 53.7607 +13 37  7.054  35.4740027  13.6186260  35.4740167  13.6186206   -0.0488    0.0194    0.0332 14 14 46.00    10.00 
  2020 11 18.594109  2 21 53.7585 +13 37  7.040  35.4739937  13.6186223  35.4739985  13.6186167   -0.0168    0.0198    0.0302 14 15 31.00    10.00 
  2020 11 18.594630  2 21 53.7549 +13 37  6.980  35.4739789  13.6186056  35.4739803  13.6186129   -0.0046   -0.0261    0.0303 14 16 16.00    10.00 
  2020 11 18.595150  2 21 53.7475 +13 37  7.013  35.4739477  13.6186147  35.4739620  13.6186090   -0.0500    0.0204    0.0239 14 17  1.00    10.00 
  2020 11 18.595671  2 21 53.7452 +13 37  6.948  35.4739382  13.6185967  35.4739438  13.6186052   -0.0196   -0.0304    0.0189 14 17 46.00    10.00 
  2020 11 18.596181  2 21 53.7377 +13 37  6.961  35.4739073  13.6186003  35.4739260  13.6186014   -0.0655   -0.0039    0.0334 14 18 30.00    10.00 
  2020 11 18.596701  2 21 53.7362 +13 37  6.969  35.4739010  13.6186024  35.4739077  13.6185976   -0.0236    0.0174    0.0203 14 19 15.00    10.00 
  2020 11 18.597222  2 21 53.7299 +13 37  6.948  35.4738745  13.6185967  35.4738895  13.6185937   -0.0526    0.0107    0.1120 14 20  0.00    10.00 
  2020 11 18.597743  2 21 53.7278 +13 37  6.939  35.4738659  13.6185942  35.4738713  13.6185899   -0.0187    0.0156    0.0480 14 20 45.00    10.00 
  2020 11 18.598264  2 21 53.7238 +13 37  6.906  35.4738490  13.6185850  35.4738530  13.6185860   -0.0140   -0.0038    0.0442 14 21 30.00    10.00 
  2020 11 18.598785  2 21 53.7173 +13 37  6.866  35.4738222  13.6185739  35.4738348  13.6185822   -0.0443   -0.0297    0.0457 14 22 15.00    10.00 
  2020 11 18.599306  2 21 53.7164 +13 37  6.889  35.4738183  13.6185804  35.4738166  13.6185783    0.0061    0.0076    0.0329 14 23  0.00    10.00 
  2020 11 18.599826  2 21 53.7076 +13 37  6.817  35.4737815  13.6185603  35.4737983  13.6185745   -0.0589   -0.0512    0.0438 14 23 45.00    10.00 
  2020 11 18.600347  2 21 53.7053 +13 37  6.856  35.4737719  13.6185712  35.4737801  13.6185706   -0.0287    0.0021    0.0439 14 24 30.00    10.00 
  2020 11 18.600868  2 21 53.6994 +13 37  6.851  35.4737473  13.6185696  35.4737618  13.6185668   -0.0508    0.0102    0.0305 14 25 15.00    10.00 
  2020 11 18.601389  2 21 53.6972 +13 37  6.807  35.4737384  13.6185575  35.4737436  13.6185629   -0.0181   -0.0194    0.0564 14 26  0.00    10.00 
  2020 11 18.601910  2 21 53.6923 +13 37  6.820  35.4737177  13.6185611  35.4737254  13.6185591   -0.0266    0.0073    0.0379 14 26 45.00    10.00 
  2020 11 18.602431  2 21 53.6900 +13 37  6.800  35.4737081  13.6185556  35.4737071  13.6185552    0.0036    0.0013    0.0448 14 27 30.00    10.00 
  2020 11 18.602951  2 21 53.6840 +13 37  6.766  35.4736834  13.6185462  35.4736889  13.6185514   -0.0190   -0.0186    0.0266 14 28 15.00    10.00 
  2020 11 18.603461  2 21 53.6788 +13 37  6.779  35.4736616  13.6185499  35.4736710  13.6185476   -0.0331    0.0080    0.0758 14 28 59.00    10.00 
  2020 11 18.603981  2 21 53.6744 +13 37  6.723  35.4736435  13.6185342  35.4736528  13.6185438   -0.0325   -0.0345    0.0660 14 29 44.00    10.00 
  2020 11 18.604502  2 21 53.6714 +13 37  6.729  35.4736308  13.6185359  35.4736345  13.6185399   -0.0131   -0.0145    0.0358 14 30 29.00    10.00 
  2020 11 18.605023  2 21 53.6666 +13 37  6.721  35.4736109  13.6185336  35.4736163  13.6185361   -0.0189   -0.0091    0.0278 14 31 14.00    10.00 
  2020 11 18.605544  2 21 53.6639 +13 37  6.725  35.4735996  13.6185347  35.4735980  13.6185322    0.0056    0.0089    0.0233 14 31 59.00    10.00 
  2020 11 18.606065  2 21 53.6595 +13 37  6.713  35.4735813  13.6185314  35.4735798  13.6185284    0.0052    0.0109    0.0172 14 32 44.00    10.00 
  2020 11 18.606586  2 21 53.6508 +13 37  6.675  35.4735450  13.6185209  35.4735615  13.6185246   -0.0578   -0.0132    0.0869 14 33 29.00    10.00 
  2020 11 18.607106  2 21 53.6493 +13 37  6.669  35.4735387  13.6185191  35.4735433  13.6185207   -0.0161   -0.0059    0.0292 14 34 14.00    10.00 
  2020 11 18.607627  2 21 53.6445 +13 37  6.701  35.4735188  13.6185280  35.4735250  13.6185169   -0.0218    0.0398    0.0176 14 34 59.00    10.00 
  2020 11 18.608148  2 21 53.6393 +13 37  6.680  35.4734973  13.6185221  35.4735068  13.6185130   -0.0332    0.0327    0.0458 14 35 44.00    10.00 
  2020 11 18.608669  2 21 53.6351 +13 37  6.642  35.4734796  13.6185116  35.4734885  13.6185092   -0.0311    0.0084    0.0357 14 36 29.00    10.00 
  2020 11 18.609190  2 21 53.6294 +13 37  6.623  35.4734560  13.6185063  35.4734702  13.6185054   -0.0500    0.0034    0.0306 14 37 14.00    10.00 
  2020 11 18.609711  2 21 53.6275 +13 37  6.572  35.4734481  13.6184923  35.4734520  13.6185015   -0.0136   -0.0331    0.0259 14 37 59.00    10.00 
  2020 11 18.610231  2 21 53.6249 +13 37  6.614  35.4734372  13.6185038  35.4734337  13.6184977    0.0122    0.0219    0.0388 14 38 44.00    10.00 
  2020 11 18.610752  2 21 53.6194 +13 37  6.585  35.4734141  13.6184958  35.4734155  13.6184939   -0.0049    0.0070    0.0164 14 39 29.00    10.00 
  2020 11 18.611273  2 21 53.6132 +13 37  6.529  35.4733882  13.6184804  35.4733972  13.6184900   -0.0314   -0.0347    0.0272 14 40 14.00    10.00 
  2020 11 18.611794  2 21 53.6100 +13 37  6.522  35.4733751  13.6184784  35.4733789  13.6184862   -0.0133   -0.0280    0.0334 14 40 59.00    10.00 
  2020 11 18.612315  2 21 53.6057 +13 37  6.526  35.4733569  13.6184796  35.4733607  13.6184823   -0.0131   -0.0101    0.0427 14 41 44.00    10.00 
  2020 11 18.612836  2 21 53.5998 +13 37  6.545  35.4733323  13.6184847  35.4733424  13.6184785   -0.0353    0.0221    0.0316 14 42 29.00    10.00 
  2020 11 18.613356  2 21 53.5963 +13 37  6.514  35.4733180  13.6184761  35.4733241  13.6184747   -0.0214    0.0051    0.0175 14 43 14.00    10.00 
  2020 11 18.613877  2 21 53.5925 +13 37  6.517  35.4733019  13.6184769  35.4733059  13.6184708   -0.0137    0.0216    0.0171 14 43 59.00    10.00 
  2020 11 18.614398  2 21 53.5858 +13 37  6.478  35.4732740  13.6184661  35.4732876  13.6184670   -0.0476   -0.0033    0.0412 14 44 44.00    10.00 
  2020 11 18.614919  2 21 53.5850 +13 37  6.437  35.4732709  13.6184547  35.4732693  13.6184632    0.0055   -0.0305    0.0349 14 45 29.00    10.00 
  2020 11 18.615440  2 21 53.5775 +13 37  6.391  35.4732397  13.6184419  35.4732511  13.6184594   -0.0396   -0.0629    0.0349 14 46 14.00    10.00 
  2020 11 18.615961  2 21 53.5738 +13 37  6.448  35.4732240  13.6184578  35.4732328  13.6184555   -0.0307    0.0081    0.0451 14 46 59.00    10.00 
  2020 11 18.616481  2 21 53.5710 +13 37  6.398  35.4732127  13.6184439  35.4732145  13.6184517   -0.0063   -0.0279    0.0218 14 47 44.00    10.00 
  2020 11 18.617002  2 21 53.5668 +13 37  6.412  35.4731950  13.6184477  35.4731962  13.6184479   -0.0044   -0.0006    0.0434 14 48 29.00    10.00 
  2020 11 18.617523  2 21 53.5607 +13 37  6.389  35.4731697  13.6184415  35.4731780  13.6184440   -0.0291   -0.0091    0.0286 14 49 14.00    10.00 
  2020 11 18.618044  2 21 53.5559 +13 37  6.363  35.4731496  13.6184340  35.4731597  13.6184402   -0.0352   -0.0222    0.0227 14 49 59.00    10.00 
  2020 11 18.618565  2 21 53.5522 +13 37  6.350  35.4731340  13.6184307  35.4731414  13.6184364   -0.0258   -0.0205    0.0251 14 50 44.00    10.00 
  2020 11 18.619086  2 21 53.5474 +13 37  6.339  35.4731143  13.6184275  35.4731231  13.6184325   -0.0308   -0.0183    0.0308 14 51 29.00    10.00 
  2020 11 18.619606  2 21 53.5454 +13 37  6.347  35.4731059  13.6184298  35.4731049  13.6184287    0.0035    0.0038    0.0275 14 52 14.00    10.00 
  2020 11 18.620127  2 21 53.5388 +13 37  6.354  35.4730785  13.6184318  35.4730866  13.6184249   -0.0281    0.0247    0.0282 14 52 59.00    10.00 
  2020 11 18.620648  2 21 53.5325 +13 37  6.314  35.4730520  13.6184205  35.4730683  13.6184211   -0.0571   -0.0020    0.0385 14 53 44.00    10.00 
  2020 11 18.621169  2 21 53.5300 +13 37  6.265  35.4730418  13.6184071  35.4730500  13.6184172   -0.0286   -0.0367    0.0336 14 54 29.00    10.00 
  2020 11 18.621690  2 21 53.5272 +13 37  6.299  35.4730301  13.6184164  35.4730317  13.6184134   -0.0057    0.0109    0.0298 14 55 14.00    10.00 
  2020 11 18.622211  2 21 53.5216 +13 37  6.312  35.4730065  13.6184199  35.4730135  13.6184096   -0.0243    0.0371    0.0390 14 55 59.00    10.00 
  2020 11 18.622731  2 21 53.5174 +13 37  6.320  35.4729894  13.6184223  35.4729952  13.6184058   -0.0203    0.0595    0.0320 14 56 44.00    10.00 
  2020 11 18.623252  2 21 53.5135 +13 37  6.225  35.4729728  13.6183959  35.4729769  13.6184019   -0.0144   -0.0218    0.0200 14 57 29.00    10.00 
  2020 11 18.623773  2 21 53.5110 +13 37  6.235  35.4729627  13.6183987  35.4729586  13.6183981    0.0143    0.0022    0.0392 14 58 14.00    10.00 
  2020 11 18.624294  2 21 53.5048 +13 37  6.242  35.4729365  13.6184006  35.4729403  13.6183943   -0.0132    0.0227    0.0223 14 58 59.00    10.00 
  2020 11 18.624815  2 21 53.4999 +13 37  6.216  35.4729164  13.6183934  35.4729220  13.6183905   -0.0197    0.0105    0.0427 14 59 44.00    10.00 
  2020 11 18.625324  2 21 53.4947 +13 37  6.196  35.4728947  13.6183879  35.4729041  13.6183867   -0.0330    0.0041    0.0355 15  0 28.00    10.00 
  2020 11 18.625845  2 21 53.4897 +13 37  6.167  35.4728735  13.6183796  35.4728858  13.6183829   -0.0430   -0.0118    0.0281 15  1 13.00    10.00 
  2020 11 18.626366  2 21 53.4861 +13 37  6.176  35.4728587  13.6183822  35.4728676  13.6183791   -0.0311    0.0110    0.0199 15  1 58.00    10.00 
  2020 11 18.626887  2 21 53.4830 +13 37  6.136  35.4728458  13.6183711  35.4728493  13.6183753   -0.0122   -0.0150    0.0274 15  2 43.00    10.00 
  2020 11 18.627407  2 21 53.4763 +13 37  6.127  35.4728180  13.6183686  35.4728310  13.6183715   -0.0455   -0.0105    0.0341 15  3 28.00    10.00 
  2020 11 18.627928  2 21 53.4759 +13 37  6.115  35.4728163  13.6183652  35.4728127  13.6183676    0.0128   -0.0087    0.0309 15  4 13.00    10.00 
  2020 11 18.628449  2 21 53.4682 +13 37  6.117  35.4727841  13.6183658  35.4727944  13.6183638   -0.0361    0.0071    0.0282 15  4 58.00    10.00 
  2020 11 18.628970  2 21 53.4656 +13 37  6.080  35.4727732  13.6183556  35.4727761  13.6183600   -0.0101   -0.0158    0.0382 15  5 43.00    10.00 
  2020 11 18.629491  2 21 53.4603 +13 37  6.110  35.4727511  13.6183640  35.4727578  13.6183562   -0.0234    0.0282    0.0751 15  6 28.00    10.00 
  2020 11 18.630012  2 21 53.4559 +13 37  6.060  35.4727328  13.6183500  35.4727395  13.6183524   -0.0234   -0.0087    0.0116 15  7 13.00    10.00 
  2020 11 18.630532  2 21 53.4521 +13 37  5.984  35.4727171  13.6183288  35.4727212  13.6183486   -0.0143   -0.0712    0.0370 15  7 58.00    10.00 
  2020 11 18.631053  2 21 53.4482 +13 37  6.026  35.4727007  13.6183404  35.4727029  13.6183448   -0.0077   -0.0156    0.0404 15  8 43.00    10.00 
  2020 11 18.631574  2 21 53.4436 +13 37  6.024  35.4726815  13.6183400  35.4726846  13.6183409   -0.0107   -0.0033    0.0279 15  9 28.00    10.00 
  2020 11 18.632095  2 21 53.4394 +13 37  6.012  35.4726644  13.6183366  35.4726663  13.6183371   -0.0067   -0.0017    0.0349 15 10 13.00    10.00 
  2020 11 18.632616  2 21 53.4350 +13 37  5.949  35.4726459  13.6183192  35.4726480  13.6183333   -0.0072   -0.0507    0.0396 15 10 58.00    10.00 
  2020 11 18.633137  2 21 53.4283 +13 37  5.953  35.4726181  13.6183203  35.4726297  13.6183295   -0.0406   -0.0332    0.0207 15 11 43.00    10.00 
  2020 11 18.633657  2 21 53.4232 +13 37  5.900  35.4725968  13.6183055  35.4726114  13.6183257   -0.0511   -0.0728    0.0650 15 12 28.00    10.00 
  2020 11 18.634167  2 21 53.4210 +13 37  5.941  35.4725876  13.6183169  35.4725935  13.6183220   -0.0208   -0.0182    0.0326 15 13 12.00    10.00 
  2020 11 18.634687  2 21 53.4148 +13 37  5.922  35.4725615  13.6183116  35.4725752  13.6183181   -0.0478   -0.0236    0.0334 15 13 57.00    10.00 
  2020 11 18.635208  2 21 53.4107 +13 37  5.878  35.4725447  13.6182995  35.4725569  13.6183143   -0.0425   -0.0532    0.0579 15 14 42.00    10.00 
  2020 11 18.635729  2 21 53.4068 +13 37  5.913  35.4725283  13.6183090  35.4725386  13.6183105   -0.0361   -0.0054    0.0244 15 15 27.00    10.00 
  2020 11 18.636250  2 21 53.4028 +13 37  5.886  35.4725117  13.6183016  35.4725203  13.6183067   -0.0299   -0.0184    0.0750 15 16 12.00    10.00 
  2020 11 18.636771  2 21 53.3959 +13 37  5.890  35.4724829  13.6183029  35.4725020  13.6183029   -0.0668   -0.0001    0.0365 15 16 57.00    10.00 
  2020 11 18.637292  2 21 53.3956 +13 37  5.827  35.4724815  13.6182854  35.4724837  13.6182991   -0.0074   -0.0495    0.0414 15 17 42.00    10.00 
  2020 11 18.637812  2 21 53.3902 +13 37  5.866  35.4724591  13.6182961  35.4724653  13.6182953   -0.0220    0.0028    0.0484 15 18 27.00    10.00 
  2020 11 18.638333  2 21 53.3845 +13 37  5.805  35.4724352  13.6182791  35.4724470  13.6182915   -0.0413   -0.0444    0.0301 15 19 12.00    10.00 
  2020 11 18.638854  2 21 53.3803 +13 37  5.848  35.4724179  13.6182910  35.4724287  13.6182877   -0.0377    0.0121    0.0356 15 19 57.00    10.00 
  2020 11 18.639375  2 21 53.3793 +13 37  5.824  35.4724136  13.6182843  35.4724104  13.6182839    0.0111    0.0017    0.0244 15 20 42.00    10.00 
  2020 11 18.639896  2 21 53.3718 +13 37  5.762  35.4723825  13.6182671  35.4723921  13.6182801   -0.0337   -0.0466    0.0406 15 21 27.00    10.00 
  2020 11 18.640417  2 21 53.3672 +13 37  5.772  35.4723635  13.6182700  35.4723738  13.6182763   -0.0359   -0.0224    0.0240 15 22 12.00    10.00 
  2020 11 18.640937  2 21 53.3633 +13 37  5.749  35.4723471  13.6182635  35.4723555  13.6182725   -0.0293   -0.0321    0.0237 15 22 57.00    10.00 
  2020 11 18.641458  2 21 53.3593 +13 37  5.741  35.4723303  13.6182613  35.4723371  13.6182687   -0.0241   -0.0264    0.0249 15 23 42.00    10.00 
  2020 11 18.641979  2 21 53.3531 +13 37  5.722  35.4723045  13.6182561  35.4723188  13.6182649   -0.0501   -0.0316    0.0533 15 24 27.00    10.00 
  2020 11 18.642500  2 21 53.3484 +13 37  5.730  35.4722850  13.6182584  35.4723005  13.6182610   -0.0542   -0.0094    0.0323 15 25 12.00    10.00 
  2020 11 18.643009  2 21 53.3463 +13 37  5.761  35.4722763  13.6182670  35.4722826  13.6182573   -0.0221    0.0347    0.0254 15 25 56.00    10.00 
  2020 11 18.643530  2 21 53.3430 +13 37  5.695  35.4722625  13.6182487  35.4722643  13.6182535   -0.0063   -0.0174    0.0195 15 26 41.00    10.00 
  2020 11 18.644051  2 21 53.3362 +13 37  5.697  35.4722340  13.6182490  35.4722460  13.6182497   -0.0419   -0.0025    0.0272 15 27 26.00    10.00 
  2020 11 18.644572  2 21 53.3316 +13 37  5.666  35.4722151  13.6182407  35.4722276  13.6182459   -0.0438   -0.0189    0.0468 15 28 11.00    10.00 
  2020 11 18.645093  2 21 53.3269 +13 37  5.657  35.4721955  13.6182379  35.4722093  13.6182421   -0.0484   -0.0151    0.0253 15 28 56.00    10.00 
  2020 11 18.645613  2 21 53.3215 +13 37  5.636  35.4721728  13.6182323  35.4721910  13.6182383   -0.0636   -0.0216    0.0466 15 29 41.00    10.00 
  2020 11 18.646134  2 21 53.3194 +13 37  5.625  35.4721642  13.6182293  35.4721727  13.6182345   -0.0296   -0.0190    0.0404 15 30 26.00    10.00 
  2020 11 18.646655  2 21 53.3151 +13 37  5.609  35.4721463  13.6182246  35.4721544  13.6182307   -0.0281   -0.0220    0.0224 15 31 11.00    10.00 
  2020 11 18.647176  2 21 53.3119 +13 37  5.599  35.4721327  13.6182218  35.4721360  13.6182269   -0.0116   -0.0184    0.0375 15 31 56.00    10.00 
  2020 11 18.647697  2 21 53.3047 +13 37  5.530  35.4721030  13.6182028  35.4721177  13.6182231   -0.0514   -0.0733    0.0354 15 32 41.00    10.00 
  2020 11 18.648218  2 21 53.3012 +13 37  5.649  35.4720883  13.6182358  35.4720994  13.6182193   -0.0389    0.0591    0.0535 15 33 26.00    10.00 
  2020 11 18.648738  2 21 53.2970 +13 37  5.560  35.4720709  13.6182111  35.4720811  13.6182155   -0.0353   -0.0159    0.0345 15 34 11.00    10.00 
  2020 11 18.649259  2 21 53.2919 +13 37  5.564  35.4720495  13.6182122  35.4720627  13.6182117   -0.0462    0.0018    0.0337 15 34 56.00    10.00 
  2020 11 18.649780  2 21 53.2889 +13 37  5.529  35.4720372  13.6182026  35.4720444  13.6182079   -0.0253   -0.0194    0.0279 15 35 41.00    10.00 
  2020 11 18.650301  2 21 53.2854 +13 37  5.532  35.4720227  13.6182034  35.4720261  13.6182042   -0.0118   -0.0028    0.0258 15 36 26.00    10.00 
  2020 11 18.650822  2 21 53.2807 +13 37  5.525  35.4720029  13.6182014  35.4720077  13.6182004   -0.0169    0.0036    0.0297 15 37 11.00    10.00 
  2020 11 18.651343  2 21 53.2755 +13 37  5.494  35.4719811  13.6181928  35.4719894  13.6181966   -0.0291   -0.0135    0.0269 15 37 56.00    10.00 
  2020 11 18.651863  2 21 53.2710 +13 37  5.513  35.4719627  13.6181982  35.4719711  13.6181928   -0.0294    0.0195    0.0268 15 38 41.00    10.00 
  2020 11 18.652384  2 21 53.2671 +13 37  5.454  35.4719462  13.6181818  35.4719527  13.6181890   -0.0230   -0.0260    0.0268 15 39 26.00    10.00 
  2020 11 18.652905  2 21 53.2634 +13 37  5.461  35.4719308  13.6181835  35.4719344  13.6181852   -0.0126   -0.0062    0.0332 15 40 11.00    10.00 
  2020 11 18.653414  2 21 53.2594 +13 37  5.437  35.4719143  13.6181771  35.4719165  13.6181815   -0.0075   -0.0158    0.0266 15 40 55.00    10.00 
  2020 11 18.653935  2 21 53.2532 +13 37  5.458  35.4718881  13.6181829  35.4718982  13.6181777   -0.0350    0.0187    0.0272 15 41 40.00    10.00 
  2020 11 18.654456  2 21 53.2510 +13 37  5.406  35.4718793  13.6181683  35.4718798  13.6181739   -0.0017   -0.0201    0.0272 15 42 25.00    10.00 
  2020 11 18.654977  2 21 53.2446 +13 37  5.384  35.4718527  13.6181622  35.4718615  13.6181701   -0.0307   -0.0285    0.0587 15 43 10.00    10.00 
  2020 11 18.655498  2 21 53.2393 +13 37  5.349  35.4718302  13.6181525  35.4718431  13.6181663   -0.0452   -0.0496    0.0189 15 43 55.00    10.00 
  2020 11 18.656019  2 21 53.2347 +13 37  5.373  35.4718114  13.6181591  35.4718248  13.6181625   -0.0468   -0.0124    0.0405 15 44 40.00    10.00 
  2020 11 18.656539  2 21 53.2317 +13 37  5.335  35.4717989  13.6181486  35.4718065  13.6181587   -0.0266   -0.0363    0.0258 15 45 25.00    10.00 
  2020 11 18.657060  2 21 53.2269 +13 37  5.327  35.4717786  13.6181464  35.4717881  13.6181550   -0.0335   -0.0310    0.0388 15 46 10.00    10.00 
  2020 11 18.657581  2 21 53.2228 +13 37  5.331  35.4717618  13.6181475  35.4717698  13.6181512   -0.0280   -0.0133    0.0462 15 46 55.00    10.00 
  2020 11 18.658102  2 21 53.2174 +13 37  5.338  35.4717391  13.6181494  35.4717515  13.6181474   -0.0434    0.0073    0.0215 15 47 40.00    10.00 
  2020 11 18.658623  2 21 53.2128 +13 37  5.322  35.4717199  13.6181449  35.4717331  13.6181436   -0.0463    0.0047    0.0376 15 48 25.00    10.00 
  2020 11 18.659144  2 21 53.2105 +13 37  5.330  35.4717104  13.6181471  35.4717148  13.6181398   -0.0152    0.0263    0.0570 15 49 10.00    10.00 
  2020 11 18.659664  2 21 53.2068 +13 37  5.302  35.4716951  13.6181394  35.4716964  13.6181360   -0.0045    0.0120    0.0287 15 49 55.00    10.00 
  2020 11 18.660185  2 21 53.2014 +13 37  5.250  35.4716724  13.6181251  35.4716781  13.6181322   -0.0199   -0.0258    0.0368 15 50 40.00    10.00 
  2020 11 18.660706  2 21 53.1954 +13 37  5.297  35.4716474  13.6181381  35.4716597  13.6181285   -0.0433    0.0349    0.0207 15 51 25.00    10.00 
  2020 11 18.661227  2 21 53.1927 +13 37  5.187  35.4716360  13.6181076  35.4716414  13.6181247   -0.0188   -0.0616    0.0290 15 52 10.00    10.00 
  2020 11 18.661736  2 21 53.1866 +13 37  5.216  35.4716109  13.6181156  35.4716235  13.6181210   -0.0439   -0.0192    0.0324 15 52 54.00    10.00 
  2020 11 18.662257  2 21 53.1835 +13 37  5.187  35.4715979  13.6181075  35.4716051  13.6181172   -0.0252   -0.0350    0.0294 15 53 39.00    10.00 
  2020 11 18.662778  2 21 53.1811 +13 37  5.192  35.4715878  13.6181089  35.4715868  13.6181134    0.0036   -0.0161    0.0459 15 54 24.00    10.00 
  2020 11 18.663819  2 21 53.1686 +13 37  5.148  35.4715357  13.6180966  35.4715501  13.6181058   -0.0502   -0.0331    0.0503 15 55 54.00    10.00 
  2020 11 18.664340  2 21 53.1673 +13 37  5.182  35.4715303  13.6181061  35.4715317  13.6181021   -0.0050    0.0144    0.0429 15 56 39.00    10.00 
  2020 11 18.664861  2 21 53.1613 +13 37  5.126  35.4715055  13.6180906  35.4715134  13.6180983   -0.0275   -0.0276    0.0305 15 57 24.00    10.00 
  2020 11 18.665382  2 21 53.1569 +13 37  5.097  35.4714872  13.6180826  35.4714950  13.6180945   -0.0274   -0.0429    0.0356 15 58  9.00    10.00 
  2020 11 18.665903  2 21 53.1518 +13 37  5.115  35.4714660  13.6180876  35.4714767  13.6180907   -0.0373   -0.0113    0.0319 15 58 54.00    10.00 
  2020 11 18.666424  2 21 53.1480 +13 37  5.144  35.4714499  13.6180956  35.4714583  13.6180869   -0.0295    0.0312    0.0307 15 59 39.00    10.00 
  2020 11 18.666944  2 21 53.1436 +13 37  5.101  35.4714317  13.6180837  35.4714400  13.6180832   -0.0289    0.0017    0.0276 16  0 24.00    10.00 
  2020 11 18.667465  2 21 53.1393 +13 37  5.082  35.4714136  13.6180784  35.4714216  13.6180794   -0.0283   -0.0036    0.0216 16  1  9.00    10.00 
  2020 11 18.667986  2 21 53.1355 +13 37  5.080  35.4713980  13.6180777  35.4714033  13.6180756   -0.0186    0.0074    0.0265 16  1 54.00    10.00 
  2020 11 18.668507  2 21 53.1278 +13 37  5.040  35.4713657  13.6180667  35.4713849  13.6180718   -0.0675   -0.0184    0.0332 16  2 39.00    10.00 
  2020 11 18.669016  2 21 53.1243 +13 37  5.055  35.4713513  13.6180708  35.4713670  13.6180681   -0.0550    0.0096    0.0316 16  3 23.00    10.00 
  2020 11 18.669537  2 21 53.1199 +13 37  5.026  35.4713328  13.6180629  35.4713486  13.6180644   -0.0554   -0.0054    0.0312 16  4  8.00    10.00 
  2020 11 18.670058  2 21 53.1148 +13 37  5.000  35.4713115  13.6180557  35.4713303  13.6180606   -0.0656   -0.0177    0.0302 16  4 53.00    10.00 
