  2020 11 13.634543  2 22 37.8816 +13 40 56.074  35.6578400  13.6822427  35.6578448  13.6822422   -0.0167    0.0015    0.0628 15 13 44.50     5.00 
  2020 11 13.635469  2 22 37.8718 +13 40 56.014  35.6577993  13.6822262  35.6578152  13.6822305   -0.0558   -0.0157    0.0400 15 15  4.50     5.00 
  2020 11 13.636007  2 22 37.8703 +13 40 56.030  35.6577928  13.6822307  35.6577981  13.6822237   -0.0185    0.0251    0.0183 15 15 51.00    10.00 
  2020 11 13.636528  2 22 37.8659 +13 40 55.983  35.6577745  13.6822174  35.6577815  13.6822171   -0.0243    0.0011    0.0269 15 16 36.00    10.00 
  2020 11 13.637049  2 22 37.8608 +13 40 55.989  35.6577534  13.6822191  35.6577648  13.6822106   -0.0400    0.0307    0.0328 15 17 21.00    10.00 
  2020 11 13.637569  2 22 37.8583 +13 40 55.958  35.6577428  13.6822106  35.6577482  13.6822040   -0.0190    0.0239    0.0168 15 18  6.00    10.00 
  2020 11 13.638090  2 22 37.8550 +13 40 55.935  35.6577293  13.6822041  35.6577316  13.6821974   -0.0081    0.0242    0.0165 15 18 51.00    10.00 
  2020 11 13.638611  2 22 37.8453 +13 40 55.873  35.6576888  13.6821869  35.6577150  13.6821909   -0.0915   -0.0143    0.0449 15 19 36.00    10.00 
  2020 11 13.639132  2 22 37.8468 +13 40 55.890  35.6576949  13.6821917  35.6576984  13.6821843   -0.0124    0.0267    0.0310 15 20 21.00    10.00 
  2020 11 13.639641  2 22 37.8395 +13 40 55.888  35.6576648  13.6821910  35.6576822  13.6821779   -0.0608    0.0471    0.0200 15 21  5.00    10.00 
  2020 11 13.640162  2 22 37.8373 +13 40 55.805  35.6576554  13.6821681  35.6576655  13.6821714   -0.0354   -0.0118    0.0126 15 21 50.00    10.00 
  2020 11 13.640683  2 22 37.8337 +13 40 55.803  35.6576406  13.6821675  35.6576489  13.6821649   -0.0291    0.0094    0.0178 15 22 35.00    10.00 
  2020 11 13.641204  2 22 37.8289 +13 40 55.749  35.6576206  13.6821524  35.6576323  13.6821584   -0.0409   -0.0213    0.0167 15 23 20.00    10.00 
  2020 11 13.641725  2 22 37.8228 +13 40 55.703  35.6575952  13.6821397  35.6576157  13.6821518   -0.0718   -0.0437    0.0276 15 24  5.00    10.00 
  2020 11 13.642245  2 22 37.8211 +13 40 55.723  35.6575880  13.6821454  35.6575991  13.6821453   -0.0388    0.0003    0.0148 15 24 50.00    10.00 
  2020 11 13.642766  2 22 37.8156 +13 40 55.655  35.6575650  13.6821264  35.6575825  13.6821388   -0.0612   -0.0447    0.0333 15 25 35.00    10.00 
  2020 11 13.643287  2 22 37.8123 +13 40 55.686  35.6575510  13.6821351  35.6575658  13.6821323   -0.0517    0.0100    0.0225 15 26 20.00    10.00 
  2020 11 13.643808  2 22 37.8104 +13 40 55.648  35.6575435  13.6821245  35.6575492  13.6821258   -0.0199   -0.0047    0.0233 15 27  5.00    10.00 
  2020 11 13.644329  2 22 37.8058 +13 40 55.644  35.6575241  13.6821233  35.6575326  13.6821193   -0.0297    0.0143    0.0199 15 27 50.00    10.00 
  2020 11 13.644850  2 22 37.7987 +13 40 55.590  35.6574944  13.6821082  35.6575160  13.6821129   -0.0755   -0.0167    0.0285 15 28 35.00    10.00 
  2020 11 13.645370  2 22 37.7973 +13 40 55.552  35.6574889  13.6820978  35.6574994  13.6821064   -0.0367   -0.0311    0.0194 15 29 20.00    10.00 
  2020 11 13.645891  2 22 37.7939 +13 40 55.536  35.6574746  13.6820934  35.6574827  13.6820999   -0.0285   -0.0234    0.0231 15 30  5.00    10.00 
  2020 11 13.646412  2 22 37.7898 +13 40 55.528  35.6574573  13.6820911  35.6574661  13.6820935   -0.0308   -0.0086    0.0156 15 30 50.00    10.00 
  2020 11 13.646933  2 22 37.7843 +13 40 55.489  35.6574348  13.6820802  35.6574495  13.6820870   -0.0515   -0.0244    0.0176 15 31 35.00    10.00 
  2020 11 13.647454  2 22 37.7810 +13 40 55.440  35.6574208  13.6820665  35.6574329  13.6820806   -0.0421   -0.0505    0.0266 15 32 20.00    10.00 
  2020 11 13.647975  2 22 37.7777 +13 40 55.484  35.6574069  13.6820789  35.6574163  13.6820741   -0.0327    0.0171    0.0286 15 33  5.00    10.00 
  2020 11 13.648484  2 22 37.7735 +13 40 55.452  35.6573895  13.6820700  35.6574000  13.6820678   -0.0368    0.0077    0.0266 15 33 49.00    10.00 
  2020 11 13.649005  2 22 37.7682 +13 40 55.395  35.6573674  13.6820542  35.6573834  13.6820614   -0.0560   -0.0258    0.0221 15 34 34.00    10.00 
  2020 11 13.649525  2 22 37.7674 +13 40 55.389  35.6573641  13.6820525  35.6573668  13.6820550   -0.0093   -0.0089    0.0167 15 35 19.00    10.00 
  2020 11 13.650046  2 22 37.7643 +13 40 55.383  35.6573512  13.6820507  35.6573501  13.6820486    0.0039    0.0078    0.0176 15 36  4.00    10.00 
  2020 11 13.650567  2 22 37.7592 +13 40 55.356  35.6573302  13.6820433  35.6573335  13.6820422   -0.0116    0.0040    0.0206 15 36 49.00    10.00 
  2020 11 13.651088  2 22 37.7510 +13 40 55.298  35.6572958  13.6820274  35.6573169  13.6820357   -0.0737   -0.0302    0.0220 15 37 34.00    10.00 
  2020 11 13.651609  2 22 37.7476 +13 40 55.252  35.6572817  13.6820143  35.6573002  13.6820294   -0.0649   -0.0541    0.0424 15 38 19.00    10.00 
  2020 11 13.652130  2 22 37.7441 +13 40 55.258  35.6572669  13.6820162  35.6572836  13.6820230   -0.0585   -0.0244    0.0269 15 39  4.00    10.00 
  2020 11 13.652650  2 22 37.7454 +13 40 55.293  35.6572723  13.6820257  35.6572670  13.6820166    0.0186    0.0329    0.0226 15 39 49.00    10.00 
  2020 11 13.653171  2 22 37.7348 +13 40 55.213  35.6572284  13.6820036  35.6572504  13.6820102   -0.0769   -0.0237    0.0305 15 40 34.00    10.00 
  2020 11 13.653692  2 22 37.7346 +13 40 55.202  35.6572275  13.6820006  35.6572337  13.6820038   -0.0218   -0.0117    0.0142 15 41 19.00    10.00 
  2020 11 13.654734  2 22 37.7284 +13 40 55.153  35.6572017  13.6819870  35.6572005  13.6819911    0.0043   -0.0148    0.0263 15 42 49.00    10.00 
  2020 11 13.655243  2 22 37.7198 +13 40 55.126  35.6571660  13.6819794  35.6571842  13.6819849   -0.0636   -0.0196    0.0188 15 43 33.00    10.00 
  2020 11 13.655764  2 22 37.7179 +13 40 55.087  35.6571581  13.6819686  35.6571676  13.6819785   -0.0333   -0.0358    0.0205 15 44 18.00    10.00 
  2020 11 13.656285  2 22 37.7141 +13 40 55.061  35.6571420  13.6819613  35.6571509  13.6819722   -0.0313   -0.0393    0.0173 15 45  3.00    10.00 
  2020 11 13.656806  2 22 37.7086 +13 40 55.040  35.6571193  13.6819556  35.6571343  13.6819659   -0.0524   -0.0369    0.0227 15 45 48.00    10.00 
  2020 11 13.657326  2 22 37.7069 +13 40 55.030  35.6571120  13.6819529  35.6571177  13.6819595   -0.0198   -0.0239    0.0155 15 46 33.00    10.00 
  2020 11 13.657847  2 22 37.7019 +13 40 55.022  35.6570913  13.6819506  35.6571010  13.6819532   -0.0339   -0.0094    0.0195 15 47 18.00    10.00 
  2020 11 13.658368  2 22 37.6994 +13 40 55.014  35.6570808  13.6819482  35.6570844  13.6819469   -0.0127    0.0049    0.0167 15 48  3.00    10.00 
  2020 11 13.658889  2 22 37.6927 +13 40 55.005  35.6570528  13.6819460  35.6570678  13.6819406   -0.0523    0.0194    0.0256 15 48 48.00    10.00 
  2020 11 13.659931  2 22 37.6844 +13 40 54.870  35.6570182  13.6819083  35.6570345  13.6819280   -0.0569   -0.0710    0.0280 15 50 18.00    10.00 
  2020 11 13.660451  2 22 37.6864 +13 40 54.927  35.6570268  13.6819241  35.6570179  13.6819217    0.0312    0.0088    0.0418 15 51  3.00    10.00 
  2020 11 13.660972  2 22 37.6795 +13 40 54.879  35.6569980  13.6819107  35.6570012  13.6819154   -0.0112   -0.0169    0.0230 15 51 48.00    10.00 
  2020 11 13.661493  2 22 37.6723 +13 40 54.851  35.6569677  13.6819031  35.6569846  13.6819091   -0.0589   -0.0215    0.0159 15 52 33.00    10.00 
  2020 11 13.662014  2 22 37.6707 +13 40 54.800  35.6569613  13.6818888  35.6569679  13.6819028   -0.0232   -0.0505    0.0144 15 53 18.00    10.00 
  2020 11 13.662535  2 22 37.6648 +13 40 54.848  35.6569368  13.6819022  35.6569513  13.6818966   -0.0506    0.0203    0.0226 15 54  3.00    10.00 
  2020 11 13.663056  2 22 37.6599 +13 40 54.802  35.6569161  13.6818895  35.6569347  13.6818903   -0.0651   -0.0030    0.0147 15 54 48.00    10.00 
  2020 11 13.663576  2 22 37.6571 +13 40 54.781  35.6569045  13.6818836  35.6569180  13.6818841   -0.0472   -0.0018    0.0268 15 55 33.00    10.00 
  2020 11 13.664097  2 22 37.6531 +13 40 54.752  35.6568879  13.6818754  35.6569014  13.6818778   -0.0473   -0.0085    0.0184 15 56 18.00    10.00 
  2020 11 13.664606  2 22 37.6479 +13 40 54.680  35.6568663  13.6818556  35.6568851  13.6818717   -0.0659   -0.0581    0.0277 15 57  2.00    10.00 
  2020 11 13.665127  2 22 37.6474 +13 40 54.697  35.6568642  13.6818604  35.6568685  13.6818655   -0.0149   -0.0183    0.0191 15 57 47.00    10.00 
  2020 11 13.665648  2 22 37.6412 +13 40 54.712  35.6568383  13.6818644  35.6568518  13.6818592   -0.0471    0.0185    0.0322 15 58 32.00    10.00 
  2020 11 13.666169  2 22 37.6343 +13 40 54.643  35.6568096  13.6818451  35.6568352  13.6818530   -0.0896   -0.0284    0.0255 15 59 17.00    10.00 
  2020 11 13.666690  2 22 37.6344 +13 40 54.655  35.6568100  13.6818487  35.6568185  13.6818468   -0.0299    0.0070    0.0241 16  0  2.00    10.00 
  2020 11 13.667211  2 22 37.6295 +13 40 54.567  35.6567894  13.6818242  35.6568019  13.6818406   -0.0436   -0.0589    0.0217 16  0 47.00    10.00 
  2020 11 13.667731  2 22 37.6257 +13 40 54.569  35.6567737  13.6818246  35.6567852  13.6818344   -0.0402   -0.0352    0.0097 16  1 32.00    10.00 
  2020 11 13.668252  2 22 37.6223 +13 40 54.583  35.6567594  13.6818286  35.6567686  13.6818282   -0.0320    0.0015    0.0144 16  2 17.00    10.00 
  2020 11 13.668773  2 22 37.6153 +13 40 54.533  35.6567306  13.6818146  35.6567519  13.6818220   -0.0746   -0.0265    0.0154 16  3  2.00    10.00 
  2020 11 13.669294  2 22 37.6147 +13 40 54.520  35.6567279  13.6818111  35.6567353  13.6818158   -0.0260   -0.0168    0.0221 16  3 47.00    10.00 
  2020 11 13.669815  2 22 37.6099 +13 40 54.478  35.6567078  13.6817994  35.6567186  13.6818096   -0.0378   -0.0369    0.0156 16  4 32.00    10.00 
  2020 11 13.670336  2 22 37.6041 +13 40 54.451  35.6566837  13.6817919  35.6567020  13.6818035   -0.0639   -0.0416    0.0150 16  5 17.00    10.00 
  2020 11 13.670856  2 22 37.6019 +13 40 54.476  35.6566744  13.6817988  35.6566853  13.6817973   -0.0382    0.0055    0.0128 16  6  2.00    10.00 
  2020 11 13.671377  2 22 37.5976 +13 40 54.482  35.6566566  13.6818007  35.6566687  13.6817911   -0.0422    0.0344    0.0255 16  6 47.00    10.00 
  2020 11 13.671898  2 22 37.5935 +13 40 54.415  35.6566395  13.6817820  35.6566520  13.6817850   -0.0438   -0.0106    0.0221 16  7 32.00    10.00 
  2020 11 13.672419  2 22 37.5903 +13 40 54.414  35.6566261  13.6817818  35.6566354  13.6817788   -0.0323    0.0107    0.0181 16  8 17.00    10.00 
  2020 11 13.672940  2 22 37.5836 +13 40 54.361  35.6565985  13.6817669  35.6566187  13.6817727   -0.0708   -0.0210    0.0262 16  9  2.00    10.00 
  2020 11 13.673461  2 22 37.5808 +13 40 54.318  35.6565865  13.6817551  35.6566021  13.6817665   -0.0545   -0.0413    0.0134 16  9 47.00    10.00 
  2020 11 13.673981  2 22 37.5773 +13 40 54.337  35.6565723  13.6817602  35.6565854  13.6817604   -0.0459   -0.0007    0.0243 16 10 32.00    10.00 
  2020 11 13.674502  2 22 37.5730 +13 40 54.285  35.6565542  13.6817459  35.6565688  13.6817543   -0.0511   -0.0301    0.0238 16 11 17.00    10.00 
  2020 11 13.675023  2 22 37.5675 +13 40 54.290  35.6565312  13.6817473  35.6565521  13.6817482   -0.0732   -0.0033    0.0339 16 12  2.00    10.00 
  2020 11 13.675532  2 22 37.5643 +13 40 54.304  35.6565180  13.6817511  35.6565358  13.6817422   -0.0622    0.0319    0.0325 16 12 46.00    10.00 
  2020 11 13.676053  2 22 37.5602 +13 40 54.214  35.6565008  13.6817260  35.6565192  13.6817361   -0.0641   -0.0363    0.0077 16 13 31.00    10.00 
  2020 11 13.676574  2 22 37.5572 +13 40 54.188  35.6564883  13.6817189  35.6565025  13.6817300   -0.0495   -0.0400    0.0236 16 14 16.00    10.00 
  2020 11 13.677095  2 22 37.5558 +13 40 54.197  35.6564824  13.6817214  35.6564858  13.6817239   -0.0120   -0.0089    0.0276 16 15  1.00    10.00 
  2020 11 13.677616  2 22 37.5509 +13 40 54.217  35.6564623  13.6817269  35.6564692  13.6817178   -0.0242    0.0325    0.0355 16 15 46.00    10.00 
  2020 11 13.678137  2 22 37.5450 +13 40 54.131  35.6564377  13.6817031  35.6564525  13.6817117   -0.0520   -0.0312    0.0265 16 16 31.00    10.00 
  2020 11 13.678657  2 22 37.5429 +13 40 54.102  35.6564288  13.6816951  35.6564359  13.6817057   -0.0245   -0.0380    0.0207 16 17 16.00    10.00 
  2020 11 13.679178  2 22 37.5373 +13 40 54.129  35.6564052  13.6817025  35.6564192  13.6816996   -0.0489    0.0104    0.0152 16 18  1.00    10.00 
  2020 11 13.679699  2 22 37.5334 +13 40 54.081  35.6563894  13.6816891  35.6564025  13.6816935   -0.0461   -0.0159    0.0234 16 18 46.00    10.00 
  2020 11 13.680220  2 22 37.5346 +13 40 54.030  35.6563943  13.6816750  35.6563859  13.6816875    0.0296   -0.0447    0.0281 16 19 31.00    10.00 
  2020 11 13.680741  2 22 37.5252 +13 40 54.013  35.6563550  13.6816703  35.6563692  13.6816814   -0.0498   -0.0401    0.0256 16 20 16.00    10.00 
  2020 11 13.681262  2 22 37.5216 +13 40 53.997  35.6563401  13.6816658  35.6563525  13.6816754   -0.0436   -0.0346    0.0123 16 21  1.00    10.00 
  2020 11 13.681782  2 22 37.5147 +13 40 53.995  35.6563114  13.6816653  35.6563359  13.6816693   -0.0857   -0.0147    0.0155 16 21 46.00    10.00 
  2020 11 13.682303  2 22 37.5163 +13 40 53.990  35.6563181  13.6816640  35.6563192  13.6816633   -0.0038    0.0025    0.0079 16 22 31.00    10.00 
  2020 11 13.682824  2 22 37.5125 +13 40 53.962  35.6563021  13.6816561  35.6563025  13.6816573   -0.0016   -0.0041    0.0250 16 23 16.00    10.00 
  2020 11 13.683345  2 22 37.5076 +13 40 53.924  35.6562818  13.6816454  35.6562859  13.6816513   -0.0142   -0.0210    0.0210 16 24  1.00    10.00 
  2020 11 13.683866  2 22 37.5037 +13 40 53.917  35.6562653  13.6816436  35.6562692  13.6816453   -0.0137   -0.0061    0.0206 16 24 46.00    10.00 
  2020 11 13.684907  2 22 37.4939 +13 40 53.842  35.6562245  13.6816227  35.6562359  13.6816333   -0.0398   -0.0381    0.0195 16 26 16.00    10.00 
  2020 11 13.685428  2 22 37.4913 +13 40 53.831  35.6562139  13.6816196  35.6562192  13.6816273   -0.0185   -0.0275    0.0265 16 27  1.00    10.00 
  2020 11 13.685937  2 22 37.4857 +13 40 53.829  35.6561905  13.6816190  35.6562029  13.6816214   -0.0434   -0.0085    0.0132 16 27 45.00    10.00 
  2020 11 13.686458  2 22 37.4819 +13 40 53.801  35.6561748  13.6816115  35.6561862  13.6816154   -0.0400   -0.0143    0.0121 16 28 30.00    10.00 
  2020 11 13.686979  2 22 37.4750 +13 40 53.781  35.6561458  13.6816059  35.6561695  13.6816094   -0.0832   -0.0127    0.0208 16 29 15.00    10.00 
  2020 11 13.687500  2 22 37.4772 +13 40 53.738  35.6561550  13.6815939  35.6561529  13.6816035    0.0076   -0.0343    0.0464 16 30  0.00    10.00 
  2020 11 13.688021  2 22 37.4694 +13 40 53.747  35.6561226  13.6815963  35.6561362  13.6815975   -0.0474   -0.0045    0.0151 16 30 45.00    10.00 
  2020 11 13.688542  2 22 37.4659 +13 40 53.664  35.6561078  13.6815734  35.6561195  13.6815916   -0.0409   -0.0653    0.0341 16 31 30.00    10.00 
  2020 11 13.689063  2 22 37.4584 +13 40 53.670  35.6560766  13.6815749  35.6561028  13.6815856   -0.0917   -0.0385    0.0366 16 32 15.00    10.00 
  2020 11 13.689583  2 22 37.4582 +13 40 53.684  35.6560758  13.6815788  35.6560862  13.6815797   -0.0364   -0.0030    0.0234 16 33  0.00    10.00 
  2020 11 13.690104  2 22 37.4554 +13 40 53.628  35.6560641  13.6815632  35.6560695  13.6815737   -0.0189   -0.0379    0.0401 16 33 45.00    10.00 
  2020 11 13.690625  2 22 37.4499 +13 40 53.610  35.6560413  13.6815584  35.6560528  13.6815678   -0.0403   -0.0337    0.0115 16 34 30.00    10.00 
  2020 11 13.691146  2 22 37.4444 +13 40 53.574  35.6560183  13.6815484  35.6560361  13.6815619   -0.0622   -0.0483    0.0248 16 35 15.00    10.00 
  2020 11 13.691667  2 22 37.4433 +13 40 53.579  35.6560139  13.6815496  35.6560194  13.6815560   -0.0195   -0.0229    0.0222 16 36  0.00    10.00 
  2020 11 13.692187  2 22 37.4366 +13 40 53.566  35.6559858  13.6815462  35.6560028  13.6815500   -0.0592   -0.0138    0.0227 16 36 45.00    10.00 
  2020 11 13.692708  2 22 37.4360 +13 40 53.566  35.6559834  13.6815462  35.6559861  13.6815441   -0.0093    0.0076    0.0256 16 37 30.00    10.00 
  2020 11 13.693229  2 22 37.4334 +13 40 53.491  35.6559725  13.6815252  35.6559694  13.6815382    0.0108   -0.0469    0.0297 16 38 15.00    10.00 
  2020 11 13.693750  2 22 37.4271 +13 40 53.495  35.6559461  13.6815265  35.6559527  13.6815323   -0.0232   -0.0210    0.0305 16 39  0.00    10.00 
  2020 11 13.694259  2 22 37.4227 +13 40 53.485  35.6559281  13.6815237  35.6559364  13.6815266   -0.0290   -0.0104    0.0218 16 39 44.00    10.00 
  2020 11 13.694780  2 22 37.4166 +13 40 53.423  35.6559026  13.6815065  35.6559197  13.6815207   -0.0598   -0.0511    0.0148 16 40 29.00    10.00 
  2020 11 13.695301  2 22 37.4143 +13 40 53.427  35.6558929  13.6815075  35.6559030  13.6815148   -0.0353   -0.0263    0.0223 16 41 14.00    10.00 
  2020 11 13.695822  2 22 37.4073 +13 40 53.394  35.6558639  13.6814984  35.6558863  13.6815090   -0.0785   -0.0381    0.0287 16 41 59.00    10.00 
  2020 11 13.696343  2 22 37.4071 +13 40 53.359  35.6558628  13.6814887  35.6558697  13.6815031   -0.0238   -0.0520    0.0279 16 42 44.00    10.00 
  2020 11 13.696863  2 22 37.4015 +13 40 53.325  35.6558398  13.6814793  35.6558530  13.6814972   -0.0462   -0.0646    0.0270 16 43 29.00    10.00 
  2020 11 13.697384  2 22 37.3998 +13 40 53.332  35.6558325  13.6814811  35.6558363  13.6814914   -0.0132   -0.0370    0.0251 16 44 14.00    10.00 
  2020 11 13.697905  2 22 37.3948 +13 40 53.301  35.6558118  13.6814724  35.6558196  13.6814855   -0.0271   -0.0473    0.0219 16 44 59.00    10.00 
  2020 11 13.698426  2 22 37.3922 +13 40 53.332  35.6558009  13.6814811  35.6558029  13.6814797   -0.0069    0.0052    0.0246 16 45 44.00    10.00 
  2020 11 13.698947  2 22 37.3876 +13 40 53.281  35.6557818  13.6814671  35.6557862  13.6814739   -0.0155   -0.0245    0.0313 16 46 29.00    10.00 
  2020 11 13.699468  2 22 37.3798 +13 40 53.273  35.6557490  13.6814647  35.6557695  13.6814680   -0.0718   -0.0119    0.0298 16 47 14.00    10.00 
  2020 11 13.699988  2 22 37.3812 +13 40 53.265  35.6557551  13.6814624  35.6557528  13.6814622    0.0080    0.0006    0.0253 16 47 59.00    10.00 
  2020 11 13.700509  2 22 37.3738 +13 40 53.248  35.6557241  13.6814578  35.6557361  13.6814564   -0.0421    0.0052    0.0203 16 48 44.00    10.00 
  2020 11 13.701030  2 22 37.3690 +13 40 53.217  35.6557041  13.6814491  35.6557194  13.6814506   -0.0535   -0.0055    0.0271 16 49 29.00    10.00 
  2020 11 13.701551  2 22 37.3623 +13 40 53.179  35.6556764  13.6814386  35.6557027  13.6814448   -0.0920   -0.0222    0.0212 16 50 14.00    10.00 
  2020 11 13.702072  2 22 37.3623 +13 40 53.173  35.6556762  13.6814369  35.6556860  13.6814390   -0.0345   -0.0076    0.0141 16 50 59.00    10.00 
  2020 11 13.702402  2 22 37.3571 +13 40 53.120  35.6556546  13.6814222  35.6556755  13.6814353   -0.0729   -0.0473    0.0155 16 51 27.50    15.00 
  2020 11 13.702980  2 22 37.3521 +13 40 53.113  35.6556339  13.6814202  35.6556569  13.6814289   -0.0804   -0.0312    0.0255 16 52 17.50    15.00 
  2020 11 13.703559  2 22 37.3504 +13 40 53.143  35.6556267  13.6814285  35.6556383  13.6814225   -0.0407    0.0217    0.0168 16 53  7.50    15.00 
  2020 11 13.704138  2 22 37.3469 +13 40 53.067  35.6556122  13.6814074  35.6556198  13.6814161   -0.0266   -0.0312    0.0140 16 53 57.50    15.00 
  2020 11 13.704716  2 22 37.3411 +13 40 53.101  35.6555879  13.6814169  35.6556012  13.6814097   -0.0467    0.0260    0.0207 16 54 47.50    15.00 
  2020 11 13.705295  2 22 37.3363 +13 40 53.028  35.6555679  13.6813967  35.6555827  13.6814033   -0.0518   -0.0238    0.0139 16 55 37.50    15.00 
  2020 11 13.705874  2 22 37.3359 +13 40 53.040  35.6555664  13.6814001  35.6555641  13.6813969    0.0079    0.0115    0.0278 16 56 27.50    15.00 
  2020 11 13.706453  2 22 37.3255 +13 40 52.975  35.6555228  13.6813819  35.6555456  13.6813905   -0.0796   -0.0311    0.0087 16 57 17.50    15.00 
  2020 11 13.707031  2 22 37.3288 +13 40 52.991  35.6555368  13.6813863  35.6555270  13.6813841    0.0341    0.0079    0.0410 16 58  7.50    15.00 
  2020 11 13.707610  2 22 37.3195 +13 40 52.924  35.6554979  13.6813678  35.6555084  13.6813777   -0.0370   -0.0358    0.0149 16 58 57.50    15.00 
  2020 11 13.708767  2 22 37.3127 +13 40 52.941  35.6554697  13.6813726  35.6554713  13.6813650   -0.0055    0.0272    0.0576 17  0 37.50    15.00 
  2020 11 13.709346  2 22 37.3078 +13 40 52.855  35.6554492  13.6813487  35.6554527  13.6813587   -0.0125   -0.0360    0.0489 17  1 27.50    15.00 
  2020 11 13.709925  2 22 37.2989 +13 40 52.788  35.6554122  13.6813300  35.6554342  13.6813524   -0.0769   -0.0806    0.0300 17  2 17.50    15.00 
  2020 11 13.710503  2 22 37.3000 +13 40 52.804  35.6554168  13.6813343  35.6554156  13.6813460    0.0040   -0.0421    0.0392 17  3  7.50    15.00 
  2020 11 13.711661  2 22 37.2887 +13 40 52.783  35.6553697  13.6813285  35.6553785  13.6813334   -0.0307   -0.0174    0.0481 17  4 47.50    15.00 
  2020 11 13.712240  2 22 37.2867 +13 40 52.740  35.6553611  13.6813168  35.6553599  13.6813271    0.0041   -0.0370    0.0287 17  5 37.50    15.00 
  2020 11 13.712818  2 22 37.2814 +13 40 52.747  35.6553390  13.6813187  35.6553413  13.6813208   -0.0081   -0.0075    0.0292 17  6 27.50    15.00 
  2020 11 13.713976  2 22 37.2702 +13 40 52.683  35.6552925  13.6813007  35.6553042  13.6813082   -0.0409   -0.0270    0.0134 17  8  7.50    15.00 
  2020 11 13.714554  2 22 37.2677 +13 40 52.658  35.6552821  13.6812940  35.6552856  13.6813019   -0.0123   -0.0286    0.0317 17  8 57.50    15.00 
  2020 11 13.715133  2 22 37.2597 +13 40 52.676  35.6552486  13.6812990  35.6552670  13.6812957   -0.0643    0.0121    0.0279 17  9 47.50    15.00 
  2020 11 13.715712  2 22 37.2561 +13 40 52.583  35.6552336  13.6812730  35.6552485  13.6812894   -0.0519   -0.0590    0.0274 17 10 37.50    15.00 
  2020 11 13.716291  2 22 37.2514 +13 40 52.563  35.6552141  13.6812674  35.6552299  13.6812831   -0.0552   -0.0567    0.0223 17 11 27.50    15.00 
  2020 11 13.716858  2 22 37.2492 +13 40 52.635  35.6552052  13.6812876  35.6552117  13.6812770   -0.0226    0.0381    0.0354 17 12 16.50    15.00 
  2020 11 13.717436  2 22 37.2433 +13 40 52.613  35.6551803  13.6812814  35.6551931  13.6812708   -0.0448    0.0383    0.0732 17 13  6.50    15.00 
  2020 11 13.718015  2 22 37.2373 +13 40 52.513  35.6551555  13.6812536  35.6551745  13.6812646   -0.0664   -0.0394    0.0301 17 13 56.50    15.00 
  2020 11 13.718594  2 22 37.2361 +13 40 52.504  35.6551505  13.6812512  35.6551559  13.6812583   -0.0189   -0.0257    0.0237 17 14 46.50    15.00 
  2020 11 13.719172  2 22 37.2316 +13 40 52.514  35.6551316  13.6812538  35.6551373  13.6812521   -0.0200    0.0061    0.0217 17 15 36.50    15.00 
  2020 11 13.719751  2 22 37.2260 +13 40 52.429  35.6551084  13.6812304  35.6551188  13.6812459   -0.0363   -0.0559    0.0355 17 16 26.50    15.00 
  2020 11 13.720330  2 22 37.2219 +13 40 52.435  35.6550913  13.6812321  35.6551002  13.6812397   -0.0312   -0.0275    0.0306 17 17 16.50    15.00 
  2020 11 14.638316  2 22 28.9282 +13 40 35.605  35.6205343  13.6765570  35.6205189  13.6765691    0.0539   -0.0434    0.0184 15 19 10.50    15.00 
  2020 11 14.638692  2 22 28.9229 +13 40 35.622  35.6205120  13.6765616  35.6205018  13.6765666    0.0358   -0.0177    0.0211 15 19 43.00    10.00 
  2020 11 14.639213  2 22 28.9163 +13 40 35.595  35.6204845  13.6765541  35.6204780  13.6765631    0.0229   -0.0324    0.0305 15 20 28.00    10.00 
  2020 11 14.639734  2 22 28.9098 +13 40 35.595  35.6204576  13.6765541  35.6204542  13.6765596    0.0120   -0.0196    0.0237 15 21 13.00    10.00 
  2020 11 14.640243  2 22 28.9045 +13 40 35.555  35.6204353  13.6765432  35.6204309  13.6765562    0.0156   -0.0468    0.0217 15 21 57.00    10.00 
  2020 11 14.640775  2 22 28.8992 +13 40 35.554  35.6204134  13.6765428  35.6204065  13.6765526    0.0239   -0.0351    0.0179 15 22 43.00    10.00 
  2020 11 14.641296  2 22 28.8952 +13 40 35.535  35.6203965  13.6765376  35.6203827  13.6765491    0.0483   -0.0414    0.0185 15 23 28.00    10.00 
  2020 11 14.641817  2 22 28.8885 +13 40 35.529  35.6203686  13.6765359  35.6203589  13.6765455    0.0339   -0.0347    0.0163 15 24 13.00    10.00 
  2020 11 14.642326  2 22 28.8843 +13 40 35.529  35.6203513  13.6765357  35.6203356  13.6765421    0.0550   -0.0229    0.0224 15 24 57.00    10.00 
  2020 11 14.643368  2 22 28.8696 +13 40 35.488  35.6202902  13.6765243  35.6202880  13.6765350    0.0078   -0.0386    0.0172 15 26 27.00    10.00 
  2020 11 14.643889  2 22 28.8651 +13 40 35.497  35.6202712  13.6765271  35.6202641  13.6765315    0.0249   -0.0160    0.0209 15 27 12.00    10.00 
  2020 11 14.644410  2 22 28.8593 +13 40 35.467  35.6202470  13.6765187  35.6202403  13.6765280    0.0233   -0.0335    0.0172 15 27 57.00    10.00 
  2020 11 14.644931  2 22 28.8544 +13 40 35.476  35.6202265  13.6765210  35.6202165  13.6765244    0.0353   -0.0123    0.0125 15 28 42.00    10.00 
  2020 11 14.645451  2 22 28.8474 +13 40 35.431  35.6201973  13.6765087  35.6201926  13.6765209    0.0163   -0.0436    0.0186 15 29 27.00    10.00 
  2020 11 14.645972  2 22 28.8427 +13 40 35.436  35.6201778  13.6765099  35.6201688  13.6765173    0.0316   -0.0265    0.0189 15 30 12.00    10.00 
  2020 11 14.646493  2 22 28.8366 +13 40 35.442  35.6201524  13.6765116  35.6201449  13.6765137    0.0260   -0.0077    0.0263 15 30 57.00    10.00 
  2020 11 14.647014  2 22 28.8289 +13 40 35.378  35.6201206  13.6764940  35.6201211  13.6765102   -0.0017   -0.0581    0.0189 15 31 42.00    10.00 
  2020 11 14.647535  2 22 28.8258 +13 40 35.396  35.6201076  13.6764988  35.6200973  13.6765066    0.0362   -0.0280    0.0305 15 32 27.00    10.00 
  2020 11 14.648044  2 22 28.8185 +13 40 35.386  35.6200770  13.6764960  35.6200739  13.6765031    0.0107   -0.0254    0.0276 15 33 11.00    10.00 
  2020 11 14.648565  2 22 28.8146 +13 40 35.342  35.6200608  13.6764838  35.6200501  13.6764995    0.0374   -0.0563    0.0338 15 33 56.00    10.00 
  2020 11 14.649086  2 22 28.8085 +13 40 35.366  35.6200355  13.6764906  35.6200262  13.6764959    0.0325   -0.0190    0.0400 15 34 41.00    10.00 
  2020 11 14.649606  2 22 28.8023 +13 40 35.353  35.6200095  13.6764870  35.6200024  13.6764923    0.0249   -0.0190    0.0183 15 35 26.00    10.00 
  2020 11 14.650127  2 22 28.7953 +13 40 35.366  35.6199805  13.6764905  35.6199785  13.6764887    0.0069    0.0064    0.0123 15 36 11.00    10.00 
  2020 11 14.650648  2 22 28.7900 +13 40 35.348  35.6199585  13.6764857  35.6199546  13.6764851    0.0134    0.0020    0.0183 15 36 56.00    10.00 
  2020 11 14.651169  2 22 28.7855 +13 40 35.320  35.6199397  13.6764779  35.6199308  13.6764815    0.0313   -0.0128    0.0177 15 37 41.00    10.00 
  2020 11 14.651690  2 22 28.7775 +13 40 35.316  35.6199064  13.6764767  35.6199069  13.6764778   -0.0018   -0.0042    0.0124 15 38 26.00    10.00 
  2020 11 14.652211  2 22 28.7710 +13 40 35.287  35.6198793  13.6764685  35.6198830  13.6764742   -0.0130   -0.0206    0.0309 15 39 11.00    10.00 
  2020 11 14.652731  2 22 28.7675 +13 40 35.284  35.6198646  13.6764677  35.6198591  13.6764706    0.0192   -0.0106    0.0104 15 39 56.00    10.00 
  2020 11 14.653252  2 22 28.7611 +13 40 35.278  35.6198379  13.6764660  35.6198353  13.6764670    0.0092   -0.0033    0.0135 15 40 41.00    10.00 
  2020 11 14.654294  2 22 28.7498 +13 40 35.257  35.6197909  13.6764601  35.6197875  13.6764597    0.0117    0.0017    0.0108 15 42 11.00    10.00 
  2020 11 14.654803  2 22 28.7437 +13 40 35.247  35.6197653  13.6764576  35.6197641  13.6764561    0.0041    0.0054    0.0130 15 42 55.00    10.00 
  2020 11 14.655324  2 22 28.7395 +13 40 35.193  35.6197481  13.6764424  35.6197403  13.6764524    0.0275   -0.0360    0.0272 15 43 40.00    10.00 
  2020 11 14.656366  2 22 28.7276 +13 40 35.181  35.6196985  13.6764390  35.6196925  13.6764451    0.0211   -0.0218    0.0248 15 45 10.00    10.00 
  2020 11 14.657407  2 22 28.7168 +13 40 35.152  35.6196532  13.6764310  35.6196447  13.6764377    0.0297   -0.0242    0.0196 15 46 40.00    10.00 
  2020 11 14.657928  2 22 28.7109 +13 40 35.139  35.6196288  13.6764275  35.6196208  13.6764340    0.0282   -0.0234    0.0181 15 47 25.00    10.00 
  2020 11 14.658449  2 22 28.7066 +13 40 35.134  35.6196108  13.6764261  35.6195969  13.6764303    0.0488   -0.0151    0.0148 15 48 10.00    10.00 
  2020 11 14.658970  2 22 28.6990 +13 40 35.101  35.6195791  13.6764169  35.6195730  13.6764266    0.0215   -0.0353    0.0077 15 48 55.00    10.00 
  2020 11 14.659491  2 22 28.6952 +13 40 35.087  35.6195633  13.6764132  35.6195491  13.6764229    0.0499   -0.0351    0.0296 15 49 40.00    10.00 
  2020 11 14.660012  2 22 28.6859 +13 40 35.072  35.6195244  13.6764089  35.6195251  13.6764192   -0.0026   -0.0373    0.0163 15 50 25.00    10.00 
  2020 11 14.660521  2 22 28.6814 +13 40 35.082  35.6195060  13.6764117  35.6195018  13.6764156    0.0148   -0.0141    0.0214 15 51  9.00    10.00 
  2020 11 14.661042  2 22 28.6756 +13 40 35.068  35.6194815  13.6764079  35.6194778  13.6764119    0.0129   -0.0144    0.0129 15 51 54.00    10.00 
  2020 11 14.661563  2 22 28.6706 +13 40 35.056  35.6194607  13.6764045  35.6194539  13.6764081    0.0237   -0.0130    0.0196 15 52 39.00    10.00 
  2020 11 14.662083  2 22 28.6651 +13 40 35.051  35.6194380  13.6764031  35.6194300  13.6764044    0.0280   -0.0047    0.0237 15 53 24.00    10.00 
  2020 11 14.662604  2 22 28.6591 +13 40 35.022  35.6194130  13.6763949  35.6194061  13.6764007    0.0243   -0.0209    0.0180 15 54  9.00    10.00 
  2020 11 14.663125  2 22 28.6533 +13 40 34.993  35.6193888  13.6763869  35.6193821  13.6763969    0.0231   -0.0360    0.0168 15 54 54.00    10.00 
  2020 11 14.663646  2 22 28.6471 +13 40 34.937  35.6193629  13.6763715  35.6193582  13.6763932    0.0163   -0.0782    0.0311 15 55 39.00    10.00 
  2020 11 14.664167  2 22 28.6410 +13 40 34.982  35.6193375  13.6763839  35.6193343  13.6763894    0.0112   -0.0198    0.0268 15 56 24.00    10.00 
  2020 11 14.664687  2 22 28.6385 +13 40 34.930  35.6193271  13.6763694  35.6193103  13.6763857    0.0587   -0.0585    0.0258 15 57  9.00    10.00 
  2020 11 14.665208  2 22 28.6304 +13 40 34.949  35.6192932  13.6763748  35.6192864  13.6763819    0.0237   -0.0254    0.0117 15 57 54.00    10.00 
  2020 11 14.665729  2 22 28.6260 +13 40 34.913  35.6192750  13.6763647  35.6192625  13.6763781    0.0437   -0.0482    0.0225 15 58 39.00    10.00 
  2020 11 14.666250  2 22 28.6187 +13 40 34.932  35.6192446  13.6763701  35.6192385  13.6763743    0.0211   -0.0153    0.0152 15 59 24.00    10.00 
  2020 11 14.666771  2 22 28.6127 +13 40 34.946  35.6192196  13.6763738  35.6192146  13.6763705    0.0177    0.0116    0.0212 16  0  9.00    10.00 
  2020 11 14.667280  2 22 28.6084 +13 40 34.928  35.6192015  13.6763690  35.6191912  13.6763668    0.0362    0.0077    0.0244 16  0 53.00    10.00 
  2020 11 14.667801  2 22 28.6029 +13 40 34.880  35.6191786  13.6763555  35.6191672  13.6763630    0.0398   -0.0271    0.0172 16  1 38.00    10.00 
  2020 11 14.668322  2 22 28.5959 +13 40 34.877  35.6191494  13.6763548  35.6191433  13.6763592    0.0214   -0.0161    0.0100 16  2 23.00    10.00 
  2020 11 14.668843  2 22 28.5890 +13 40 34.856  35.6191210  13.6763489  35.6191193  13.6763554    0.0060   -0.0236    0.0144 16  3  8.00    10.00 
  2020 11 14.669363  2 22 28.5845 +13 40 34.830  35.6191023  13.6763417  35.6190954  13.6763516    0.0242   -0.0358    0.0236 16  3 53.00    10.00 
  2020 11 14.669884  2 22 28.5798 +13 40 34.837  35.6190825  13.6763437  35.6190714  13.6763478    0.0388   -0.0148    0.0244 16  4 38.00    10.00 
  2020 11 14.670405  2 22 28.5726 +13 40 34.812  35.6190526  13.6763367  35.6190474  13.6763440    0.0181   -0.0263    0.0180 16  5 23.00    10.00 
  2020 11 14.670926  2 22 28.5663 +13 40 34.802  35.6190262  13.6763339  35.6190235  13.6763401    0.0097   -0.0225    0.0205 16  6  8.00    10.00 
  2020 11 14.671447  2 22 28.5609 +13 40 34.760  35.6190039  13.6763223  35.6189995  13.6763363    0.0153   -0.0503    0.0250 16  6 53.00    10.00 
  2020 11 14.671968  2 22 28.5560 +13 40 34.766  35.6189832  13.6763238  35.6189755  13.6763325    0.0268   -0.0312    0.0114 16  7 38.00    10.00 
  2020 11 14.672488  2 22 28.5497 +13 40 34.753  35.6189572  13.6763203  35.6189516  13.6763286    0.0199   -0.0300    0.0145 16  8 23.00    10.00 
  2020 11 14.673009  2 22 28.5431 +13 40 34.727  35.6189296  13.6763132  35.6189276  13.6763248    0.0070   -0.0416    0.0159 16  9  8.00    10.00 
  2020 11 14.673519  2 22 28.5400 +13 40 34.738  35.6189166  13.6763161  35.6189042  13.6763210    0.0435   -0.0175    0.0134 16  9 52.00    10.00 
  2020 11 14.674039  2 22 28.5316 +13 40 34.742  35.6188815  13.6763172  35.6188802  13.6763171    0.0046    0.0003    0.0183 16 10 37.00    10.00 
  2020 11 14.674560  2 22 28.5260 +13 40 34.720  35.6188584  13.6763112  35.6188562  13.6763133    0.0076   -0.0074    0.0214 16 11 22.00    10.00 
  2020 11 14.675081  2 22 28.5208 +13 40 34.690  35.6188369  13.6763029  35.6188322  13.6763094    0.0163   -0.0233    0.0183 16 12  7.00    10.00 
  2020 11 14.675602  2 22 28.5159 +13 40 34.644  35.6188164  13.6762899  35.6188082  13.6763055    0.0285   -0.0560    0.0214 16 12 52.00    10.00 
  2020 11 14.676123  2 22 28.5108 +13 40 34.663  35.6187951  13.6762952  35.6187842  13.6763016    0.0380   -0.0230    0.0265 16 13 37.00    10.00 
  2020 11 14.676644  2 22 28.5029 +13 40 34.681  35.6187621  13.6763003  35.6187603  13.6762977    0.0066    0.0093    0.0134 16 14 22.00    10.00 
  2020 11 14.677164  2 22 28.4977 +13 40 34.663  35.6187403  13.6762953  35.6187363  13.6762938    0.0140    0.0055    0.0188 16 15  7.00    10.00 
  2020 11 14.677685  2 22 28.4921 +13 40 34.628  35.6187169  13.6762854  35.6187123  13.6762899    0.0163   -0.0161    0.0374 16 15 52.00    10.00 
  2020 11 14.678206  2 22 28.4873 +13 40 34.601  35.6186970  13.6762780  35.6186883  13.6762860    0.0305   -0.0289    0.0293 16 16 37.00    10.00 
  2020 11 14.678727  2 22 28.4813 +13 40 34.584  35.6186722  13.6762733  35.6186643  13.6762821    0.0276   -0.0317    0.0300 16 17 22.00    10.00 
  2020 11 14.679248  2 22 28.4739 +13 40 34.571  35.6186412  13.6762697  35.6186403  13.6762781    0.0031   -0.0303    0.0332 16 18  7.00    10.00 
  2020 11 14.680278  2 22 28.4651 +13 40 34.528  35.6186046  13.6762577  35.6185928  13.6762704    0.0411   -0.0455    0.0179 16 19 36.00    10.00 
  2020 11 14.680799  2 22 28.4586 +13 40 34.502  35.6185775  13.6762505  35.6185688  13.6762664    0.0306   -0.0573    0.0278 16 20 21.00    10.00 
  2020 11 14.681319  2 22 28.4518 +13 40 34.524  35.6185493  13.6762567  35.6185448  13.6762625    0.0159   -0.0208    0.0252 16 21  6.00    10.00 
  2020 11 14.681840  2 22 28.4442 +13 40 34.514  35.6185176  13.6762538  35.6185208  13.6762585   -0.0113   -0.0169    0.0194 16 21 51.00    10.00 
  2020 11 14.682361  2 22 28.4429 +13 40 34.487  35.6185120  13.6762465  35.6184968  13.6762546    0.0534   -0.0292    0.0167 16 22 36.00    10.00 
  2020 11 14.682882  2 22 28.4329 +13 40 34.492  35.6184703  13.6762477  35.6184728  13.6762506   -0.0087   -0.0106    0.0101 16 23 21.00    10.00 
  2020 11 14.683403  2 22 28.4287 +13 40 34.490  35.6184530  13.6762472  35.6184487  13.6762466    0.0149    0.0022    0.0141 16 24  6.00    10.00 
  2020 11 14.683924  2 22 28.4242 +13 40 34.463  35.6184343  13.6762398  35.6184247  13.6762427    0.0334   -0.0104    0.0124 16 24 51.00    10.00 
  2020 11 14.684444  2 22 28.4176 +13 40 34.421  35.6184065  13.6762281  35.6184007  13.6762387    0.0203   -0.0381    0.0179 16 25 36.00    10.00 
  2020 11 14.684965  2 22 28.4114 +13 40 34.443  35.6183807  13.6762342  35.6183767  13.6762347    0.0140   -0.0017    0.0155 16 26 21.00    10.00 
  2020 11 14.685486  2 22 28.4073 +13 40 34.406  35.6183638  13.6762238  35.6183526  13.6762307    0.0391   -0.0248    0.0187 16 27  6.00    10.00 
  2020 11 14.685995  2 22 28.4001 +13 40 34.402  35.6183336  13.6762228  35.6183292  13.6762268    0.0157   -0.0144    0.0235 16 27 50.00    10.00 
  2020 11 14.686516  2 22 28.3932 +13 40 34.394  35.6183051  13.6762207  35.6183051  13.6762228   -0.0001   -0.0076    0.0158 16 28 35.00    10.00 
  2020 11 14.687037  2 22 28.3885 +13 40 34.342  35.6182852  13.6762062  35.6182811  13.6762188    0.0145   -0.0451    0.0196 16 29 20.00    10.00 
  2020 11 14.687558  2 22 28.3817 +13 40 34.336  35.6182569  13.6762044  35.6182571  13.6762147   -0.0006   -0.0372    0.0320 16 30  5.00    10.00 
  2020 11 14.688079  2 22 28.3771 +13 40 34.336  35.6182379  13.6762046  35.6182330  13.6762107    0.0172   -0.0221    0.0138 16 30 50.00    10.00 
  2020 11 14.688600  2 22 28.3717 +13 40 34.317  35.6182153  13.6761992  35.6182090  13.6762067    0.0222   -0.0269    0.0142 16 31 35.00    10.00 
  2020 11 14.689120  2 22 28.3664 +13 40 34.320  35.6181935  13.6762000  35.6181850  13.6762027    0.0298   -0.0097    0.0189 16 32 20.00    10.00 
  2020 11 14.689641  2 22 28.3587 +13 40 34.330  35.6181614  13.6762027  35.6181609  13.6761986    0.0017    0.0146    0.0157 16 33  5.00    10.00 
  2020 11 14.690162  2 22 28.3541 +13 40 34.269  35.6181420  13.6761858  35.6181369  13.6761946    0.0179   -0.0314    0.0199 16 33 50.00    10.00 
  2020 11 14.690683  2 22 28.3464 +13 40 34.253  35.6181100  13.6761813  35.6181128  13.6761905   -0.0100   -0.0331    0.0302 16 34 35.00    10.00 
  2020 11 14.691204  2 22 28.3427 +13 40 34.302  35.6180947  13.6761951  35.6180888  13.6761865    0.0208    0.0311    0.0244 16 35 20.00    10.00 
  2020 11 14.691713  2 22 28.3360 +13 40 34.234  35.6180665  13.6761760  35.6180653  13.6761825    0.0044   -0.0232    0.0168 16 36  4.00    10.00 
  2020 11 14.692234  2 22 28.3311 +13 40 34.264  35.6180464  13.6761845  35.6180412  13.6761784    0.0181    0.0219    0.0353 16 36 49.00    10.00 
  2020 11 14.692755  2 22 28.3266 +13 40 34.212  35.6180273  13.6761699  35.6180172  13.6761743    0.0355   -0.0159    0.0236 16 37 34.00    10.00 
  2020 11 14.693275  2 22 28.3200 +13 40 34.153  35.6179998  13.6761537  35.6179931  13.6761702    0.0235   -0.0595    0.0196 16 38 19.00    10.00 
  2020 11 14.693796  2 22 28.3127 +13 40 34.204  35.6179696  13.6761678  35.6179690  13.6761662    0.0019    0.0058    0.0203 16 39  4.00    10.00 
  2020 11 14.694317  2 22 28.3080 +13 40 34.172  35.6179499  13.6761590  35.6179450  13.6761621    0.0172   -0.0111    0.0145 16 39 49.00    10.00 
  2020 11 14.694838  2 22 28.3017 +13 40 34.192  35.6179237  13.6761645  35.6179209  13.6761580    0.0098    0.0235    0.0259 16 40 34.00    10.00 
  2020 11 14.695359  2 22 28.2959 +13 40 34.150  35.6178997  13.6761528  35.6178969  13.6761539    0.0099   -0.0037    0.0197 16 41 19.00    10.00 
  2020 11 14.695880  2 22 28.2902 +13 40 34.151  35.6178756  13.6761530  35.6178728  13.6761497    0.0099    0.0117    0.0189 16 42  4.00    10.00 
  2020 11 14.696400  2 22 28.2842 +13 40 34.138  35.6178508  13.6761495  35.6178487  13.6761456    0.0072    0.0140    0.0150 16 42 49.00    10.00 
  2020 11 14.696921  2 22 28.2782 +13 40 34.112  35.6178259  13.6761422  35.6178247  13.6761415    0.0042    0.0027    0.0156 16 43 34.00    10.00 
  2020 11 14.697442  2 22 28.2746 +13 40 34.050  35.6178108  13.6761249  35.6178006  13.6761374    0.0357   -0.0447    0.0187 16 44 19.00    10.00 
  2020 11 14.697963  2 22 28.2672 +13 40 34.067  35.6177800  13.6761298  35.6177765  13.6761332    0.0120   -0.0123    0.0191 16 45  4.00    10.00 
  2020 11 14.698484  2 22 28.2620 +13 40 34.042  35.6177582  13.6761228  35.6177525  13.6761291    0.0201   -0.0225    0.0123 16 45 49.00    10.00 
  2020 11 14.698993  2 22 28.2560 +13 40 34.028  35.6177334  13.6761189  35.6177289  13.6761250    0.0158   -0.0221    0.0159 16 46 33.00    10.00 
  2020 11 14.699514  2 22 28.2516 +13 40 33.962  35.6177151  13.6761006  35.6177048  13.6761209    0.0360   -0.0731    0.0299 16 47 18.00    10.00 
  2020 11 14.700035  2 22 28.2444 +13 40 33.995  35.6176849  13.6761097  35.6176808  13.6761167    0.0144   -0.0252    0.0240 16 48  3.00    10.00 
  2020 11 14.700556  2 22 28.2390 +13 40 34.008  35.6176625  13.6761132  35.6176567  13.6761125    0.0204    0.0024    0.0161 16 48 48.00    10.00 
  2020 11 14.701076  2 22 28.2299 +13 40 33.990  35.6176246  13.6761084  35.6176326  13.6761084   -0.0279    0.0002    0.0228 16 49 33.00    10.00 
  2020 11 14.701597  2 22 28.2273 +13 40 33.966  35.6176138  13.6761017  35.6176085  13.6761042    0.0186   -0.0090    0.0131 16 50 18.00    10.00 
  2020 11 14.702118  2 22 28.2210 +13 40 33.943  35.6175876  13.6760953  35.6175844  13.6761000    0.0110   -0.0169    0.0193 16 51  3.00    10.00 
  2020 11 14.702639  2 22 28.2163 +13 40 33.896  35.6175678  13.6760822  35.6175603  13.6760958    0.0261   -0.0492    0.0156 16 51 48.00    10.00 
  2020 11 14.703160  2 22 28.2094 +13 40 33.948  35.6175391  13.6760965  35.6175363  13.6760916    0.0099    0.0177    0.0169 16 52 33.00    10.00 
  2020 11 14.703681  2 22 28.2041 +13 40 33.894  35.6175173  13.6760817  35.6175122  13.6760874    0.0179   -0.0206    0.0155 16 53 18.00    10.00 
  2020 11 14.704201  2 22 28.1988 +13 40 33.878  35.6174950  13.6760773  35.6174881  13.6760832    0.0242   -0.0214    0.0250 16 54  3.00    10.00 
  2020 11 14.704711  2 22 28.1924 +13 40 33.880  35.6174684  13.6760777  35.6174645  13.6760791    0.0136   -0.0050    0.0114 16 54 47.00    10.00 
  2020 11 14.705231  2 22 28.1863 +13 40 33.865  35.6174431  13.6760736  35.6174404  13.6760749    0.0094   -0.0045    0.0141 16 55 32.00    10.00 
  2020 11 14.705752  2 22 28.1795 +13 40 33.823  35.6174147  13.6760618  35.6174163  13.6760706   -0.0058   -0.0318    0.0207 16 56 17.00    10.00 
  2020 11 14.706273  2 22 28.1751 +13 40 33.809  35.6173964  13.6760580  35.6173922  13.6760664    0.0145   -0.0304    0.0173 16 57  2.00    10.00 
  2020 11 14.706794  2 22 28.1709 +13 40 33.810  35.6173787  13.6760585  35.6173681  13.6760622    0.0369   -0.0133    0.0180 16 57 47.00    10.00 
  2020 11 14.707315  2 22 28.1634 +13 40 33.793  35.6173476  13.6760536  35.6173440  13.6760579    0.0124   -0.0156    0.0158 16 58 32.00    10.00 
  2020 11 14.707836  2 22 28.1585 +13 40 33.785  35.6173273  13.6760514  35.6173199  13.6760537    0.0258   -0.0083    0.0174 16 59 17.00    10.00 
  2020 11 14.708356  2 22 28.1509 +13 40 33.774  35.6172952  13.6760484  35.6172958  13.6760494   -0.0021   -0.0038    0.0148 17  0  2.00    10.00 
  2020 11 14.708877  2 22 28.1455 +13 40 33.694  35.6172730  13.6760260  35.6172717  13.6760452    0.0046   -0.0690    0.0219 17  0 47.00    10.00 
  2020 11 14.709398  2 22 28.1420 +13 40 33.721  35.6172584  13.6760337  35.6172476  13.6760409    0.0378   -0.0260    0.0304 17  1 32.00    10.00 
  2020 11 14.709919  2 22 28.1337 +13 40 33.739  35.6172239  13.6760386  35.6172235  13.6760366    0.0014    0.0070    0.0212 17  2 17.00    10.00 
  2020 11 14.710961  2 22 28.1234 +13 40 33.708  35.6171807  13.6760301  35.6171753  13.6760280    0.0190    0.0073    0.0159 17  3 47.00    10.00 
  2020 11 14.712002  2 22 28.1117 +13 40 33.603  35.6171320  13.6760008  35.6171270  13.6760195    0.0173   -0.0670    0.0307 17  5 17.00    10.00 
  2020 11 14.712512  2 22 28.1040 +13 40 33.614  35.6170998  13.6760039  35.6171035  13.6760152   -0.0127   -0.0407    0.0303 17  6  1.00    10.00 
  2020 11 14.713032  2 22 28.0984 +13 40 33.631  35.6170768  13.6760087  35.6170793  13.6760109   -0.0090   -0.0080    0.0112 17  6 46.00    10.00 
  2020 11 14.713553  2 22 28.0940 +13 40 33.627  35.6170585  13.6760075  35.6170552  13.6760066    0.0116    0.0030    0.0136 17  7 31.00    10.00 
  2020 11 14.714074  2 22 28.0901 +13 40 33.580  35.6170420  13.6759944  35.6170311  13.6760023    0.0382   -0.0285    0.0165 17  8 16.00    10.00 
  2020 11 14.714595  2 22 28.0827 +13 40 33.547  35.6170112  13.6759853  35.6170070  13.6759980    0.0147   -0.0454    0.0257 17  9  1.00    10.00 
  2020 11 14.715116  2 22 28.0771 +13 40 33.570  35.6169879  13.6759917  35.6169828  13.6759936    0.0177   -0.0069    0.0266 17  9 46.00    10.00 
  2020 11 14.715637  2 22 28.0730 +13 40 33.524  35.6169708  13.6759789  35.6169587  13.6759893    0.0422   -0.0372    0.0167 17 10 31.00    10.00 
  2020 11 14.716157  2 22 28.0651 +13 40 33.530  35.6169381  13.6759805  35.6169346  13.6759849    0.0122   -0.0158    0.0126 17 11 16.00    10.00 
  2020 11 14.716678  2 22 28.0594 +13 40 33.534  35.6169142  13.6759817  35.6169105  13.6759806    0.0129    0.0042    0.0188 17 12  1.00    10.00 
  2020 11 14.717199  2 22 28.0535 +13 40 33.483  35.6168896  13.6759674  35.6168863  13.6759762    0.0116   -0.0317    0.0138 17 12 46.00    10.00 
  2020 11 14.717720  2 22 28.0486 +13 40 33.486  35.6168690  13.6759684  35.6168622  13.6759719    0.0239   -0.0123    0.0156 17 13 31.00    10.00 
  2020 11 14.718241  2 22 28.0411 +13 40 33.435  35.6168377  13.6759541  35.6168381  13.6759675   -0.0012   -0.0482    0.0290 17 14 16.00    10.00 
  2020 11 14.718762  2 22 28.0370 +13 40 33.431  35.6168209  13.6759530  35.6168139  13.6759631    0.0245   -0.0363    0.0184 17 15  1.00    10.00 
  2020 11 14.719282  2 22 28.0308 +13 40 33.415  35.6167951  13.6759487  35.6167898  13.6759587    0.0185   -0.0362    0.0314 17 15 46.00    10.00 
  2020 11 14.719792  2 22 28.0247 +13 40 33.438  35.6167695  13.6759551  35.6167662  13.6759544    0.0117    0.0026    0.0154 17 16 30.00    10.00 
  2020 11 14.720313  2 22 28.0190 +13 40 33.401  35.6167460  13.6759449  35.6167420  13.6759500    0.0139   -0.0186    0.0272 17 17 15.00    10.00 
  2020 11 14.720833  2 22 28.0134 +13 40 33.387  35.6167223  13.6759408  35.6167179  13.6759456    0.0155   -0.0174    0.0379 17 18  0.00    10.00 
  2020 11 14.721354  2 22 28.0094 +13 40 33.360  35.6167058  13.6759335  35.6166938  13.6759412    0.0420   -0.0279    0.0195 17 18 45.00    10.00 
  2020 11 14.721875  2 22 28.0027 +13 40 33.361  35.6166778  13.6759336  35.6166696  13.6759368    0.0286   -0.0115    0.0131 17 19 30.00    10.00 
  2020 11 14.722396  2 22 27.9964 +13 40 33.361  35.6166518  13.6759336  35.6166455  13.6759324    0.0222    0.0044    0.0133 17 20 15.00    10.00 
  2020 11 14.722917  2 22 27.9904 +13 40 33.311  35.6166266  13.6759198  35.6166213  13.6759279    0.0185   -0.0295    0.0125 17 21  0.00    10.00 
  2020 11 14.723437  2 22 27.9836 +13 40 33.341  35.6165983  13.6759281  35.6165972  13.6759235    0.0039    0.0165    0.0287 17 21 45.00    10.00 
  2020 11 14.723958  2 22 27.9772 +13 40 33.298  35.6165716  13.6759162  35.6165730  13.6759191   -0.0050   -0.0105    0.0155 17 22 30.00    10.00 
  2020 11 14.724479  2 22 27.9735 +13 40 33.232  35.6165563  13.6758978  35.6165489  13.6759146    0.0261   -0.0607    0.0384 17 23 15.00    10.00 
  2020 11 14.725000  2 22 27.9665 +13 40 33.253  35.6165269  13.6759035  35.6165247  13.6759102    0.0076   -0.0240    0.0204 17 24  0.00    10.00 
  2020 11 14.725521  2 22 27.9605 +13 40 33.239  35.6165022  13.6758999  35.6165006  13.6759057    0.0057   -0.0211    0.0219 17 24 45.00    10.00 
  2020 11 14.726042  2 22 27.9563 +13 40 33.234  35.6164846  13.6758983  35.6164764  13.6759012    0.0285   -0.0106    0.0307 17 25 30.00    10.00 
  2020 11 14.726551  2 22 27.9479 +13 40 33.215  35.6164494  13.6758929  35.6164528  13.6758969   -0.0118   -0.0142    0.0234 17 26 14.00    10.00 
  2020 11 14.727072  2 22 27.9433 +13 40 33.179  35.6164303  13.6758831  35.6164287  13.6758924    0.0056   -0.0335    0.0190 17 26 59.00    10.00 
  2020 11 14.727593  2 22 27.9362 +13 40 33.156  35.6164008  13.6758768  35.6164045  13.6758879   -0.0128   -0.0401    0.0231 17 27 44.00    10.00 
  2020 11 14.728113  2 22 27.9306 +13 40 33.163  35.6163775  13.6758785  35.6163803  13.6758834   -0.0099   -0.0176    0.0345 17 28 29.00    10.00 
  2020 11 14.728634  2 22 27.9271 +13 40 33.142  35.6163630  13.6758727  35.6163562  13.6758789    0.0240   -0.0224    0.0153 17 29 14.00    10.00 
  2020 11 14.729155  2 22 27.9220 +13 40 33.147  35.6163416  13.6758743  35.6163320  13.6758744    0.0335   -0.0005    0.0238 17 29 59.00    10.00 
  2020 11 14.729676  2 22 27.9147 +13 40 33.114  35.6163113  13.6758650  35.6163079  13.6758699    0.0121   -0.0177    0.0202 17 30 44.00    10.00 
  2020 11 14.730197  2 22 27.9103 +13 40 33.070  35.6162928  13.6758528  35.6162837  13.6758654    0.0317   -0.0452    0.0170 17 31 29.00    10.00 
  2020 11 14.730718  2 22 27.9009 +13 40 33.089  35.6162537  13.6758580  35.6162595  13.6758609   -0.0203   -0.0104    0.0253 17 32 14.00    10.00 
  2020 11 14.731238  2 22 27.8976 +13 40 33.057  35.6162400  13.6758493  35.6162354  13.6758564    0.0162   -0.0255    0.0199 17 32 59.00    10.00 
  2020 11 14.731759  2 22 27.8922 +13 40 33.043  35.6162177  13.6758454  35.6162112  13.6758518    0.0227   -0.0232    0.0254 17 33 44.00    10.00 
  2020 11 14.732269  2 22 27.8859 +13 40 33.030  35.6161914  13.6758416  35.6161876  13.6758474    0.0134   -0.0207    0.0245 17 34 28.00    10.00 
  2020 11 14.732789  2 22 27.8785 +13 40 33.004  35.6161604  13.6758345  35.6161634  13.6758428   -0.0105   -0.0299    0.0276 17 35 13.00    10.00 
  2020 11 14.733831  2 22 27.8673 +13 40 33.016  35.6161138  13.6758378  35.6161151  13.6758337   -0.0045    0.0146    0.0264 17 36 43.00    10.00 
  2020 11 14.734352  2 22 27.8655 +13 40 32.936  35.6161061  13.6758155  35.6160909  13.6758292    0.0532   -0.0491    0.0197 17 37 28.00    10.00 
  2020 11 14.734873  2 22 27.8567 +13 40 32.911  35.6160697  13.6758085  35.6160667  13.6758246    0.0103   -0.0579    0.0204 17 38 13.00    10.00 
  2020 11 14.735394  2 22 27.8521 +13 40 32.922  35.6160503  13.6758116  35.6160425  13.6758200    0.0271   -0.0302    0.0259 17 38 58.00    10.00 
  2020 11 14.735914  2 22 27.8471 +13 40 32.943  35.6160296  13.6758176  35.6160184  13.6758154    0.0393    0.0077    0.0177 17 39 43.00    10.00 
  2020 11 14.736435  2 22 27.8398 +13 40 32.905  35.6159993  13.6758070  35.6159942  13.6758109    0.0180   -0.0137    0.0104 17 40 28.00    10.00 
  2020 11 14.736956  2 22 27.8340 +13 40 32.854  35.6159748  13.6757927  35.6159700  13.6758063    0.0168   -0.0490    0.0234 17 41 13.00    10.00 
  2020 11 14.737477  2 22 27.8281 +13 40 32.878  35.6159503  13.6757995  35.6159458  13.6758017    0.0156   -0.0079    0.0248 17 41 58.00    10.00 
  2020 11 14.737998  2 22 27.8209 +13 40 32.851  35.6159204  13.6757919  35.6159216  13.6757970   -0.0043   -0.0184    0.0233 17 42 43.00    10.00 
  2020 11 14.738507  2 22 27.8165 +13 40 32.804  35.6159022  13.6757789  35.6158980  13.6757925    0.0145   -0.0492    0.0168 17 43 27.00    10.00 
  2020 11 14.739028  2 22 27.8124 +13 40 32.788  35.6158850  13.6757745  35.6158738  13.6757879    0.0391   -0.0485    0.0247 17 44 12.00    10.00 
  2020 11 14.740081  2 22 27.7971 +13 40 32.776  35.6158213  13.6757710  35.6158249  13.6757786   -0.0127   -0.0271    0.0186 17 45 43.00    10.00 
  2020 11 14.740590  2 22 27.7929 +13 40 32.759  35.6158039  13.6757665  35.6158013  13.6757740    0.0093   -0.0272    0.0164 17 46 27.00    10.00 
  2020 11 14.741111  2 22 27.7875 +13 40 32.747  35.6157810  13.6757630  35.6157771  13.6757694    0.0139   -0.0229    0.0164 17 47 12.00    10.00 
  2020 11 14.741632  2 22 27.7808 +13 40 32.683  35.6157532  13.6757452  35.6157529  13.6757647    0.0010   -0.0704    0.0318 17 47 57.00    10.00 
  2020 11 15.628738  2 22 18.6881 +13 39 36.565  35.5778670  13.6601570  35.5778963  13.6601486   -0.1026    0.0302    0.0800 15  5 23.00    10.00 
  2020 11 15.629259  2 22 18.6854 +13 39 36.507  35.5778558  13.6601408  35.5778773  13.6601373   -0.0749    0.0127    0.0452 15  6  8.00    10.00 
  2020 11 15.629780  2 22 18.6840 +13 39 36.363  35.5778502  13.6601010  35.5778582  13.6601259   -0.0281   -0.0898    0.0566 15  6 53.00    10.00 
  2020 11 15.630301  2 22 18.6791 +13 39 36.417  35.5778297  13.6601158  35.5778391  13.6601146   -0.0329    0.0045    0.0553 15  7 38.00    10.00 
  2020 11 15.630822  2 22 18.6748 +13 39 36.411  35.5778118  13.6601142  35.5778201  13.6601032   -0.0288    0.0393    0.0500 15  8 23.00    10.00 
  2020 11 15.631343  2 22 18.6665 +13 39 36.311  35.5777771  13.6600864  35.5778010  13.6600919   -0.0837   -0.0200    0.0521 15  9  8.00    10.00 
  2020 11 15.631863  2 22 18.6669 +13 39 36.368  35.5777789  13.6601022  35.5777820  13.6600806   -0.0108    0.0780    0.0713 15  9 53.00    10.00 
  2020 11 15.632384  2 22 18.6588 +13 39 36.224  35.5777449  13.6600623  35.5777629  13.6600692   -0.0631   -0.0249    0.1501 15 10 38.00    10.00 
  2020 11 15.632905  2 22 18.6545 +13 39 36.166  35.5777270  13.6600461  35.5777439  13.6600579   -0.0592   -0.0424    0.0363 15 11 23.00    10.00 
  2020 11 15.633426  2 22 18.6489 +13 39 36.158  35.5777037  13.6600439  35.5777249  13.6600466   -0.0740   -0.0096    0.0317 15 12  8.00    10.00 
  2020 11 15.633947  2 22 18.6442 +13 39 36.119  35.5776843  13.6600331  35.5777058  13.6600352   -0.0753   -0.0076    0.0478 15 12 53.00    10.00 
  2020 11 15.634468  2 22 18.6381 +13 39 36.066  35.5776587  13.6600183  35.5776868  13.6600239   -0.0982   -0.0204    0.1039 15 13 38.00    10.00 
  2020 11 15.634988  2 22 18.6323 +13 39 36.029  35.5776347  13.6600081  35.5776678  13.6600126   -0.1158   -0.0163    0.0523 15 14 23.00    10.00 
  2020 11 15.635509  2 22 18.6308 +13 39 35.973  35.5776283  13.6599924  35.5776488  13.6600013   -0.0715   -0.0320    0.0442 15 15  8.00    10.00 
  2020 11 15.636030  2 22 18.6299 +13 39 35.892  35.5776248  13.6599699  35.5776298  13.6599899   -0.0174   -0.0720    0.0563 15 15 53.00    10.00 
  2020 11 15.636551  2 22 18.6248 +13 39 35.822  35.5776034  13.6599506  35.5776108  13.6599786   -0.0257   -0.1007    0.0631 15 16 38.00    10.00 
  2020 11 15.637072  2 22 18.6198 +13 39 35.864  35.5775823  13.6599623  35.5775918  13.6599673   -0.0330   -0.0181    0.0374 15 17 23.00    10.00 
  2020 11 15.637593  2 22 18.6131 +13 39 35.905  35.5775544  13.6599736  35.5775728  13.6599560   -0.0642    0.0634    0.0718 15 18  8.00    10.00 
  2020 11 15.638113  2 22 18.6112 +13 39 35.789  35.5775465  13.6599413  35.5775538  13.6599447   -0.0254   -0.0121    0.0245 15 18 53.00    10.00 
  2020 11 15.638634  2 22 18.6057 +13 39 35.744  35.5775236  13.6599288  35.5775348  13.6599333   -0.0391   -0.0163    0.0597 15 19 38.00    10.00 
  2020 11 15.639155  2 22 18.6010 +13 39 35.724  35.5775040  13.6599234  35.5775158  13.6599220   -0.0414    0.0050    0.0408 15 20 23.00    10.00 
  2020 11 15.639676  2 22 18.5987 +13 39 35.600  35.5774946  13.6598889  35.5774968  13.6599107   -0.0079   -0.0786    0.0526 15 21  8.00    10.00 
  2020 11 15.640185  2 22 18.5929 +13 39 35.655  35.5774704  13.6599040  35.5774783  13.6598996   -0.0275    0.0158    0.1078 15 21 52.00    10.00 
  2020 11 15.640706  2 22 18.5852 +13 39 35.605  35.5774384  13.6598902  35.5774593  13.6598883   -0.0730    0.0069    0.0371 15 22 37.00    10.00 
  2020 11 15.641227  2 22 18.5794 +13 39 35.603  35.5774141  13.6598898  35.5774403  13.6598770   -0.0918    0.0459    0.0402 15 23 22.00    10.00 
  2020 11 15.641748  2 22 18.5810 +13 39 35.496  35.5774210  13.6598599  35.5774214  13.6598657   -0.0015   -0.0209    0.0753 15 24  7.00    10.00 
  2020 11 15.642269  2 22 18.5746 +13 39 35.435  35.5773941  13.6598430  35.5774024  13.6598544   -0.0290   -0.0410    0.0647 15 24 52.00    10.00 
  2020 11 15.642789  2 22 18.5659 +13 39 35.548  35.5773578  13.6598744  35.5773835  13.6598431   -0.0898    0.1125    0.1155 15 25 37.00    10.00 
  2020 11 15.646435  2 22 18.5354 +13 39 35.133  35.5772307  13.6597592  35.5772510  13.6597640   -0.0708   -0.0173    0.0464 15 30 52.00    10.00 
  2020 11 15.646956  2 22 18.5326 +13 39 35.132  35.5772191  13.6597588  35.5772321  13.6597527   -0.0455    0.0219    0.0887 15 31 37.00    10.00 
  2020 11 15.647477  2 22 18.5296 +13 39 35.172  35.5772065  13.6597700  35.5772132  13.6597414   -0.0233    0.1027    0.0890 15 32 22.00    10.00 
  2020 11 15.649560  2 22 18.5117 +13 39 34.887  35.5771322  13.6596908  35.5771376  13.6596963   -0.0189   -0.0198    0.0560 15 35 22.00    10.00 
  2020 11 15.650081  2 22 18.5067 +13 39 34.839  35.5771115  13.6596775  35.5771187  13.6596850   -0.0254   -0.0271    0.0342 15 36  7.00    10.00 
  2020 11 15.650602  2 22 18.5039 +13 39 34.821  35.5770995  13.6596726  35.5770998  13.6596737   -0.0013   -0.0043    0.0565 15 36 52.00    10.00 
  2020 11 15.658403  2 22 18.4328 +13 39 34.191  35.5768031  13.6594975  35.5768177  13.6595050   -0.0509   -0.0271    0.0428 15 48  6.00    10.00 
  2020 11 15.658924  2 22 18.4295 +13 39 34.161  35.5767896  13.6594892  35.5767989  13.6594937   -0.0325   -0.0162    0.0408 15 48 51.00    10.00 
  2020 11 16.626713  2 22 10.9510 +13 38 49.870  35.5456291  13.6471861  35.5456230  13.6471934    0.0215   -0.0263    0.0472 15  2 28.00    10.00 
  2020 11 16.627234  2 22 10.9439 +13 38 49.799  35.5455997  13.6471665  35.5456041  13.6471916   -0.0152   -0.0904    0.0379 15  3 13.00    10.00 
  2020 11 16.627755  2 22 10.9405 +13 38 49.799  35.5455854  13.6471664  35.5455852  13.6471898    0.0008   -0.0843    0.0211 15  3 58.00    10.00 
  2020 11 16.628275  2 22 10.9361 +13 38 49.840  35.5455671  13.6471778  35.5455663  13.6471880    0.0029   -0.0364    0.0247 15  4 43.00    10.00 
  2020 11 16.628796  2 22 10.9306 +13 38 49.847  35.5455443  13.6471797  35.5455474  13.6471862   -0.0108   -0.0232    0.0218 15  5 28.00    10.00 
  2020 11 16.629838  2 22 10.9208 +13 38 49.827  35.5455034  13.6471741  35.5455095  13.6471826   -0.0213   -0.0305    0.0320 15  6 58.00    10.00 
  2020 11 16.630359  2 22 10.9180 +13 38 49.801  35.5454915  13.6471671  35.5454906  13.6471808    0.0033   -0.0494    0.0200 15  7 43.00    10.00 
  2020 11 16.630880  2 22 10.9125 +13 38 49.794  35.5454687  13.6471650  35.5454717  13.6471790   -0.0105   -0.0502    0.0253 15  8 28.00    10.00 
  2020 11 16.631400  2 22 10.9078 +13 38 49.778  35.5454490  13.6471606  35.5454527  13.6471772   -0.0130   -0.0598    0.0239 15  9 13.00    10.00 
  2020 11 16.631921  2 22 10.9046 +13 38 49.826  35.5454357  13.6471739  35.5454338  13.6471754    0.0066   -0.0056    0.0402 15  9 58.00    10.00 
  2020 11 16.632442  2 22 10.9005 +13 38 49.745  35.5454189  13.6471515  35.5454149  13.6471736    0.0142   -0.0799    0.0309 15 10 43.00    10.00 
  2020 11 16.632963  2 22 10.8947 +13 38 49.760  35.5453947  13.6471557  35.5453959  13.6471719   -0.0042   -0.0583    0.0440 15 11 28.00    10.00 
  2020 11 16.633484  2 22 10.8914 +13 38 49.788  35.5453808  13.6471633  35.5453769  13.6471701    0.0134   -0.0243    0.0257 15 12 13.00    10.00 
  2020 11 16.634005  2 22 10.8857 +13 38 49.755  35.5453571  13.6471542  35.5453580  13.6471683   -0.0032   -0.0507    0.0464 15 12 58.00    10.00 
  2020 11 16.634525  2 22 10.8832 +13 38 49.731  35.5453469  13.6471474  35.5453390  13.6471665    0.0274   -0.0690    0.0262 15 13 43.00    10.00 
  2020 11 16.635046  2 22 10.8768 +13 38 49.722  35.5453200  13.6471450  35.5453200  13.6471648   -0.0002   -0.0713    0.0222 15 14 28.00    10.00 
  2020 11 16.635567  2 22 10.8737 +13 38 49.727  35.5453071  13.6471465  35.5453011  13.6471630    0.0212   -0.0594    0.0522 15 15 13.00    10.00 
  2020 11 16.636088  2 22 10.8681 +13 38 49.684  35.5452837  13.6471344  35.5452821  13.6471612    0.0056   -0.0965    0.0530 15 15 58.00    10.00 
  2020 11 16.636609  2 22 10.8633 +13 38 49.739  35.5452636  13.6471498  35.5452631  13.6471595    0.0017   -0.0348    0.0441 15 16 43.00    10.00 
  2020 11 16.637118  2 22 10.8603 +13 38 49.663  35.5452512  13.6471285  35.5452445  13.6471577    0.0234   -0.1053    0.0816 15 17 27.00    10.00 
  2020 11 16.637639  2 22 10.8548 +13 38 49.656  35.5452285  13.6471266  35.5452255  13.6471560    0.0102   -0.1059    0.0543 15 18 12.00    10.00 
  2020 11 16.638681  2 22 10.8468 +13 38 49.705  35.5451949  13.6471403  35.5451875  13.6471525    0.0258   -0.0439    0.1270 15 19 42.00    10.00 
  2020 11 16.639201  2 22 10.8424 +13 38 49.667  35.5451769  13.6471297  35.5451685  13.6471507    0.0291   -0.0756    0.0463 15 20 27.00    10.00 
  2020 11 16.639722  2 22 10.8351 +13 38 49.671  35.5451464  13.6471308  35.5451495  13.6471490   -0.0110   -0.0654    0.0277 15 21 12.00    10.00 
  2020 11 16.640243  2 22 10.8335 +13 38 49.638  35.5451396  13.6471217  35.5451305  13.6471472    0.0319   -0.0917    0.0412 15 21 57.00    10.00 
  2020 11 16.640764  2 22 10.8253 +13 38 49.651  35.5451055  13.6471253  35.5451115  13.6471455   -0.0208   -0.0727    0.0275 15 22 42.00    10.00 
  2020 11 16.641285  2 22 10.8244 +13 38 49.640  35.5451016  13.6471223  35.5450924  13.6471437    0.0319   -0.0770    0.0322 15 23 27.00    10.00 
  2020 11 16.641806  2 22 10.8165 +13 38 49.707  35.5450689  13.6471409  35.5450734  13.6471420   -0.0157   -0.0040    0.0409 15 24 12.00    10.00 
  2020 11 16.642326  2 22 10.8131 +13 38 49.672  35.5450548  13.6471311  35.5450544  13.6471402    0.0014   -0.0329    0.0431 15 24 57.00    10.00 
  2020 11 16.642847  2 22 10.8107 +13 38 49.632  35.5450447  13.6471201  35.5450353  13.6471385    0.0330   -0.0663    0.0297 15 25 42.00    10.00 
  2020 11 16.643368  2 22 10.8071 +13 38 49.603  35.5450297  13.6471120  35.5450163  13.6471368    0.0471   -0.0890    0.0294 15 26 27.00    10.00 
  2020 11 16.643889  2 22 10.7996 +13 38 49.648  35.5449982  13.6471243  35.5449972  13.6471350    0.0033   -0.0385    0.0276 15 27 12.00    10.00 
  2020 11 16.644410  2 22 10.7958 +13 38 49.656  35.5449826  13.6471266  35.5449781  13.6471333    0.0156   -0.0242    0.0242 15 27 57.00    10.00 
  2020 11 16.644931  2 22 10.7894 +13 38 49.648  35.5449558  13.6471244  35.5449591  13.6471316   -0.0114   -0.0258    0.0272 15 28 42.00    10.00 
  2020 11 16.645451  2 22 10.7843 +13 38 49.635  35.5449346  13.6471209  35.5449400  13.6471298   -0.0190   -0.0321    0.0239 15 29 27.00    10.00 
  2020 11 16.645961  2 22 10.7810 +13 38 49.613  35.5449209  13.6471148  35.5449214  13.6471281   -0.0016   -0.0479    0.0266 15 30 11.00    10.00 
  2020 11 16.646481  2 22 10.7739 +13 38 49.631  35.5448913  13.6471196  35.5449023  13.6471264   -0.0385   -0.0243    0.0363 15 30 56.00    10.00 
  2020 11 16.647002  2 22 10.7740 +13 38 49.581  35.5448917  13.6471059  35.5448832  13.6471247    0.0298   -0.0675    0.0403 15 31 41.00    10.00 
  2020 11 16.647523  2 22 10.7659 +13 38 49.621  35.5448581  13.6471171  35.5448641  13.6471230   -0.0210   -0.0213    0.0205 15 32 26.00    10.00 
  2020 11 16.648044  2 22 10.7636 +13 38 49.574  35.5448484  13.6471040  35.5448450  13.6471212    0.0118   -0.0620    0.0407 15 33 11.00    10.00 
  2020 11 16.648565  2 22 10.7634 +13 38 49.542  35.5448474  13.6470951  35.5448259  13.6471195    0.0752   -0.0879    0.0489 15 33 56.00    10.00 
  2020 11 16.649086  2 22 10.7531 +13 38 49.584  35.5448047  13.6471065  35.5448068  13.6471178   -0.0072   -0.0406    0.0190 15 34 41.00    10.00 
  2020 11 16.649606  2 22 10.7480 +13 38 49.565  35.5447832  13.6471015  35.5447877  13.6471161   -0.0158   -0.0527    0.0407 15 35 26.00    10.00 
  2020 11 16.650127  2 22 10.7453 +13 38 49.556  35.5447719  13.6470990  35.5447686  13.6471144    0.0115   -0.0553    0.0319 15 36 11.00    10.00 
  2020 11 16.650648  2 22 10.7394 +13 38 49.580  35.5447475  13.6471055  35.5447495  13.6471127   -0.0070   -0.0257    0.0373 15 36 56.00    10.00 
  2020 11 16.651169  2 22 10.7345 +13 38 49.546  35.5447273  13.6470961  35.5447303  13.6471110   -0.0107   -0.0534    0.0283 15 37 41.00    10.00 
  2020 11 16.651690  2 22 10.7314 +13 38 49.555  35.5447140  13.6470987  35.5447112  13.6471093    0.0098   -0.0379    0.0399 15 38 26.00    10.00 
  2020 11 16.652211  2 22 10.7266 +13 38 49.540  35.5446943  13.6470944  35.5446921  13.6471076    0.0077   -0.0476    0.0339 15 39 11.00    10.00 
  2020 11 16.652731  2 22 10.7254 +13 38 49.513  35.5446893  13.6470868  35.5446729  13.6471059    0.0573   -0.0685    0.0387 15 39 56.00    10.00 
  2020 11 16.653252  2 22 10.7190 +13 38 49.535  35.5446627  13.6470932  35.5446538  13.6471042    0.0311   -0.0396    0.0204 15 40 41.00    10.00 
  2020 11 16.653773  2 22 10.7123 +13 38 49.549  35.5446345  13.6470968  35.5446346  13.6471025   -0.0003   -0.0202    0.0495 15 41 26.00    10.00 
  2020 11 16.654294  2 22 10.7084 +13 38 49.536  35.5446185  13.6470933  35.5446155  13.6471008    0.0106   -0.0270    0.0491 15 42 11.00    10.00 
  2020 11 16.654815  2 22 10.7037 +13 38 49.494  35.5445987  13.6470818  35.5445963  13.6470991    0.0082   -0.0623    0.0319 15 42 56.00    10.00 
  2020 11 16.655324  2 22 10.7000 +13 38 49.490  35.5445834  13.6470807  35.5445776  13.6470974    0.0202   -0.0604    0.0230 15 43 40.00    10.00 
  2020 11 16.655845  2 22 10.6968 +13 38 49.471  35.5445700  13.6470753  35.5445584  13.6470957    0.0405   -0.0736    0.0334 15 44 25.00    10.00 
  2020 11 16.656366  2 22 10.6912 +13 38 49.480  35.5445468  13.6470778  35.5445392  13.6470940    0.0263   -0.0583    0.0399 15 45 10.00    10.00 
  2020 11 16.656887  2 22 10.6863 +13 38 49.462  35.5445262  13.6470728  35.5445201  13.6470923    0.0214   -0.0705    0.0372 15 45 55.00    10.00 
  2020 11 16.657407  2 22 10.6839 +13 38 49.438  35.5445165  13.6470662  35.5445009  13.6470907    0.0545   -0.0879    0.0532 15 46 40.00    10.00 
  2020 11 16.657928  2 22 10.6767 +13 38 49.485  35.5444863  13.6470792  35.5444817  13.6470890    0.0162   -0.0352    0.0243 15 47 25.00    10.00 
  2020 11 16.658449  2 22 10.6735 +13 38 49.405  35.5444729  13.6470570  35.5444625  13.6470873    0.0364   -0.1091    0.0345 15 48 10.00    10.00 
  2020 11 16.658970  2 22 10.6682 +13 38 49.475  35.5444507  13.6470763  35.5444433  13.6470856    0.0260   -0.0335    0.0261 15 48 55.00    10.00 
  2020 11 16.659491  2 22 10.6646 +13 38 49.438  35.5444359  13.6470660  35.5444241  13.6470839    0.0414   -0.0645    0.0370 15 49 40.00    10.00 
  2020 11 16.660012  2 22 10.6576 +13 38 49.450  35.5444065  13.6470694  35.5444049  13.6470823    0.0057   -0.0465    0.0199 15 50 25.00    10.00 
  2020 11 16.660532  2 22 10.6547 +13 38 49.436  35.5443947  13.6470655  35.5443857  13.6470806    0.0317   -0.0543    0.0636 15 51 10.00    10.00 
  2020 11 16.661053  2 22 10.6500 +13 38 49.416  35.5443749  13.6470599  35.5443664  13.6470789    0.0297   -0.0683    0.0254 15 51 55.00    10.00 
  2020 11 16.661574  2 22 10.6452 +13 38 49.385  35.5443551  13.6470514  35.5443472  13.6470772    0.0277   -0.0932    0.0276 15 52 40.00    10.00 
  2020 11 16.662083  2 22 10.6401 +13 38 49.424  35.5443338  13.6470622  35.5443284  13.6470756    0.0188   -0.0482    0.0511 15 53 24.00    10.00 
  2020 11 16.662604  2 22 10.6366 +13 38 49.413  35.5443191  13.6470592  35.5443092  13.6470739    0.0347   -0.0530    0.0368 15 54  9.00    10.00 
  2020 11 16.663125  2 22 10.6299 +13 38 49.397  35.5442912  13.6470547  35.5442899  13.6470723    0.0045   -0.0633    0.0386 15 54 54.00    10.00 
  2020 11 16.663646  2 22 10.6255 +13 38 49.414  35.5442730  13.6470594  35.5442707  13.6470706    0.0081   -0.0403    0.0413 15 55 39.00    10.00 
  2020 11 16.664167  2 22 10.6217 +13 38 49.398  35.5442572  13.6470551  35.5442515  13.6470690    0.0201   -0.0498    0.0312 15 56 24.00    10.00 
  2020 11 16.664687  2 22 10.6174 +13 38 49.413  35.5442394  13.6470591  35.5442322  13.6470673    0.0250   -0.0294    0.0251 15 57  9.00    10.00 
  2020 11 16.665208  2 22 10.6134 +13 38 49.393  35.5442225  13.6470537  35.5442129  13.6470656    0.0333   -0.0429    0.0632 15 57 54.00    10.00 
  2020 11 16.665729  2 22 10.6066 +13 38 49.394  35.5441942  13.6470539  35.5441937  13.6470640    0.0017   -0.0364    0.0226 15 58 39.00    10.00 
  2020 11 16.666250  2 22 10.6041 +13 38 49.327  35.5441837  13.6470353  35.5441744  13.6470623    0.0323   -0.0974    0.0385 15 59 24.00    10.00 
  2020 11 16.666771  2 22 10.6003 +13 38 49.363  35.5441680  13.6470452  35.5441551  13.6470607    0.0451   -0.0557    0.0313 16  0  9.00    10.00 
  2020 11 16.667292  2 22 10.5946 +13 38 49.381  35.5441443  13.6470502  35.5441359  13.6470590    0.0294   -0.0316    0.0346 16  0 54.00    10.00 
  2020 11 16.667813  2 22 10.5864 +13 38 49.322  35.5441098  13.6470338  35.5441166  13.6470574   -0.0237   -0.0849    0.0346 16  1 39.00    10.00 
  2020 11 16.668333  2 22 10.5869 +13 38 49.287  35.5441122  13.6470242  35.5440973  13.6470557    0.0521   -0.1134    0.0384 16  2 24.00    10.00 
  2020 11 16.668854  2 22 10.5801 +13 38 49.360  35.5440839  13.6470443  35.5440780  13.6470541    0.0206   -0.0350    0.0393 16  3  9.00    10.00 
  2020 11 16.669375  2 22 10.5769 +13 38 49.318  35.5440705  13.6470328  35.5440587  13.6470524    0.0412   -0.0706    0.0302 16  3 54.00    10.00 
  2020 11 16.669896  2 22 10.5745 +13 38 49.296  35.5440604  13.6470267  35.5440394  13.6470508    0.0734   -0.0867    0.0239 16  4 39.00    10.00 
  2020 11 16.670417  2 22 10.5685 +13 38 49.320  35.5440355  13.6470334  35.5440201  13.6470491    0.0537   -0.0568    0.0450 16  5 24.00    10.00 
  2020 11 16.670938  2 22 10.5639 +13 38 49.273  35.5440163  13.6470203  35.5440008  13.6470475    0.0544   -0.0978    0.0394 16  6  9.00    10.00 
  2020 11 16.671458  2 22 10.5590 +13 38 49.299  35.5439959  13.6470275  35.5439815  13.6470459    0.0505   -0.0662    0.0339 16  6 54.00    10.00 
  2020 11 16.671979  2 22 10.5496 +13 38 49.311  35.5439565  13.6470307  35.5439622  13.6470442   -0.0199   -0.0485    0.0358 16  7 39.00    10.00 
  2020 11 16.672500  2 22 10.5485 +13 38 49.265  35.5439521  13.6470180  35.5439428  13.6470426    0.0324   -0.0886    0.0463 16  8 24.00    10.00 
  2020 11 16.673021  2 22 10.5416 +13 38 49.286  35.5439234  13.6470240  35.5439235  13.6470409   -0.0005   -0.0610    0.0422 16  9  9.00    10.00 
  2020 11 16.673542  2 22 10.5387 +13 38 49.278  35.5439114  13.6470216  35.5439042  13.6470393    0.0253   -0.0637    0.0260 16  9 54.00    10.00 
  2020 11 16.674051  2 22 10.5329 +13 38 49.287  35.5438869  13.6470242  35.5438853  13.6470377    0.0059   -0.0488    0.0205 16 10 38.00    10.00 
  2020 11 16.674572  2 22 10.5275 +13 38 49.294  35.5438648  13.6470262  35.5438659  13.6470361   -0.0040   -0.0355    0.0296 16 11 23.00    10.00 
  2020 11 16.675093  2 22 10.5255 +13 38 49.202  35.5438562  13.6470005  35.5438466  13.6470345    0.0337   -0.1222    0.0269 16 12  8.00    10.00 
  2020 11 16.675613  2 22 10.5223 +13 38 49.232  35.5438427  13.6470089  35.5438272  13.6470328    0.0544   -0.0863    0.0385 16 12 53.00    10.00 
  2020 11 16.676134  2 22 10.5166 +13 38 49.250  35.5438191  13.6470138  35.5438078  13.6470312    0.0393   -0.0627    0.0351 16 13 38.00    10.00 
  2020 11 16.676655  2 22 10.5121 +13 38 49.256  35.5438005  13.6470157  35.5437885  13.6470296    0.0419   -0.0501    0.0236 16 14 23.00    10.00 
  2020 11 16.677176  2 22 10.5057 +13 38 49.194  35.5437736  13.6469983  35.5437691  13.6470280    0.0156   -0.1069    0.0471 16 15  8.00    10.00 
  2020 11 16.677697  2 22 10.5030 +13 38 49.217  35.5437626  13.6470048  35.5437497  13.6470263    0.0450   -0.0777    0.0428 16 15 53.00    10.00 
  2020 11 16.678218  2 22 10.4989 +13 38 49.268  35.5437453  13.6470189  35.5437304  13.6470247    0.0521   -0.0208    0.0553 16 16 38.00    10.00 
  2020 11 16.678738  2 22 10.4925 +13 38 49.247  35.5437185  13.6470131  35.5437110  13.6470231    0.0265   -0.0362    0.0283 16 17 23.00    10.00 
  2020 11 16.679259  2 22 10.4867 +13 38 49.177  35.5436948  13.6469937  35.5436916  13.6470215    0.0112   -0.0999    0.0356 16 18  8.00    10.00 
  2020 11 16.679780  2 22 10.4829 +13 38 49.211  35.5436786  13.6470030  35.5436722  13.6470199    0.0222   -0.0606    0.0415 16 18 53.00    10.00 
  2020 11 16.680301  2 22 10.4775 +13 38 49.218  35.5436561  13.6470049  35.5436528  13.6470183    0.0114   -0.0480    0.0206 16 19 38.00    10.00 
  2020 11 16.680822  2 22 10.4747 +13 38 49.222  35.5436447  13.6470061  35.5436334  13.6470167    0.0395   -0.0379    0.0344 16 20 23.00    10.00 
  2020 11 16.681331  2 22 10.4688 +13 38 49.215  35.5436201  13.6470042  35.5436144  13.6470151    0.0200   -0.0392    0.0355 16 21  7.00    10.00 
  2020 11 16.681852  2 22 10.4626 +13 38 49.200  35.5435940  13.6470001  35.5435950  13.6470135   -0.0035   -0.0482    0.0346 16 21 52.00    10.00 
  2020 11 16.682373  2 22 10.4586 +13 38 49.197  35.5435773  13.6469993  35.5435756  13.6470119    0.0061   -0.0452    0.0394 16 22 37.00    10.00 
  2020 11 16.682894  2 22 10.4524 +13 38 49.211  35.5435519  13.6470031  35.5435562  13.6470103   -0.0151   -0.0259    0.0226 16 23 22.00    10.00 
  2020 11 16.683414  2 22 10.4488 +13 38 49.228  35.5435367  13.6470079  35.5435367  13.6470087   -0.0003   -0.0027    0.0412 16 24  7.00    10.00 
  2020 11 16.683935  2 22 10.4457 +13 38 49.165  35.5435237  13.6469902  35.5435173  13.6470071    0.0224   -0.0608    0.0330 16 24 52.00    10.00 
  2020 11 16.684456  2 22 10.4397 +13 38 49.187  35.5434986  13.6469964  35.5434979  13.6470054    0.0026   -0.0326    0.0449 16 25 37.00    10.00 
  2020 11 16.684977  2 22 10.4342 +13 38 49.201  35.5434757  13.6470002  35.5434784  13.6470039   -0.0095   -0.0133    0.0257 16 26 22.00    10.00 
  2020 11 16.685498  2 22 10.4304 +13 38 49.182  35.5434602  13.6469949  35.5434590  13.6470023    0.0041   -0.0263    0.0293 16 27  7.00    10.00 
  2020 11 16.686019  2 22 10.4261 +13 38 49.152  35.5434420  13.6469868  35.5434395  13.6470007    0.0088   -0.0500    0.0380 16 27 52.00    10.00 
  2020 11 16.686539  2 22 10.4241 +13 38 49.152  35.5434336  13.6469867  35.5434201  13.6469991    0.0472   -0.0446    0.0357 16 28 37.00    10.00 
  2020 11 16.687060  2 22 10.4169 +13 38 49.135  35.5434039  13.6469820  35.5434006  13.6469975    0.0114   -0.0555    0.0332 16 29 22.00    10.00 
  2020 11 16.687581  2 22 10.4126 +13 38 49.133  35.5433858  13.6469814  35.5433812  13.6469959    0.0163   -0.0522    0.0224 16 30  7.00    10.00 
  2020 11 16.688090  2 22 10.4078 +13 38 49.150  35.5433657  13.6469861  35.5433621  13.6469943    0.0124   -0.0297    0.0256 16 30 51.00    10.00 
  2020 11 16.688611  2 22 10.4043 +13 38 49.152  35.5433514  13.6469866  35.5433426  13.6469927    0.0306   -0.0220    0.0405 16 31 36.00    10.00 
  2020 11 16.689132  2 22 10.3996 +13 38 49.101  35.5433315  13.6469724  35.5433232  13.6469911    0.0292   -0.0676    0.0316 16 32 21.00    10.00 
  2020 11 16.689653  2 22 10.3940 +13 38 49.125  35.5433083  13.6469793  35.5433037  13.6469895    0.0160   -0.0370    0.0234 16 33  6.00    10.00 
  2020 11 16.690174  2 22 10.3924 +13 38 49.140  35.5433016  13.6469834  35.5432842  13.6469880    0.0609   -0.0165    0.0466 16 33 51.00    10.00 
  2020 11 16.690694  2 22 10.3832 +13 38 49.072  35.5432635  13.6469645  35.5432647  13.6469864   -0.0043   -0.0788    0.0327 16 34 36.00    10.00 
  2020 11 16.691215  2 22 10.3827 +13 38 49.066  35.5432611  13.6469627  35.5432452  13.6469848    0.0557   -0.0794    0.0345 16 35 21.00    10.00 
  2020 11 16.691736  2 22 10.3741 +13 38 49.097  35.5432254  13.6469713  35.5432257  13.6469832   -0.0009   -0.0428    0.0304 16 36  6.00    10.00 
  2020 11 16.692257  2 22 10.3688 +13 38 49.107  35.5432033  13.6469742  35.5432062  13.6469816   -0.0103   -0.0267    0.0277 16 36 51.00    10.00 
  2020 11 16.692778  2 22 10.3667 +13 38 49.077  35.5431944  13.6469658  35.5431867  13.6469800    0.0269   -0.0514    0.0276 16 37 36.00    10.00 
  2020 11 16.693299  2 22 10.3583 +13 38 49.050  35.5431595  13.6469584  35.5431672  13.6469785   -0.0270   -0.0724    0.0240 16 38 21.00    10.00 
  2020 11 16.693819  2 22 10.3559 +13 38 49.073  35.5431495  13.6469649  35.5431476  13.6469769    0.0064   -0.0433    0.0155 16 39  6.00    10.00 
  2020 11 16.694329  2 22 10.3520 +13 38 49.036  35.5431332  13.6469545  35.5431286  13.6469754    0.0162   -0.0751    0.0253 16 39 50.00    10.00 
  2020 11 16.694850  2 22 10.3469 +13 38 49.067  35.5431119  13.6469631  35.5431090  13.6469738    0.0100   -0.0385    0.0227 16 40 35.00    10.00 
  2020 11 16.695370  2 22 10.3411 +13 38 49.034  35.5430878  13.6469538  35.5430895  13.6469722   -0.0060   -0.0663    0.0258 16 41 20.00    10.00 
  2020 11 16.695891  2 22 10.3397 +13 38 49.010  35.5430822  13.6469472  35.5430699  13.6469706    0.0428   -0.0845    0.0307 16 42  5.00    10.00 
  2020 11 16.696412  2 22 10.3334 +13 38 49.031  35.5430557  13.6469531  35.5430504  13.6469691    0.0185   -0.0574    0.0296 16 42 50.00    10.00 
  2020 11 16.696933  2 22 10.3281 +13 38 49.038  35.5430337  13.6469549  35.5430309  13.6469675    0.0099   -0.0454    0.0256 16 43 35.00    10.00 
  2020 11 16.697454  2 22 10.3261 +13 38 48.991  35.5430253  13.6469418  35.5430113  13.6469659    0.0488   -0.0867    0.0336 16 44 20.00    10.00 
  2020 11 16.697975  2 22 10.3178 +13 38 49.019  35.5429910  13.6469496  35.5429917  13.6469644   -0.0027   -0.0529    0.0349 16 45  5.00    10.00 
  2020 11 16.698495  2 22 10.3143 +13 38 48.984  35.5429763  13.6469401  35.5429722  13.6469628    0.0145   -0.0817    0.0305 16 45 50.00    10.00 
  2020 11 16.699016  2 22 10.3061 +13 38 49.011  35.5429421  13.6469474  35.5429526  13.6469612   -0.0369   -0.0499    0.0511 16 46 35.00    10.00 
  2020 11 16.699537  2 22 10.3039 +13 38 49.010  35.5429329  13.6469472  35.5429330  13.6469597   -0.0003   -0.0450    0.0400 16 47 20.00    10.00 
  2020 11 16.701620  2 22 10.2853 +13 38 49.040  35.5428553  13.6469554  35.5428547  13.6469534    0.0020    0.0073    0.0561 16 50 20.00    10.00 
  2020 11 16.702141  2 22 10.2810 +13 38 48.972  35.5428376  13.6469367  35.5428351  13.6469519    0.0088   -0.0545    0.0718 16 51  5.00    10.00 
  2020 11 16.702662  2 22 10.2775 +13 38 48.994  35.5428231  13.6469427  35.5428155  13.6469503    0.0265   -0.0274    0.0330 16 51 50.00    10.00 
  2020 11 16.703183  2 22 10.2706 +13 38 49.003  35.5427943  13.6469454  35.5427959  13.6469487   -0.0057   -0.0121    0.0634 16 52 35.00    10.00 
  2020 11 16.703704  2 22 10.2704 +13 38 48.987  35.5427933  13.6469409  35.5427763  13.6469472    0.0594   -0.0225    0.0824 16 53 20.00    10.00 
  2020 11 16.704734  2 22 10.2562 +13 38 48.953  35.5427340  13.6469313  35.5427375  13.6469441   -0.0121   -0.0462    0.1349 16 54 49.00    10.00 
  2020 11 16.705775  2 22 10.2447 +13 38 48.941  35.5426861  13.6469281  35.5426982  13.6469410   -0.0426   -0.0464    0.1172 16 56 19.00    10.00 
  2020 11 16.706296  2 22 10.2435 +13 38 48.938  35.5426811  13.6469271  35.5426786  13.6469395    0.0089   -0.0444    0.0267 16 57  4.00    10.00 
  2020 11 16.706817  2 22 10.2392 +13 38 48.884  35.5426631  13.6469123  35.5426590  13.6469379    0.0146   -0.0923    0.0502 16 57 49.00    10.00 
  2020 11 16.707338  2 22 10.2372 +13 38 48.906  35.5426548  13.6469184  35.5426393  13.6469364    0.0543   -0.0648    0.0343 16 58 34.00    10.00 
  2020 11 16.707859  2 22 10.2289 +13 38 48.930  35.5426204  13.6469249  35.5426197  13.6469348    0.0027   -0.0358    0.0301 16 59 19.00    10.00 
  2020 11 16.708380  2 22 10.2238 +13 38 48.916  35.5425993  13.6469211  35.5426000  13.6469333   -0.0023   -0.0438    0.0175 17  0  4.00    10.00 
  2020 11 16.708900  2 22 10.2202 +13 38 48.959  35.5425841  13.6469331  35.5425804  13.6469317    0.0130    0.0049    0.0636 17  0 49.00    10.00 
  2020 11 16.709421  2 22 10.2160 +13 38 48.895  35.5425666  13.6469153  35.5425607  13.6469302    0.0205   -0.0537    0.0142 17  1 34.00    10.00 
  2020 11 16.709942  2 22 10.2114 +13 38 48.901  35.5425475  13.6469171  35.5425410  13.6469286    0.0228   -0.0417    0.0353 17  2 19.00    10.00 
  2020 11 16.710463  2 22 10.2069 +13 38 48.911  35.5425289  13.6469196  35.5425214  13.6469271    0.0265   -0.0270    0.0422 17  3  4.00    10.00 
  2020 11 16.710984  2 22 10.2023 +13 38 48.915  35.5425098  13.6469209  35.5425017  13.6469256    0.0283   -0.0170    0.0562 17  3 49.00    10.00 
  2020 11 16.711505  2 22 10.1990 +13 38 48.930  35.5424958  13.6469250  35.5424820  13.6469240    0.0483    0.0034    0.0817 17  4 34.00    10.00 
  2020 11 16.712025  2 22 10.1915 +13 38 48.894  35.5424646  13.6469150  35.5424623  13.6469225    0.0080   -0.0271    0.0397 17  5 19.00    10.00 
  2020 11 16.712535  2 22 10.1877 +13 38 48.875  35.5424486  13.6469098  35.5424431  13.6469210    0.0192   -0.0402    0.0344 17  6  3.00    10.00 
  2020 11 16.713056  2 22 10.1834 +13 38 48.870  35.5424309  13.6469084  35.5424234  13.6469194    0.0263   -0.0396    0.0365 17  6 48.00    10.00 
  2020 11 16.713576  2 22 10.1785 +13 38 48.891  35.5424106  13.6469143  35.5424037  13.6469179    0.0242   -0.0132    0.0274 17  7 33.00    10.00 
  2020 11 16.714097  2 22 10.1736 +13 38 48.835  35.5423899  13.6468985  35.5423840  13.6469164    0.0208   -0.0643    0.0293 17  8 18.00    10.00 
  2020 11 16.714618  2 22 10.1679 +13 38 48.864  35.5423662  13.6469066  35.5423643  13.6469148    0.0067   -0.0296    0.0201 17  9  3.00    10.00 
  2020 11 16.715139  2 22 10.1655 +13 38 48.867  35.5423564  13.6469075  35.5423446  13.6469133    0.0416   -0.0208    0.0244 17  9 48.00    10.00 
  2020 11 16.715660  2 22 10.1583 +13 38 48.857  35.5423264  13.6469048  35.5423248  13.6469118    0.0055   -0.0250    0.0300 17 10 33.00    10.00 
  2020 11 16.716181  2 22 10.1547 +13 38 48.787  35.5423112  13.6468851  35.5423051  13.6469103    0.0213   -0.0904    0.0372 17 11 18.00    10.00 
  2020 11 16.716701  2 22 10.1510 +13 38 48.800  35.5422959  13.6468889  35.5422854  13.6469087    0.0369   -0.0712    0.0357 17 12  3.00    10.00 
  2020 11 16.717222  2 22 10.1435 +13 38 48.837  35.5422648  13.6468992  35.5422657  13.6469072   -0.0031   -0.0288    0.0327 17 12 48.00    10.00 
  2020 11 16.717743  2 22 10.1394 +13 38 48.801  35.5422475  13.6468891  35.5422459  13.6469057    0.0054   -0.0596    0.0289 17 13 33.00    10.00 
  2020 11 16.718264  2 22 10.1342 +13 38 48.820  35.5422260  13.6468943  35.5422262  13.6469041   -0.0007   -0.0353    0.0199 17 14 18.00    10.00 
  2020 11 16.718785  2 22 10.1306 +13 38 48.815  35.5422110  13.6468930  35.5422064  13.6469026    0.0159   -0.0347    0.0257 17 15  3.00    10.00 
  2020 11 16.719306  2 22 10.1250 +13 38 48.767  35.5421877  13.6468798  35.5421867  13.6469011    0.0035   -0.0766    0.0225 17 15 48.00    10.00 
  2020 11 16.719815  2 22 10.1210 +13 38 48.782  35.5421710  13.6468839  35.5421674  13.6468996    0.0126   -0.0563    0.0358 17 16 32.00    10.00 
  2020 11 16.720336  2 22 10.1173 +13 38 48.780  35.5421552  13.6468832  35.5421476  13.6468981    0.0265   -0.0535    0.0280 17 17 17.00    10.00 
  2020 11 16.720856  2 22 10.1130 +13 38 48.774  35.5421376  13.6468816  35.5421279  13.6468966    0.0340   -0.0538    0.0295 17 18  2.00    10.00 
  2020 11 16.721377  2 22 10.1065 +13 38 48.748  35.5421104  13.6468746  35.5421081  13.6468950    0.0080   -0.0736    0.0490 17 18 47.00    10.00 
  2020 11 16.721898  2 22 10.1006 +13 38 48.797  35.5420857  13.6468881  35.5420883  13.6468935   -0.0091   -0.0196    0.0285 17 19 32.00    10.00 
  2020 11 16.722419  2 22 10.1012 +13 38 48.745  35.5420883  13.6468735  35.5420686  13.6468920    0.0692   -0.0665    0.0458 17 20 17.00    10.00 
  2020 11 16.722940  2 22 10.0918 +13 38 48.728  35.5420493  13.6468690  35.5420488  13.6468905    0.0019   -0.0772    0.0431 17 21  2.00    10.00 
  2020 11 16.723461  2 22 10.0869 +13 38 48.745  35.5420289  13.6468737  35.5420290  13.6468890   -0.0002   -0.0549    0.0215 17 21 47.00    10.00 
  2020 11 16.723981  2 22 10.0841 +13 38 48.746  35.5420172  13.6468738  35.5420092  13.6468874    0.0280   -0.0492    0.0291 17 22 32.00    10.00 
  2020 11 16.724502  2 22 10.0802 +13 38 48.704  35.5420007  13.6468622  35.5419894  13.6468859    0.0394   -0.0852    0.0316 17 23 17.00    10.00 
  2020 11 16.725023  2 22 10.0736 +13 38 48.747  35.5419733  13.6468742  35.5419696  13.6468844    0.0129   -0.0366    0.0476 17 24  2.00    10.00 
  2020 11 16.725544  2 22 10.0672 +13 38 48.730  35.5419469  13.6468693  35.5419498  13.6468829   -0.0103   -0.0489    0.0437 17 24 47.00    10.00 
  2020 11 16.726065  2 22 10.0642 +13 38 48.720  35.5419341  13.6468666  35.5419300  13.6468814    0.0143   -0.0531    0.0309 17 25 32.00    10.00 
  2020 11 16.726586  2 22 10.0589 +13 38 48.727  35.5419120  13.6468686  35.5419102  13.6468799    0.0062   -0.0406    0.0330 17 26 17.00    10.00 
  2020 11 16.727106  2 22 10.0551 +13 38 48.673  35.5418963  13.6468537  35.5418904  13.6468783    0.0206   -0.0886    0.0290 17 27  2.00    10.00 
  2020 11 16.727627  2 22 10.0547 +13 38 48.750  35.5418944  13.6468751  35.5418705  13.6468768    0.0835   -0.0061    0.0381 17 27 47.00    10.00 
  2020 11 16.728657  2 22 10.0401 +13 38 48.659  35.5418336  13.6468498  35.5418313  13.6468738    0.0078   -0.0866    0.0401 17 29 16.00    10.00 
  2020 11 16.729178  2 22 10.0365 +13 38 48.685  35.5418185  13.6468570  35.5418115  13.6468723    0.0247   -0.0552    0.0190 17 30  1.00    10.00 
  2020 11 16.729699  2 22 10.0294 +13 38 48.720  35.5417891  13.6468668  35.5417917  13.6468708   -0.0090   -0.0145    0.0352 17 30 46.00    10.00 
  2020 11 16.730220  2 22 10.0270 +13 38 48.675  35.5417791  13.6468541  35.5417718  13.6468693    0.0254   -0.0546    0.0435 17 31 31.00    10.00 
  2020 11 16.730741  2 22 10.0211 +13 38 48.641  35.5417546  13.6468447  35.5417520  13.6468678    0.0091   -0.0832    0.0343 17 32 16.00    10.00 
  2020 11 16.731262  2 22 10.0190 +13 38 48.664  35.5417460  13.6468510  35.5417321  13.6468663    0.0484   -0.0551    0.0395 17 33  1.00    10.00 
  2020 11 16.731782  2 22 10.0105 +13 38 48.678  35.5417104  13.6468549  35.5417123  13.6468648   -0.0066   -0.0355    0.0362 17 33 46.00    10.00 
  2020 11 16.732303  2 22 10.0069 +13 38 48.638  35.5416954  13.6468438  35.5416924  13.6468633    0.0104   -0.0700    0.0370 17 34 31.00    10.00 
  2020 11 16.732824  2 22 10.0031 +13 38 48.629  35.5416794  13.6468413  35.5416725  13.6468618    0.0240   -0.0738    0.0304 17 35 16.00    10.00 
  2020 11 16.733345  2 22 10.0009 +13 38 48.608  35.5416704  13.6468357  35.5416527  13.6468603    0.0620   -0.0885    0.0317 17 36  1.00    10.00 
  2020 11 16.733866  2 22  9.9933 +13 38 48.592  35.5416386  13.6468310  35.5416328  13.6468588    0.0204   -0.1000    0.0456 17 36 46.00    10.00 
  2020 11 16.734387  2 22  9.9884 +13 38 48.652  35.5416181  13.6468477  35.5416129  13.6468573    0.0183   -0.0344    0.0262 17 37 31.00    10.00 
  2020 11 16.734907  2 22  9.9841 +13 38 48.622  35.5416004  13.6468395  35.5415930  13.6468558    0.0258   -0.0585    0.0359 17 38 16.00    10.00 
  2020 11 16.735428  2 22  9.9799 +13 38 48.610  35.5415828  13.6468362  35.5415731  13.6468543    0.0338   -0.0650    0.0320 17 39  1.00    10.00 
  2020 11 16.735937  2 22  9.9719 +13 38 48.624  35.5415497  13.6468400  35.5415537  13.6468528   -0.0138   -0.0460    0.0336 17 39 45.00    10.00 
  2020 11 16.736458  2 22  9.9712 +13 38 48.613  35.5415468  13.6468368  35.5415338  13.6468513    0.0456   -0.0522    0.0348 17 40 30.00    10.00 
  2020 11 16.736979  2 22  9.9658 +13 38 48.572  35.5415243  13.6468255  35.5415139  13.6468498    0.0363   -0.0875    0.0526 17 41 15.00    10.00 
  2020 11 16.737500  2 22  9.9632 +13 38 48.542  35.5415133  13.6468173  35.5414940  13.6468483    0.0674   -0.1116    0.0347 17 42  0.00    10.00 
  2020 11 16.738021  2 22  9.9549 +13 38 48.612  35.5414788  13.6468367  35.5414741  13.6468468    0.0166   -0.0364    0.0299 17 42 45.00    10.00 
  2020 11 16.738542  2 22  9.9490 +13 38 48.564  35.5414540  13.6468235  35.5414542  13.6468453   -0.0005   -0.0786    0.0386 17 43 30.00    10.00 
  2020 11 16.739062  2 22  9.9459 +13 38 48.608  35.5414414  13.6468355  35.5414342  13.6468438    0.0252   -0.0299    0.0324 17 44 15.00    10.00 
  2020 11 16.739583  2 22  9.9405 +13 38 48.576  35.5414186  13.6468267  35.5414143  13.6468423    0.0150   -0.0561    0.0346 17 45  0.00    10.00 
  2020 11 16.740104  2 22  9.9374 +13 38 48.592  35.5414057  13.6468310  35.5413944  13.6468408    0.0394   -0.0353    0.0459 17 45 45.00    10.00 
  2020 11 16.741146  2 22  9.9277 +13 38 48.555  35.5413655  13.6468208  35.5413545  13.6468378    0.0383   -0.0614    0.0455 17 47 15.00    10.00 
  2020 11 16.741667  2 22  9.9230 +13 38 48.598  35.5413459  13.6468326  35.5413346  13.6468363    0.0396   -0.0132    0.0339 17 48  0.00    10.00 
  2020 11 16.742188  2 22  9.9139 +13 38 48.537  35.5413081  13.6468159  35.5413146  13.6468348   -0.0228   -0.0681    0.0411 17 48 45.00    10.00 
  2020 11 16.742708  2 22  9.9096 +13 38 48.509  35.5412900  13.6468082  35.5412947  13.6468333   -0.0162   -0.0906    0.0328 17 49 30.00    10.00 
  2020 11 16.743229  2 22  9.9088 +13 38 48.553  35.5412868  13.6468202  35.5412747  13.6468318    0.0423   -0.0418    0.0426 17 50 15.00    10.00 
  2020 11 16.743750  2 22  9.9037 +13 38 48.544  35.5412653  13.6468179  35.5412548  13.6468304    0.0368   -0.0450    0.0299 17 51  0.00    10.00 
  2020 11 16.744271  2 22  9.9009 +13 38 48.527  35.5412538  13.6468130  35.5412348  13.6468289    0.0664   -0.0569    0.0363 17 51 45.00    10.00 
  2020 11 16.744792  2 22  9.8926 +13 38 48.500  35.5412193  13.6468055  35.5412148  13.6468274    0.0157   -0.0786    0.0275 17 52 30.00    10.00 
  2020 11 16.745313  2 22  9.8880 +13 38 48.538  35.5412002  13.6468161  35.5411949  13.6468259    0.0186   -0.0354    0.0328 17 53 15.00    10.00 
  2020 11 16.746343  2 22  9.8775 +13 38 48.522  35.5411563  13.6468117  35.5411553  13.6468229    0.0033   -0.0402    0.0313 17 54 44.00    10.00 
  2020 11 16.746863  2 22  9.8763 +13 38 48.492  35.5411511  13.6468033  35.5411354  13.6468214    0.0549   -0.0653    0.0500 17 55 29.00    10.00 
  2020 11 16.747940  2 22  9.8642 +13 38 48.498  35.5411007  13.6468050  35.5410940  13.6468184    0.0233   -0.0481    0.0299 17 57  2.00    10.00 
  2020 11 16.748461  2 22  9.8597 +13 38 48.461  35.5410819  13.6467948  35.5410740  13.6468169    0.0276   -0.0796    0.0409 17 57 47.00    10.00 
  2020 11 16.748981  2 22  9.8534 +13 38 48.484  35.5410557  13.6468011  35.5410540  13.6468154    0.0057   -0.0516    0.0324 17 58 32.00    10.00 
  2020 11 16.749491  2 22  9.8484 +13 38 48.484  35.5410348  13.6468010  35.5410345  13.6468139    0.0012   -0.0465    0.0341 17 59 16.00    10.00 
  2020 11 16.750012  2 22  9.8477 +13 38 48.462  35.5410321  13.6467949  35.5410145  13.6468124    0.0618   -0.0631    0.0297 18  0  1.00    10.00 
  2020 11 16.750532  2 22  9.8396 +13 38 48.471  35.5409984  13.6467975  35.5409944  13.6468110    0.0140   -0.0486    0.0229 18  0 46.00    10.00 
  2020 11 16.751053  2 22  9.8343 +13 38 48.404  35.5409764  13.6467788  35.5409744  13.6468095    0.0071   -0.1103    0.0403 18  1 31.00    10.00 
  2020 11 16.751574  2 22  9.8329 +13 38 48.459  35.5409704  13.6467942  35.5409544  13.6468080    0.0560   -0.0496    0.0229 18  2 16.00    10.00 
  2020 11 16.752095  2 22  9.8249 +13 38 48.472  35.5409371  13.6467977  35.5409344  13.6468065    0.0094   -0.0315    0.0305 18  3  1.00    10.00 
  2020 11 16.752616  2 22  9.8217 +13 38 48.443  35.5409236  13.6467898  35.5409143  13.6468050    0.0323   -0.0549    0.0411 18  3 46.00    10.00 
  2020 11 16.753137  2 22  9.8136 +13 38 48.472  35.5408901  13.6467978  35.5408943  13.6468035   -0.0148   -0.0208    0.0441 18  4 31.00    10.00 
  2020 11 16.753657  2 22  9.8109 +13 38 48.444  35.5408788  13.6467900  35.5408743  13.6468020    0.0158   -0.0432    0.0299 18  5 16.00    10.00 
  2020 11 16.754178  2 22  9.8055 +13 38 48.385  35.5408564  13.6467736  35.5408542  13.6468006    0.0076   -0.0970    0.0289 18  6  1.00    10.00 
  2020 11 16.754699  2 22  9.8031 +13 38 48.436  35.5408464  13.6467877  35.5408342  13.6467991    0.0430   -0.0408    0.0312 18  6 46.00    10.00 
  2020 11 16.755220  2 22  9.7983 +13 38 48.425  35.5408264  13.6467847  35.5408141  13.6467976    0.0431   -0.0463    0.0369 18  7 31.00    10.00 
  2020 11 16.755741  2 22  9.7886 +13 38 48.432  35.5407859  13.6467866  35.5407940  13.6467961   -0.0284   -0.0343    0.0359 18  8 16.00    10.00 
  2020 11 16.756262  2 22  9.7872 +13 38 48.372  35.5407802  13.6467701  35.5407740  13.6467946    0.0218   -0.0883    0.0281 18  9  1.00    10.00 
  2020 11 16.756771  2 22  9.7848 +13 38 48.438  35.5407700  13.6467882  35.5407544  13.6467932    0.0548   -0.0178    0.0544 18  9 45.00    10.00 
  2020 11 17.614236  2 22  0.8928 +13 38 23.889  35.5037198  13.6399691  35.5037189  13.6399687    0.0032    0.0012    0.0223 14 44 30.00    10.00 
  2020 11 17.614757  2 22  0.8850 +13 38 23.878  35.5036875  13.6399660  35.5036955  13.6399600   -0.0280    0.0217    0.0243 14 45 15.00    10.00 
  2020 11 17.615278  2 22  0.8796 +13 38 23.868  35.5036648  13.6399633  35.5036721  13.6399513   -0.0254    0.0433    0.0189 14 46  0.00    10.00 
  2020 11 17.615799  2 22  0.8747 +13 38 23.791  35.5036445  13.6399419  35.5036487  13.6399426   -0.0146   -0.0026    0.0352 14 46 45.00    10.00 
  2020 11 17.616319  2 22  0.8683 +13 38 23.789  35.5036180  13.6399414  35.5036253  13.6399338   -0.0256    0.0274    0.0244 14 47 30.00    10.00 
  2020 11 17.616840  2 22  0.8642 +13 38 23.740  35.5036007  13.6399278  35.5036019  13.6399251   -0.0041    0.0099    0.0210 14 48 15.00    10.00 
  2020 11 17.617361  2 22  0.8548 +13 38 23.702  35.5035617  13.6399171  35.5035785  13.6399163   -0.0588    0.0028    0.0331 14 49  0.00    10.00 
  2020 11 17.617882  2 22  0.8513 +13 38 23.653  35.5035471  13.6399036  35.5035552  13.6399076   -0.0280   -0.0142    0.0460 14 49 45.00    10.00 
  2020 11 17.618403  2 22  0.8456 +13 38 23.642  35.5035235  13.6399005  35.5035318  13.6398988   -0.0289    0.0061    0.0604 14 50 30.00    10.00 
  2020 11 17.618924  2 22  0.8449 +13 38 23.595  35.5035203  13.6398876  35.5035084  13.6398901    0.0418   -0.0090    0.0670 14 51 15.00    10.00 
  2020 11 17.619444  2 22  0.8334 +13 38 23.533  35.5034726  13.6398702  35.5034850  13.6398813   -0.0434   -0.0399    0.0950 14 52  0.00    10.00 
  2020 11 17.619965  2 22  0.8277 +13 38 23.558  35.5034489  13.6398771  35.5034616  13.6398725   -0.0447    0.0166    0.0483 14 52 45.00    10.00 
  2020 11 17.620486  2 22  0.8242 +13 38 23.487  35.5034342  13.6398574  35.5034383  13.6398637   -0.0144   -0.0227    0.0272 14 53 30.00    10.00 
  2020 11 17.621007  2 22  0.8201 +13 38 23.469  35.5034170  13.6398525  35.5034149  13.6398549    0.0074   -0.0087    0.0296 14 54 15.00    10.00 
  2020 11 17.621528  2 22  0.8107 +13 38 23.493  35.5033781  13.6398592  35.5033915  13.6398461   -0.0470    0.0469    0.0307 14 55  0.00    10.00 
  2020 11 17.622049  2 22  0.8060 +13 38 23.437  35.5033585  13.6398435  35.5033682  13.6398373   -0.0337    0.0222    0.0281 14 55 45.00    10.00 
  2020 11 17.622558  2 22  0.8034 +13 38 23.469  35.5033476  13.6398525  35.5033453  13.6398287    0.0078    0.0857    0.0661 14 56 29.00    10.00 
  2020 11 17.624120  2 22  0.7866 +13 38 23.260  35.5032775  13.6397943  35.5032753  13.6398022    0.0079   -0.0285    0.0491 14 58 44.00    10.00 
  2020 11 17.624641  2 22  0.7822 +13 38 23.254  35.5032592  13.6397929  35.5032519  13.6397934    0.0255   -0.0019    0.0553 14 59 29.00    10.00 
  2020 11 17.625162  2 22  0.7742 +13 38 23.281  35.5032259  13.6398003  35.5032286  13.6397846   -0.0093    0.0567    0.0257 15  0 14.00    10.00 
  2020 11 17.626725  2 22  0.7565 +13 38 23.147  35.5031523  13.6397630  35.5031585  13.6397580   -0.0219    0.0179    0.0610 15  2 29.00    10.00 
  2020 11 17.627245  2 22  0.7512 +13 38 23.138  35.5031298  13.6397606  35.5031352  13.6397492   -0.0188    0.0412    0.0389 15  3 14.00    10.00 
  2020 11 17.627766  2 22  0.7437 +13 38 23.085  35.5030986  13.6397459  35.5031119  13.6397403   -0.0463    0.0204    0.0315 15  3 59.00    10.00 
  2020 11 17.628287  2 22  0.7409 +13 38 23.027  35.5030869  13.6397297  35.5030885  13.6397314   -0.0056   -0.0061    0.0272 15  4 44.00    10.00 
  2020 11 17.629850  2 22  0.7254 +13 38 22.920  35.5030226  13.6396999  35.5030186  13.6397048    0.0140   -0.0176    0.0274 15  6 59.00    10.00 
  2020 11 17.630370  2 22  0.7163 +13 38 22.968  35.5029847  13.6397133  35.5029952  13.6396959   -0.0369    0.0627    0.0413 15  7 44.00    10.00 
  2020 11 17.630891  2 22  0.7106 +13 38 22.889  35.5029610  13.6396913  35.5029719  13.6396870   -0.0384    0.0157    0.0438 15  8 29.00    10.00 
  2020 11 17.631400  2 22  0.7087 +13 38 22.860  35.5029528  13.6396834  35.5029491  13.6396782    0.0130    0.0184    0.0363 15  9 13.00    10.00 
  2020 11 17.631921  2 22  0.7027 +13 38 22.802  35.5029279  13.6396671  35.5029258  13.6396693    0.0074   -0.0079    0.0495 15  9 58.00    10.00 
  2020 11 17.632442  2 22  0.6954 +13 38 22.838  35.5028974  13.6396772  35.5029025  13.6396604   -0.0177    0.0606    0.0226 15 10 43.00    10.00 
  2020 11 17.632963  2 22  0.6903 +13 38 22.765  35.5028761  13.6396569  35.5028792  13.6396515   -0.0109    0.0194    0.0321 15 11 28.00    10.00 
  2020 11 17.633484  2 22  0.6870 +13 38 22.673  35.5028625  13.6396314  35.5028559  13.6396425    0.0231   -0.0402    0.0452 15 12 13.00    10.00 
  2020 11 17.634005  2 22  0.6773 +13 38 22.729  35.5028219  13.6396469  35.5028326  13.6396336   -0.0373    0.0480    0.0322 15 12 58.00    10.00 
  2020 11 17.635046  2 22  0.6663 +13 38 22.602  35.5027761  13.6396116  35.5027860  13.6396157   -0.0345   -0.0147    0.0309 15 14 28.00    10.00 
  2020 11 17.635567  2 22  0.6603 +13 38 22.602  35.5027513  13.6396117  35.5027627  13.6396067   -0.0398    0.0178    0.0536 15 15 13.00    10.00 
  2020 11 17.636088  2 22  0.6564 +13 38 22.634  35.5027349  13.6396206  35.5027394  13.6395978   -0.0158    0.0822    0.0734 15 15 58.00    10.00 
  2020 11 17.636609  2 22  0.6462 +13 38 22.557  35.5026927  13.6395993  35.5027161  13.6395888   -0.0821    0.0377    0.1181 15 16 43.00    10.00 
  2020 11 17.637130  2 22  0.6479 +13 38 22.563  35.5026994  13.6396009  35.5026929  13.6395798    0.0228    0.0757    0.0510 15 17 28.00    10.00 
  2020 11 17.638171  2 22  0.6312 +13 38 22.476  35.5026300  13.6395767  35.5026463  13.6395619   -0.0572    0.0533    0.0453 15 18 58.00    10.00 
  2020 11 17.638692  2 22  0.6277 +13 38 22.471  35.5026156  13.6395752  35.5026230  13.6395529   -0.0261    0.0802    0.0542 15 19 43.00    10.00 
  2020 11 17.639734  2 22  0.6157 +13 38 22.332  35.5025653  13.6395365  35.5025765  13.6395349   -0.0393    0.0060    0.0300 15 21 13.00    10.00 
  2020 11 17.640775  2 22  0.6076 +13 38 22.297  35.5025317  13.6395268  35.5025300  13.6395169    0.0060    0.0359    0.0473 15 22 43.00    10.00 
  2020 11 17.641296  2 22  0.5994 +13 38 22.198  35.5024976  13.6394995  35.5025067  13.6395078   -0.0318   -0.0300    0.0760 15 23 28.00    10.00 
  2020 11 17.641806  2 22  0.5925 +13 38 22.216  35.5024689  13.6395044  35.5024840  13.6394990   -0.0528    0.0193    0.0384 15 24 12.00    10.00 
  2020 11 17.642326  2 22  0.5873 +13 38 22.143  35.5024470  13.6394841  35.5024607  13.6394900   -0.0478   -0.0213    0.0349 15 24 57.00    10.00 
  2020 11 17.642847  2 22  0.5851 +13 38 22.153  35.5024379  13.6394869  35.5024375  13.6394809    0.0015    0.0214    0.0373 15 25 42.00    10.00 
  2020 11 17.643368  2 22  0.5781 +13 38 22.131  35.5024086  13.6394809  35.5024142  13.6394719   -0.0197    0.0323    0.0324 15 26 27.00    10.00 
  2020 11 17.644410  2 22  0.5663 +13 38 22.046  35.5023597  13.6394573  35.5023677  13.6394538   -0.0280    0.0125    0.0357 15 27 57.00    10.00 
  2020 11 17.644931  2 22  0.5613 +13 38 21.976  35.5023386  13.6394378  35.5023445  13.6394447   -0.0206   -0.0250    0.0315 15 28 42.00    10.00 
  2020 11 17.645451  2 22  0.5571 +13 38 21.985  35.5023214  13.6394404  35.5023213  13.6394357    0.0007    0.0170    0.0252 15 29 27.00    10.00 
  2020 11 17.645972  2 22  0.5493 +13 38 21.901  35.5022889  13.6394168  35.5022980  13.6394266   -0.0320   -0.0352    0.0273 15 30 12.00    10.00 
  2020 11 17.646493  2 22  0.5445 +13 38 21.878  35.5022689  13.6394105  35.5022748  13.6394175   -0.0207   -0.0253    0.0317 15 30 57.00    10.00 
  2020 11 17.647014  2 22  0.5375 +13 38 21.909  35.5022396  13.6394191  35.5022516  13.6394084   -0.0419    0.0383    0.0411 15 31 42.00    10.00 
  2020 11 17.647535  2 22  0.5315 +13 38 21.840  35.5022148  13.6393999  35.5022283  13.6393993   -0.0476    0.0022    0.0376 15 32 27.00    10.00 
  2020 11 17.648056  2 22  0.5281 +13 38 21.794  35.5022005  13.6393872  35.5022051  13.6393902   -0.0162   -0.0108    0.0520 15 33 12.00    10.00 
  2020 11 17.648576  2 22  0.5202 +13 38 21.772  35.5021673  13.6393811  35.5021819  13.6393811   -0.0510    0.0000    0.0540 15 33 57.00    10.00 
  2020 11 17.649097  2 22  0.5186 +13 38 21.773  35.5021610  13.6393814  35.5021587  13.6393720    0.0081    0.0337    0.0751 15 34 42.00    10.00 
  2020 11 17.650139  2 22  0.5036 +13 38 21.680  35.5020984  13.6393557  35.5021123  13.6393538   -0.0485    0.0068    0.0752 15 36 12.00    10.00 
  2020 11 17.650660  2 22  0.5005 +13 38 21.712  35.5020854  13.6393643  35.5020891  13.6393447   -0.0129    0.0708    0.0264 15 36 57.00    10.00 
  2020 11 17.651181  2 22  0.4973 +13 38 21.601  35.5020722  13.6393337  35.5020659  13.6393355    0.0221   -0.0067    0.0334 15 37 42.00    10.00 
  2020 11 17.651701  2 22  0.4908 +13 38 21.584  35.5020449  13.6393290  35.5020427  13.6393264    0.0079    0.0094    0.0357 15 38 27.00    10.00 
  2020 11 17.652222  2 22  0.4832 +13 38 21.576  35.5020132  13.6393266  35.5020195  13.6393172   -0.0221    0.0336    0.0332 15 39 12.00    10.00 
  2020 11 17.652743  2 22  0.4783 +13 38 21.549  35.5019929  13.6393191  35.5019963  13.6393081   -0.0120    0.0396    0.0387 15 39 57.00    10.00 
  2020 11 17.653252  2 22  0.4734 +13 38 21.495  35.5019725  13.6393043  35.5019736  13.6392991   -0.0040    0.0185    0.0230 15 40 41.00    10.00 
  2020 11 17.653773  2 22  0.4654 +13 38 21.458  35.5019390  13.6392939  35.5019504  13.6392900   -0.0400    0.0141    0.0379 15 41 26.00    10.00 
  2020 11 17.654294  2 22  0.4614 +13 38 21.421  35.5019225  13.6392837  35.5019272  13.6392808   -0.0167    0.0104    0.0441 15 42 11.00    10.00 
  2020 11 17.654815  2 22  0.4543 +13 38 21.381  35.5018928  13.6392724  35.5019041  13.6392717   -0.0393    0.0026    0.0738 15 42 56.00    10.00 
  2020 11 17.655336  2 22  0.4522 +13 38 21.398  35.5018842  13.6392774  35.5018809  13.6392625    0.0117    0.0536    0.0502 15 43 41.00    10.00 
  2020 11 17.655856  2 22  0.4440 +13 38 21.312  35.5018500  13.6392533  35.5018577  13.6392533   -0.0268   -0.0001    0.0261 15 44 26.00    10.00 
  2020 11 17.656377  2 22  0.4375 +13 38 21.300  35.5018228  13.6392499  35.5018346  13.6392441   -0.0412    0.0210    0.0191 15 45 11.00    10.00 
  2020 11 17.656898  2 22  0.4303 +13 38 21.268  35.5017930  13.6392410  35.5018114  13.6392349   -0.0643    0.0219    0.0303 15 45 56.00    10.00 
  2020 11 17.657419  2 22  0.4282 +13 38 21.231  35.5017840  13.6392309  35.5017882  13.6392257   -0.0149    0.0186    0.0200 15 46 41.00    10.00 
  2020 11 17.657940  2 22  0.4211 +13 38 21.165  35.5017546  13.6392125  35.5017651  13.6392165   -0.0365   -0.0143    0.0596 15 47 26.00    10.00 
  2020 11 17.658461  2 22  0.4153 +13 38 21.173  35.5017302  13.6392148  35.5017419  13.6392073   -0.0409    0.0271    0.0282 15 48 11.00    10.00 
  2020 11 17.658981  2 22  0.4091 +13 38 21.132  35.5017048  13.6392033  35.5017188  13.6391981   -0.0490    0.0187    0.0369 15 48 56.00    10.00 
  2020 11 17.659502  2 22  0.4067 +13 38 21.070  35.5016948  13.6391861  35.5016956  13.6391889   -0.0029   -0.0098    0.0291 15 49 41.00    10.00 
  2020 11 17.660023  2 22  0.3991 +13 38 21.023  35.5016630  13.6391731  35.5016725  13.6391796   -0.0331   -0.0235    0.0230 15 50 26.00    10.00 
  2020 11 17.660544  2 22  0.3940 +13 38 21.067  35.5016417  13.6391854  35.5016493  13.6391704   -0.0266    0.0539    0.0275 15 51 11.00    10.00 
  2020 11 17.661065  2 22  0.3899 +13 38 20.954  35.5016247  13.6391540  35.5016262  13.6391612   -0.0051   -0.0259    0.0329 15 51 56.00    10.00 
  2020 11 17.661586  2 22  0.3838 +13 38 20.908  35.5015992  13.6391410  35.5016030  13.6391519   -0.0136   -0.0393    0.0389 15 52 41.00    10.00 
  2020 11 17.662106  2 22  0.3791 +13 38 20.901  35.5015797  13.6391392  35.5015799  13.6391427   -0.0007   -0.0123    0.0228 15 53 26.00    10.00 
  2020 11 17.662627  2 22  0.3718 +13 38 20.878  35.5015490  13.6391328  35.5015568  13.6391334   -0.0272   -0.0021    0.0350 15 54 11.00    10.00 
  2020 11 17.663148  2 22  0.3667 +13 38 20.847  35.5015279  13.6391241  35.5015337  13.6391241   -0.0202   -0.0000    0.0230 15 54 56.00    10.00 
  2020 11 17.663657  2 22  0.3623 +13 38 20.855  35.5015095  13.6391263  35.5015111  13.6391151   -0.0055    0.0404    0.0280 15 55 40.00    10.00 
  2020 11 17.664178  2 22  0.3555 +13 38 20.808  35.5014814  13.6391133  35.5014879  13.6391058   -0.0227    0.0269    0.0234 15 56 25.00    10.00 
  2020 11 17.664699  2 22  0.3473 +13 38 20.792  35.5014472  13.6391089  35.5014648  13.6390965   -0.0616    0.0444    0.0384 15 57 10.00    10.00 
  2020 11 17.665220  2 22  0.3443 +13 38 20.738  35.5014348  13.6390938  35.5014417  13.6390872   -0.0243    0.0238    0.0235 15 57 55.00    10.00 
  2020 11 17.665741  2 22  0.3398 +13 38 20.694  35.5014158  13.6390815  35.5014186  13.6390780   -0.0098    0.0129    0.0209 15 58 40.00    10.00 
  2020 11 17.666262  2 22  0.3337 +13 38 20.679  35.5013905  13.6390776  35.5013955  13.6390687   -0.0175    0.0322    0.0277 15 59 25.00    10.00 
  2020 11 17.666782  2 22  0.3293 +13 38 20.637  35.5013722  13.6390658  35.5013724  13.6390594   -0.0006    0.0231    0.0197 16  0 10.00    10.00 
  2020 11 17.667303  2 22  0.3227 +13 38 20.608  35.5013444  13.6390578  35.5013493  13.6390501   -0.0172    0.0278    0.0314 16  0 55.00    10.00 
  2020 11 17.667824  2 22  0.3188 +13 38 20.578  35.5013284  13.6390494  35.5013262  13.6390407    0.0077    0.0312    0.0260 16  1 40.00    10.00 
  2020 11 17.668345  2 22  0.3131 +13 38 20.538  35.5013044  13.6390383  35.5013031  13.6390314    0.0046    0.0246    0.0209 16  2 25.00    10.00 
  2020 11 17.668866  2 22  0.3067 +13 38 20.485  35.5012779  13.6390237  35.5012800  13.6390221   -0.0073    0.0057    0.0240 16  3 10.00    10.00 
  2020 11 17.669387  2 22  0.2988 +13 38 20.476  35.5012450  13.6390211  35.5012569  13.6390128   -0.0419    0.0299    0.0367 16  3 55.00    10.00 
  2020 11 17.669907  2 22  0.2952 +13 38 20.452  35.5012302  13.6390144  35.5012339  13.6390034   -0.0129    0.0396    0.0283 16  4 40.00    10.00 
  2020 11 17.670428  2 22  0.2889 +13 38 20.400  35.5012036  13.6389999  35.5012108  13.6389941   -0.0249    0.0210    0.0321 16  5 25.00    10.00 
  2020 11 17.670949  2 22  0.2856 +13 38 20.364  35.5011900  13.6389900  35.5011877  13.6389848    0.0081    0.0189    0.0332 16  6 10.00    10.00 
  2020 11 17.671470  2 22  0.2795 +13 38 20.311  35.5011646  13.6389752  35.5011646  13.6389754    0.0001   -0.0008    0.0348 16  6 55.00    10.00 
  2020 11 17.671991  2 22  0.2732 +13 38 20.283  35.5011385  13.6389674  35.5011416  13.6389660   -0.0107    0.0048    0.0272 16  7 40.00    10.00 
  2020 11 17.672512  2 22  0.2677 +13 38 20.244  35.5011153  13.6389567  35.5011185  13.6389567   -0.0113   -0.0000    0.0283 16  8 25.00    10.00 
  2020 11 17.673032  2 22  0.2615 +13 38 20.191  35.5010895  13.6389421  35.5010954  13.6389473   -0.0207   -0.0189    0.0196 16  9 10.00    10.00 
  2020 11 17.673553  2 22  0.2565 +13 38 20.182  35.5010686  13.6389395  35.5010724  13.6389379   -0.0134    0.0055    0.0176 16  9 55.00    10.00 
  2020 11 17.674074  2 22  0.2520 +13 38 20.194  35.5010500  13.6389428  35.5010493  13.6389286    0.0022    0.0511    0.0239 16 10 40.00    10.00 
  2020 11 17.674583  2 22  0.2472 +13 38 20.123  35.5010299  13.6389232  35.5010268  13.6389194    0.0109    0.0136    0.0252 16 11 24.00    10.00 
  2020 11 17.675104  2 22  0.2391 +13 38 20.059  35.5009961  13.6389054  35.5010038  13.6389100   -0.0267   -0.0167    0.0219 16 12  9.00    10.00 
  2020 11 17.675625  2 22  0.2327 +13 38 20.088  35.5009697  13.6389133  35.5009807  13.6389006   -0.0385    0.0459    0.0246 16 12 54.00    10.00 
  2020 11 17.676146  2 22  0.2296 +13 38 20.008  35.5009566  13.6388912  35.5009577  13.6388912   -0.0039    0.0001    0.0280 16 13 39.00    10.00 
  2020 11 17.676667  2 22  0.2245 +13 38 19.994  35.5009355  13.6388873  35.5009346  13.6388818    0.0030    0.0200    0.0216 16 14 24.00    10.00 
  2020 11 17.677187  2 22  0.2181 +13 38 19.918  35.5009089  13.6388661  35.5009116  13.6388724   -0.0096   -0.0228    0.0314 16 15  9.00    10.00 
  2020 11 17.677697  2 22  0.2141 +13 38 19.912  35.5008922  13.6388644  35.5008891  13.6388632    0.0109    0.0043    0.0207 16 15 53.00    10.00 
  2020 11 17.678206  2 22  0.2069 +13 38 19.907  35.5008620  13.6388632  35.5008666  13.6388540   -0.0160    0.0332    0.0272 16 16 37.00    10.00 
  2020 11 17.678727  2 22  0.2004 +13 38 19.872  35.5008351  13.6388534  35.5008436  13.6388445   -0.0297    0.0318    0.0357 16 17 22.00    10.00 
  2020 11 17.679248  2 22  0.1962 +13 38 19.827  35.5008174  13.6388407  35.5008205  13.6388351   -0.0111    0.0201    0.0345 16 18  7.00    10.00 
  2020 11 17.679769  2 22  0.1903 +13 38 19.800  35.5007930  13.6388332  35.5007975  13.6388257   -0.0157    0.0272    0.0264 16 18 52.00    10.00 
  2020 11 17.680289  2 22  0.1869 +13 38 19.737  35.5007787  13.6388159  35.5007745  13.6388162    0.0145   -0.0010    0.0214 16 19 37.00    10.00 
  2020 11 17.680810  2 22  0.1775 +13 38 19.684  35.5007397  13.6388012  35.5007515  13.6388068   -0.0414   -0.0202    0.0350 16 20 22.00    10.00 
  2020 11 17.681331  2 22  0.1745 +13 38 19.689  35.5007273  13.6388026  35.5007285  13.6387973   -0.0044    0.0189    0.0255 16 21  7.00    10.00 
  2020 11 17.681852  2 22  0.1669 +13 38 19.650  35.5006953  13.6387917  35.5007055  13.6387879   -0.0357    0.0139    0.0298 16 21 52.00    10.00 
  2020 11 17.682373  2 22  0.1647 +13 38 19.602  35.5006863  13.6387783  35.5006825  13.6387784    0.0133   -0.0002    0.0218 16 22 37.00    10.00 
  2020 11 17.682894  2 22  0.1575 +13 38 19.581  35.5006564  13.6387726  35.5006595  13.6387689   -0.0108    0.0134    0.0334 16 23 22.00    10.00 
  2020 11 17.683414  2 22  0.1529 +13 38 19.525  35.5006372  13.6387569  35.5006365  13.6387594    0.0024   -0.0091    0.0268 16 24  7.00    10.00 
  2020 11 17.683935  2 22  0.1450 +13 38 19.523  35.5006042  13.6387565  35.5006136  13.6387500   -0.0329    0.0235    0.0337 16 24 52.00    10.00 
  2020 11 17.684456  2 22  0.1408 +13 38 19.502  35.5005868  13.6387506  35.5005906  13.6387405   -0.0131    0.0365    0.0258 16 25 37.00    10.00 
  2020 11 17.684977  2 22  0.1358 +13 38 19.441  35.5005659  13.6387336  35.5005676  13.6387310   -0.0059    0.0095    0.0172 16 26 22.00    10.00 
  2020 11 17.685498  2 22  0.1296 +13 38 19.395  35.5005402  13.6387207  35.5005446  13.6387215   -0.0157   -0.0027    0.0255 16 27  7.00    10.00 
  2020 11 17.686019  2 22  0.1226 +13 38 19.365  35.5005109  13.6387125  35.5005217  13.6387120   -0.0376    0.0021    0.0255 16 27 52.00    10.00 
  2020 11 17.686539  2 22  0.1190 +13 38 19.353  35.5004957  13.6387092  35.5004987  13.6387025   -0.0106    0.0241    0.0238 16 28 37.00    10.00 
  2020 11 17.687060  2 22  0.1134 +13 38 19.331  35.5004725  13.6387030  35.5004757  13.6386929   -0.0112    0.0362    0.0331 16 29 22.00    10.00 
  2020 11 17.687581  2 22  0.1054 +13 38 19.297  35.5004391  13.6386936  35.5004528  13.6386834   -0.0478    0.0368    0.0368 16 30  7.00    10.00 
  2020 11 17.688102  2 22  0.1033 +13 38 19.229  35.5004305  13.6386747  35.5004298  13.6386739    0.0024    0.0030    0.0236 16 30 52.00    10.00 
  2020 11 17.688611  2 22  0.0943 +13 38 19.247  35.5003930  13.6386798  35.5004074  13.6386646   -0.0502    0.0550    0.0230 16 31 36.00    10.00 
  2020 11 17.689132  2 22  0.0891 +13 38 19.209  35.5003712  13.6386691  35.5003845  13.6386550   -0.0464    0.0505    0.0417 16 32 21.00    10.00 
  2020 11 17.689653  2 22  0.0867 +13 38 19.119  35.5003614  13.6386442  35.5003615  13.6386455   -0.0004   -0.0046    0.0399 16 33  6.00    10.00 
  2020 11 17.690174  2 22  0.0769 +13 38 19.118  35.5003206  13.6386438  35.5003386  13.6386360   -0.0629    0.0284    0.0442 16 33 51.00    10.00 
  2020 11 17.690694  2 22  0.0707 +13 38 19.058  35.5002946  13.6386271  35.5003156  13.6386264   -0.0737    0.0027    0.0590 16 34 36.00    10.00 
  2020 11 17.691215  2 22  0.0690 +13 38 19.039  35.5002877  13.6386220  35.5002927  13.6386168   -0.0177    0.0184    0.0234 16 35 21.00    10.00 
  2020 11 17.691736  2 22  0.0619 +13 38 19.055  35.5002578  13.6386263  35.5002698  13.6386073   -0.0420    0.0684    0.0307 16 36  6.00    10.00 
  2020 11 17.692257  2 22  0.0575 +13 38 18.956  35.5002397  13.6385990  35.5002469  13.6385977   -0.0250    0.0047    0.0258 16 36 51.00    10.00 
  2020 11 17.692778  2 22  0.0521 +13 38 18.958  35.5002172  13.6385994  35.5002240  13.6385881   -0.0235    0.0407    0.0305 16 37 36.00    10.00 
  2020 11 17.693299  2 22  0.0480 +13 38 18.899  35.5002000  13.6385829  35.5002010  13.6385786   -0.0038    0.0158    0.0248 16 38 21.00    10.00 
  2020 11 17.693819  2 22  0.0410 +13 38 18.866  35.5001710  13.6385740  35.5001781  13.6385690   -0.0249    0.0182    0.0271 16 39  6.00    10.00 
  2020 11 17.694340  2 22  0.0366 +13 38 18.835  35.5001526  13.6385653  35.5001552  13.6385594   -0.0093    0.0214    0.0218 16 39 51.00    10.00 
  2020 11 17.694861  2 22  0.0304 +13 38 18.807  35.5001269  13.6385574  35.5001323  13.6385498   -0.0191    0.0274    0.0218 16 40 36.00    10.00 
  2020 11 17.695382  2 22  0.0266 +13 38 18.744  35.5001110  13.6385401  35.5001094  13.6385402    0.0056   -0.0004    0.0204 16 41 21.00    10.00 
  2020 11 17.695903  2 22  0.0178 +13 38 18.731  35.5000743  13.6385364  35.5000865  13.6385306   -0.0427    0.0209    0.0245 16 42  6.00    10.00 
  2020 11 17.696424  2 22  0.0146 +13 38 18.667  35.5000608  13.6385185  35.5000636  13.6385210   -0.0101   -0.0090    0.0195 16 42 51.00    10.00 
  2020 11 17.696944  2 22  0.0064 +13 38 18.667  35.5000267  13.6385185  35.5000408  13.6385114   -0.0493    0.0257    0.0386 16 43 36.00    10.00 
  2020 11 17.697454  2 22  0.0012 +13 38 18.630  35.5000050  13.6385084  35.5000184  13.6385020   -0.0468    0.0232    0.0215 16 44 20.00    10.00 
  2020 11 17.697975  2 21 59.9963 +13 38 18.621  35.4999848  13.6385058  35.4999955  13.6384923   -0.0375    0.0485    0.0285 16 45  5.00    10.00 
  2020 11 17.698495  2 21 59.9927 +13 38 18.575  35.4999694  13.6384931  35.4999726  13.6384827   -0.0111    0.0376    0.0478 16 45 50.00    10.00 
  2020 11 17.699016  2 21 59.9880 +13 38 18.510  35.4999501  13.6384751  35.4999498  13.6384731    0.0011    0.0072    0.0342 16 46 35.00    10.00 
  2020 11 17.699537  2 21 59.9804 +13 38 18.480  35.4999181  13.6384666  35.4999269  13.6384634   -0.0306    0.0116    0.0223 16 47 20.00    10.00 
  2020 11 17.700058  2 21 59.9765 +13 38 18.454  35.4999021  13.6384594  35.4999040  13.6384538   -0.0067    0.0204    0.0234 16 48  5.00    10.00 
  2020 11 17.700579  2 21 59.9698 +13 38 18.397  35.4998743  13.6384436  35.4998812  13.6384441   -0.0239   -0.0019    0.0161 16 48 50.00    10.00 
  2020 11 17.701100  2 21 59.9619 +13 38 18.377  35.4998414  13.6384380  35.4998583  13.6384345   -0.0592    0.0127    0.0356 16 49 35.00    10.00 
  2020 11 17.701620  2 21 59.9582 +13 38 18.339  35.4998256  13.6384276  35.4998355  13.6384248   -0.0343    0.0101    0.0339 16 50 20.00    10.00 
  2020 11 17.702141  2 21 59.9556 +13 38 18.322  35.4998149  13.6384227  35.4998126  13.6384151    0.0079    0.0273    0.0269 16 51  5.00    10.00 
  2020 11 17.702662  2 21 59.9477 +13 38 18.285  35.4997819  13.6384125  35.4997898  13.6384054   -0.0274    0.0255    0.0230 16 51 50.00    10.00 
  2020 11 17.703183  2 21 59.9426 +13 38 18.217  35.4997609  13.6383937  35.4997669  13.6383958   -0.0210   -0.0073    0.0406 16 52 35.00    10.00 
  2020 11 17.703704  2 21 59.9370 +13 38 18.173  35.4997373  13.6383814  35.4997441  13.6383861   -0.0238   -0.0170    0.0253 16 53 20.00    10.00 
  2020 11 17.704225  2 21 59.9321 +13 38 18.146  35.4997170  13.6383738  35.4997213  13.6383764   -0.0149   -0.0093    0.0255 16 54  5.00    10.00 
  2020 11 17.704745  2 21 59.9258 +13 38 18.103  35.4996909  13.6383620  35.4996985  13.6383667   -0.0265   -0.0170    0.0287 16 54 50.00    10.00 
  2020 11 17.705266  2 21 59.9228 +13 38 18.095  35.4996782  13.6383597  35.4996756  13.6383570    0.0088    0.0099    0.0257 16 55 35.00    10.00 
  2020 11 17.705775  2 21 59.9154 +13 38 18.098  35.4996473  13.6383607  35.4996533  13.6383475   -0.0211    0.0474    0.0152 16 56 19.00    10.00 
  2020 11 17.706296  2 21 59.9087 +13 38 18.057  35.4996195  13.6383492  35.4996305  13.6383378   -0.0387    0.0410    0.0265 16 57  4.00    10.00 
  2020 11 17.706817  2 21 59.9022 +13 38 17.968  35.4995925  13.6383245  35.4996077  13.6383281   -0.0534   -0.0128    0.0420 16 57 49.00    10.00 
  2020 11 17.707338  2 21 59.8992 +13 38 17.918  35.4995801  13.6383106  35.4995849  13.6383184   -0.0168   -0.0281    0.0309 16 58 34.00    10.00 
  2020 11 17.707859  2 21 59.8893 +13 38 17.950  35.4995387  13.6383193  35.4995621  13.6383086   -0.0817    0.0385    0.0419 16 59 19.00    10.00 
  2020 11 17.708380  2 21 59.8887 +13 38 17.893  35.4995361  13.6383036  35.4995393  13.6382989   -0.0111    0.0171    0.0415 17  0  4.00    10.00 
  2020 11 17.708900  2 21 59.8832 +13 38 17.827  35.4995133  13.6382854  35.4995165  13.6382892   -0.0113   -0.0136    0.0286 17  0 49.00    10.00 
  2020 11 17.709421  2 21 59.8758 +13 38 17.885  35.4994826  13.6383015  35.4994937  13.6382794   -0.0388    0.0794    0.0284 17  1 34.00    10.00 
  2020 11 17.709942  2 21 59.8702 +13 38 17.770  35.4994591  13.6382695  35.4994709  13.6382697   -0.0414   -0.0007    0.0396 17  2 19.00    10.00 
  2020 11 17.710463  2 21 59.8657 +13 38 17.734  35.4994404  13.6382595  35.4994482  13.6382599   -0.0270   -0.0015    0.0199 17  3  4.00    10.00 
  2020 11 18.589421  2 21 52.3746 +13 37 15.071  35.4682276  13.6208531  35.4682514  13.6208584   -0.0832   -0.0191    0.0513 14  8 46.00    10.00 
  2020 11 18.589942  2 21 52.3732 +13 37 15.097  35.4682217  13.6208602  35.4682354  13.6208510   -0.0480    0.0331    0.0546 14  9 31.00    10.00 
  2020 11 18.590463  2 21 52.3699 +13 37 15.042  35.4682080  13.6208450  35.4682195  13.6208435   -0.0404    0.0052    0.0304 14 10 16.00    10.00 
  2020 11 18.590984  2 21 52.3659 +13 37 14.971  35.4681912  13.6208252  35.4682036  13.6208361   -0.0434   -0.0394    0.0317 14 11  1.00    10.00 
  2020 11 18.591505  2 21 52.3615 +13 37 14.985  35.4681730  13.6208292  35.4681876  13.6208287   -0.0512    0.0016    0.0254 14 11 46.00    10.00 
  2020 11 18.592025  2 21 52.3567 +13 37 14.947  35.4681529  13.6208187  35.4681717  13.6208214   -0.0658   -0.0094    0.0369 14 12 31.00    10.00 
  2020 11 18.592546  2 21 52.3543 +13 37 14.939  35.4681431  13.6208164  35.4681558  13.6208140   -0.0444    0.0089    0.0400 14 13 16.00    10.00 
  2020 11 18.593067  2 21 52.3497 +13 37 14.910  35.4681239  13.6208083  35.4681398  13.6208066   -0.0558    0.0061    0.0380 14 14  1.00    10.00 
  2020 11 18.593588  2 21 52.3445 +13 37 14.892  35.4681019  13.6208034  35.4681239  13.6207992   -0.0770    0.0151    0.0332 14 14 46.00    10.00 
  2020 11 18.594109  2 21 52.3408 +13 37 14.849  35.4680869  13.6207913  35.4681080  13.6207919   -0.0739   -0.0019    0.0302 14 15 31.00    10.00 
  2020 11 18.594630  2 21 52.3386 +13 37 14.797  35.4680776  13.6207771  35.4680921  13.6207845   -0.0507   -0.0267    0.0303 14 16 16.00    10.00 
  2020 11 18.595671  2 21 52.3295 +13 37 14.738  35.4680394  13.6207606  35.4680602  13.6207698   -0.0728   -0.0332    0.0189 14 17 46.00    10.00 
  2020 11 18.596181  2 21 52.3237 +13 37 14.721  35.4680154  13.6207559  35.4680446  13.6207626   -0.1022   -0.0243    0.0334 14 18 30.00    10.00 
  2020 11 18.596701  2 21 52.3205 +13 37 14.734  35.4680021  13.6207594  35.4680287  13.6207553   -0.0931    0.0150    0.0203 14 19 15.00    10.00 
  2020 11 18.597222  2 21 52.3185 +13 37 14.696  35.4679936  13.6207489  35.4680128  13.6207480   -0.0669    0.0034    0.1120 14 20  0.00    10.00 
  2020 11 18.597743  2 21 52.3155 +13 37 14.661  35.4679814  13.6207392  35.4679968  13.6207406   -0.0540   -0.0052    0.0480 14 20 45.00    10.00 
  2020 11 18.598264  2 21 52.3114 +13 37 14.613  35.4679640  13.6207258  35.4679809  13.6207333   -0.0592   -0.0271    0.0442 14 21 30.00    10.00 
  2020 11 18.599306  2 21 52.3044 +13 37 14.599  35.4679351  13.6207218  35.4679490  13.6207187   -0.0486    0.0113    0.0329 14 23  0.00    10.00 
  2020 11 18.599826  2 21 52.2979 +13 37 14.536  35.4679081  13.6207045  35.4679331  13.6207114   -0.0876   -0.0247    0.0438 14 23 45.00    10.00 
  2020 11 18.600347  2 21 52.2948 +13 37 14.570  35.4678949  13.6207138  35.4679172  13.6207041   -0.0779    0.0349    0.0439 14 24 30.00    10.00 
  2020 11 18.600868  2 21 52.2925 +13 37 14.542  35.4678853  13.6207062  35.4679013  13.6206968   -0.0557    0.0339    0.0305 14 25 15.00    10.00 
  2020 11 18.601389  2 21 52.2874 +13 37 14.492  35.4678640  13.6206923  35.4678853  13.6206895   -0.0747    0.0098    0.0564 14 26  0.00    10.00 
  2020 11 18.601910  2 21 52.2830 +13 37 14.436  35.4678457  13.6206767  35.4678694  13.6206823   -0.0830   -0.0199    0.0379 14 26 45.00    10.00 
  2020 11 18.602431  2 21 52.2809 +13 37 14.409  35.4678372  13.6206692  35.4678535  13.6206750   -0.0570   -0.0210    0.0448 14 27 30.00    10.00 
  2020 11 18.602951  2 21 52.2771 +13 37 14.353  35.4678212  13.6206535  35.4678375  13.6206677   -0.0571   -0.0514    0.0266 14 28 15.00    10.00 
  2020 11 18.603461  2 21 52.2735 +13 37 14.355  35.4678061  13.6206543  35.4678220  13.6206606   -0.0556   -0.0229    0.0758 14 28 59.00    10.00 
  2020 11 18.603981  2 21 52.2672 +13 37 14.313  35.4677799  13.6206426  35.4678060  13.6206534   -0.0915   -0.0388    0.0660 14 29 44.00    10.00 
  2020 11 18.604502  2 21 52.2663 +13 37 14.304  35.4677763  13.6206399  35.4677901  13.6206462   -0.0482   -0.0224    0.0358 14 30 29.00    10.00 
  2020 11 18.605023  2 21 52.2606 +13 37 14.293  35.4677525  13.6206369  35.4677742  13.6206389   -0.0760   -0.0074    0.0278 14 31 14.00    10.00 
  2020 11 18.605544  2 21 52.2584 +13 37 14.267  35.4677434  13.6206298  35.4677583  13.6206317   -0.0520   -0.0069    0.0233 14 31 59.00    10.00 
  2020 11 18.606065  2 21 52.2537 +13 37 14.240  35.4677236  13.6206222  35.4677423  13.6206245   -0.0655   -0.0082    0.0172 14 32 44.00    10.00 
  2020 11 18.606586  2 21 52.2483 +13 37 14.259  35.4677011  13.6206274  35.4677264  13.6206172   -0.0886    0.0366    0.0869 14 33 29.00    10.00 
  2020 11 18.607106  2 21 52.2450 +13 37 14.178  35.4676876  13.6206051  35.4677105  13.6206100   -0.0802   -0.0178    0.0292 14 34 14.00    10.00 
  2020 11 18.607627  2 21 52.2435 +13 37 14.184  35.4676811  13.6206066  35.4676946  13.6206028   -0.0472    0.0137    0.0176 14 34 59.00    10.00 
  2020 11 18.608148  2 21 52.2405 +13 37 14.145  35.4676689  13.6205958  35.4676786  13.6205956   -0.0342    0.0008    0.0458 14 35 44.00    10.00 
  2020 11 18.608669  2 21 52.2334 +13 37 14.134  35.4676392  13.6205927  35.4676627  13.6205884   -0.0824    0.0153    0.0357 14 36 29.00    10.00 
  2020 11 18.609190  2 21 52.2303 +13 37 14.087  35.4676261  13.6205797  35.4676468  13.6205812   -0.0724   -0.0056    0.0306 14 37 14.00    10.00 
  2020 11 18.609711  2 21 52.2287 +13 37 14.023  35.4676195  13.6205619  35.4676309  13.6205741   -0.0397   -0.0436    0.0259 14 37 59.00    10.00 
  2020 11 18.610231  2 21 52.2230 +13 37 14.005  35.4675959  13.6205570  35.4676150  13.6205669   -0.0667   -0.0358    0.0388 14 38 44.00    10.00 
  2020 11 18.610752  2 21 52.2190 +13 37 14.006  35.4675791  13.6205571  35.4675990  13.6205597   -0.0697   -0.0093    0.0164 14 39 29.00    10.00 
  2020 11 18.611273  2 21 52.2161 +13 37 13.954  35.4675670  13.6205428  35.4675831  13.6205526   -0.0563   -0.0351    0.0272 14 40 14.00    10.00 
  2020 11 18.611794  2 21 52.2101 +13 37 13.924  35.4675419  13.6205345  35.4675672  13.6205454   -0.0884   -0.0393    0.0334 14 40 59.00    10.00 
  2020 11 18.612315  2 21 52.2069 +13 37 13.920  35.4675288  13.6205334  35.4675513  13.6205382   -0.0787   -0.0174    0.0427 14 41 44.00    10.00 
  2020 11 18.612836  2 21 52.2038 +13 37 13.923  35.4675157  13.6205341  35.4675353  13.6205311   -0.0687    0.0109    0.0316 14 42 29.00    10.00 
  2020 11 18.613356  2 21 52.2009 +13 37 13.871  35.4675035  13.6205198  35.4675194  13.6205240   -0.0556   -0.0149    0.0175 14 43 14.00    10.00 
  2020 11 18.613877  2 21 52.1961 +13 37 13.896  35.4674836  13.6205267  35.4675035  13.6205168   -0.0697    0.0356    0.0171 14 43 59.00    10.00 
  2020 11 18.614398  2 21 52.1924 +13 37 13.836  35.4674683  13.6205101  35.4674876  13.6205097   -0.0674    0.0015    0.0412 14 44 44.00    10.00 
  2020 11 18.614919  2 21 52.1909 +13 37 13.785  35.4674619  13.6204957  35.4674717  13.6205026   -0.0340   -0.0246    0.0349 14 45 29.00    10.00 
  2020 11 18.615440  2 21 52.1838 +13 37 13.702  35.4674327  13.6204726  35.4674557  13.6204955   -0.0806   -0.0822    0.0349 14 46 14.00    10.00 
  2020 11 18.615961  2 21 52.1805 +13 37 13.765  35.4674189  13.6204904  35.4674398  13.6204884   -0.0732    0.0073    0.0451 14 46 59.00    10.00 
  2020 11 18.616481  2 21 52.1783 +13 37 13.701  35.4674094  13.6204724  35.4674239  13.6204813   -0.0508   -0.0320    0.0218 14 47 44.00    10.00 
  2020 11 18.617002  2 21 52.1720 +13 37 13.712  35.4673835  13.6204756  35.4674080  13.6204742   -0.0856    0.0050    0.0434 14 48 29.00    10.00 
  2020 11 18.617523  2 21 52.1679 +13 37 13.656  35.4673661  13.6204601  35.4673921  13.6204671   -0.0909   -0.0252    0.0286 14 49 14.00    10.00 
  2020 11 18.618044  2 21 52.1649 +13 37 13.635  35.4673537  13.6204542  35.4673761  13.6204600   -0.0784   -0.0208    0.0227 14 49 59.00    10.00 
  2020 11 18.618565  2 21 52.1618 +13 37 13.585  35.4673408  13.6204402  35.4673602  13.6204529   -0.0679   -0.0457    0.0251 14 50 44.00    10.00 
  2020 11 18.619086  2 21 52.1579 +13 37 13.574  35.4673248  13.6204373  35.4673443  13.6204458   -0.0683   -0.0306    0.0308 14 51 29.00    10.00 
  2020 11 18.619606  2 21 52.1550 +13 37 13.550  35.4673125  13.6204307  35.4673284  13.6204388   -0.0555   -0.0292    0.0275 14 52 14.00    10.00 
  2020 11 18.620127  2 21 52.1502 +13 37 13.567  35.4672927  13.6204352  35.4673125  13.6204317   -0.0692    0.0126    0.0282 14 52 59.00    10.00 
  2020 11 18.620648  2 21 52.1467 +13 37 13.507  35.4672781  13.6204185  35.4672966  13.6204247   -0.0645   -0.0222    0.0385 14 53 44.00    10.00 
  2020 11 18.621169  2 21 52.1442 +13 37 13.445  35.4672673  13.6204015  35.4672806  13.6204176   -0.0466   -0.0581    0.0336 14 54 29.00    10.00 
  2020 11 18.621690  2 21 52.1404 +13 37 13.485  35.4672516  13.6204126  35.4672647  13.6204106   -0.0458    0.0071    0.0298 14 55 14.00    10.00 
  2020 11 18.622211  2 21 52.1331 +13 37 13.441  35.4672212  13.6204004  35.4672488  13.6204036   -0.0967   -0.0114    0.0390 14 55 59.00    10.00 
  2020 11 18.622731  2 21 52.1328 +13 37 13.453  35.4672198  13.6204037  35.4672329  13.6203965   -0.0457    0.0258    0.0320 14 56 44.00    10.00 
  2020 11 18.623252  2 21 52.1278 +13 37 13.396  35.4671990  13.6203879  35.4672170  13.6203895   -0.0629   -0.0059    0.0200 14 57 29.00    10.00 
  2020 11 18.623773  2 21 52.1260 +13 37 13.367  35.4671917  13.6203799  35.4672010  13.6203825   -0.0326   -0.0095    0.0392 14 58 14.00    10.00 
  2020 11 18.624294  2 21 52.1193 +13 37 13.362  35.4671637  13.6203784  35.4671851  13.6203755   -0.0751    0.0104    0.0223 14 58 59.00    10.00 
  2020 11 18.624815  2 21 52.1141 +13 37 13.299  35.4671420  13.6203607  35.4671692  13.6203685   -0.0952   -0.0278    0.0427 14 59 44.00    10.00 
  2020 11 18.625324  2 21 52.1133 +13 37 13.290  35.4671389  13.6203583  35.4671536  13.6203616   -0.0515   -0.0119    0.0355 15  0 28.00    10.00 
  2020 11 18.625845  2 21 52.1068 +13 37 13.265  35.4671118  13.6203514  35.4671377  13.6203546   -0.0906   -0.0118    0.0281 15  1 13.00    10.00 
  2020 11 18.626366  2 21 52.1064 +13 37 13.256  35.4671101  13.6203489  35.4671218  13.6203477   -0.0410    0.0045    0.0199 15  1 58.00    10.00 
  2020 11 18.626887  2 21 52.1026 +13 37 13.186  35.4670943  13.6203294  35.4671059  13.6203407   -0.0405   -0.0406    0.0274 15  2 43.00    10.00 
  2020 11 18.627407  2 21 52.0969 +13 37 13.164  35.4670706  13.6203234  35.4670900  13.6203337   -0.0678   -0.0370    0.0341 15  3 28.00    10.00 
  2020 11 18.627928  2 21 52.0965 +13 37 13.162  35.4670686  13.6203229  35.4670741  13.6203267   -0.0190   -0.0138    0.0309 15  4 13.00    10.00 
  2020 11 18.628449  2 21 52.0897 +13 37 13.140  35.4670404  13.6203167  35.4670582  13.6203198   -0.0622   -0.0110    0.0282 15  4 58.00    10.00 
  2020 11 18.628970  2 21 52.0847 +13 37 13.063  35.4670195  13.6202952  35.4670422  13.6203128   -0.0796   -0.0634    0.0382 15  5 43.00    10.00 
  2020 11 18.629491  2 21 52.0804 +13 37 13.107  35.4670016  13.6203075  35.4670263  13.6203059   -0.0865    0.0059    0.0751 15  6 28.00    10.00 
  2020 11 18.630012  2 21 52.0787 +13 37 13.077  35.4669946  13.6202993  35.4670104  13.6202989   -0.0554    0.0013    0.0116 15  7 13.00    10.00 
  2020 11 18.630532  2 21 52.0768 +13 37 12.976  35.4669869  13.6202712  35.4669945  13.6202920   -0.0267   -0.0748    0.0370 15  7 58.00    10.00 
  2020 11 18.631053  2 21 52.0721 +13 37 13.005  35.4669670  13.6202792  35.4669786  13.6202851   -0.0406   -0.0213    0.0404 15  8 43.00    10.00 
  2020 11 18.631574  2 21 52.0680 +13 37 12.995  35.4669502  13.6202764  35.4669627  13.6202782   -0.0438   -0.0064    0.0279 15  9 28.00    10.00 
  2020 11 18.632095  2 21 52.0650 +13 37 12.951  35.4669376  13.6202641  35.4669468  13.6202712   -0.0321   -0.0258    0.0349 15 10 13.00    10.00 
  2020 11 18.632616  2 21 52.0587 +13 37 12.926  35.4669113  13.6202571  35.4669308  13.6202643   -0.0685   -0.0260    0.0396 15 10 58.00    10.00 
  2020 11 18.633137  2 21 52.0574 +13 37 12.900  35.4669059  13.6202499  35.4669149  13.6202574   -0.0314   -0.0270    0.0207 15 11 43.00    10.00 
  2020 11 18.633657  2 21 52.0505 +13 37 12.848  35.4668773  13.6202356  35.4668990  13.6202505   -0.0760   -0.0536    0.0650 15 12 28.00    10.00 
  2020 11 18.634167  2 21 52.0476 +13 37 12.876  35.4668651  13.6202432  35.4668834  13.6202438   -0.0643   -0.0021    0.0326 15 13 12.00    10.00 
  2020 11 18.634687  2 21 52.0447 +13 37 12.857  35.4668530  13.6202381  35.4668675  13.6202369   -0.0510    0.0042    0.0334 15 13 57.00    10.00 
  2020 11 18.635208  2 21 52.0396 +13 37 12.762  35.4668318  13.6202117  35.4668516  13.6202300   -0.0693   -0.0660    0.0579 15 14 42.00    10.00 
  2020 11 18.635729  2 21 52.0372 +13 37 12.785  35.4668219  13.6202182  35.4668357  13.6202232   -0.0484   -0.0180    0.0244 15 15 27.00    10.00 
  2020 11 18.636250  2 21 52.0308 +13 37 12.754  35.4667952  13.6202094  35.4668198  13.6202163   -0.0861   -0.0248    0.0750 15 16 12.00    10.00 
  2020 11 18.636771  2 21 52.0279 +13 37 12.764  35.4667828  13.6202122  35.4668039  13.6202094   -0.0737    0.0098    0.0365 15 16 57.00    10.00 
  2020 11 18.637292  2 21 52.0265 +13 37 12.680  35.4667770  13.6201888  35.4667880  13.6202026   -0.0382   -0.0497    0.0414 15 17 42.00    10.00 
  2020 11 18.637812  2 21 52.0207 +13 37 12.667  35.4667531  13.6201853  35.4667721  13.6201957   -0.0663   -0.0376    0.0484 15 18 27.00    10.00 
  2020 11 18.638333  2 21 52.0164 +13 37 12.639  35.4667349  13.6201774  35.4667561  13.6201889   -0.0743   -0.0414    0.0301 15 19 12.00    10.00 
  2020 11 18.638854  2 21 52.0138 +13 37 12.696  35.4667241  13.6201933  35.4667402  13.6201821   -0.0565    0.0406    0.0356 15 19 57.00    10.00 
  2020 11 18.639375  2 21 52.0100 +13 37 12.620  35.4667082  13.6201722  35.4667243  13.6201752   -0.0564   -0.0110    0.0244 15 20 42.00    10.00 
  2020 11 18.639896  2 21 52.0053 +13 37 12.568  35.4666887  13.6201579  35.4667084  13.6201684   -0.0690   -0.0379    0.0406 15 21 27.00    10.00 
  2020 11 18.640417  2 21 52.0021 +13 37 12.568  35.4666753  13.6201579  35.4666925  13.6201616   -0.0600   -0.0133    0.0240 15 22 12.00    10.00 
  2020 11 18.640937  2 21 51.9980 +13 37 12.545  35.4666584  13.6201515  35.4666766  13.6201548   -0.0637   -0.0117    0.0237 15 22 57.00    10.00 
  2020 11 18.641458  2 21 51.9951 +13 37 12.488  35.4666464  13.6201356  35.4666607  13.6201480   -0.0498   -0.0446    0.0249 15 23 42.00    10.00 
  2020 11 18.641979  2 21 51.9928 +13 37 12.496  35.4666365  13.6201377  35.4666448  13.6201412   -0.0290   -0.0126    0.0533 15 24 27.00    10.00 
  2020 11 18.642500  2 21 51.9852 +13 37 12.485  35.4666050  13.6201348  35.4666288  13.6201344   -0.0836    0.0017    0.0323 15 25 12.00    10.00 
  2020 11 18.643009  2 21 51.9850 +13 37 12.473  35.4666041  13.6201315  35.4666133  13.6201277   -0.0322    0.0134    0.0254 15 25 56.00    10.00 
  2020 11 18.643530  2 21 51.9805 +13 37 12.427  35.4665855  13.6201187  35.4665974  13.6201210   -0.0416   -0.0082    0.0195 15 26 41.00    10.00 
  2020 11 18.644051  2 21 51.9733 +13 37 12.392  35.4665553  13.6201089  35.4665815  13.6201142   -0.0914   -0.0192    0.0272 15 27 26.00    10.00 
  2020 11 18.644572  2 21 51.9704 +13 37 12.352  35.4665432  13.6200979  35.4665656  13.6201074   -0.0781   -0.0344    0.0468 15 28 11.00    10.00 
  2020 11 18.645093  2 21 51.9667 +13 37 12.326  35.4665278  13.6200906  35.4665496  13.6201007   -0.0764   -0.0364    0.0253 15 28 56.00    10.00 
  2020 11 18.645613  2 21 51.9623 +13 37 12.303  35.4665096  13.6200841  35.4665337  13.6200939   -0.0843   -0.0354    0.0466 15 29 41.00    10.00 
  2020 11 18.646134  2 21 51.9616 +13 37 12.306  35.4665065  13.6200850  35.4665178  13.6200872   -0.0395   -0.0077    0.0404 15 30 26.00    10.00 
  2020 11 18.646655  2 21 51.9577 +13 37 12.270  35.4664905  13.6200749  35.4665019  13.6200804   -0.0401   -0.0199    0.0224 15 31 11.00    10.00 
  2020 11 18.647176  2 21 51.9544 +13 37 12.227  35.4664769  13.6200630  35.4664860  13.6200737   -0.0319   -0.0387    0.0375 15 31 56.00    10.00 
  2020 11 18.647697  2 21 51.9485 +13 37 12.173  35.4664521  13.6200481  35.4664701  13.6200670   -0.0631   -0.0680    0.0354 15 32 41.00    10.00 
  2020 11 18.648218  2 21 51.9472 +13 37 12.275  35.4664467  13.6200765  35.4664542  13.6200602   -0.0262    0.0586    0.0535 15 33 26.00    10.00 
  2020 11 18.648738  2 21 51.9399 +13 37 12.161  35.4664163  13.6200448  35.4664383  13.6200535   -0.0768   -0.0315    0.0345 15 34 11.00    10.00 
  2020 11 18.649259  2 21 51.9363 +13 37 12.144  35.4664013  13.6200401  35.4664224  13.6200468   -0.0736   -0.0242    0.0337 15 34 56.00    10.00 
  2020 11 18.649780  2 21 51.9341 +13 37 12.109  35.4663923  13.6200303  35.4664064  13.6200401   -0.0496   -0.0353    0.0279 15 35 41.00    10.00 
  2020 11 18.650301  2 21 51.9327 +13 37 12.106  35.4663863  13.6200295  35.4663905  13.6200334   -0.0147   -0.0142    0.0258 15 36 26.00    10.00 
  2020 11 18.650822  2 21 51.9258 +13 37 12.084  35.4663575  13.6200233  35.4663746  13.6200267   -0.0598   -0.0122    0.0297 15 37 11.00    10.00 
  2020 11 18.651343  2 21 51.9248 +13 37 12.037  35.4663535  13.6200102  35.4663587  13.6200200   -0.0181   -0.0354    0.0269 15 37 56.00    10.00 
  2020 11 18.651863  2 21 51.9204 +13 37 12.067  35.4663349  13.6200186  35.4663428  13.6200133   -0.0276    0.0188    0.0268 15 38 41.00    10.00 
  2020 11 18.652384  2 21 51.9153 +13 37 11.989  35.4663139  13.6199971  35.4663269  13.6200067   -0.0456   -0.0346    0.0268 15 39 26.00    10.00 
  2020 11 18.652905  2 21 51.9137 +13 37 11.976  35.4663070  13.6199933  35.4663110  13.6200000   -0.0141   -0.0242    0.0332 15 40 11.00    10.00 
  2020 11 18.653414  2 21 51.9078 +13 37 11.945  35.4662827  13.6199848  35.4662954  13.6199935   -0.0446   -0.0313    0.0266 15 40 55.00    10.00 
  2020 11 18.653935  2 21 51.9025 +13 37 11.962  35.4662603  13.6199895  35.4662795  13.6199868   -0.0671    0.0094    0.0272 15 41 40.00    10.00 
  2020 11 18.654456  2 21 51.9010 +13 37 11.901  35.4662543  13.6199726  35.4662636  13.6199802   -0.0325   -0.0274    0.0272 15 42 25.00    10.00 
  2020 11 18.654977  2 21 51.8979 +13 37 11.850  35.4662411  13.6199584  35.4662477  13.6199735   -0.0231   -0.0544    0.0587 15 43 10.00    10.00 
  2020 11 18.655498  2 21 51.8914 +13 37 11.806  35.4662141  13.6199460  35.4662318  13.6199669   -0.0618   -0.0753    0.0189 15 43 55.00    10.00 
  2020 11 18.656019  2 21 51.8886 +13 37 11.878  35.4662026  13.6199662  35.4662159  13.6199603   -0.0465    0.0213    0.0405 15 44 40.00    10.00 
  2020 11 18.656539  2 21 51.8882 +13 37 11.799  35.4662010  13.6199440  35.4662000  13.6199537    0.0037   -0.0346    0.0258 15 45 25.00    10.00 
  2020 11 18.657060  2 21 51.8814 +13 37 11.724  35.4661726  13.6199235  35.4661841  13.6199470   -0.0401   -0.0849    0.0388 15 46 10.00    10.00 
  2020 11 18.657581  2 21 51.8782 +13 37 11.758  35.4661590  13.6199328  35.4661681  13.6199404   -0.0319   -0.0275    0.0462 15 46 55.00    10.00 
  2020 11 18.658102  2 21 51.8733 +13 37 11.754  35.4661386  13.6199316  35.4661522  13.6199338   -0.0475   -0.0081    0.0215 15 47 40.00    10.00 
  2020 11 18.658623  2 21 51.8705 +13 37 11.737  35.4661273  13.6199269  35.4661363  13.6199272   -0.0317   -0.0012    0.0376 15 48 25.00    10.00 
  2020 11 18.659144  2 21 51.8666 +13 37 11.710  35.4661107  13.6199194  35.4661204  13.6199206   -0.0340   -0.0045    0.0570 15 49 10.00    10.00 
  2020 11 18.659664  2 21 51.8632 +13 37 11.707  35.4660966  13.6199186  35.4661045  13.6199140   -0.0275    0.0163    0.0287 15 49 55.00    10.00 
  2020 11 18.660185  2 21 51.8571 +13 37 11.636  35.4660714  13.6198989  35.4660886  13.6199075   -0.0601   -0.0309    0.0368 15 50 40.00    10.00 
  2020 11 18.660706  2 21 51.8538 +13 37 11.658  35.4660576  13.6199051  35.4660727  13.6199009   -0.0529    0.0150    0.0207 15 51 25.00    10.00 
  2020 11 18.661227  2 21 51.8488 +13 37 11.571  35.4660368  13.6198809  35.4660568  13.6198943   -0.0699   -0.0483    0.0290 15 52 10.00    10.00 
  2020 11 18.661736  2 21 51.8453 +13 37 11.570  35.4660219  13.6198806  35.4660412  13.6198879   -0.0676   -0.0262    0.0324 15 52 54.00    10.00 
  2020 11 18.662257  2 21 51.8424 +13 37 11.571  35.4660101  13.6198807  35.4660253  13.6198814   -0.0533   -0.0023    0.0294 15 53 39.00    10.00 
  2020 11 18.662778  2 21 51.8389 +13 37 11.534  35.4659955  13.6198706  35.4660094  13.6198748   -0.0485   -0.0152    0.0459 15 54 24.00    10.00 
  2020 11 18.663819  2 21 51.8288 +13 37 11.458  35.4659535  13.6198493  35.4659776  13.6198617   -0.0844   -0.0446    0.0503 15 55 54.00    10.00 
  2020 11 18.664340  2 21 51.8280 +13 37 11.464  35.4659500  13.6198510  35.4659617  13.6198552   -0.0407   -0.0151    0.0429 15 56 39.00    10.00 
  2020 11 18.664861  2 21 51.8213 +13 37 11.416  35.4659219  13.6198378  35.4659458  13.6198487   -0.0833   -0.0391    0.0305 15 57 24.00    10.00 
  2020 11 18.665382  2 21 51.8211 +13 37 11.395  35.4659212  13.6198321  35.4659298  13.6198422   -0.0302   -0.0364    0.0356 15 58  9.00    10.00 
  2020 11 18.665903  2 21 51.8158 +13 37 11.391  35.4658992  13.6198308  35.4659139  13.6198356   -0.0515   -0.0174    0.0319 15 58 54.00    10.00 
  2020 11 18.666424  2 21 51.8134 +13 37 11.375  35.4658893  13.6198265  35.4658980  13.6198291   -0.0306   -0.0095    0.0307 15 59 39.00    10.00 
  2020 11 18.666944  2 21 51.8071 +13 37 11.329  35.4658629  13.6198137  35.4658821  13.6198226   -0.0673   -0.0321    0.0276 16  0 24.00    10.00 
  2020 11 18.667465  2 21 51.8064 +13 37 11.329  35.4658598  13.6198136  35.4658662  13.6198161   -0.0224   -0.0090    0.0216 16  1  9.00    10.00 
  2020 11 18.667986  2 21 51.8029 +13 37 11.331  35.4658455  13.6198141  35.4658503  13.6198097   -0.0167    0.0158    0.0265 16  1 54.00    10.00 
  2020 11 18.668507  2 21 51.7971 +13 37 11.215  35.4658214  13.6197820  35.4658344  13.6198032   -0.0454   -0.0764    0.0332 16  2 39.00    10.00 
  2020 11 18.669016  2 21 51.7939 +13 37 11.252  35.4658079  13.6197922  35.4658188  13.6197969   -0.0382   -0.0168    0.0316 16  3 23.00    10.00 
  2020 11 18.669537  2 21 51.7895 +13 37 11.194  35.4657896  13.6197761  35.4658029  13.6197904   -0.0466   -0.0515    0.0312 16  4  8.00    10.00 
  2020 11 18.670058  2 21 51.7840 +13 37 11.193  35.4657669  13.6197757  35.4657870  13.6197839   -0.0705   -0.0294    0.0302 16  4 53.00    10.00 
