v5.22.02i     Planet: Uranus  (DE441)
        Satellite: U4 Oberon  ( Lainey et al. (2015))
                               - ephemerides on 1847/01/00.5-2146/02/12.7
    Observatory N: 286 - Yunnan Observatory
        Timescale: UTC
Mean equator and equinox of J2000.  ICRF. 
Coordinates astrometric 
Year  M  D   H  M  S       alpha (h)          delta (?)  Precision,"
2020 11 13  12  0  0.00     2.3779247045      13.696453614  
2020 11 13  12  1  0.00     2.3779227329      13.696447561  
2020 11 13  12  2  0.00     2.3779207611      13.696441506  
2020 11 13  12  3  0.00     2.3779187892      13.696435450  
2020 11 13  12  4  0.00     2.3779168171      13.696429393  
2020 11 13  12  5  0.00     2.3779148449      13.696423334  
2020 11 13  12  6  0.00     2.3779128724      13.696417275  
2020 11 13  12  7  0.00     2.3779108998      13.696411214  
2020 11 13  12  8  0.00     2.3779089271      13.696405152  
2020 11 13  12  9  0.00     2.3779069542      13.696399090  
2020 11 13  12 10  0.00     2.3779049811      13.696393025  
2020 11 13  12 11  0.00     2.3779030078      13.696386960  
2020 11 13  12 12  0.00     2.3779010344      13.696380894  
2020 11 13  12 13  0.00     2.3778990608      13.696374826  
2020 11 13  12 14  0.00     2.3778970871      13.696368757  
2020 11 13  12 15  0.00     2.3778951132      13.696362687  
2020 11 13  12 16  0.00     2.3778931391      13.696356616  
2020 11 13  12 17  0.00     2.3778911649      13.696350544  
2020 11 13  12 18  0.00     2.3778891905      13.696344470  
2020 11 13  12 19  0.00     2.3778872159      13.696338396  
2020 11 13  12 20  0.00     2.3778852412      13.696332320  
2020 11 13  12 21  0.00     2.3778832663      13.696326243  
2020 11 13  12 22  0.00     2.3778812913      13.696320165  
2020 11 13  12 23  0.00     2.3778793161      13.696314085  
2020 11 13  12 24  0.00     2.3778773407      13.696308005  
2020 11 13  12 25  0.00     2.3778753652      13.696301923  
2020 11 13  12 26  0.00     2.3778733896      13.696295840  
2020 11 13  12 27  0.00     2.3778714137      13.696289755  
2020 11 13  12 28  0.00     2.3778694377      13.696283670  
2020 11 13  12 29  0.00     2.3778674616      13.696277583  
2020 11 13  12 30  0.00     2.3778654853      13.696271496  
2020 11 13  12 31  0.00     2.3778635088      13.696265407  
2020 11 13  12 32  0.00     2.3778615322      13.696259316  
2020 11 13  12 33  0.00     2.3778595554      13.696253225  
2020 11 13  12 34  0.00     2.3778575785      13.696247132  
2020 11 13  12 35  0.00     2.3778556014      13.696241038  
2020 11 13  12 36  0.00     2.3778536242      13.696234943  
2020 11 13  12 37  0.00     2.3778516468      13.696228847  
2020 11 13  12 38  0.00     2.3778496693      13.696222749  
2020 11 13  12 39  0.00     2.3778476916      13.696216650  
2020 11 13  12 40  0.00     2.3778457137      13.696210550  
2020 11 13  12 41  0.00     2.3778437358      13.696204449  
2020 11 13  12 42  0.00     2.3778417576      13.696198347  
2020 11 13  12 43  0.00     2.3778397793      13.696192243  
2020 11 13  12 44  0.00     2.3778378009      13.696186138  
2020 11 13  12 45  0.00     2.3778358223      13.696180032  
2020 11 13  12 46  0.00     2.3778338435      13.696173924  
2020 11 13  12 47  0.00     2.3778318646      13.696167816  
2020 11 13  12 48  0.00     2.3778298856      13.696161706  
2020 11 13  12 49  0.00     2.3778279064      13.696155595  
2020 11 13  12 50  0.00     2.3778259270      13.696149482  
2020 11 13  12 51  0.00     2.3778239475      13.696143369  
2020 11 13  12 52  0.00     2.3778219679      13.696137254  
2020 11 13  12 53  0.00     2.3778199881      13.696131138  
2020 11 13  12 54  0.00     2.3778180082      13.696125020  
2020 11 13  12 55  0.00     2.3778160281      13.696118902  
2020 11 13  12 56  0.00     2.3778140479      13.696112782  
2020 11 13  12 57  0.00     2.3778120675      13.696106660  
2020 11 13  12 58  0.00     2.3778100870      13.696100538  
2020 11 13  12 59  0.00     2.3778081064      13.696094414  
2020 11 13  13  0  0.00     2.3778061256      13.696088289  
2020 11 13  13  1  0.00     2.3778041446      13.696082163  
2020 11 13  13  2  0.00     2.3778021636      13.696076035  
2020 11 13  13  3  0.00     2.3778001823      13.696069907  
2020 11 13  13  4  0.00     2.3777982010      13.696063777  
2020 11 13  13  5  0.00     2.3777962195      13.696057645  
2020 11 13  13  6  0.00     2.3777942378      13.696051513  
2020 11 13  13  7  0.00     2.3777922560      13.696045379  
2020 11 13  13  8  0.00     2.3777902741      13.696039243  
2020 11 13  13  9  0.00     2.3777882921      13.696033107  
2020 11 13  13 10  0.00     2.3777863099      13.696026969  
2020 11 13  13 11  0.00     2.3777843275      13.696020830  
2020 11 13  13 12  0.00     2.3777823451      13.696014690  
2020 11 13  13 13  0.00     2.3777803625      13.696008548  
2020 11 13  13 14  0.00     2.3777783797      13.696002405  
2020 11 13  13 15  0.00     2.3777763968      13.695996261  
2020 11 13  13 16  0.00     2.3777744138      13.695990115  
2020 11 13  13 17  0.00     2.3777724307      13.695983968  
2020 11 13  13 18  0.00     2.3777704474      13.695977820  
2020 11 13  13 19  0.00     2.3777684640      13.695971671  
2020 11 13  13 20  0.00     2.3777664804      13.695965520  
2020 11 13  13 21  0.00     2.3777644968      13.695959368  
2020 11 13  13 22  0.00     2.3777625130      13.695953215  
2020 11 13  13 23  0.00     2.3777605290      13.695947060  
2020 11 13  13 24  0.00     2.3777585449      13.695940904  
2020 11 13  13 25  0.00     2.3777565607      13.695934747  
2020 11 13  13 26  0.00     2.3777545764      13.695928588  
2020 11 13  13 27  0.00     2.3777525920      13.695922428  
2020 11 13  13 28  0.00     2.3777506074      13.695916267  
2020 11 13  13 29  0.00     2.3777486227      13.695910104  
2020 11 13  13 30  0.00     2.3777466378      13.695903941  
2020 11 13  13 31  0.00     2.3777446528      13.695897775  
2020 11 13  13 32  0.00     2.3777426677      13.695891609  
2020 11 13  13 33  0.00     2.3777406825      13.695885441  
2020 11 13  13 34  0.00     2.3777386972      13.695879272  
2020 11 13  13 35  0.00     2.3777367117      13.695873101  
2020 11 13  13 36  0.00     2.3777347261      13.695866929  
2020 11 13  13 37  0.00     2.3777327404      13.695860756  
2020 11 13  13 38  0.00     2.3777307546      13.695854582  
2020 11 13  13 39  0.00     2.3777287686      13.695848406  
2020 11 13  13 40  0.00     2.3777267825      13.695842229  
2020 11 13  13 41  0.00     2.3777247963      13.695836050  
2020 11 13  13 42  0.00     2.3777228100      13.695829870  
2020 11 13  13 43  0.00     2.3777208235      13.695823689  
2020 11 13  13 44  0.00     2.3777188370      13.695817506  
2020 11 13  13 45  0.00     2.3777168503      13.695811322  
2020 11 13  13 46  0.00     2.3777148635      13.695805137  
2020 11 13  13 47  0.00     2.3777128766      13.695798951  
2020 11 13  13 48  0.00     2.3777108895      13.695792763  
2020 11 13  13 49  0.00     2.3777089024      13.695786573  
2020 11 13  13 50  0.00     2.3777069151      13.695780383  
2020 11 13  13 51  0.00     2.3777049277      13.695774191  
2020 11 13  13 52  0.00     2.3777029402      13.695767997  
2020 11 13  13 53  0.00     2.3777009526      13.695761802  
2020 11 13  13 54  0.00     2.3776989649      13.695755606  
2020 11 13  13 55  0.00     2.3776969771      13.695749409  
2020 11 13  13 56  0.00     2.3776949891      13.695743210  
2020 11 13  13 57  0.00     2.3776930010      13.695737010  
2020 11 13  13 58  0.00     2.3776910129      13.695730808  
2020 11 13  13 59  0.00     2.3776890246      13.695724605  
2020 11 13  14  0  0.00     2.3776870362      13.695718401  
2020 11 13  14  1  0.00     2.3776850477      13.695712195  
2020 11 13  14  2  0.00     2.3776830591      13.695705988  
2020 11 13  14  3  0.00     2.3776810704      13.695699780  
2020 11 13  14  4  0.00     2.3776790815      13.695693570  
2020 11 13  14  5  0.00     2.3776770926      13.695687359  
2020 11 13  14  6  0.00     2.3776751036      13.695681146  
2020 11 13  14  7  0.00     2.3776731144      13.695674932  
2020 11 13  14  8  0.00     2.3776711252      13.695668717  
2020 11 13  14  9  0.00     2.3776691358      13.695662500  
2020 11 13  14 10  0.00     2.3776671464      13.695656282  
2020 11 13  14 11  0.00     2.3776651568      13.695650063  
2020 11 13  14 12  0.00     2.3776631671      13.695643842  
2020 11 13  14 13  0.00     2.3776611774      13.695637620  
2020 11 13  14 14  0.00     2.3776591875      13.695631396  
2020 11 13  14 15  0.00     2.3776571975      13.695625171  
2020 11 13  14 16  0.00     2.3776552075      13.695618945  
2020 11 13  14 17  0.00     2.3776532173      13.695612717  
2020 11 13  14 18  0.00     2.3776512270      13.695606488  
2020 11 13  14 19  0.00     2.3776492367      13.695600257  
2020 11 13  14 20  0.00     2.3776472462      13.695594025  
2020 11 13  14 21  0.00     2.3776452556      13.695587792  
2020 11 13  14 22  0.00     2.3776432650      13.695581557  
2020 11 13  14 23  0.00     2.3776412742      13.695575321  
2020 11 13  14 24  0.00     2.3776392834      13.695569083  
2020 11 13  14 25  0.00     2.3776372925      13.695562844  
2020 11 13  14 26  0.00     2.3776353014      13.695556604  
2020 11 13  14 27  0.00     2.3776333103      13.695550362  
2020 11 13  14 28  0.00     2.3776313191      13.695544119  
2020 11 13  14 29  0.00     2.3776293278      13.695537874  
2020 11 13  14 30  0.00     2.3776273364      13.695531628  
2020 11 13  14 31  0.00     2.3776253449      13.695525381  
2020 11 13  14 32  0.00     2.3776233533      13.695519132  
2020 11 13  14 33  0.00     2.3776213616      13.695512882  
2020 11 13  14 34  0.00     2.3776193699      13.695506630  
2020 11 13  14 35  0.00     2.3776173780      13.695500377  
2020 11 13  14 36  0.00     2.3776153861      13.695494123  
2020 11 13  14 37  0.00     2.3776133940      13.695487867  
2020 11 13  14 38  0.00     2.3776114019      13.695481609  
2020 11 13  14 39  0.00     2.3776094097      13.695475351  
2020 11 13  14 40  0.00     2.3776074175      13.695469091  
2020 11 13  14 41  0.00     2.3776054251      13.695462829  
2020 11 13  14 42  0.00     2.3776034327      13.695456566  
2020 11 13  14 43  0.00     2.3776014401      13.695450302  
2020 11 13  14 44  0.00     2.3775994475      13.695444036  
2020 11 13  14 45  0.00     2.3775974548      13.695437768  
2020 11 13  14 46  0.00     2.3775954621      13.695431500  
2020 11 13  14 47  0.00     2.3775934692      13.695425230  
2020 11 13  14 48  0.00     2.3775914763      13.695418958  
2020 11 13  14 49  0.00     2.3775894833      13.695412685  
2020 11 13  14 50  0.00     2.3775874902      13.695406411  
2020 11 13  14 51  0.00     2.3775854970      13.695400135  
2020 11 13  14 52  0.00     2.3775835038      13.695393858  
2020 11 13  14 53  0.00     2.3775815104      13.695387579  
2020 11 13  14 54  0.00     2.3775795170      13.695381299  
2020 11 13  14 55  0.00     2.3775775236      13.695375017  
2020 11 13  14 56  0.00     2.3775755300      13.695368734  
2020 11 13  14 57  0.00     2.3775735364      13.695362450  
2020 11 13  14 58  0.00     2.3775715427      13.695356164  
2020 11 13  14 59  0.00     2.3775695490      13.695349877  
2020 11 13  15  0  0.00     2.3775675551      13.695343588  
2020 11 13  15  1  0.00     2.3775655612      13.695337298  
2020 11 13  15  2  0.00     2.3775635672      13.695331006  
2020 11 13  15  3  0.00     2.3775615732      13.695324713  
2020 11 13  15  4  0.00     2.3775595791      13.695318419  
2020 11 13  15  5  0.00     2.3775575849      13.695312123  
2020 11 13  15  6  0.00     2.3775555907      13.695305825  
2020 11 13  15  7  0.00     2.3775535963      13.695299526  
2020 11 13  15  8  0.00     2.3775516020      13.695293226  
2020 11 13  15  9  0.00     2.3775496075      13.695286924  
2020 11 13  15 10  0.00     2.3775476130      13.695280621  
2020 11 13  15 11  0.00     2.3775456184      13.695274317  
2020 11 13  15 12  0.00     2.3775436238      13.695268011  
2020 11 13  15 13  0.00     2.3775416291      13.695261703  
2020 11 13  15 14  0.00     2.3775396343      13.695255394  
2020 11 13  15 15  0.00     2.3775376395      13.695249084  
2020 11 13  15 16  0.00     2.3775356446      13.695242772  
2020 11 13  15 17  0.00     2.3775336497      13.695236458  
2020 11 13  15 18  0.00     2.3775316547      13.695230144  
2020 11 13  15 19  0.00     2.3775296596      13.695223827  
2020 11 13  15 20  0.00     2.3775276645      13.695217510  
2020 11 13  15 21  0.00     2.3775256693      13.695211191  
2020 11 13  15 22  0.00     2.3775236741      13.695204870  
2020 11 13  15 23  0.00     2.3775216788      13.695198548  
2020 11 13  15 24  0.00     2.3775196834      13.695192225  
2020 11 13  15 25  0.00     2.3775176880      13.695185900  
2020 11 13  15 26  0.00     2.3775156926      13.695179573  
2020 11 13  15 27  0.00     2.3775136971      13.695173245  
2020 11 13  15 28  0.00     2.3775117015      13.695166916  
2020 11 13  15 29  0.00     2.3775097059      13.695160585  
2020 11 13  15 30  0.00     2.3775077103      13.695154253  
2020 11 13  15 31  0.00     2.3775057145      13.695147919  
2020 11 13  15 32  0.00     2.3775037188      13.695141584  
2020 11 13  15 33  0.00     2.3775017230      13.695135247  
2020 11 13  15 34  0.00     2.3774997271      13.695128909  
2020 11 13  15 35  0.00     2.3774977312      13.695122570  
2020 11 13  15 36  0.00     2.3774957353      13.695116229  
2020 11 13  15 37  0.00     2.3774937393      13.695109886  
2020 11 13  15 38  0.00     2.3774917432      13.695103542  
2020 11 13  15 39  0.00     2.3774897471      13.695097197  
2020 11 13  15 40  0.00     2.3774877510      13.695090850  
2020 11 13  15 41  0.00     2.3774857548      13.695084502  
2020 11 13  15 42  0.00     2.3774837586      13.695078152  
2020 11 13  15 43  0.00     2.3774817623      13.695071801  
2020 11 13  15 44  0.00     2.3774797660      13.695065448  
2020 11 13  15 45  0.00     2.3774777697      13.695059094  
2020 11 13  15 46  0.00     2.3774757733      13.695052738  
2020 11 13  15 47  0.00     2.3774737769      13.695046381  
2020 11 13  15 48  0.00     2.3774717804      13.695040022  
2020 11 13  15 49  0.00     2.3774697839      13.695033662  
2020 11 13  15 50  0.00     2.3774677874      13.695027301  
2020 11 13  15 51  0.00     2.3774657908      13.695020938  
2020 11 13  15 52  0.00     2.3774637942      13.695014573  
2020 11 13  15 53  0.00     2.3774617976      13.695008207  
2020 11 13  15 54  0.00     2.3774598009      13.695001840  
2020 11 13  15 55  0.00     2.3774578042      13.694995471  
2020 11 13  15 56  0.00     2.3774558074      13.694989101  
2020 11 13  15 57  0.00     2.3774538106      13.694982729  
2020 11 13  15 58  0.00     2.3774518138      13.694976355  
2020 11 13  15 59  0.00     2.3774498170      13.694969981  
2020 11 13  16  0  0.00     2.3774478201      13.694963604  
2020 11 13  16  1  0.00     2.3774458232      13.694957227  
2020 11 13  16  2  0.00     2.3774438263      13.694950847  
2020 11 13  16  3  0.00     2.3774418293      13.694944467  
2020 11 13  16  4  0.00     2.3774398324      13.694938085  
2020 11 13  16  5  0.00     2.3774378353      13.694931701  
2020 11 13  16  6  0.00     2.3774358383      13.694925316  
2020 11 13  16  7  0.00     2.3774338412      13.694918929  
2020 11 13  16  8  0.00     2.3774318442      13.694912541  
2020 11 13  16  9  0.00     2.3774298470      13.694906152  
2020 11 13  16 10  0.00     2.3774278499      13.694899761  
2020 11 13  16 11  0.00     2.3774258528      13.694893368  
2020 11 13  16 12  0.00     2.3774238556      13.694886975  
2020 11 13  16 13  0.00     2.3774218584      13.694880579  
2020 11 13  16 14  0.00     2.3774198612      13.694874182  
2020 11 13  16 15  0.00     2.3774178639      13.694867784  
2020 11 13  16 16  0.00     2.3774158667      13.694861384  
2020 11 13  16 17  0.00     2.3774138694      13.694854983  
2020 11 13  16 18  0.00     2.3774118721      13.694848580  
2020 11 13  16 19  0.00     2.3774098748      13.694842176  
2020 11 13  16 20  0.00     2.3774078774      13.694835770  
2020 11 13  16 21  0.00     2.3774058801      13.694829363  
2020 11 13  16 22  0.00     2.3774038827      13.694822954  
2020 11 13  16 23  0.00     2.3774018854      13.694816544  
2020 11 13  16 24  0.00     2.3773998880      13.694810133  
2020 11 13  16 25  0.00     2.3773978906      13.694803719  
2020 11 13  16 26  0.00     2.3773958932      13.694797305  
2020 11 13  16 27  0.00     2.3773938957      13.694790889  
2020 11 13  16 28  0.00     2.3773918983      13.694784471  
2020 11 13  16 29  0.00     2.3773899009      13.694778052  
2020 11 13  16 30  0.00     2.3773879034      13.694771632  
2020 11 13  16 31  0.00     2.3773859059      13.694765210  
2020 11 13  16 32  0.00     2.3773839085      13.694758787  
2020 11 13  16 33  0.00     2.3773819110      13.694752362  
2020 11 13  16 34  0.00     2.3773799135      13.694745935  
2020 11 13  16 35  0.00     2.3773779160      13.694739507  
2020 11 13  16 36  0.00     2.3773759185      13.694733078  
2020 11 13  16 37  0.00     2.3773739210      13.694726647  
2020 11 13  16 38  0.00     2.3773719235      13.694720215  
2020 11 13  16 39  0.00     2.3773699260      13.694713781  
2020 11 13  16 40  0.00     2.3773679285      13.694707346  
2020 11 13  16 41  0.00     2.3773659310      13.694700910  
2020 11 13  16 42  0.00     2.3773639335      13.694694471  
2020 11 13  16 43  0.00     2.3773619360      13.694688032  
2020 11 13  16 44  0.00     2.3773599384      13.694681591  
2020 11 13  16 45  0.00     2.3773579409      13.694675148  
2020 11 13  16 46  0.00     2.3773559434      13.694668704  
2020 11 13  16 47  0.00     2.3773539459      13.694662259  
2020 11 13  16 48  0.00     2.3773519484      13.694655812  
2020 11 13  16 49  0.00     2.3773499509      13.694649363  
2020 11 13  16 50  0.00     2.3773479534      13.694642913  
2020 11 13  16 51  0.00     2.3773459559      13.694636462  
2020 11 13  16 52  0.00     2.3773439584      13.694630009  
2020 11 13  16 53  0.00     2.3773419609      13.694623555  
2020 11 13  16 54  0.00     2.3773399635      13.694617099  
2020 11 13  16 55  0.00     2.3773379660      13.694610642  
2020 11 13  16 56  0.00     2.3773359685      13.694604183  
2020 11 13  16 57  0.00     2.3773339711      13.694597723  
2020 11 13  16 58  0.00     2.3773319736      13.694591261  
2020 11 13  16 59  0.00     2.3773299762      13.694584798  
2020 11 13  17  0  0.00     2.3773279788      13.694578333  
2020 11 13  17  1  0.00     2.3773259814      13.694571867  
2020 11 13  17  2  0.00     2.3773239840      13.694565400  
2020 11 13  17  3  0.00     2.3773219866      13.694558931  
2020 11 13  17  4  0.00     2.3773199892      13.694552460  
2020 11 13  17  5  0.00     2.3773179919      13.694545988  
2020 11 13  17  6  0.00     2.3773159945      13.694539515  
2020 11 13  17  7  0.00     2.3773139972      13.694533040  
2020 11 13  17  8  0.00     2.3773119999      13.694526564  
2020 11 13  17  9  0.00     2.3773100026      13.694520086  
2020 11 13  17 10  0.00     2.3773080054      13.694513606  
2020 11 13  17 11  0.00     2.3773060081      13.694507126  
2020 11 13  17 12  0.00     2.3773040109      13.694500644  
2020 11 13  17 13  0.00     2.3773020136      13.694494160  
2020 11 13  17 14  0.00     2.3773000165      13.694487675  
2020 11 13  17 15  0.00     2.3772980193      13.694481188  
2020 11 13  17 16  0.00     2.3772960221      13.694474700  
2020 11 13  17 17  0.00     2.3772940250      13.694468211  
2020 11 13  17 18  0.00     2.3772920279      13.694461720  
2020 11 13  17 19  0.00     2.3772900308      13.694455227  
2020 11 13  17 20  0.00     2.3772880337      13.694448733  
2020 11 13  17 21  0.00     2.3772860367      13.694442238  
2020 11 13  17 22  0.00     2.3772840397      13.694435741  
2020 11 13  17 23  0.00     2.3772820427      13.694429243  
2020 11 13  17 24  0.00     2.3772800458      13.694422743  
2020 11 13  17 25  0.00     2.3772780488      13.694416242  
2020 11 13  17 26  0.00     2.3772760519      13.694409740  
2020 11 13  17 27  0.00     2.3772740551      13.694403236  
2020 11 13  17 28  0.00     2.3772720582      13.694396730  
2020 11 13  17 29  0.00     2.3772700614      13.694390223  
2020 11 13  17 30  0.00     2.3772680646      13.694383715  
2020 11 13  17 31  0.00     2.3772660679      13.694377205  
2020 11 13  17 32  0.00     2.3772640712      13.694370693  
2020 11 13  17 33  0.00     2.3772620745      13.694364181  
2020 11 13  17 34  0.00     2.3772600778      13.694357666  
2020 11 13  17 35  0.00     2.3772580812      13.694351151  
2020 11 13  17 36  0.00     2.3772560846      13.694344634  
2020 11 13  17 37  0.00     2.3772540881      13.694338115  
2020 11 13  17 38  0.00     2.3772520916      13.694331595  
2020 11 13  17 39  0.00     2.3772500951      13.694325074  
2020 11 13  17 40  0.00     2.3772480987      13.694318551  
2020 11 13  17 41  0.00     2.3772461023      13.694312026  
2020 11 13  17 42  0.00     2.3772441059      13.694305501  
2020 11 13  17 43  0.00     2.3772421096      13.694298973  
2020 11 13  17 44  0.00     2.3772401133      13.694292445  
2020 11 13  17 45  0.00     2.3772381171      13.694285915  
2020 11 13  17 46  0.00     2.3772361209      13.694279383  
2020 11 13  17 47  0.00     2.3772341247      13.694272850  
2020 11 13  17 48  0.00     2.3772321286      13.694266316  
2020 11 13  17 49  0.00     2.3772301325      13.694259780  
2020 11 13  17 50  0.00     2.3772281365      13.694253242  
2020 11 13  17 51  0.00     2.3772261405      13.694246704  
2020 11 13  17 52  0.00     2.3772241446      13.694240164  
2020 11 13  17 53  0.00     2.3772221487      13.694233622  
2020 11 13  17 54  0.00     2.3772201528      13.694227079  
2020 11 13  17 55  0.00     2.3772181570      13.694220534  
2020 11 13  17 56  0.00     2.3772161613      13.694213988  
2020 11 13  17 57  0.00     2.3772141656      13.694207441  
2020 11 13  17 58  0.00     2.3772121699      13.694200892  
2020 11 13  17 59  0.00     2.3772101743      13.694194342  
2020 11 13  18  0  0.00     2.3772081787      13.694187791  
2020 11 13  18  1  0.00     2.3772061832      13.694181237  
2020 11 13  18  2  0.00     2.3772041877      13.694174683  
2020 11 13  18  3  0.00     2.3772021923      13.694168127  
2020 11 13  18  4  0.00     2.3772001970      13.694161570  
2020 11 13  18  5  0.00     2.3771982017      13.694155011  
2020 11 13  18  6  0.00     2.3771962064      13.694148451  
2020 11 13  18  7  0.00     2.3771942112      13.694141889  
2020 11 13  18  8  0.00     2.3771922161      13.694135326  
2020 11 13  18  9  0.00     2.3771902210      13.694128762  
2020 11 13  18 10  0.00     2.3771882260      13.694122196  
2020 11 13  18 11  0.00     2.3771862310      13.694115629  
2020 11 13  18 12  0.00     2.3771842361      13.694109060  
2020 11 13  18 13  0.00     2.3771822412      13.694102490  
2020 11 13  18 14  0.00     2.3771802464      13.694095918  
2020 11 13  18 15  0.00     2.3771782516      13.694089345  
2020 11 13  18 16  0.00     2.3771762570      13.694082771  
2020 11 13  18 17  0.00     2.3771742623      13.694076195  
2020 11 13  18 18  0.00     2.3771722678      13.694069618  
2020 11 13  18 19  0.00     2.3771702733      13.694063040  
2020 11 13  18 20  0.00     2.3771682788      13.694056460  
2020 11 13  18 21  0.00     2.3771662844      13.694049878  
2020 11 13  18 22  0.00     2.3771642901      13.694043296  
2020 11 13  18 23  0.00     2.3771622958      13.694036711  
2020 11 13  18 24  0.00     2.3771603016      13.694030126  
2020 11 13  18 25  0.00     2.3771583075      13.694023539  
2020 11 13  18 26  0.00     2.3771563135      13.694016950  
2020 11 13  18 27  0.00     2.3771543195      13.694010361  
2020 11 13  18 28  0.00     2.3771523255      13.694003769  
2020 11 13  18 29  0.00     2.3771503316      13.693997177  
2020 11 13  18 30  0.00     2.3771483378      13.693990583  
2020 11 13  18 31  0.00     2.3771463441      13.693983987  
2020 11 13  18 32  0.00     2.3771443504      13.693977391  
2020 11 13  18 33  0.00     2.3771423569      13.693970793  
2020 11 13  18 34  0.00     2.3771403633      13.693964193  
2020 11 13  18 35  0.00     2.3771383699      13.693957592  
2020 11 13  18 36  0.00     2.3771363765      13.693950990  
2020 11 13  18 37  0.00     2.3771343832      13.693944386  
2020 11 13  18 38  0.00     2.3771323899      13.693937781  
2020 11 13  18 39  0.00     2.3771303967      13.693931174  
2020 11 13  18 40  0.00     2.3771284036      13.693924567  
2020 11 13  18 41  0.00     2.3771264106      13.693917957  
2020 11 13  18 42  0.00     2.3771244177      13.693911347  
2020 11 13  18 43  0.00     2.3771224248      13.693904735  
2020 11 13  18 44  0.00     2.3771204320      13.693898121  
2020 11 13  18 45  0.00     2.3771184392      13.693891507  
2020 11 13  18 46  0.00     2.3771164466      13.693884890  
2020 11 13  18 47  0.00     2.3771144540      13.693878273  
2020 11 13  18 48  0.00     2.3771124615      13.693871654  
2020 11 13  18 49  0.00     2.3771104691      13.693865034  
2020 11 13  18 50  0.00     2.3771084767      13.693858412  
2020 11 13  18 51  0.00     2.3771064845      13.693851789  
2020 11 13  18 52  0.00     2.3771044923      13.693845165  
2020 11 13  18 53  0.00     2.3771025002      13.693838539  
2020 11 13  18 54  0.00     2.3771005081      13.693831912  
2020 11 13  18 55  0.00     2.3770985162      13.693825284  
2020 11 13  18 56  0.00     2.3770965243      13.693818654  
2020 11 13  18 57  0.00     2.3770945325      13.693812023  
2020 11 13  18 58  0.00     2.3770925408      13.693805390  
2020 11 13  18 59  0.00     2.3770905492      13.693798756  
2020 11 13  19  0  0.00     2.3770885576      13.693792121  
2020 11 13  19  1  0.00     2.3770865662      13.693785484  
2020 11 13  19  2  0.00     2.3770845748      13.693778846  
2020 11 13  19  3  0.00     2.3770825835      13.693772207  
2020 11 13  19  4  0.00     2.3770805923      13.693765566  
2020 11 13  19  5  0.00     2.3770786012      13.693758924  
2020 11 13  19  6  0.00     2.3770766102      13.693752281  
2020 11 13  19  7  0.00     2.3770746192      13.693745636  
2020 11 13  19  8  0.00     2.3770726284      13.693738990  
2020 11 13  19  9  0.00     2.3770706376      13.693732343  
2020 11 13  19 10  0.00     2.3770686469      13.693725694  
2020 11 13  19 11  0.00     2.3770666563      13.693719044  
2020 11 13  19 12  0.00     2.3770646658      13.693712393  
2020 11 13  19 13  0.00     2.3770626754      13.693705740  
2020 11 13  19 14  0.00     2.3770606850      13.693699086  
2020 11 13  19 15  0.00     2.3770586948      13.693692431  
2020 11 13  19 16  0.00     2.3770567046      13.693685774  
2020 11 13  19 17  0.00     2.3770547146      13.693679116  
2020 11 13  19 18  0.00     2.3770527246      13.693672456  
2020 11 13  19 19  0.00     2.3770507347      13.693665796  
2020 11 13  19 20  0.00     2.3770487450      13.693659134  
2020 11 13  19 21  0.00     2.3770467553      13.693652470  
2020 11 13  19 22  0.00     2.3770447657      13.693645806  
2020 11 13  19 23  0.00     2.3770427762      13.693639140  
2020 11 13  19 24  0.00     2.3770407868      13.693632472  
2020 11 13  19 25  0.00     2.3770387974      13.693625804  
2020 11 13  19 26  0.00     2.3770368082      13.693619134  
2020 11 13  19 27  0.00     2.3770348191      13.693612462  
2020 11 13  19 28  0.00     2.3770328301      13.693605790  
2020 11 13  19 29  0.00     2.3770308411      13.693599116  
2020 11 13  19 30  0.00     2.3770288523      13.693592441  
2020 11 13  19 31  0.00     2.3770268636      13.693585764  
2020 11 13  19 32  0.00     2.3770248749      13.693579086  
2020 11 13  19 33  0.00     2.3770228864      13.693572407  
2020 11 13  19 34  0.00     2.3770208979      13.693565727  
2020 11 13  19 35  0.00     2.3770189096      13.693559045  
2020 11 13  19 36  0.00     2.3770169213      13.693552362  
2020 11 13  19 37  0.00     2.3770149332      13.693545678  
2020 11 13  19 38  0.00     2.3770129451      13.693538992  
2020 11 13  19 39  0.00     2.3770109572      13.693532305  
2020 11 13  19 40  0.00     2.3770089694      13.693525617  
2020 11 13  19 41  0.00     2.3770069816      13.693518927  
2020 11 13  19 42  0.00     2.3770049940      13.693512237  
2020 11 13  19 43  0.00     2.3770030064      13.693505545  
2020 11 13  19 44  0.00     2.3770010190      13.693498851  
2020 11 13  19 45  0.00     2.3769990317      13.693492157  
2020 11 13  19 46  0.00     2.3769970444      13.693485461  
2020 11 13  19 47  0.00     2.3769950573      13.693478763  
2020 11 13  19 48  0.00     2.3769930703      13.693472065  
2020 11 13  19 49  0.00     2.3769910834      13.693465365  
2020 11 13  19 50  0.00     2.3769890965      13.693458664  
2020 11 13  19 51  0.00     2.3769871098      13.693451962  
2020 11 13  19 52  0.00     2.3769851232      13.693445258  
2020 11 13  19 53  0.00     2.3769831367      13.693438553  
2020 11 13  19 54  0.00     2.3769811504      13.693431847  
2020 11 13  19 55  0.00     2.3769791641      13.693425140  
2020 11 13  19 56  0.00     2.3769771779      13.693418431  
2020 11 13  19 57  0.00     2.3769751918      13.693411721  
2020 11 13  19 58  0.00     2.3769732059      13.693405010  
2020 11 13  19 59  0.00     2.3769712200      13.693398298  
2020 11 13  20  0  0.00     2.3769692343      13.693391584  
2020 11 13  20  1  0.00     2.3769672486      13.693384869  
2020 11 13  20  2  0.00     2.3769652631      13.693378153  
2020 11 13  20  3  0.00     2.3769632777      13.693371435  
2020 11 13  20  4  0.00     2.3769612924      13.693364717  
2020 11 13  20  5  0.00     2.3769593072      13.693357997  
2020 11 13  20  6  0.00     2.3769573221      13.693351276  
2020 11 13  20  7  0.00     2.3769553371      13.693344553  
2020 11 13  20  8  0.00     2.3769533523      13.693337829  
2020 11 13  20  9  0.00     2.3769513675      13.693331105  
2020 11 13  20 10  0.00     2.3769493829      13.693324378  
2020 11 13  20 11  0.00     2.3769473984      13.693317651  
2020 11 13  20 12  0.00     2.3769454139      13.693310922  
2020 11 13  20 13  0.00     2.3769434296      13.693304192  
2020 11 13  20 14  0.00     2.3769414455      13.693297461  
2020 11 13  20 15  0.00     2.3769394614      13.693290729  
2020 11 13  20 16  0.00     2.3769374774      13.693283995  
2020 11 13  20 17  0.00     2.3769354936      13.693277261  
2020 11 13  20 18  0.00     2.3769335098      13.693270525  
2020 11 13  20 19  0.00     2.3769315262      13.693263787  
2020 11 13  20 20  0.00     2.3769295427      13.693257049  
2020 11 13  20 21  0.00     2.3769275593      13.693250309  
2020 11 13  20 22  0.00     2.3769255761      13.693243568  
2020 11 13  20 23  0.00     2.3769235929      13.693236826  
2020 11 13  20 24  0.00     2.3769216099      13.693230083  
2020 11 13  20 25  0.00     2.3769196270      13.693223338  
2020 11 13  20 26  0.00     2.3769176442      13.693216593  
2020 11 13  20 27  0.00     2.3769156615      13.693209846  
2020 11 13  20 28  0.00     2.3769136789      13.693203098  
2020 11 13  20 29  0.00     2.3769116965      13.693196348  
2020 11 13  20 30  0.00     2.3769097141      13.693189598  
2020 11 13  20 31  0.00     2.3769077319      13.693182846  
2020 11 13  20 32  0.00     2.3769057498      13.693176093  
2020 11 13  20 33  0.00     2.3769037678      13.693169339  
2020 11 13  20 34  0.00     2.3769017860      13.693162584  
2020 11 13  20 35  0.00     2.3768998042      13.693155827  
2020 11 13  20 36  0.00     2.3768978226      13.693149069  
2020 11 13  20 37  0.00     2.3768958411      13.693142310  
2020 11 13  20 38  0.00     2.3768938598      13.693135550  
2020 11 13  20 39  0.00     2.3768918785      13.693128789  
2020 11 13  20 40  0.00     2.3768898974      13.693122027  
2020 11 13  20 41  0.00     2.3768879163      13.693115263  
2020 11 13  20 42  0.00     2.3768859355      13.693108498  
2020 11 13  20 43  0.00     2.3768839547      13.693101732  
2020 11 13  20 44  0.00     2.3768819740      13.693094965  
2020 11 13  20 45  0.00     2.3768799935      13.693088197  
2020 11 13  20 46  0.00     2.3768780131      13.693081427  
2020 11 13  20 47  0.00     2.3768760328      13.693074657  
2020 11 13  20 48  0.00     2.3768740527      13.693067885  
2020 11 13  20 49  0.00     2.3768720726      13.693061112  
2020 11 13  20 50  0.00     2.3768700927      13.693054338  
2020 11 13  20 51  0.00     2.3768681129      13.693047562  
2020 11 13  20 52  0.00     2.3768661332      13.693040786  
2020 11 13  20 53  0.00     2.3768641537      13.693034008  
2020 11 13  20 54  0.00     2.3768621743      13.693027230  
2020 11 13  20 55  0.00     2.3768601950      13.693020450  
---
2020 11 14  11  1  0.00     2.3752027791      13.687005812  
2020 11 14  11  2  0.00     2.3752007861      13.686998351  
2020 11 14  11  3  0.00     2.3751987931      13.686990889  
2020 11 14  11  4  0.00     2.3751967998      13.686983425  
2020 11 14  11  5  0.00     2.3751948064      13.686975961  
2020 11 14  11  6  0.00     2.3751928128      13.686968495  
2020 11 14  11  7  0.00     2.3751908191      13.686961027  
2020 11 14  11  8  0.00     2.3751888253      13.686953559  
2020 11 14  11  9  0.00     2.3751868312      13.686946089  
2020 11 14  11 10  0.00     2.3751848371      13.686938617  
2020 11 14  11 11  0.00     2.3751828427      13.686931145  
2020 11 14  11 12  0.00     2.3751808483      13.686923671  
2020 11 14  11 13  0.00     2.3751788536      13.686916196  
2020 11 14  11 14  0.00     2.3751768588      13.686908719  
2020 11 14  11 15  0.00     2.3751748639      13.686901241  
2020 11 14  11 16  0.00     2.3751728688      13.686893762  
2020 11 14  11 17  0.00     2.3751708735      13.686886281  
2020 11 14  11 18  0.00     2.3751688781      13.686878799  
2020 11 14  11 19  0.00     2.3751668826      13.686871316  
2020 11 14  11 20  0.00     2.3751648869      13.686863831  
2020 11 14  11 21  0.00     2.3751628910      13.686856345  
2020 11 14  11 22  0.00     2.3751608950      13.686848858  
2020 11 14  11 23  0.00     2.3751588989      13.686841370  
2020 11 14  11 24  0.00     2.3751569026      13.686833880  
2020 11 14  11 25  0.00     2.3751549061      13.686826388  
2020 11 14  11 26  0.00     2.3751529095      13.686818895  
2020 11 14  11 27  0.00     2.3751509127      13.686811401  
2020 11 14  11 28  0.00     2.3751489158      13.686803906  
2020 11 14  11 29  0.00     2.3751469188      13.686796409  
2020 11 14  11 30  0.00     2.3751449216      13.686788911  
2020 11 14  11 31  0.00     2.3751429242      13.686781412  
2020 11 14  11 32  0.00     2.3751409267      13.686773911  
2020 11 14  11 33  0.00     2.3751389291      13.686766408  
2020 11 14  11 34  0.00     2.3751369313      13.686758905  
2020 11 14  11 35  0.00     2.3751349333      13.686751400  
2020 11 14  11 36  0.00     2.3751329352      13.686743893  
2020 11 14  11 37  0.00     2.3751309370      13.686736386  
2020 11 14  11 38  0.00     2.3751289386      13.686728876  
2020 11 14  11 39  0.00     2.3751269401      13.686721366  
2020 11 14  11 40  0.00     2.3751249414      13.686713854  
2020 11 14  11 41  0.00     2.3751229426      13.686706341  
2020 11 14  11 42  0.00     2.3751209436      13.686698826  
2020 11 14  11 43  0.00     2.3751189445      13.686691310  
2020 11 14  11 44  0.00     2.3751169452      13.686683792  
2020 11 14  11 45  0.00     2.3751149458      13.686676274  
2020 11 14  11 46  0.00     2.3751129463      13.686668753  
2020 11 14  11 47  0.00     2.3751109466      13.686661232  
2020 11 14  11 48  0.00     2.3751089468      13.686653708  
2020 11 14  11 49  0.00     2.3751069468      13.686646184  
2020 11 14  11 50  0.00     2.3751049467      13.686638658  
2020 11 14  11 51  0.00     2.3751029464      13.686631131  
2020 11 14  11 52  0.00     2.3751009460      13.686623602  
2020 11 14  11 53  0.00     2.3750989455      13.686616072  
2020 11 14  11 54  0.00     2.3750969448      13.686608540  
2020 11 14  11 55  0.00     2.3750949440      13.686601007  
2020 11 14  11 56  0.00     2.3750929430      13.686593473  
2020 11 14  11 57  0.00     2.3750909419      13.686585937  
2020 11 14  11 58  0.00     2.3750889406      13.686578400  
2020 11 14  11 59  0.00     2.3750869393      13.686570861  
2020 11 14  12  0  0.00     2.3750849377      13.686563321  
2020 11 14  12  1  0.00     2.3750829361      13.686555780  
2020 11 14  12  2  0.00     2.3750809343      13.686548237  
2020 11 14  12  3  0.00     2.3750789323      13.686540692  
2020 11 14  12  4  0.00     2.3750769302      13.686533146  
2020 11 14  12  5  0.00     2.3750749280      13.686525599  
2020 11 14  12  6  0.00     2.3750729257      13.686518050  
2020 11 14  12  7  0.00     2.3750709232      13.686510500  
2020 11 14  12  8  0.00     2.3750689206      13.686502948  
2020 11 14  12  9  0.00     2.3750669178      13.686495395  
2020 11 14  12 10  0.00     2.3750649149      13.686487841  
2020 11 14  12 11  0.00     2.3750629119      13.686480285  
2020 11 14  12 12  0.00     2.3750609087      13.686472727  
2020 11 14  12 13  0.00     2.3750589054      13.686465168  
2020 11 14  12 14  0.00     2.3750569020      13.686457608  
2020 11 14  12 15  0.00     2.3750548984      13.686450046  
2020 11 14  12 16  0.00     2.3750528947      13.686442483  
2020 11 14  12 17  0.00     2.3750508909      13.686434918  
2020 11 14  12 18  0.00     2.3750488869      13.686427352  
2020 11 14  12 19  0.00     2.3750468828      13.686419784  
2020 11 14  12 20  0.00     2.3750448786      13.686412215  
2020 11 14  12 21  0.00     2.3750428743      13.686404645  
2020 11 14  12 22  0.00     2.3750408698      13.686397072  
2020 11 14  12 23  0.00     2.3750388652      13.686389499  
2020 11 14  12 24  0.00     2.3750368604      13.686381924  
2020 11 14  12 25  0.00     2.3750348555      13.686374347  
2020 11 14  12 26  0.00     2.3750328505      13.686366769  
2020 11 14  12 27  0.00     2.3750308454      13.686359190  
2020 11 14  12 28  0.00     2.3750288401      13.686351609  
2020 11 14  12 29  0.00     2.3750268348      13.686344026  
2020 11 14  12 30  0.00     2.3750248292      13.686336442  
2020 11 14  12 31  0.00     2.3750228236      13.686328857  
2020 11 14  12 32  0.00     2.3750208178      13.686321270  
2020 11 14  12 33  0.00     2.3750188119      13.686313681  
2020 11 14  12 34  0.00     2.3750168059      13.686306091  
2020 11 14  12 35  0.00     2.3750147998      13.686298500  
2020 11 14  12 36  0.00     2.3750127935      13.686290907  
2020 11 14  12 37  0.00     2.3750107871      13.686283312  
2020 11 14  12 38  0.00     2.3750087806      13.686275716  
2020 11 14  12 39  0.00     2.3750067740      13.686268119  
2020 11 14  12 40  0.00     2.3750047672      13.686260520  
2020 11 14  12 41  0.00     2.3750027603      13.686252919  
2020 11 14  12 42  0.00     2.3750007533      13.686245317  
2020 11 14  12 43  0.00     2.3749987462      13.686237714  
2020 11 14  12 44  0.00     2.3749967390      13.686230109  
2020 11 14  12 45  0.00     2.3749947316      13.686222502  
2020 11 14  12 46  0.00     2.3749927241      13.686214894  
2020 11 14  12 47  0.00     2.3749907165      13.686207284  
2020 11 14  12 48  0.00     2.3749887088      13.686199673  
2020 11 14  12 49  0.00     2.3749867010      13.686192060  
2020 11 14  12 50  0.00     2.3749846930      13.686184446  
2020 11 14  12 51  0.00     2.3749826849      13.686176830  
2020 11 14  12 52  0.00     2.3749806767      13.686169213  
2020 11 14  12 53  0.00     2.3749786684      13.686161594  
2020 11 14  12 54  0.00     2.3749766600      13.686153974  
2020 11 14  12 55  0.00     2.3749746515      13.686146352  
2020 11 14  12 56  0.00     2.3749726428      13.686138729  
2020 11 14  12 57  0.00     2.3749706340      13.686131104  
2020 11 14  12 58  0.00     2.3749686252      13.686123477  
2020 11 14  12 59  0.00     2.3749666162      13.686115849  
2020 11 14  13  0  0.00     2.3749646071      13.686108219  
2020 11 14  13  1  0.00     2.3749625978      13.686100588  
2020 11 14  13  2  0.00     2.3749605885      13.686092956  
2020 11 14  13  3  0.00     2.3749585791      13.686085321  
2020 11 14  13  4  0.00     2.3749565695      13.686077686  
2020 11 14  13  5  0.00     2.3749545599      13.686070048  
2020 11 14  13  6  0.00     2.3749525501      13.686062409  
2020 11 14  13  7  0.00     2.3749505402      13.686054769  
2020 11 14  13  8  0.00     2.3749485302      13.686047127  
2020 11 14  13  9  0.00     2.3749465201      13.686039483  
2020 11 14  13 10  0.00     2.3749445099      13.686031838  
2020 11 14  13 11  0.00     2.3749424996      13.686024191  
2020 11 14  13 12  0.00     2.3749404892      13.686016543  
2020 11 14  13 13  0.00     2.3749384786      13.686008893  
2020 11 14  13 14  0.00     2.3749364680      13.686001242  
2020 11 14  13 15  0.00     2.3749344573      13.685993589  
2020 11 14  13 16  0.00     2.3749324464      13.685985934  
2020 11 14  13 17  0.00     2.3749304355      13.685978278  
2020 11 14  13 18  0.00     2.3749284244      13.685970620  
2020 11 14  13 19  0.00     2.3749264133      13.685962961  
2020 11 14  13 20  0.00     2.3749244020      13.685955300  
2020 11 14  13 21  0.00     2.3749223907      13.685947637  
2020 11 14  13 22  0.00     2.3749203792      13.685939973  
2020 11 14  13 23  0.00     2.3749183677      13.685932308  
2020 11 14  13 24  0.00     2.3749163560      13.685924640  
2020 11 14  13 25  0.00     2.3749143443      13.685916972  
2020 11 14  13 26  0.00     2.3749123324      13.685909301  
2020 11 14  13 27  0.00     2.3749103205      13.685901629  
2020 11 14  13 28  0.00     2.3749083084      13.685893956  
2020 11 14  13 29  0.00     2.3749062963      13.685886280  
2020 11 14  13 30  0.00     2.3749042840      13.685878604  
2020 11 14  13 31  0.00     2.3749022717      13.685870925  
2020 11 14  13 32  0.00     2.3749002592      13.685863245  
2020 11 14  13 33  0.00     2.3748982467      13.685855564  
2020 11 14  13 34  0.00     2.3748962341      13.685847880  
2020 11 14  13 35  0.00     2.3748942214      13.685840196  
2020 11 14  13 36  0.00     2.3748922086      13.685832509  
2020 11 14  13 37  0.00     2.3748901957      13.685824821  
2020 11 14  13 38  0.00     2.3748881827      13.685817132  
2020 11 14  13 39  0.00     2.3748861696      13.685809440  
2020 11 14  13 40  0.00     2.3748841564      13.685801748  
2020 11 14  13 41  0.00     2.3748821431      13.685794053  
2020 11 14  13 42  0.00     2.3748801298      13.685786357  
2020 11 14  13 43  0.00     2.3748781163      13.685778659  
2020 11 14  13 44  0.00     2.3748761028      13.685770960  
2020 11 14  13 45  0.00     2.3748740891      13.685763259  
2020 11 14  13 46  0.00     2.3748720754      13.685755557  
2020 11 14  13 47  0.00     2.3748700616      13.685747853  
2020 11 14  13 48  0.00     2.3748680478      13.685740147  
2020 11 14  13 49  0.00     2.3748660338      13.685732440  
2020 11 14  13 50  0.00     2.3748640197      13.685724731  
2020 11 14  13 51  0.00     2.3748620056      13.685717020  
2020 11 14  13 52  0.00     2.3748599914      13.685709308  
2020 11 14  13 53  0.00     2.3748579770      13.685701594  
2020 11 14  13 54  0.00     2.3748559627      13.685693878  
2020 11 14  13 55  0.00     2.3748539482      13.685686161  
2020 11 14  13 56  0.00     2.3748519336      13.685678442  
2020 11 14  13 57  0.00     2.3748499190      13.685670722  
2020 11 14  13 58  0.00     2.3748479043      13.685663000  
2020 11 14  13 59  0.00     2.3748458895      13.685655276  
2020 11 14  14  0  0.00     2.3748438746      13.685647551  
2020 11 14  14  1  0.00     2.3748418597      13.685639824  
2020 11 14  14  2  0.00     2.3748398446      13.685632095  
2020 11 14  14  3  0.00     2.3748378295      13.685624365  
2020 11 14  14  4  0.00     2.3748358143      13.685616633  
2020 11 14  14  5  0.00     2.3748337991      13.685608900  
2020 11 14  14  6  0.00     2.3748317837      13.685601165  
2020 11 14  14  7  0.00     2.3748297683      13.685593428  
2020 11 14  14  8  0.00     2.3748277529      13.685585689  
2020 11 14  14  9  0.00     2.3748257373      13.685577949  
2020 11 14  14 10  0.00     2.3748237217      13.685570208  
2020 11 14  14 11  0.00     2.3748217060      13.685562464  
2020 11 14  14 12  0.00     2.3748196902      13.685554719  
2020 11 14  14 13  0.00     2.3748176744      13.685546973  
2020 11 14  14 14  0.00     2.3748156584      13.685539224  
2020 11 14  14 15  0.00     2.3748136425      13.685531474  
2020 11 14  14 16  0.00     2.3748116264      13.685523723  
2020 11 14  14 17  0.00     2.3748096103      13.685515969  
2020 11 14  14 18  0.00     2.3748075941      13.685508214  
2020 11 14  14 19  0.00     2.3748055778      13.685500458  
2020 11 14  14 20  0.00     2.3748035615      13.685492699  
2020 11 14  14 21  0.00     2.3748015451      13.685484939  
2020 11 14  14 22  0.00     2.3747995287      13.685477178  
2020 11 14  14 23  0.00     2.3747975121      13.685469415  
2020 11 14  14 24  0.00     2.3747954956      13.685461650  
2020 11 14  14 25  0.00     2.3747934789      13.685453883  
2020 11 14  14 26  0.00     2.3747914622      13.685446115  
2020 11 14  14 27  0.00     2.3747894454      13.685438345  
2020 11 14  14 28  0.00     2.3747874286      13.685430573  
2020 11 14  14 29  0.00     2.3747854117      13.685422800  
2020 11 14  14 30  0.00     2.3747833948      13.685415025  
2020 11 14  14 31  0.00     2.3747813778      13.685407248  
2020 11 14  14 32  0.00     2.3747793607      13.685399470  
2020 11 14  14 33  0.00     2.3747773436      13.685391690  
2020 11 14  14 34  0.00     2.3747753264      13.685383909  
2020 11 14  14 35  0.00     2.3747733091      13.685376125  
2020 11 14  14 36  0.00     2.3747712918      13.685368340  
2020 11 14  14 37  0.00     2.3747692745      13.685360554  
2020 11 14  14 38  0.00     2.3747672571      13.685352765  
2020 11 14  14 39  0.00     2.3747652396      13.685344975  
2020 11 14  14 40  0.00     2.3747632221      13.685337184  
2020 11 14  14 41  0.00     2.3747612045      13.685329390  
2020 11 14  14 42  0.00     2.3747591869      13.685321595  
2020 11 14  14 43  0.00     2.3747571692      13.685313799  
2020 11 14  14 44  0.00     2.3747551515      13.685306000  
2020 11 14  14 45  0.00     2.3747531337      13.685298200  
2020 11 14  14 46  0.00     2.3747511159      13.685290398  
2020 11 14  14 47  0.00     2.3747490980      13.685282595  
2020 11 14  14 48  0.00     2.3747470801      13.685274790  
2020 11 14  14 49  0.00     2.3747450621      13.685266983  
2020 11 14  14 50  0.00     2.3747430441      13.685259175  
2020 11 14  14 51  0.00     2.3747410261      13.685251364  
2020 11 14  14 52  0.00     2.3747390080      13.685243553  
2020 11 14  14 53  0.00     2.3747369898      13.685235739  
2020 11 14  14 54  0.00     2.3747349716      13.685227924  
2020 11 14  14 55  0.00     2.3747329534      13.685220107  
2020 11 14  14 56  0.00     2.3747309351      13.685212288  
2020 11 14  14 57  0.00     2.3747289168      13.685204468  
2020 11 14  14 58  0.00     2.3747268984      13.685196646  
2020 11 14  14 59  0.00     2.3747248800      13.685188822  
2020 11 14  15  0  0.00     2.3747228615      13.685180997  
2020 11 14  15  1  0.00     2.3747208431      13.685173170  
2020 11 14  15  2  0.00     2.3747188245      13.685165341  
2020 11 14  15  3  0.00     2.3747168060      13.685157510  
2020 11 14  15  4  0.00     2.3747147874      13.685149678  
2020 11 14  15  5  0.00     2.3747127687      13.685141844  
2020 11 14  15  6  0.00     2.3747107501      13.685134009  
2020 11 14  15  7  0.00     2.3747087314      13.685126171  
2020 11 14  15  8  0.00     2.3747067126      13.685118332  
2020 11 14  15  9  0.00     2.3747046938      13.685110492  
2020 11 14  15 10  0.00     2.3747026750      13.685102649  
2020 11 14  15 11  0.00     2.3747006562      13.685094805  
2020 11 14  15 12  0.00     2.3746986373      13.685086960  
2020 11 14  15 13  0.00     2.3746966184      13.685079112  
2020 11 14  15 14  0.00     2.3746945995      13.685071263  
2020 11 14  15 15  0.00     2.3746925805      13.685063412  
2020 11 14  15 16  0.00     2.3746905615      13.685055560  
2020 11 14  15 17  0.00     2.3746885425      13.685047705  
2020 11 14  15 18  0.00     2.3746865234      13.685039849  
2020 11 14  15 19  0.00     2.3746845044      13.685031992  
2020 11 14  15 20  0.00     2.3746824852      13.685024132  
2020 11 14  15 21  0.00     2.3746804661      13.685016271  
2020 11 14  15 22  0.00     2.3746784470      13.685008408  
2020 11 14  15 23  0.00     2.3746764278      13.685000544  
2020 11 14  15 24  0.00     2.3746744086      13.684992678  
2020 11 14  15 25  0.00     2.3746723894      13.684984810  
2020 11 14  15 26  0.00     2.3746703701      13.684976940  
2020 11 14  15 27  0.00     2.3746683508      13.684969069  
2020 11 14  15 28  0.00     2.3746663315      13.684961196  
2020 11 14  15 29  0.00     2.3746643122      13.684953321  
2020 11 14  15 30  0.00     2.3746622929      13.684945444  
2020 11 14  15 31  0.00     2.3746602736      13.684937566  
2020 11 14  15 32  0.00     2.3746582542      13.684929686  
2020 11 14  15 33  0.00     2.3746562348      13.684921805  
2020 11 14  15 34  0.00     2.3746542154      13.684913922  
2020 11 14  15 35  0.00     2.3746521960      13.684906037  
2020 11 14  15 36  0.00     2.3746501765      13.684898150  
2020 11 14  15 37  0.00     2.3746481571      13.684890261  
2020 11 14  15 38  0.00     2.3746461376      13.684882371  
2020 11 14  15 39  0.00     2.3746441182      13.684874479  
2020 11 14  15 40  0.00     2.3746420987      13.684866586  
2020 11 14  15 41  0.00     2.3746400792      13.684858691  
2020 11 14  15 42  0.00     2.3746380597      13.684850794  
2020 11 14  15 43  0.00     2.3746360401      13.684842895  
2020 11 14  15 44  0.00     2.3746340206      13.684834995  
2020 11 14  15 45  0.00     2.3746320011      13.684827092  
2020 11 14  15 46  0.00     2.3746299815      13.684819189  
2020 11 14  15 47  0.00     2.3746279620      13.684811283  
2020 11 14  15 48  0.00     2.3746259424      13.684803376  
2020 11 14  15 49  0.00     2.3746239228      13.684795467  
2020 11 14  15 50  0.00     2.3746219033      13.684787556  
2020 11 14  15 51  0.00     2.3746198837      13.684779644  
2020 11 14  15 52  0.00     2.3746178641      13.684771730  
2020 11 14  15 53  0.00     2.3746158445      13.684763814  
2020 11 14  15 54  0.00     2.3746138249      13.684755896  
2020 11 14  15 55  0.00     2.3746118053      13.684747977  
2020 11 14  15 56  0.00     2.3746097857      13.684740056  
2020 11 14  15 57  0.00     2.3746077661      13.684732133  
2020 11 14  15 58  0.00     2.3746057466      13.684724209  
2020 11 14  15 59  0.00     2.3746037270      13.684716283  
2020 11 14  16  0  0.00     2.3746017074      13.684708355  
2020 11 14  16  1  0.00     2.3745996878      13.684700426  
2020 11 14  16  2  0.00     2.3745976682      13.684692494  
2020 11 14  16  3  0.00     2.3745956486      13.684684561  
2020 11 14  16  4  0.00     2.3745936290      13.684676627  
2020 11 14  16  5  0.00     2.3745916095      13.684668690  
2020 11 14  16  6  0.00     2.3745895899      13.684660752  
2020 11 14  16  7  0.00     2.3745875703      13.684652812  
2020 11 14  16  8  0.00     2.3745855508      13.684644871  
2020 11 14  16  9  0.00     2.3745835312      13.684636928  
2020 11 14  16 10  0.00     2.3745815117      13.684628983  
2020 11 14  16 11  0.00     2.3745794922      13.684621036  
2020 11 14  16 12  0.00     2.3745774726      13.684613088  
2020 11 14  16 13  0.00     2.3745754531      13.684605138  
2020 11 14  16 14  0.00     2.3745734336      13.684597186  
2020 11 14  16 15  0.00     2.3745714141      13.684589232  
2020 11 14  16 16  0.00     2.3745693947      13.684581277  
2020 11 14  16 17  0.00     2.3745673752      13.684573320  
2020 11 14  16 18  0.00     2.3745653558      13.684565361  
2020 11 14  16 19  0.00     2.3745633363      13.684557401  
2020 11 14  16 20  0.00     2.3745613169      13.684549439  
2020 11 14  16 21  0.00     2.3745592975      13.684541475  
2020 11 14  16 22  0.00     2.3745572781      13.684533510  
2020 11 14  16 23  0.00     2.3745552588      13.684525542  
2020 11 14  16 24  0.00     2.3745532394      13.684517574  
2020 11 14  16 25  0.00     2.3745512201      13.684509603  
2020 11 14  16 26  0.00     2.3745492008      13.684501631  
2020 11 14  16 27  0.00     2.3745471815      13.684493656  
2020 11 14  16 28  0.00     2.3745451622      13.684485681  
2020 11 14  16 29  0.00     2.3745431430      13.684477703  
2020 11 14  16 30  0.00     2.3745411237      13.684469724  
2020 11 14  16 31  0.00     2.3745391045      13.684461743  
2020 11 14  16 32  0.00     2.3745370854      13.684453760  
2020 11 14  16 33  0.00     2.3745350662      13.684445776  
2020 11 14  16 34  0.00     2.3745330471      13.684437790  
2020 11 14  16 35  0.00     2.3745310280      13.684429802  
2020 11 14  16 36  0.00     2.3745290089      13.684421813  
2020 11 14  16 37  0.00     2.3745269898      13.684413822  
2020 11 14  16 38  0.00     2.3745249708      13.684405829  
2020 11 14  16 39  0.00     2.3745229518      13.684397834  
2020 11 14  16 40  0.00     2.3745209329      13.684389838  
2020 11 14  16 41  0.00     2.3745189139      13.684381840  
2020 11 14  16 42  0.00     2.3745168950      13.684373840  
2020 11 14  16 43  0.00     2.3745148762      13.684365839  
2020 11 14  16 44  0.00     2.3745128573      13.684357836  
2020 11 14  16 45  0.00     2.3745108385      13.684349831  
2020 11 14  16 46  0.00     2.3745088197      13.684341824  
2020 11 14  16 47  0.00     2.3745068010      13.684333816  
2020 11 14  16 48  0.00     2.3745047823      13.684325806  
2020 11 14  16 49  0.00     2.3745027636      13.684317795  
2020 11 14  16 50  0.00     2.3745007450      13.684309781  
2020 11 14  16 51  0.00     2.3744987264      13.684301766  
2020 11 14  16 52  0.00     2.3744967078      13.684293750  
2020 11 14  16 53  0.00     2.3744946893      13.684285731  
2020 11 14  16 54  0.00     2.3744926708      13.684277711  
2020 11 14  16 55  0.00     2.3744906524      13.684269689  
2020 11 14  16 56  0.00     2.3744886340      13.684261666  
2020 11 14  16 57  0.00     2.3744866156      13.684253640  
2020 11 14  16 58  0.00     2.3744845973      13.684245613  
2020 11 14  16 59  0.00     2.3744825790      13.684237585  
2020 11 14  17  0  0.00     2.3744805608      13.684229554  
2020 11 14  17  1  0.00     2.3744785426      13.684221522  
2020 11 14  17  2  0.00     2.3744765244      13.684213489  
2020 11 14  17  3  0.00     2.3744745063      13.684205453  
2020 11 14  17  4  0.00     2.3744724883      13.684197416  
2020 11 14  17  5  0.00     2.3744704702      13.684189377  
2020 11 14  17  6  0.00     2.3744684523      13.684181337  
2020 11 14  17  7  0.00     2.3744664344      13.684173295  
2020 11 14  17  8  0.00     2.3744644165      13.684165251  
2020 11 14  17  9  0.00     2.3744623987      13.684157205  
2020 11 14  17 10  0.00     2.3744603809      13.684149158  
2020 11 14  17 11  0.00     2.3744583632      13.684141109  
2020 11 14  17 12  0.00     2.3744563455      13.684133058  
2020 11 14  17 13  0.00     2.3744543279      13.684125006  
2020 11 14  17 14  0.00     2.3744523103      13.684116952  
2020 11 14  17 15  0.00     2.3744502928      13.684108896  
2020 11 14  17 16  0.00     2.3744482753      13.684100839  
2020 11 14  17 17  0.00     2.3744462579      13.684092780  
2020 11 14  17 18  0.00     2.3744442406      13.684084719  
2020 11 14  17 19  0.00     2.3744422233      13.684076657  
2020 11 14  17 20  0.00     2.3744402060      13.684068592  
2020 11 14  17 21  0.00     2.3744381888      13.684060527  
2020 11 14  17 22  0.00     2.3744361717      13.684052459  
2020 11 14  17 23  0.00     2.3744341546      13.684044390  
2020 11 14  17 24  0.00     2.3744321376      13.684036319  
2020 11 14  17 25  0.00     2.3744301207      13.684028246  
2020 11 14  17 26  0.00     2.3744281038      13.684020172  
2020 11 14  17 27  0.00     2.3744260870      13.684012096  
2020 11 14  17 28  0.00     2.3744240702      13.684004019  
2020 11 14  17 29  0.00     2.3744220535      13.683995939  
2020 11 14  17 30  0.00     2.3744200368      13.683987859  
2020 11 14  17 31  0.00     2.3744180203      13.683979776  
2020 11 14  17 32  0.00     2.3744160037      13.683971692  
2020 11 14  17 33  0.00     2.3744139873      13.683963606  
2020 11 14  17 34  0.00     2.3744119709      13.683955518  
2020 11 14  17 35  0.00     2.3744099546      13.683947429  
2020 11 14  17 36  0.00     2.3744079383      13.683939338  
2020 11 14  17 37  0.00     2.3744059221      13.683931245  
2020 11 14  17 38  0.00     2.3744039060      13.683923151  
2020 11 14  17 39  0.00     2.3744018899      13.683915055  
2020 11 14  17 40  0.00     2.3743998740      13.683906957  
2020 11 14  17 41  0.00     2.3743978580      13.683898858  
2020 11 14  17 42  0.00     2.3743958422      13.683890757  
2020 11 14  17 43  0.00     2.3743938264      13.683882654  
2020 11 14  17 44  0.00     2.3743918107      13.683874550  
2020 11 14  17 45  0.00     2.3743897951      13.683866444  
2020 11 14  17 46  0.00     2.3743877795      13.683858336  
2020 11 14  17 47  0.00     2.3743857640      13.683850227  
2020 11 14  17 48  0.00     2.3743837486      13.683842116  
2020 11 14  17 49  0.00     2.3743817333      13.683834004  
2020 11 14  17 50  0.00     2.3743797180      13.683825889  
2020 11 14  17 51  0.00     2.3743777028      13.683817773  
2020 11 14  17 52  0.00     2.3743756877      13.683809656  
2020 11 14  17 53  0.00     2.3743736727      13.683801537  
2020 11 14  17 54  0.00     2.3743716577      13.683793416  
2020 11 14  17 55  0.00     2.3743696429      13.683785293  
2020 11 14  17 56  0.00     2.3743676281      13.683777169  
2020 11 14  17 57  0.00     2.3743656134      13.683769043  
2020 11 14  17 58  0.00     2.3743635987      13.683760916  
2020 11 14  17 59  0.00     2.3743615842      13.683752787  
2020 11 14  18  0  0.00     2.3743595697      13.683744656  
2020 11 14  18  1  0.00     2.3743575553      13.683736524  
2020 11 14  18  2  0.00     2.3743555410      13.683728390  
2020 11 14  18  3  0.00     2.3743535267      13.683720254  
2020 11 14  18  4  0.00     2.3743515126      13.683712117  
2020 11 14  18  5  0.00     2.3743494985      13.683703978  
2020 11 14  18  6  0.00     2.3743474846      13.683695837  
2020 11 14  18  7  0.00     2.3743454707      13.683687695  
2020 11 14  18  8  0.00     2.3743434569      13.683679551  
2020 11 14  18  9  0.00     2.3743414431      13.683671406  
2020 11 14  18 10  0.00     2.3743394295      13.683663258  
2020 11 14  18 11  0.00     2.3743374160      13.683655110  
2020 11 14  18 12  0.00     2.3743354025      13.683646959  
2020 11 14  18 13  0.00     2.3743333891      13.683638807  
2020 11 14  18 14  0.00     2.3743313759      13.683630654  
2020 11 14  18 15  0.00     2.3743293627      13.683622498  
2020 11 14  18 16  0.00     2.3743273496      13.683614341  
2020 11 14  18 17  0.00     2.3743253366      13.683606183  
2020 11 14  18 18  0.00     2.3743233236      13.683598023  
2020 11 14  18 19  0.00     2.3743213108      13.683589861  
2020 11 14  18 20  0.00     2.3743192981      13.683581698  
2020 11 14  18 21  0.00     2.3743172855      13.683573532  
2020 11 14  18 22  0.00     2.3743152729      13.683565366  
2020 11 14  18 23  0.00     2.3743132605      13.683557198  
2020 11 14  18 24  0.00     2.3743112481      13.683549028  
2020 11 14  18 25  0.00     2.3743092359      13.683540856  
2020 11 14  18 26  0.00     2.3743072237      13.683532683  
2020 11 14  18 27  0.00     2.3743052116      13.683524509  
2020 11 14  18 28  0.00     2.3743031997      13.683516332  
2020 11 14  18 29  0.00     2.3743011878      13.683508154  
2020 11 14  18 30  0.00     2.3742991760      13.683499975  
2020 11 14  18 31  0.00     2.3742971644      13.683491794  
2020 11 14  18 32  0.00     2.3742951528      13.683483611  
2020 11 14  18 33  0.00     2.3742931413      13.683475427  
2020 11 14  18 34  0.00     2.3742911300      13.683467241  
2020 11 14  18 35  0.00     2.3742891187      13.683459053  
2020 11 14  18 36  0.00     2.3742871075      13.683450864  
2020 11 14  18 37  0.00     2.3742850965      13.683442673  
2020 11 14  18 38  0.00     2.3742830855      13.683434481  
2020 11 14  18 39  0.00     2.3742810747      13.683426287  
2020 11 14  18 40  0.00     2.3742790639      13.683418092  
2020 11 14  18 41  0.00     2.3742770532      13.683409894  
2020 11 14  18 42  0.00     2.3742750427      13.683401696  
2020 11 14  18 43  0.00     2.3742730323      13.683393495  
2020 11 14  18 44  0.00     2.3742710219      13.683385294  
2020 11 14  18 45  0.00     2.3742690117      13.683377090  
2020 11 14  18 46  0.00     2.3742670016      13.683368885  
2020 11 14  18 47  0.00     2.3742649916      13.683360679  
2020 11 14  18 48  0.00     2.3742629817      13.683352470  
2020 11 14  18 49  0.00     2.3742609719      13.683344261  
2020 11 14  18 50  0.00     2.3742589622      13.683336049  
2020 11 14  18 51  0.00     2.3742569526      13.683327836  
2020 11 14  18 52  0.00     2.3742549432      13.683319622  
2020 11 14  18 53  0.00     2.3742529338      13.683311406  
2020 11 14  18 54  0.00     2.3742509246      13.683303188  
2020 11 14  18 55  0.00     2.3742489154      13.683294969  
2020 11 14  18 56  0.00     2.3742469064      13.683286748  
2020 11 14  18 57  0.00     2.3742448975      13.683278526  
2020 11 14  18 58  0.00     2.3742428887      13.683270302  
2020 11 14  18 59  0.00     2.3742408800      13.683262076  
2020 11 14  19  0  0.00     2.3742388715      13.683253849  
2020 11 14  19  1  0.00     2.3742368630      13.683245621  
2020 11 14  19  2  0.00     2.3742348547      13.683237391  
2020 11 14  19  3  0.00     2.3742328465      13.683229159  
2020 11 14  19  4  0.00     2.3742308384      13.683220926  
2020 11 14  19  5  0.00     2.3742288304      13.683212691  
2020 11 14  19  6  0.00     2.3742268225      13.683204455  
2020 11 14  19  7  0.00     2.3742248147      13.683196217  
2020 11 14  19  8  0.00     2.3742228071      13.683187977  
2020 11 14  19  9  0.00     2.3742207996      13.683179736  
2020 11 14  19 10  0.00     2.3742187922      13.683171494  
2020 11 14  19 11  0.00     2.3742167849      13.683163250  
2020 11 14  19 12  0.00     2.3742147778      13.683155004  
2020 11 14  19 13  0.00     2.3742127707      13.683146757  
2020 11 14  19 14  0.00     2.3742107638      13.683138508  
2020 11 14  19 15  0.00     2.3742087570      13.683130258  
2020 11 14  19 16  0.00     2.3742067504      13.683122006  
2020 11 14  19 17  0.00     2.3742047438      13.683113753  
2020 11 14  19 18  0.00     2.3742027374      13.683105498  
2020 11 14  19 19  0.00     2.3742007311      13.683097242  
2020 11 14  19 20  0.00     2.3741987249      13.683088984  
2020 11 14  19 21  0.00     2.3741967188      13.683080724  
2020 11 14  19 22  0.00     2.3741947129      13.683072463  
2020 11 14  19 23  0.00     2.3741927071      13.683064201  
2020 11 14  19 24  0.00     2.3741907014      13.683055937  
2020 11 14  19 25  0.00     2.3741886959      13.683047671  
2020 11 14  19 26  0.00     2.3741866904      13.683039404  
2020 11 14  19 27  0.00     2.3741846851      13.683031136  
2020 11 14  19 28  0.00     2.3741826799      13.683022866  
2020 11 14  19 29  0.00     2.3741806749      13.683014594  
2020 11 14  19 30  0.00     2.3741786700      13.683006321  
2020 11 14  19 31  0.00     2.3741766652      13.682998047  
2020 11 14  19 32  0.00     2.3741746605      13.682989771  
2020 11 14  19 33  0.00     2.3741726560      13.682981493  
2020 11 14  19 34  0.00     2.3741706516      13.682973214  
2020 11 14  19 35  0.00     2.3741686473      13.682964934  
2020 11 14  19 36  0.00     2.3741666432      13.682956651  
2020 11 14  19 37  0.00     2.3741646391      13.682948368  
2020 11 14  19 38  0.00     2.3741626353      13.682940083  
2020 11 14  19 39  0.00     2.3741606315      13.682931796  
2020 11 14  19 40  0.00     2.3741586279      13.682923508  
2020 11 14  19 41  0.00     2.3741566244      13.682915219  
2020 11 14  19 42  0.00     2.3741546211      13.682906928  
2020 11 14  19 43  0.00     2.3741526178      13.682898635  
2020 11 14  19 44  0.00     2.3741506148      13.682890341  
2020 11 14  19 45  0.00     2.3741486118      13.682882046  
2020 11 14  19 46  0.00     2.3741466090      13.682873749  
2020 11 14  19 47  0.00     2.3741446063      13.682865451  
2020 11 14  19 48  0.00     2.3741426038      13.682857151  
2020 11 14  19 49  0.00     2.3741406013      13.682848849  
2020 11 14  19 50  0.00     2.3741385991      13.682840546  
2020 11 14  19 51  0.00     2.3741365969      13.682832242  
2020 11 14  19 52  0.00     2.3741345949      13.682823936  
2020 11 14  19 53  0.00     2.3741325931      13.682815629  
2020 11 14  19 54  0.00     2.3741305913      13.682807321  
2020 11 14  19 55  0.00     2.3741285897      13.682799010  
2020 11 14  19 56  0.00     2.3741265883      13.682790699  
2020 11 14  19 57  0.00     2.3741245870      13.682782386  
2020 11 14  19 58  0.00     2.3741225858      13.682774071  
2020 11 14  19 59  0.00     2.3741205848      13.682765755  
2020 11 14  20  0  0.00     2.3741185839      13.682757438  
2020 11 14  20  1  0.00     2.3741165831      13.682749119  
2020 11 14  20  2  0.00     2.3741145825      13.682740799  
2020 11 14  20  3  0.00     2.3741125820      13.682732477  
2020 11 14  20  4  0.00     2.3741105817      13.682724154  
2020 11 14  20  5  0.00     2.3741085815      13.682715829  
2020 11 14  20  6  0.00     2.3741065814      13.682707503  
2020 11 14  20  7  0.00     2.3741045815      13.682699175  
2020 11 14  20  8  0.00     2.3741025818      13.682690846  
2020 11 14  20  9  0.00     2.3741005821      13.682682516  
2020 11 14  20 10  0.00     2.3740985827      13.682674184  
2020 11 14  20 11  0.00     2.3740965833      13.682665851  
2020 11 14  20 12  0.00     2.3740945841      13.682657516  
2020 11 14  20 13  0.00     2.3740925851      13.682649180  
2020 11 14  20 14  0.00     2.3740905862      13.682640843  
2020 11 14  20 15  0.00     2.3740885874      13.682632504  
2020 11 14  20 16  0.00     2.3740865888      13.682624164  
2020 11 14  20 17  0.00     2.3740845903      13.682615822  
2020 11 14  20 18  0.00     2.3740825920      13.682607479  
2020 11 14  20 19  0.00     2.3740805938      13.682599134  
2020 11 14  20 20  0.00     2.3740785958      13.682590788  
2020 11 14  20 21  0.00     2.3740765979      13.682582441  
2020 11 14  20 22  0.00     2.3740746001      13.682574092  
2020 11 14  20 23  0.00     2.3740726025      13.682565742  
2020 11 14  20 24  0.00     2.3740706051      13.682557390  
2020 11 14  20 25  0.00     2.3740686078      13.682549037  
2020 11 14  20 26  0.00     2.3740666106      13.682540682  
2020 11 14  20 27  0.00     2.3740646136      13.682532327  
2020 11 14  20 28  0.00     2.3740626168      13.682523969  
2020 11 14  20 29  0.00     2.3740606201      13.682515611  
2020 11 14  20 30  0.00     2.3740586235      13.682507251  
2020 11 14  20 31  0.00     2.3740566271      13.682498890  
2020 11 14  20 32  0.00     2.3740546308      13.682490527  
2020 11 14  20 33  0.00     2.3740526347      13.682482163  
2020 11 14  20 34  0.00     2.3740506388      13.682473797  
2020 11 14  20 35  0.00     2.3740486430      13.682465430  
2020 11 14  20 36  0.00     2.3740466473      13.682457062  
2020 11 14  20 37  0.00     2.3740446518      13.682448692  
2020 11 14  20 38  0.00     2.3740426564      13.682440321  
2020 11 14  20 39  0.00     2.3740406612      13.682431949  
2020 11 14  20 40  0.00     2.3740386662      13.682423575  
2020 11 14  20 41  0.00     2.3740366713      13.682415200  
2020 11 14  20 42  0.00     2.3740346765      13.682406824  
2020 11 14  20 43  0.00     2.3740326819      13.682398446  
2020 11 14  20 44  0.00     2.3740306875      13.682390067  
2020 11 14  20 45  0.00     2.3740286932      13.682381686  
2020 11 14  20 46  0.00     2.3740266990      13.682373304  
2020 11 14  20 47  0.00     2.3740247050      13.682364921  
2020 11 14  20 48  0.00     2.3740227112      13.682356536  
2020 11 14  20 49  0.00     2.3740207175      13.682348151  
2020 11 14  20 50  0.00     2.3740187240      13.682339763  
2020 11 14  20 51  0.00     2.3740167306      13.682331375  
---
2020 11 15  10 57  0.00     2.3723582371      13.674904879  
2020 11 15  10 58  0.00     2.3723562559      13.674895711  
2020 11 15  10 59  0.00     2.3723542745      13.674886541  
2020 11 15  11  0  0.00     2.3723522931      13.674877370  
2020 11 15  11  1  0.00     2.3723503115      13.674868198  
2020 11 15  11  2  0.00     2.3723483298      13.674859024  
2020 11 15  11  3  0.00     2.3723463479      13.674849849  
2020 11 15  11  4  0.00     2.3723443660      13.674840673  
2020 11 15  11  5  0.00     2.3723423839      13.674831496  
2020 11 15  11  6  0.00     2.3723404017      13.674822317  
2020 11 15  11  7  0.00     2.3723384193      13.674813136  
2020 11 15  11  8  0.00     2.3723364369      13.674803954  
2020 11 15  11  9  0.00     2.3723344543      13.674794771  
2020 11 15  11 10  0.00     2.3723324716      13.674785587  
2020 11 15  11 11  0.00     2.3723304888      13.674776401  
2020 11 15  11 12  0.00     2.3723285058      13.674767214  
2020 11 15  11 13  0.00     2.3723265227      13.674758025  
2020 11 15  11 14  0.00     2.3723245396      13.674748836  
2020 11 15  11 15  0.00     2.3723225563      13.674739644  
2020 11 15  11 16  0.00     2.3723205728      13.674730452  
2020 11 15  11 17  0.00     2.3723185893      13.674721258  
2020 11 15  11 18  0.00     2.3723166056      13.674712062  
2020 11 15  11 19  0.00     2.3723146218      13.674702865  
2020 11 15  11 20  0.00     2.3723126379      13.674693667  
2020 11 15  11 21  0.00     2.3723106539      13.674684468  
2020 11 15  11 22  0.00     2.3723086697      13.674675267  
2020 11 15  11 23  0.00     2.3723066855      13.674666064  
2020 11 15  11 24  0.00     2.3723047011      13.674656861  
2020 11 15  11 25  0.00     2.3723027166      13.674647655  
2020 11 15  11 26  0.00     2.3723007320      13.674638449  
2020 11 15  11 27  0.00     2.3722987472      13.674629241  
2020 11 15  11 28  0.00     2.3722967624      13.674620032  
2020 11 15  11 29  0.00     2.3722947774      13.674610821  
2020 11 15  11 30  0.00     2.3722927923      13.674601609  
2020 11 15  11 31  0.00     2.3722908071      13.674592395  
2020 11 15  11 32  0.00     2.3722888218      13.674583180  
2020 11 15  11 33  0.00     2.3722868363      13.674573964  
2020 11 15  11 34  0.00     2.3722848508      13.674564746  
2020 11 15  11 35  0.00     2.3722828651      13.674555527  
2020 11 15  11 36  0.00     2.3722808793      13.674546306  
2020 11 15  11 37  0.00     2.3722788934      13.674537084  
2020 11 15  11 38  0.00     2.3722769074      13.674527861  
2020 11 15  11 39  0.00     2.3722749213      13.674518636  
2020 11 15  11 40  0.00     2.3722729350      13.674509409  
2020 11 15  11 41  0.00     2.3722709487      13.674500182  
2020 11 15  11 42  0.00     2.3722689622      13.674490952  
2020 11 15  11 43  0.00     2.3722669756      13.674481722  
2020 11 15  11 44  0.00     2.3722649889      13.674472490  
2020 11 15  11 45  0.00     2.3722630021      13.674463256  
2020 11 15  11 46  0.00     2.3722610152      13.674454021  
2020 11 15  11 47  0.00     2.3722590282      13.674444785  
2020 11 15  11 48  0.00     2.3722570411      13.674435547  
2020 11 15  11 49  0.00     2.3722550538      13.674426308  
2020 11 15  11 50  0.00     2.3722530665      13.674417067  
2020 11 15  11 51  0.00     2.3722510790      13.674407825  
2020 11 15  11 52  0.00     2.3722490914      13.674398581  
2020 11 15  11 53  0.00     2.3722471037      13.674389336  
2020 11 15  11 54  0.00     2.3722451159      13.674380090  
2020 11 15  11 55  0.00     2.3722431280      13.674370842  
2020 11 15  11 56  0.00     2.3722411400      13.674361592  
2020 11 15  11 57  0.00     2.3722391519      13.674352342  
2020 11 15  11 58  0.00     2.3722371637      13.674343089  
2020 11 15  11 59  0.00     2.3722351753      13.674333835  
2020 11 15  12  0  0.00     2.3722331869      13.674324580  
2020 11 15  12  1  0.00     2.3722311983      13.674315323  
2020 11 15  12  2  0.00     2.3722292097      13.674306065  
2020 11 15  12  3  0.00     2.3722272209      13.674296805  
2020 11 15  12  4  0.00     2.3722252321      13.674287544  
2020 11 15  12  5  0.00     2.3722232431      13.674278282  
2020 11 15  12  6  0.00     2.3722212540      13.674269018  
2020 11 15  12  7  0.00     2.3722192648      13.674259752  
2020 11 15  12  8  0.00     2.3722172756      13.674250485  
2020 11 15  12  9  0.00     2.3722152862      13.674241216  
2020 11 15  12 10  0.00     2.3722132967      13.674231946  
2020 11 15  12 11  0.00     2.3722113071      13.674222675  
2020 11 15  12 12  0.00     2.3722093174      13.674213402  
2020 11 15  12 13  0.00     2.3722073276      13.674204127  
2020 11 15  12 14  0.00     2.3722053377      13.674194851  
2020 11 15  12 15  0.00     2.3722033477      13.674185574  
2020 11 15  12 16  0.00     2.3722013577      13.674176295  
2020 11 15  12 17  0.00     2.3721993675      13.674167014  
2020 11 15  12 18  0.00     2.3721973772      13.674157732  
2020 11 15  12 19  0.00     2.3721953868      13.674148449  
2020 11 15  12 20  0.00     2.3721933963      13.674139164  
2020 11 15  12 21  0.00     2.3721914057      13.674129877  
2020 11 15  12 22  0.00     2.3721894150      13.674120589  
2020 11 15  12 23  0.00     2.3721874242      13.674111300  
2020 11 15  12 24  0.00     2.3721854333      13.674102009  
2020 11 15  12 25  0.00     2.3721834424      13.674092716  
2020 11 15  12 26  0.00     2.3721814513      13.674083422  
2020 11 15  12 27  0.00     2.3721794601      13.674074127  
2020 11 15  12 28  0.00     2.3721774689      13.674064830  
2020 11 15  12 29  0.00     2.3721754775      13.674055531  
2020 11 15  12 30  0.00     2.3721734861      13.674046231  
2020 11 15  12 31  0.00     2.3721714945      13.674036929  
2020 11 15  12 32  0.00     2.3721695029      13.674027626  
2020 11 15  12 33  0.00     2.3721675111      13.674018321  
2020 11 15  12 34  0.00     2.3721655193      13.674009015  
2020 11 15  12 35  0.00     2.3721635274      13.673999707  
2020 11 15  12 36  0.00     2.3721615354      13.673990398  
2020 11 15  12 37  0.00     2.3721595433      13.673981087  
2020 11 15  12 38  0.00     2.3721575511      13.673971775  
2020 11 15  12 39  0.00     2.3721555588      13.673962461  
2020 11 15  12 40  0.00     2.3721535665      13.673953146  
2020 11 15  12 41  0.00     2.3721515740      13.673943829  
2020 11 15  12 42  0.00     2.3721495814      13.673934510  
2020 11 15  12 43  0.00     2.3721475888      13.673925190  
2020 11 15  12 44  0.00     2.3721455961      13.673915869  
2020 11 15  12 45  0.00     2.3721436033      13.673906545  
2020 11 15  12 46  0.00     2.3721416104      13.673897221  
2020 11 15  12 47  0.00     2.3721396174      13.673887895  
2020 11 15  12 48  0.00     2.3721376243      13.673878567  
2020 11 15  12 49  0.00     2.3721356312      13.673869237  
2020 11 15  12 50  0.00     2.3721336379      13.673859907  
2020 11 15  12 51  0.00     2.3721316446      13.673850574  
2020 11 15  12 52  0.00     2.3721296512      13.673841240  
2020 11 15  12 53  0.00     2.3721276577      13.673831905  
2020 11 15  12 54  0.00     2.3721256641      13.673822567  
2020 11 15  12 55  0.00     2.3721236705      13.673813229  
2020 11 15  12 56  0.00     2.3721216768      13.673803888  
2020 11 15  12 57  0.00     2.3721196829      13.673794547  
2020 11 15  12 58  0.00     2.3721176890      13.673785203  
2020 11 15  12 59  0.00     2.3721156951      13.673775858  
2020 11 15  13  0  0.00     2.3721137010      13.673766512  
2020 11 15  13  1  0.00     2.3721117069      13.673757164  
2020 11 15  13  2  0.00     2.3721097126      13.673747814  
2020 11 15  13  3  0.00     2.3721077184      13.673738463  
2020 11 15  13  4  0.00     2.3721057240      13.673729110  
2020 11 15  13  5  0.00     2.3721037295      13.673719756  
2020 11 15  13  6  0.00     2.3721017350      13.673710400  
2020 11 15  13  7  0.00     2.3720997404      13.673701042  
2020 11 15  13  8  0.00     2.3720977457      13.673691683  
2020 11 15  13  9  0.00     2.3720957510      13.673682322  
2020 11 15  13 10  0.00     2.3720937561      13.673672960  
2020 11 15  13 11  0.00     2.3720917612      13.673663596  
2020 11 15  13 12  0.00     2.3720897663      13.673654231  
2020 11 15  13 13  0.00     2.3720877712      13.673644864  
2020 11 15  13 14  0.00     2.3720857761      13.673635495  
2020 11 15  13 15  0.00     2.3720837809      13.673626125  
2020 11 15  13 16  0.00     2.3720817856      13.673616753  
2020 11 15  13 17  0.00     2.3720797903      13.673607380  
2020 11 15  13 18  0.00     2.3720777949      13.673598005  
2020 11 15  13 19  0.00     2.3720757994      13.673588628  
2020 11 15  13 20  0.00     2.3720738039      13.673579250  
2020 11 15  13 21  0.00     2.3720718083      13.673569870  
2020 11 15  13 22  0.00     2.3720698126      13.673560489  
2020 11 15  13 23  0.00     2.3720678169      13.673551106  
2020 11 15  13 24  0.00     2.3720658210      13.673541721  
2020 11 15  13 25  0.00     2.3720638252      13.673532335  
2020 11 15  13 26  0.00     2.3720618292      13.673522947  
2020 11 15  13 27  0.00     2.3720598332      13.673513557  
2020 11 15  13 28  0.00     2.3720578371      13.673504166  
2020 11 15  13 29  0.00     2.3720558410      13.673494774  
2020 11 15  13 30  0.00     2.3720538448      13.673485379  
2020 11 15  13 31  0.00     2.3720518485      13.673475984  
2020 11 15  13 32  0.00     2.3720498522      13.673466586  
2020 11 15  13 33  0.00     2.3720478558      13.673457187  
2020 11 15  13 34  0.00     2.3720458594      13.673447786  
2020 11 15  13 35  0.00     2.3720438628      13.673438384  
2020 11 15  13 36  0.00     2.3720418663      13.673428980  
2020 11 15  13 37  0.00     2.3720398696      13.673419574  
2020 11 15  13 38  0.00     2.3720378730      13.673410167  
2020 11 15  13 39  0.00     2.3720358762      13.673400758  
2020 11 15  13 40  0.00     2.3720338794      13.673391348  
2020 11 15  13 41  0.00     2.3720318825      13.673381936  
2020 11 15  13 42  0.00     2.3720298856      13.673372522  
2020 11 15  13 43  0.00     2.3720278887      13.673363107  
2020 11 15  13 44  0.00     2.3720258916      13.673353690  
2020 11 15  13 45  0.00     2.3720238945      13.673344271  
2020 11 15  13 46  0.00     2.3720218974      13.673334851  
2020 11 15  13 47  0.00     2.3720199002      13.673325429  
2020 11 15  13 48  0.00     2.3720179030      13.673316006  
2020 11 15  13 49  0.00     2.3720159057      13.673306581  
2020 11 15  13 50  0.00     2.3720139083      13.673297154  
2020 11 15  13 51  0.00     2.3720119109      13.673287726  
2020 11 15  13 52  0.00     2.3720099135      13.673278295  
2020 11 15  13 53  0.00     2.3720079160      13.673268864  
2020 11 15  13 54  0.00     2.3720059184      13.673259431  
2020 11 15  13 55  0.00     2.3720039208      13.673249996  
2020 11 15  13 56  0.00     2.3720019232      13.673240559  
2020 11 15  13 57  0.00     2.3719999255      13.673231121  
2020 11 15  13 58  0.00     2.3719979277      13.673221681  
2020 11 15  13 59  0.00     2.3719959299      13.673212239  
2020 11 15  14  0  0.00     2.3719939321      13.673202796  
2020 11 15  14  1  0.00     2.3719919342      13.673193351  
2020 11 15  14  2  0.00     2.3719899363      13.673183905  
2020 11 15  14  3  0.00     2.3719879383      13.673174457  
2020 11 15  14  4  0.00     2.3719859403      13.673165007  
2020 11 15  14  5  0.00     2.3719839423      13.673155556  
2020 11 15  14  6  0.00     2.3719819442      13.673146103  
2020 11 15  14  7  0.00     2.3719799461      13.673136648  
2020 11 15  14  8  0.00     2.3719779479      13.673127192  
2020 11 15  14  9  0.00     2.3719759497      13.673117734  
2020 11 15  14 10  0.00     2.3719739514      13.673108274  
2020 11 15  14 11  0.00     2.3719719531      13.673098813  
2020 11 15  14 12  0.00     2.3719699548      13.673089350  
2020 11 15  14 13  0.00     2.3719679564      13.673079885  
2020 11 15  14 14  0.00     2.3719659580      13.673070419  
2020 11 15  14 15  0.00     2.3719639596      13.673060951  
2020 11 15  14 16  0.00     2.3719619611      13.673051481  
2020 11 15  14 17  0.00     2.3719599626      13.673042010  
2020 11 15  14 18  0.00     2.3719579640      13.673032537  
2020 11 15  14 19  0.00     2.3719559655      13.673023062  
2020 11 15  14 20  0.00     2.3719539668      13.673013586  
2020 11 15  14 21  0.00     2.3719519682      13.673004108  
2020 11 15  14 22  0.00     2.3719499695      13.672994629  
2020 11 15  14 23  0.00     2.3719479708      13.672985147  
2020 11 15  14 24  0.00     2.3719459721      13.672975664  
2020 11 15  14 25  0.00     2.3719439733      13.672966180  
2020 11 15  14 26  0.00     2.3719419745      13.672956693  
2020 11 15  14 27  0.00     2.3719399757      13.672947206  
2020 11 15  14 28  0.00     2.3719379768      13.672937716  
2020 11 15  14 29  0.00     2.3719359779      13.672928225  
2020 11 15  14 30  0.00     2.3719339790      13.672918732  
2020 11 15  14 31  0.00     2.3719319801      13.672909237  
2020 11 15  14 32  0.00     2.3719299811      13.672899741  
2020 11 15  14 33  0.00     2.3719279822      13.672890243  
2020 11 15  14 34  0.00     2.3719259832      13.672880743  
2020 11 15  14 35  0.00     2.3719239841      13.672871242  
2020 11 15  14 36  0.00     2.3719219851      13.672861739  
2020 11 15  14 37  0.00     2.3719199860      13.672852234  
2020 11 15  14 38  0.00     2.3719179869      13.672842728  
2020 11 15  14 39  0.00     2.3719159878      13.672833220  
2020 11 15  14 40  0.00     2.3719139886      13.672823710  
2020 11 15  14 41  0.00     2.3719119895      13.672814199  
2020 11 15  14 42  0.00     2.3719099903      13.672804686  
2020 11 15  14 43  0.00     2.3719079911      13.672795171  
2020 11 15  14 44  0.00     2.3719059919      13.672785654  
2020 11 15  14 45  0.00     2.3719039927      13.672776136  
2020 11 15  14 46  0.00     2.3719019934      13.672766617  
2020 11 15  14 47  0.00     2.3718999942      13.672757095  
2020 11 15  14 48  0.00     2.3718979949      13.672747572  
2020 11 15  14 49  0.00     2.3718959956      13.672738047  
2020 11 15  14 50  0.00     2.3718939963      13.672728521  
2020 11 15  14 51  0.00     2.3718919970      13.672718992  
2020 11 15  14 52  0.00     2.3718899977      13.672709462  
2020 11 15  14 53  0.00     2.3718879984      13.672699931  
2020 11 15  14 54  0.00     2.3718859990      13.672690398  
2020 11 15  14 55  0.00     2.3718839997      13.672680863  
2020 11 15  14 56  0.00     2.3718820003      13.672671326  
2020 11 15  14 57  0.00     2.3718800009      13.672661788  
2020 11 15  14 58  0.00     2.3718780015      13.672652248  
2020 11 15  14 59  0.00     2.3718760022      13.672642706  
2020 11 15  15  0  0.00     2.3718740028      13.672633163  
2020 11 15  15  1  0.00     2.3718720034      13.672623618  
2020 11 15  15  2  0.00     2.3718700040      13.672614071  
2020 11 15  15  3  0.00     2.3718680045      13.672604522  
2020 11 15  15  4  0.00     2.3718660051      13.672594972  
2020 11 15  15  5  0.00     2.3718640057      13.672585420  
2020 11 15  15  6  0.00     2.3718620063      13.672575867  
2020 11 15  15  7  0.00     2.3718600069      13.672566312  
2020 11 15  15  8  0.00     2.3718580075      13.672556755  
2020 11 15  15  9  0.00     2.3718560080      13.672547196  
2020 11 15  15 10  0.00     2.3718540086      13.672537636  
2020 11 15  15 11  0.00     2.3718520092      13.672528074  
2020 11 15  15 12  0.00     2.3718500098      13.672518510  
2020 11 15  15 13  0.00     2.3718480104      13.672508945  
2020 11 15  15 14  0.00     2.3718460109      13.672499378  
2020 11 15  15 15  0.00     2.3718440115      13.672489809  
2020 11 15  15 16  0.00     2.3718420121      13.672480238  
2020 11 15  15 17  0.00     2.3718400127      13.672470666  
2020 11 15  15 18  0.00     2.3718380133      13.672461092  
2020 11 15  15 19  0.00     2.3718360139      13.672451517  
2020 11 15  15 20  0.00     2.3718340146      13.672441940  
2020 11 15  15 21  0.00     2.3718320152      13.672432361  
2020 11 15  15 22  0.00     2.3718300158      13.672422780  
2020 11 15  15 23  0.00     2.3718280165      13.672413198  
2020 11 15  15 24  0.00     2.3718260171      13.672403614  
2020 11 15  15 25  0.00     2.3718240178      13.672394028  
2020 11 15  15 26  0.00     2.3718220185      13.672384441  
2020 11 15  15 27  0.00     2.3718200192      13.672374851  
2020 11 15  15 28  0.00     2.3718180199      13.672365261  
2020 11 15  15 29  0.00     2.3718160206      13.672355668  
2020 11 15  15 30  0.00     2.3718140213      13.672346074  
2020 11 15  15 31  0.00     2.3718120220      13.672336478  
2020 11 15  15 32  0.00     2.3718100228      13.672326880  
2020 11 15  15 33  0.00     2.3718080236      13.672317281  
2020 11 15  15 34  0.00     2.3718060244      13.672307680  
2020 11 15  15 35  0.00     2.3718040252      13.672298077  
2020 11 15  15 36  0.00     2.3718020260      13.672288473  
2020 11 15  15 37  0.00     2.3718000269      13.672278867  
2020 11 15  15 38  0.00     2.3717980277      13.672269259  
2020 11 15  15 39  0.00     2.3717960286      13.672259650  
2020 11 15  15 40  0.00     2.3717940295      13.672250039  
2020 11 15  15 41  0.00     2.3717920305      13.672240426  
2020 11 15  15 42  0.00     2.3717900314      13.672230811  
2020 11 15  15 43  0.00     2.3717880324      13.672221195  
2020 11 15  15 44  0.00     2.3717860334      13.672211577  
2020 11 15  15 45  0.00     2.3717840344      13.672201957  
2020 11 15  15 46  0.00     2.3717820355      13.672192336  
2020 11 15  15 47  0.00     2.3717800365      13.672182713  
2020 11 15  15 48  0.00     2.3717780376      13.672173088  
2020 11 15  15 49  0.00     2.3717760388      13.672163462  
2020 11 15  15 50  0.00     2.3717740399      13.672153833  
2020 11 15  15 51  0.00     2.3717720411      13.672144204  
2020 11 15  15 52  0.00     2.3717700423      13.672134572  
2020 11 15  15 53  0.00     2.3717680436      13.672124939  
2020 11 15  15 54  0.00     2.3717660449      13.672115304  
2020 11 15  15 55  0.00     2.3717640462      13.672105667  
2020 11 15  15 56  0.00     2.3717620475      13.672096029  
2020 11 15  15 57  0.00     2.3717600489      13.672086389  
2020 11 15  15 58  0.00     2.3717580503      13.672076747  
2020 11 15  15 59  0.00     2.3717560517      13.672067104  
2020 11 15  16  0  0.00     2.3717540532      13.672057459  
2020 11 15  16  1  0.00     2.3717520547      13.672047812  
2020 11 15  16  2  0.00     2.3717500563      13.672038163  
2020 11 15  16  3  0.00     2.3717480579      13.672028513  
2020 11 15  16  4  0.00     2.3717460595      13.672018861  
2020 11 15  16  5  0.00     2.3717440612      13.672009208  
2020 11 15  16  6  0.00     2.3717420629      13.671999552  
2020 11 15  16  7  0.00     2.3717400646      13.671989895  
2020 11 15  16  8  0.00     2.3717380664      13.671980237  
2020 11 15  16  9  0.00     2.3717360682      13.671970576  
2020 11 15  16 10  0.00     2.3717340701      13.671960914  
2020 11 15  16 11  0.00     2.3717320720      13.671951250  
2020 11 15  16 12  0.00     2.3717300739      13.671941585  
2020 11 15  16 13  0.00     2.3717280759      13.671931918  
2020 11 15  16 14  0.00     2.3717260780      13.671922249  
2020 11 15  16 15  0.00     2.3717240801      13.671912578  
2020 11 15  16 16  0.00     2.3717220822      13.671902906  
2020 11 15  16 17  0.00     2.3717200844      13.671893232  
2020 11 15  16 18  0.00     2.3717180866      13.671883557  
2020 11 15  16 19  0.00     2.3717160889      13.671873879  
2020 11 15  16 20  0.00     2.3717140912      13.671864200  
2020 11 15  16 21  0.00     2.3717120936      13.671854520  
2020 11 15  16 22  0.00     2.3717100960      13.671844837  
2020 11 15  16 23  0.00     2.3717080985      13.671835153  
2020 11 15  16 24  0.00     2.3717061010      13.671825468  
2020 11 15  16 25  0.00     2.3717041036      13.671815780  
2020 11 15  16 26  0.00     2.3717021062      13.671806091  
2020 11 15  16 27  0.00     2.3717001089      13.671796400  
2020 11 15  16 28  0.00     2.3716981116      13.671786708  
2020 11 15  16 29  0.00     2.3716961144      13.671777014  
2020 11 15  16 30  0.00     2.3716941173      13.671767318  
2020 11 15  16 31  0.00     2.3716921202      13.671757620  
2020 11 15  16 32  0.00     2.3716901232      13.671747921  
2020 11 15  16 33  0.00     2.3716881262      13.671738220  
2020 11 15  16 34  0.00     2.3716861293      13.671728518  
2020 11 15  16 35  0.00     2.3716841324      13.671718813  
2020 11 15  16 36  0.00     2.3716821356      13.671709107  
2020 11 15  16 37  0.00     2.3716801389      13.671699400  
2020 11 15  16 38  0.00     2.3716781422      13.671689690  
2020 11 15  16 39  0.00     2.3716761456      13.671679979  
2020 11 15  16 40  0.00     2.3716741490      13.671670267  
2020 11 15  16 41  0.00     2.3716721525      13.671660552  
2020 11 15  16 42  0.00     2.3716701561      13.671650836  
2020 11 15  16 43  0.00     2.3716681597      13.671641119  
2020 11 15  16 44  0.00     2.3716661635      13.671631399  
2020 11 15  16 45  0.00     2.3716641672      13.671621678  
2020 11 15  16 46  0.00     2.3716621711      13.671611955  
2020 11 15  16 47  0.00     2.3716601750      13.671602231  
2020 11 15  16 48  0.00     2.3716581789      13.671592505  
2020 11 15  16 49  0.00     2.3716561830      13.671582777  
2020 11 15  16 50  0.00     2.3716541871      13.671573048  
2020 11 15  16 51  0.00     2.3716521913      13.671563317  
2020 11 15  16 52  0.00     2.3716501955      13.671553584  
2020 11 15  16 53  0.00     2.3716481999      13.671543849  
2020 11 15  16 54  0.00     2.3716462043      13.671534113  
2020 11 15  16 55  0.00     2.3716442087      13.671524375  
2020 11 15  16 56  0.00     2.3716422133      13.671514636  
2020 11 15  16 57  0.00     2.3716402179      13.671504895  
2020 11 15  16 58  0.00     2.3716382226      13.671495152  
2020 11 15  16 59  0.00     2.3716362273      13.671485408  
2020 11 15  17  0  0.00     2.3716342322      13.671475662  
2020 11 15  17  1  0.00     2.3716322371      13.671465914  
2020 11 15  17  2  0.00     2.3716302421      13.671456164  
2020 11 15  17  3  0.00     2.3716282472      13.671446413  
2020 11 15  17  4  0.00     2.3716262523      13.671436660  
2020 11 15  17  5  0.00     2.3716242576      13.671426906  
2020 11 15  17  6  0.00     2.3716222629      13.671417150  
2020 11 15  17  7  0.00     2.3716202683      13.671407392  
2020 11 15  17  8  0.00     2.3716182738      13.671397633  
2020 11 15  17  9  0.00     2.3716162793      13.671387872  
2020 11 15  17 10  0.00     2.3716142850      13.671378109  
2020 11 15  17 11  0.00     2.3716122907      13.671368344  
2020 11 15  17 12  0.00     2.3716102965      13.671358578  
2020 11 15  17 13  0.00     2.3716083024      13.671348811  
2020 11 15  17 14  0.00     2.3716063084      13.671339041  
2020 11 15  17 15  0.00     2.3716043144      13.671329270  
2020 11 15  17 16  0.00     2.3716023206      13.671319498  
2020 11 15  17 17  0.00     2.3716003268      13.671309723  
2020 11 15  17 18  0.00     2.3715983332      13.671299947  
2020 11 15  17 19  0.00     2.3715963396      13.671290170  
2020 11 15  17 20  0.00     2.3715943461      13.671280391  
2020 11 15  17 21  0.00     2.3715923527      13.671270610  
2020 11 15  17 22  0.00     2.3715903594      13.671260827  
2020 11 15  17 23  0.00     2.3715883661      13.671251043  
2020 11 15  17 24  0.00     2.3715863730      13.671241257  
2020 11 15  17 25  0.00     2.3715843800      13.671231470  
2020 11 15  17 26  0.00     2.3715823870      13.671221681  
2020 11 15  17 27  0.00     2.3715803942      13.671211890  
2020 11 15  17 28  0.00     2.3715784014      13.671202097  
2020 11 15  17 29  0.00     2.3715764088      13.671192303  
2020 11 15  17 30  0.00     2.3715744162      13.671182508  
2020 11 15  17 31  0.00     2.3715724237      13.671172710  
2020 11 15  17 32  0.00     2.3715704314      13.671162911  
2020 11 15  17 33  0.00     2.3715684391      13.671153111  
2020 11 15  17 34  0.00     2.3715664469      13.671143309  
2020 11 15  17 35  0.00     2.3715644548      13.671133505  
2020 11 15  17 36  0.00     2.3715624629      13.671123699  
2020 11 15  17 37  0.00     2.3715604710      13.671113892  
2020 11 15  17 38  0.00     2.3715584792      13.671104084  
2020 11 15  17 39  0.00     2.3715564875      13.671094273  
2020 11 15  17 40  0.00     2.3715544960      13.671084461  
2020 11 15  17 41  0.00     2.3715525045      13.671074648  
2020 11 15  17 42  0.00     2.3715505131      13.671064832  
2020 11 15  17 43  0.00     2.3715485219      13.671055016  
2020 11 15  17 44  0.00     2.3715465307      13.671045197  
2020 11 15  17 45  0.00     2.3715445397      13.671035377  
2020 11 15  17 46  0.00     2.3715425487      13.671025555  
2020 11 15  17 47  0.00     2.3715405579      13.671015732  
2020 11 15  17 48  0.00     2.3715385671      13.671005907  
2020 11 15  17 49  0.00     2.3715365765      13.670996081  
2020 11 15  17 50  0.00     2.3715345860      13.670986252  
2020 11 15  17 51  0.00     2.3715325956      13.670976423  
2020 11 15  17 52  0.00     2.3715306053      13.670966591  
2020 11 15  17 53  0.00     2.3715286151      13.670956758  
2020 11 15  17 54  0.00     2.3715266250      13.670946924  
2020 11 15  17 55  0.00     2.3715246351      13.670937087  
2020 11 15  17 56  0.00     2.3715226452      13.670927250  
2020 11 15  17 57  0.00     2.3715206555      13.670917410  
2020 11 15  17 58  0.00     2.3715186658      13.670907569  
2020 11 15  17 59  0.00     2.3715166763      13.670897727  
2020 11 15  18  0  0.00     2.3715146869      13.670887882  
2020 11 15  18  1  0.00     2.3715126976      13.670878037  
2020 11 15  18  2  0.00     2.3715107085      13.670868189  
2020 11 15  18  3  0.00     2.3715087194      13.670858340  
2020 11 15  18  4  0.00     2.3715067305      13.670848490  
2020 11 15  18  5  0.00     2.3715047416      13.670838637  
2020 11 15  18  6  0.00     2.3715027529      13.670828784  
2020 11 15  18  7  0.00     2.3715007643      13.670818928  
2020 11 15  18  8  0.00     2.3714987759      13.670809071  
2020 11 15  18  9  0.00     2.3714967875      13.670799213  
2020 11 15  18 10  0.00     2.3714947993      13.670789353  
2020 11 15  18 11  0.00     2.3714928112      13.670779491  
2020 11 15  18 12  0.00     2.3714908232      13.670769627  
2020 11 15  18 13  0.00     2.3714888354      13.670759763  
2020 11 15  18 14  0.00     2.3714868476      13.670749896  
2020 11 15  18 15  0.00     2.3714848600      13.670740028  
2020 11 15  18 16  0.00     2.3714828725      13.670730158  
2020 11 15  18 17  0.00     2.3714808851      13.670720287  
2020 11 15  18 18  0.00     2.3714788979      13.670710415  
2020 11 15  18 19  0.00     2.3714769108      13.670700540  
2020 11 15  18 20  0.00     2.3714749238      13.670690664  
2020 11 15  18 21  0.00     2.3714729369      13.670680787  
2020 11 15  18 22  0.00     2.3714709502      13.670670908  
2020 11 15  18 23  0.00     2.3714689636      13.670661027  
2020 11 15  18 24  0.00     2.3714669771      13.670651145  
2020 11 15  18 25  0.00     2.3714649907      13.670641261  
2020 11 15  18 26  0.00     2.3714630045      13.670631376  
2020 11 15  18 27  0.00     2.3714610184      13.670621489  
2020 11 15  18 28  0.00     2.3714590324      13.670611601  
2020 11 15  18 29  0.00     2.3714570466      13.670601711  
2020 11 15  18 30  0.00     2.3714550609      13.670591819  
2020 11 15  18 31  0.00     2.3714530753      13.670581926  
2020 11 15  18 32  0.00     2.3714510899      13.670572031  
2020 11 15  18 33  0.00     2.3714491046      13.670562135  
2020 11 15  18 34  0.00     2.3714471194      13.670552238  
2020 11 15  18 35  0.00     2.3714451343      13.670542338  
2020 11 15  18 36  0.00     2.3714431494      13.670532437  
2020 11 15  18 37  0.00     2.3714411647      13.670522535  
2020 11 15  18 38  0.00     2.3714391800      13.670512631  
2020 11 15  18 39  0.00     2.3714371955      13.670502726  
2020 11 15  18 40  0.00     2.3714352112      13.670492819  
2020 11 15  18 41  0.00     2.3714332269      13.670482910  
2020 11 15  18 42  0.00     2.3714312429      13.670473000  
2020 11 15  18 43  0.00     2.3714292589      13.670463089  
2020 11 15  18 44  0.00     2.3714272751      13.670453175  
2020 11 15  18 45  0.00     2.3714252914      13.670443261  
2020 11 15  18 46  0.00     2.3714233079      13.670433345  
2020 11 15  18 47  0.00     2.3714213245      13.670423427  
2020 11 15  18 48  0.00     2.3714193412      13.670413508  
2020 11 15  18 49  0.00     2.3714173581      13.670403587  
2020 11 15  18 50  0.00     2.3714153752      13.670393665  
2020 11 15  18 51  0.00     2.3714133923      13.670383741  
2020 11 15  18 52  0.00     2.3714114097      13.670373816  
2020 11 15  18 53  0.00     2.3714094271      13.670363889  
2020 11 15  18 54  0.00     2.3714074447      13.670353960  
2020 11 15  18 55  0.00     2.3714054625      13.670344031  
2020 11 15  18 56  0.00     2.3714034804      13.670334099  
2020 11 15  18 57  0.00     2.3714014984      13.670324166  
2020 11 15  18 58  0.00     2.3713995166      13.670314232  
2020 11 15  18 59  0.00     2.3713975349      13.670304296  
2020 11 15  19  0  0.00     2.3713955534      13.670294359  
2020 11 15  19  1  0.00     2.3713935720      13.670284420  
2020 11 15  19  2  0.00     2.3713915908      13.670274480  
2020 11 15  19  3  0.00     2.3713896097      13.670264538  
2020 11 15  19  4  0.00     2.3713876288      13.670254594  
2020 11 15  19  5  0.00     2.3713856480      13.670244649  
2020 11 15  19  6  0.00     2.3713836674      13.670234703  
2020 11 15  19  7  0.00     2.3713816869      13.670224755  
2020 11 15  19  8  0.00     2.3713797066      13.670214806  
2020 11 15  19  9  0.00     2.3713777264      13.670204855  
2020 11 15  19 10  0.00     2.3713757463      13.670194903  
2020 11 15  19 11  0.00     2.3713737665      13.670184949  
2020 11 15  19 12  0.00     2.3713717867      13.670174994  
2020 11 15  19 13  0.00     2.3713698072      13.670165037  
2020 11 15  19 14  0.00     2.3713678277      13.670155079  
2020 11 15  19 15  0.00     2.3713658485      13.670145119  
2020 11 15  19 16  0.00     2.3713638694      13.670135158  
2020 11 15  19 17  0.00     2.3713618904      13.670125195  
2020 11 15  19 18  0.00     2.3713599116      13.670115231  
2020 11 15  19 19  0.00     2.3713579330      13.670105266  
2020 11 15  19 20  0.00     2.3713559545      13.670095299  
2020 11 15  19 21  0.00     2.3713539761      13.670085330  
2020 11 15  19 22  0.00     2.3713519980      13.670075360  
2020 11 15  19 23  0.00     2.3713500199      13.670065389  
2020 11 15  19 24  0.00     2.3713480421      13.670055416  
2020 11 15  19 25  0.00     2.3713460644      13.670045442  
2020 11 15  19 26  0.00     2.3713440868      13.670035466  
2020 11 15  19 27  0.00     2.3713421094      13.670025489  
2020 11 15  19 28  0.00     2.3713401322      13.670015510  
2020 11 15  19 29  0.00     2.3713381551      13.670005530  
2020 11 15  19 30  0.00     2.3713361782      13.669995548  
2020 11 15  19 31  0.00     2.3713342015      13.669985565  
2020 11 15  19 32  0.00     2.3713322249      13.669975581  
2020 11 15  19 33  0.00     2.3713302485      13.669965595  
2020 11 15  19 34  0.00     2.3713282722      13.669955608  
2020 11 15  19 35  0.00     2.3713262961      13.669945619  
2020 11 15  19 36  0.00     2.3713243202      13.669935629  
2020 11 15  19 37  0.00     2.3713223444      13.669925637  
2020 11 15  19 38  0.00     2.3713203688      13.669915644  
2020 11 15  19 39  0.00     2.3713183933      13.669905650  
2020 11 15  19 40  0.00     2.3713164180      13.669895654  
2020 11 15  19 41  0.00     2.3713144429      13.669885657  
2020 11 15  19 42  0.00     2.3713124680      13.669875658  
2020 11 15  19 43  0.00     2.3713104932      13.669865658  
2020 11 15  19 44  0.00     2.3713085185      13.669855656  
2020 11 15  19 45  0.00     2.3713065441      13.669845653  
2020 11 15  19 46  0.00     2.3713045698      13.669835649  
2020 11 15  19 47  0.00     2.3713025957      13.669825643  
2020 11 15  19 48  0.00     2.3713006217      13.669815636  
2020 11 15  19 49  0.00     2.3712986479      13.669805628  
2020 11 15  19 50  0.00     2.3712966743      13.669795618  
2020 11 15  19 51  0.00     2.3712947008      13.669785606  
2020 11 15  19 52  0.00     2.3712927275      13.669775593  
2020 11 15  19 53  0.00     2.3712907544      13.669765579  
2020 11 15  19 54  0.00     2.3712887815      13.669755564  
2020 11 15  19 55  0.00     2.3712868087      13.669745547  
2020 11 15  19 56  0.00     2.3712848361      13.669735528  
2020 11 15  19 57  0.00     2.3712828637      13.669725509  
2020 11 15  19 58  0.00     2.3712808914      13.669715487  
2020 11 15  19 59  0.00     2.3712789193      13.669705465  
2020 11 15  20  0  0.00     2.3712769474      13.669695441  
2020 11 15  20  1  0.00     2.3712749756      13.669685416  
2020 11 15  20  2  0.00     2.3712730040      13.669675389  
2020 11 15  20  3  0.00     2.3712710326      13.669665361  
2020 11 15  20  4  0.00     2.3712690614      13.669655332  
2020 11 15  20  5  0.00     2.3712670903      13.669645301  
2020 11 15  20  6  0.00     2.3712651194      13.669635269  
2020 11 15  20  7  0.00     2.3712631487      13.669625236  
2020 11 15  20  8  0.00     2.3712611782      13.669615201  
2020 11 15  20  9  0.00     2.3712592078      13.669605164  
2020 11 15  20 10  0.00     2.3712572376      13.669595127  
2020 11 15  20 11  0.00     2.3712552676      13.669585088  
2020 11 15  20 12  0.00     2.3712532978      13.669575048  
2020 11 15  20 13  0.00     2.3712513281      13.669565006  
2020 11 15  20 14  0.00     2.3712493586      13.669554963  
2020 11 15  20 15  0.00     2.3712473893      13.669544919  
2020 11 15  20 16  0.00     2.3712454201      13.669534873  
2020 11 15  20 17  0.00     2.3712434512      13.669524826  
2020 11 15  20 18  0.00     2.3712414824      13.669514778  
2020 11 15  20 19  0.00     2.3712395138      13.669504728  
2020 11 15  20 20  0.00     2.3712375454      13.669494677  
2020 11 15  20 21  0.00     2.3712355771      13.669484625  
2020 11 15  20 22  0.00     2.3712336090      13.669474571  
2020 11 15  20 23  0.00     2.3712316411      13.669464516  
2020 11 15  20 24  0.00     2.3712296734      13.669454460  
2020 11 15  20 25  0.00     2.3712277059      13.669444402  
2020 11 15  20 26  0.00     2.3712257385      13.669434343  
2020 11 15  20 27  0.00     2.3712237713      13.669424283  
2020 11 15  20 28  0.00     2.3712218043      13.669414221  
2020 11 15  20 29  0.00     2.3712198375      13.669404159  
2020 11 15  20 30  0.00     2.3712178709      13.669394094  
2020 11 15  20 31  0.00     2.3712159044      13.669384029  
2020 11 15  20 32  0.00     2.3712139381      13.669373962  
2020 11 15  20 33  0.00     2.3712119720      13.669363894  
2020 11 15  20 34  0.00     2.3712100061      13.669353824  
2020 11 15  20 35  0.00     2.3712080404      13.669343754  
2020 11 15  20 36  0.00     2.3712060748      13.669333682  
2020 11 15  20 37  0.00     2.3712041095      13.669323608  
2020 11 15  20 38  0.00     2.3712021443      13.669313534  
2020 11 15  20 39  0.00     2.3712001793      13.669303458  
2020 11 15  20 40  0.00     2.3711982144      13.669293381  
2020 11 15  20 41  0.00     2.3711962498      13.669283302  
2020 11 15  20 42  0.00     2.3711942853      13.669273222  
2020 11 15  20 43  0.00     2.3711923211      13.669263141  
2020 11 15  20 44  0.00     2.3711903570      13.669253059  
2020 11 15  20 45  0.00     2.3711883931      13.669242975  
2020 11 15  20 46  0.00     2.3711864294      13.669232890  
---
2020 11 16  10 53  0.00     2.3695618138      13.660404125  
2020 11 16  10 54  0.00     2.3695598871      13.660393384  
2020 11 16  10 55  0.00     2.3695579603      13.660382643  
2020 11 16  10 56  0.00     2.3695560334      13.660371900  
2020 11 16  10 57  0.00     2.3695541065      13.660361156  
2020 11 16  10 58  0.00     2.3695521794      13.660350412  
2020 11 16  10 59  0.00     2.3695502522      13.660339666  
2020 11 16  11  0  0.00     2.3695483250      13.660328919  
2020 11 16  11  1  0.00     2.3695463976      13.660318170  
2020 11 16  11  2  0.00     2.3695444702      13.660307421  
2020 11 16  11  3  0.00     2.3695425426      13.660296670  
2020 11 16  11  4  0.00     2.3695406150      13.660285919  
2020 11 16  11  5  0.00     2.3695386872      13.660275166  
2020 11 16  11  6  0.00     2.3695367594      13.660264412  
2020 11 16  11  7  0.00     2.3695348315      13.660253657  
2020 11 16  11  8  0.00     2.3695329035      13.660242901  
2020 11 16  11  9  0.00     2.3695309753      13.660232144  
2020 11 16  11 10  0.00     2.3695290471      13.660221385  
2020 11 16  11 11  0.00     2.3695271188      13.660210625  
2020 11 16  11 12  0.00     2.3695251904      13.660199865  
2020 11 16  11 13  0.00     2.3695232620      13.660189103  
2020 11 16  11 14  0.00     2.3695213334      13.660178340  
2020 11 16  11 15  0.00     2.3695194047      13.660167575  
2020 11 16  11 16  0.00     2.3695174759      13.660156810  
2020 11 16  11 17  0.00     2.3695155471      13.660146044  
2020 11 16  11 18  0.00     2.3695136181      13.660135276  
2020 11 16  11 19  0.00     2.3695116891      13.660124507  
2020 11 16  11 20  0.00     2.3695097600      13.660113737  
2020 11 16  11 21  0.00     2.3695078308      13.660102966  
2020 11 16  11 22  0.00     2.3695059015      13.660092193  
2020 11 16  11 23  0.00     2.3695039721      13.660081420  
2020 11 16  11 24  0.00     2.3695020426      13.660070645  
2020 11 16  11 25  0.00     2.3695001130      13.660059869  
2020 11 16  11 26  0.00     2.3694981833      13.660049092  
2020 11 16  11 27  0.00     2.3694962536      13.660038314  
2020 11 16  11 28  0.00     2.3694943237      13.660027534  
2020 11 16  11 29  0.00     2.3694923938      13.660016754  
2020 11 16  11 30  0.00     2.3694904638      13.660005972  
2020 11 16  11 31  0.00     2.3694885337      13.659995189  
2020 11 16  11 32  0.00     2.3694866035      13.659984405  
2020 11 16  11 33  0.00     2.3694846732      13.659973619  
2020 11 16  11 34  0.00     2.3694827428      13.659962833  
2020 11 16  11 35  0.00     2.3694808124      13.659952045  
2020 11 16  11 36  0.00     2.3694788818      13.659941256  
2020 11 16  11 37  0.00     2.3694769512      13.659930466  
2020 11 16  11 38  0.00     2.3694750205      13.659919675  
2020 11 16  11 39  0.00     2.3694730897      13.659908882  
2020 11 16  11 40  0.00     2.3694711588      13.659898088  
2020 11 16  11 41  0.00     2.3694692278      13.659887293  
2020 11 16  11 42  0.00     2.3694672968      13.659876497  
2020 11 16  11 43  0.00     2.3694653657      13.659865700  
2020 11 16  11 44  0.00     2.3694634344      13.659854901  
2020 11 16  11 45  0.00     2.3694615031      13.659844102  
2020 11 16  11 46  0.00     2.3694595718      13.659833301  
2020 11 16  11 47  0.00     2.3694576403      13.659822498  
2020 11 16  11 48  0.00     2.3694557087      13.659811695  
2020 11 16  11 49  0.00     2.3694537771      13.659800890  
2020 11 16  11 50  0.00     2.3694518454      13.659790084  
2020 11 16  11 51  0.00     2.3694499136      13.659779277  
2020 11 16  11 52  0.00     2.3694479817      13.659768469  
2020 11 16  11 53  0.00     2.3694460498      13.659757659  
2020 11 16  11 54  0.00     2.3694441177      13.659746849  
2020 11 16  11 55  0.00     2.3694421856      13.659736037  
2020 11 16  11 56  0.00     2.3694402534      13.659725223  
2020 11 16  11 57  0.00     2.3694383212      13.659714409  
2020 11 16  11 58  0.00     2.3694363888      13.659703593  
2020 11 16  11 59  0.00     2.3694344564      13.659692776  
2020 11 16  12  0  0.00     2.3694325239      13.659681958  
2020 11 16  12  1  0.00     2.3694305913      13.659671139  
2020 11 16  12  2  0.00     2.3694286587      13.659660318  
2020 11 16  12  3  0.00     2.3694267259      13.659649496  
2020 11 16  12  4  0.00     2.3694247931      13.659638673  
2020 11 16  12  5  0.00     2.3694228602      13.659627849  
2020 11 16  12  6  0.00     2.3694209273      13.659617023  
2020 11 16  12  7  0.00     2.3694189942      13.659606196  
2020 11 16  12  8  0.00     2.3694170611      13.659595368  
2020 11 16  12  9  0.00     2.3694151279      13.659584539  
2020 11 16  12 10  0.00     2.3694131947      13.659573708  
2020 11 16  12 11  0.00     2.3694112613      13.659562876  
2020 11 16  12 12  0.00     2.3694093279      13.659552043  
2020 11 16  12 13  0.00     2.3694073945      13.659541208  
2020 11 16  12 14  0.00     2.3694054609      13.659530373  
2020 11 16  12 15  0.00     2.3694035273      13.659519536  
2020 11 16  12 16  0.00     2.3694015936      13.659508698  
2020 11 16  12 17  0.00     2.3693996598      13.659497858  
2020 11 16  12 18  0.00     2.3693977260      13.659487017  
2020 11 16  12 19  0.00     2.3693957921      13.659476175  
2020 11 16  12 20  0.00     2.3693938581      13.659465332  
2020 11 16  12 21  0.00     2.3693919241      13.659454487  
2020 11 16  12 22  0.00     2.3693899900      13.659443642  
2020 11 16  12 23  0.00     2.3693880558      13.659432795  
2020 11 16  12 24  0.00     2.3693861216      13.659421946  
2020 11 16  12 25  0.00     2.3693841872      13.659411096  
2020 11 16  12 26  0.00     2.3693822529      13.659400245  
2020 11 16  12 27  0.00     2.3693803184      13.659389393  
2020 11 16  12 28  0.00     2.3693783839      13.659378540  
2020 11 16  12 29  0.00     2.3693764493      13.659367685  
2020 11 16  12 30  0.00     2.3693745147      13.659356829  
2020 11 16  12 31  0.00     2.3693725800      13.659345971  
2020 11 16  12 32  0.00     2.3693706452      13.659335113  
2020 11 16  12 33  0.00     2.3693687104      13.659324253  
2020 11 16  12 34  0.00     2.3693667755      13.659313392  
2020 11 16  12 35  0.00     2.3693648405      13.659302529  
2020 11 16  12 36  0.00     2.3693629055      13.659291665  
2020 11 16  12 37  0.00     2.3693609704      13.659280800  
2020 11 16  12 38  0.00     2.3693590353      13.659269934  
2020 11 16  12 39  0.00     2.3693571000      13.659259066  
2020 11 16  12 40  0.00     2.3693551648      13.659248197  
2020 11 16  12 41  0.00     2.3693532295      13.659237326  
2020 11 16  12 42  0.00     2.3693512941      13.659226455  
2020 11 16  12 43  0.00     2.3693493586      13.659215582  
2020 11 16  12 44  0.00     2.3693474231      13.659204708  
2020 11 16  12 45  0.00     2.3693454876      13.659193832  
2020 11 16  12 46  0.00     2.3693435519      13.659182955  
2020 11 16  12 47  0.00     2.3693416163      13.659172077  
2020 11 16  12 48  0.00     2.3693396805      13.659161197  
2020 11 16  12 49  0.00     2.3693377447      13.659150317  
2020 11 16  12 50  0.00     2.3693358089      13.659139434  
2020 11 16  12 51  0.00     2.3693338730      13.659128551  
2020 11 16  12 52  0.00     2.3693319370      13.659117666  
2020 11 16  12 53  0.00     2.3693300010      13.659106780  
2020 11 16  12 54  0.00     2.3693280650      13.659095893  
2020 11 16  12 55  0.00     2.3693261288      13.659085004  
2020 11 16  12 56  0.00     2.3693241927      13.659074114  
2020 11 16  12 57  0.00     2.3693222565      13.659063222  
2020 11 16  12 58  0.00     2.3693203202      13.659052330  
2020 11 16  12 59  0.00     2.3693183839      13.659041436  
2020 11 16  13  0  0.00     2.3693164475      13.659030540  
2020 11 16  13  1  0.00     2.3693145111      13.659019644  
2020 11 16  13  2  0.00     2.3693125746      13.659008746  
2020 11 16  13  3  0.00     2.3693106381      13.658997846  
2020 11 16  13  4  0.00     2.3693087015      13.658986945  
2020 11 16  13  5  0.00     2.3693067649      13.658976043  
2020 11 16  13  6  0.00     2.3693048282      13.658965140  
2020 11 16  13  7  0.00     2.3693028915      13.658954235  
2020 11 16  13  8  0.00     2.3693009548      13.658943329  
2020 11 16  13  9  0.00     2.3692990179      13.658932422  
2020 11 16  13 10  0.00     2.3692970811      13.658921513  
2020 11 16  13 11  0.00     2.3692951442      13.658910603  
2020 11 16  13 12  0.00     2.3692932073      13.658899692  
2020 11 16  13 13  0.00     2.3692912703      13.658888779  
2020 11 16  13 14  0.00     2.3692893333      13.658877865  
2020 11 16  13 15  0.00     2.3692873962      13.658866949  
2020 11 16  13 16  0.00     2.3692854591      13.658856032  
2020 11 16  13 17  0.00     2.3692835219      13.658845114  
2020 11 16  13 18  0.00     2.3692815847      13.658834195  
2020 11 16  13 19  0.00     2.3692796475      13.658823274  
2020 11 16  13 20  0.00     2.3692777102      13.658812351  
2020 11 16  13 21  0.00     2.3692757729      13.658801428  
2020 11 16  13 22  0.00     2.3692738356      13.658790503  
2020 11 16  13 23  0.00     2.3692718982      13.658779577  
2020 11 16  13 24  0.00     2.3692699608      13.658768649  
2020 11 16  13 25  0.00     2.3692680233      13.658757720  
2020 11 16  13 26  0.00     2.3692660858      13.658746789  
2020 11 16  13 27  0.00     2.3692641483      13.658735858  
2020 11 16  13 28  0.00     2.3692622107      13.658724925  
2020 11 16  13 29  0.00     2.3692602731      13.658713990  
2020 11 16  13 30  0.00     2.3692583355      13.658703054  
2020 11 16  13 31  0.00     2.3692563978      13.658692117  
2020 11 16  13 32  0.00     2.3692544601      13.658681179  
2020 11 16  13 33  0.00     2.3692525224      13.658670239  
2020 11 16  13 34  0.00     2.3692505846      13.658659297  
2020 11 16  13 35  0.00     2.3692486468      13.658648355  
2020 11 16  13 36  0.00     2.3692467090      13.658637410  
2020 11 16  13 37  0.00     2.3692447711      13.658626465  
2020 11 16  13 38  0.00     2.3692428332      13.658615518  
2020 11 16  13 39  0.00     2.3692408953      13.658604570  
2020 11 16  13 40  0.00     2.3692389573      13.658593621  
2020 11 16  13 41  0.00     2.3692370194      13.658582670  
2020 11 16  13 42  0.00     2.3692350814      13.658571717  
2020 11 16  13 43  0.00     2.3692331433      13.658560764  
2020 11 16  13 44  0.00     2.3692312053      13.658549809  
2020 11 16  13 45  0.00     2.3692292672      13.658538852  
2020 11 16  13 46  0.00     2.3692273291      13.658527894  
2020 11 16  13 47  0.00     2.3692253910      13.658516935  
2020 11 16  13 48  0.00     2.3692234528      13.658505974  
2020 11 16  13 49  0.00     2.3692215146      13.658495012  
2020 11 16  13 50  0.00     2.3692195764      13.658484049  
2020 11 16  13 51  0.00     2.3692176382      13.658473084  
2020 11 16  13 52  0.00     2.3692157000      13.658462118  
2020 11 16  13 53  0.00     2.3692137617      13.658451151  
2020 11 16  13 54  0.00     2.3692118234      13.658440182  
2020 11 16  13 55  0.00     2.3692098851      13.658429211  
2020 11 16  13 56  0.00     2.3692079468      13.658418240  
2020 11 16  13 57  0.00     2.3692060085      13.658407267  
2020 11 16  13 58  0.00     2.3692040701      13.658396292  
2020 11 16  13 59  0.00     2.3692021318      13.658385316  
2020 11 16  14  0  0.00     2.3692001934      13.658374339  
2020 11 16  14  1  0.00     2.3691982550      13.658363360  
2020 11 16  14  2  0.00     2.3691963166      13.658352380  
2020 11 16  14  3  0.00     2.3691943781      13.658341399  
2020 11 16  14  4  0.00     2.3691924397      13.658330416  
2020 11 16  14  5  0.00     2.3691905012      13.658319432  
2020 11 16  14  6  0.00     2.3691885628      13.658308446  
2020 11 16  14  7  0.00     2.3691866243      13.658297459  
2020 11 16  14  8  0.00     2.3691846858      13.658286471  
2020 11 16  14  9  0.00     2.3691827473      13.658275481  
2020 11 16  14 10  0.00     2.3691808088      13.658264490  
2020 11 16  14 11  0.00     2.3691788702      13.658253497  
2020 11 16  14 12  0.00     2.3691769317      13.658242503  
2020 11 16  14 13  0.00     2.3691749932      13.658231507  
2020 11 16  14 14  0.00     2.3691730546      13.658220511  
2020 11 16  14 15  0.00     2.3691711160      13.658209512  
2020 11 16  14 16  0.00     2.3691691775      13.658198513  
2020 11 16  14 17  0.00     2.3691672389      13.658187512  
2020 11 16  14 18  0.00     2.3691653003      13.658176509  
2020 11 16  14 19  0.00     2.3691633618      13.658165505  
2020 11 16  14 20  0.00     2.3691614232      13.658154500  
2020 11 16  14 21  0.00     2.3691594846      13.658143493  
2020 11 16  14 22  0.00     2.3691575460      13.658132485  
2020 11 16  14 23  0.00     2.3691556074      13.658121476  
2020 11 16  14 24  0.00     2.3691536688      13.658110465  
2020 11 16  14 25  0.00     2.3691517303      13.658099452  
2020 11 16  14 26  0.00     2.3691497917      13.658088439  
2020 11 16  14 27  0.00     2.3691478531      13.658077423  
2020 11 16  14 28  0.00     2.3691459145      13.658066407  
2020 11 16  14 29  0.00     2.3691439759      13.658055389  
2020 11 16  14 30  0.00     2.3691420373      13.658044369  
2020 11 16  14 31  0.00     2.3691400987      13.658033349  
2020 11 16  14 32  0.00     2.3691381602      13.658022326  
2020 11 16  14 33  0.00     2.3691362216      13.658011303  
2020 11 16  14 34  0.00     2.3691342830      13.658000278  
2020 11 16  14 35  0.00     2.3691323445      13.657989251  
2020 11 16  14 36  0.00     2.3691304059      13.657978223  
2020 11 16  14 37  0.00     2.3691284674      13.657967194  
2020 11 16  14 38  0.00     2.3691265289      13.657956163  
2020 11 16  14 39  0.00     2.3691245903      13.657945131  
2020 11 16  14 40  0.00     2.3691226518      13.657934098  
2020 11 16  14 41  0.00     2.3691207133      13.657923063  
2020 11 16  14 42  0.00     2.3691187748      13.657912026  
2020 11 16  14 43  0.00     2.3691168363      13.657900989  
2020 11 16  14 44  0.00     2.3691148979      13.657889949  
2020 11 16  14 45  0.00     2.3691129594      13.657878909  
2020 11 16  14 46  0.00     2.3691110210      13.657867867  
2020 11 16  14 47  0.00     2.3691090825      13.657856823  
2020 11 16  14 48  0.00     2.3691071441      13.657845778  
2020 11 16  14 49  0.00     2.3691052057      13.657834732  
2020 11 16  14 50  0.00     2.3691032673      13.657823684  
2020 11 16  14 51  0.00     2.3691013289      13.657812635  
2020 11 16  14 52  0.00     2.3690993906      13.657801584  
2020 11 16  14 53  0.00     2.3690974523      13.657790532  
2020 11 16  14 54  0.00     2.3690955139      13.657779479  
2020 11 16  14 55  0.00     2.3690935757      13.657768424  
2020 11 16  14 56  0.00     2.3690916374      13.657757368  
2020 11 16  14 57  0.00     2.3690896991      13.657746310  
2020 11 16  14 58  0.00     2.3690877609      13.657735251  
2020 11 16  14 59  0.00     2.3690858227      13.657724190  
2020 11 16  15  0  0.00     2.3690838845      13.657713128  
2020 11 16  15  1  0.00     2.3690819463      13.657702065  
2020 11 16  15  2  0.00     2.3690800082      13.657691000  
2020 11 16  15  3  0.00     2.3690780701      13.657679934  
2020 11 16  15  4  0.00     2.3690761320      13.657668866  
2020 11 16  15  5  0.00     2.3690741939      13.657657797  
2020 11 16  15  6  0.00     2.3690722559      13.657646726  
2020 11 16  15  7  0.00     2.3690703179      13.657635654  
2020 11 16  15  8  0.00     2.3690683799      13.657624581  
2020 11 16  15  9  0.00     2.3690664419      13.657613506  
2020 11 16  15 10  0.00     2.3690645040      13.657602430  
2020 11 16  15 11  0.00     2.3690625661      13.657591352  
2020 11 16  15 12  0.00     2.3690606283      13.657580273  
2020 11 16  15 13  0.00     2.3690586904      13.657569193  
2020 11 16  15 14  0.00     2.3690567526      13.657558111  
2020 11 16  15 15  0.00     2.3690548149      13.657547027  
2020 11 16  15 16  0.00     2.3690528771      13.657535943  
2020 11 16  15 17  0.00     2.3690509394      13.657524856  
2020 11 16  15 18  0.00     2.3690490018      13.657513769  
2020 11 16  15 19  0.00     2.3690470642      13.657502680  
2020 11 16  15 20  0.00     2.3690451266      13.657491589  
2020 11 16  15 21  0.00     2.3690431890      13.657480497  
2020 11 16  15 22  0.00     2.3690412515      13.657469404  
2020 11 16  15 23  0.00     2.3690393140      13.657458309  
2020 11 16  15 24  0.00     2.3690373766      13.657447213  
2020 11 16  15 25  0.00     2.3690354392      13.657436115  
2020 11 16  15 26  0.00     2.3690335018      13.657425016  
2020 11 16  15 27  0.00     2.3690315645      13.657413916  
2020 11 16  15 28  0.00     2.3690296273      13.657402814  
2020 11 16  15 29  0.00     2.3690276900      13.657391710  
2020 11 16  15 30  0.00     2.3690257528      13.657380606  
2020 11 16  15 31  0.00     2.3690238157      13.657369500  
2020 11 16  15 32  0.00     2.3690218786      13.657358392  
2020 11 16  15 33  0.00     2.3690199415      13.657347283  
2020 11 16  15 34  0.00     2.3690180045      13.657336172  
2020 11 16  15 35  0.00     2.3690160676      13.657325060  
2020 11 16  15 36  0.00     2.3690141307      13.657313947  
2020 11 16  15 37  0.00     2.3690121938      13.657302832  
2020 11 16  15 38  0.00     2.3690102570      13.657291716  
2020 11 16  15 39  0.00     2.3690083202      13.657280599  
2020 11 16  15 40  0.00     2.3690063835      13.657269480  
2020 11 16  15 41  0.00     2.3690044468      13.657258359  
2020 11 16  15 42  0.00     2.3690025102      13.657247237  
2020 11 16  15 43  0.00     2.3690005737      13.657236114  
2020 11 16  15 44  0.00     2.3689986372      13.657224989  
2020 11 16  15 45  0.00     2.3689967007      13.657213863  
2020 11 16  15 46  0.00     2.3689947643      13.657202736  
2020 11 16  15 47  0.00     2.3689928280      13.657191607  
2020 11 16  15 48  0.00     2.3689908917      13.657180476  
2020 11 16  15 49  0.00     2.3689889555      13.657169344  
2020 11 16  15 50  0.00     2.3689870193      13.657158211  
2020 11 16  15 51  0.00     2.3689850832      13.657147077  
2020 11 16  15 52  0.00     2.3689831471      13.657135940  
2020 11 16  15 53  0.00     2.3689812111      13.657124803  
2020 11 16  15 54  0.00     2.3689792752      13.657113664  
2020 11 16  15 55  0.00     2.3689773393      13.657102524  
2020 11 16  15 56  0.00     2.3689754035      13.657091382  
2020 11 16  15 57  0.00     2.3689734677      13.657080239  
2020 11 16  15 58  0.00     2.3689715320      13.657069094  
2020 11 16  15 59  0.00     2.3689695964      13.657057948  
2020 11 16  16  0  0.00     2.3689676608      13.657046801  
2020 11 16  16  1  0.00     2.3689657253      13.657035652  
2020 11 16  16  2  0.00     2.3689637899      13.657024501  
2020 11 16  16  3  0.00     2.3689618545      13.657013350  
2020 11 16  16  4  0.00     2.3689599192      13.657002197  
2020 11 16  16  5  0.00     2.3689579840      13.656991042  
2020 11 16  16  6  0.00     2.3689560488      13.656979886  
2020 11 16  16  7  0.00     2.3689541137      13.656968729  
2020 11 16  16  8  0.00     2.3689521787      13.656957570  
2020 11 16  16  9  0.00     2.3689502437      13.656946410  
2020 11 16  16 10  0.00     2.3689483089      13.656935248  
2020 11 16  16 11  0.00     2.3689463740      13.656924085  
2020 11 16  16 12  0.00     2.3689444393      13.656912921  
2020 11 16  16 13  0.00     2.3689425046      13.656901755  
2020 11 16  16 14  0.00     2.3689405700      13.656890587  
2020 11 16  16 15  0.00     2.3689386355      13.656879419  
2020 11 16  16 16  0.00     2.3689367011      13.656868249  
2020 11 16  16 17  0.00     2.3689347667      13.656857077  
2020 11 16  16 18  0.00     2.3689328324      13.656845904  
2020 11 16  16 19  0.00     2.3689308982      13.656834730  
2020 11 16  16 20  0.00     2.3689289640      13.656823554  
2020 11 16  16 21  0.00     2.3689270300      13.656812377  
2020 11 16  16 22  0.00     2.3689250960      13.656801199  
2020 11 16  16 23  0.00     2.3689231621      13.656790019  
2020 11 16  16 24  0.00     2.3689212283      13.656778837  
2020 11 16  16 25  0.00     2.3689192945      13.656767655  
2020 11 16  16 26  0.00     2.3689173609      13.656756470  
2020 11 16  16 27  0.00     2.3689154273      13.656745285  
2020 11 16  16 28  0.00     2.3689134938      13.656734098  
2020 11 16  16 29  0.00     2.3689115604      13.656722909  
2020 11 16  16 30  0.00     2.3689096271      13.656711720  
2020 11 16  16 31  0.00     2.3689076939      13.656700529  
2020 11 16  16 32  0.00     2.3689057607      13.656689336  
2020 11 16  16 33  0.00     2.3689038276      13.656678142  
2020 11 16  16 34  0.00     2.3689018947      13.656666947  
2020 11 16  16 35  0.00     2.3688999618      13.656655750  
2020 11 16  16 36  0.00     2.3688980290      13.656644552  
2020 11 16  16 37  0.00     2.3688960963      13.656633352  
2020 11 16  16 38  0.00     2.3688941636      13.656622151  
2020 11 16  16 39  0.00     2.3688922311      13.656610949  
2020 11 16  16 40  0.00     2.3688902987      13.656599745  
2020 11 16  16 41  0.00     2.3688883663      13.656588540  
2020 11 16  16 42  0.00     2.3688864341      13.656577333  
2020 11 16  16 43  0.00     2.3688845019      13.656566125  
2020 11 16  16 44  0.00     2.3688825698      13.656554916  
2020 11 16  16 45  0.00     2.3688806379      13.656543705  
2020 11 16  16 46  0.00     2.3688787060      13.656532493  
2020 11 16  16 47  0.00     2.3688767742      13.656521280  
2020 11 16  16 48  0.00     2.3688748425      13.656510065  
2020 11 16  16 49  0.00     2.3688729109      13.656498849  
2020 11 16  16 50  0.00     2.3688709795      13.656487631  
2020 11 16  16 51  0.00     2.3688690481      13.656476412  
2020 11 16  16 52  0.00     2.3688671168      13.656465192  
2020 11 16  16 53  0.00     2.3688651856      13.656453970  
2020 11 16  16 54  0.00     2.3688632545      13.656442747  
2020 11 16  16 55  0.00     2.3688613235      13.656431522  
2020 11 16  16 56  0.00     2.3688593926      13.656420296  
2020 11 16  16 57  0.00     2.3688574619      13.656409069  
2020 11 16  16 58  0.00     2.3688555312      13.656397840  
2020 11 16  16 59  0.00     2.3688536006      13.656386610  
2020 11 16  17  0  0.00     2.3688516701      13.656375379  
2020 11 16  17  1  0.00     2.3688497398      13.656364146  
2020 11 16  17  2  0.00     2.3688478095      13.656352912  
2020 11 16  17  3  0.00     2.3688458794      13.656341676  
2020 11 16  17  4  0.00     2.3688439493      13.656330439  
2020 11 16  17  5  0.00     2.3688420194      13.656319201  
2020 11 16  17  6  0.00     2.3688400896      13.656307961  
2020 11 16  17  7  0.00     2.3688381598      13.656296720  
2020 11 16  17  8  0.00     2.3688362302      13.656285478  
2020 11 16  17  9  0.00     2.3688343007      13.656274234  
2020 11 16  17 10  0.00     2.3688323713      13.656262989  
2020 11 16  17 11  0.00     2.3688304421      13.656251742  
2020 11 16  17 12  0.00     2.3688285129      13.656240494  
2020 11 16  17 13  0.00     2.3688265839      13.656229245  
2020 11 16  17 14  0.00     2.3688246549      13.656217994  
2020 11 16  17 15  0.00     2.3688227261      13.656206742  
2020 11 16  17 16  0.00     2.3688207974      13.656195489  
2020 11 16  17 17  0.00     2.3688188688      13.656184234  
2020 11 16  17 18  0.00     2.3688169403      13.656172978  
2020 11 16  17 19  0.00     2.3688150120      13.656161721  
2020 11 16  17 20  0.00     2.3688130837      13.656150462  
2020 11 16  17 21  0.00     2.3688111556      13.656139202  
2020 11 16  17 22  0.00     2.3688092276      13.656127941  
2020 11 16  17 23  0.00     2.3688072998      13.656116678  
2020 11 16  17 24  0.00     2.3688053720      13.656105414  
2020 11 16  17 25  0.00     2.3688034444      13.656094148  
2020 11 16  17 26  0.00     2.3688015168      13.656082881  
2020 11 16  17 27  0.00     2.3687995894      13.656071613  
2020 11 16  17 28  0.00     2.3687976622      13.656060344  
2020 11 16  17 29  0.00     2.3687957350      13.656049073  
2020 11 16  17 30  0.00     2.3687938080      13.656037801  
2020 11 16  17 31  0.00     2.3687918811      13.656026527  
2020 11 16  17 32  0.00     2.3687899543      13.656015252  
2020 11 16  17 33  0.00     2.3687880277      13.656003976  
2020 11 16  17 34  0.00     2.3687861011      13.655992698  
2020 11 16  17 35  0.00     2.3687841747      13.655981419  
2020 11 16  17 36  0.00     2.3687822485      13.655970139  
2020 11 16  17 37  0.00     2.3687803223      13.655958858  
2020 11 16  17 38  0.00     2.3687783963      13.655947575  
2020 11 16  17 39  0.00     2.3687764705      13.655936291  
2020 11 16  17 40  0.00     2.3687745447      13.655925005  
2020 11 16  17 41  0.00     2.3687726191      13.655913718  
2020 11 16  17 42  0.00     2.3687706936      13.655902430  
2020 11 16  17 43  0.00     2.3687687682      13.655891140  
2020 11 16  17 44  0.00     2.3687668430      13.655879850  
2020 11 16  17 45  0.00     2.3687649179      13.655868557  
2020 11 16  17 46  0.00     2.3687629930      13.655857264  
2020 11 16  17 47  0.00     2.3687610681      13.655845969  
2020 11 16  17 48  0.00     2.3687591435      13.655834673  
2020 11 16  17 49  0.00     2.3687572189      13.655823375  
2020 11 16  17 50  0.00     2.3687552945      13.655812077  
2020 11 16  17 51  0.00     2.3687533702      13.655800777  
2020 11 16  17 52  0.00     2.3687514461      13.655789475  
2020 11 16  17 53  0.00     2.3687495221      13.655778173  
2020 11 16  17 54  0.00     2.3687475982      13.655766869  
2020 11 16  17 55  0.00     2.3687456745      13.655755563  
2020 11 16  17 56  0.00     2.3687437509      13.655744257  
2020 11 16  17 57  0.00     2.3687418275      13.655732949  
2020 11 16  17 58  0.00     2.3687399042      13.655721640  
2020 11 16  17 59  0.00     2.3687379810      13.655710329  
2020 11 16  18  0  0.00     2.3687360580      13.655699017  
2020 11 16  18  1  0.00     2.3687341351      13.655687704  
2020 11 16  18  2  0.00     2.3687322124      13.655676390  
2020 11 16  18  3  0.00     2.3687302898      13.655665074  
2020 11 16  18  4  0.00     2.3687283673      13.655653757  
2020 11 16  18  5  0.00     2.3687264450      13.655642439  
2020 11 16  18  6  0.00     2.3687245229      13.655631119  
2020 11 16  18  7  0.00     2.3687226009      13.655619798  
2020 11 16  18  8  0.00     2.3687206790      13.655608476  
2020 11 16  18  9  0.00     2.3687187573      13.655597153  
2020 11 16  18 10  0.00     2.3687168357      13.655585828  
2020 11 16  18 11  0.00     2.3687149143      13.655574502  
2020 11 16  18 12  0.00     2.3687129930      13.655563175  
2020 11 16  18 13  0.00     2.3687110719      13.655551846  
2020 11 16  18 14  0.00     2.3687091509      13.655540517  
2020 11 16  18 15  0.00     2.3687072301      13.655529186  
2020 11 16  18 16  0.00     2.3687053095      13.655517853  
2020 11 16  18 17  0.00     2.3687033889      13.655506520  
2020 11 16  18 18  0.00     2.3687014686      13.655495185  
2020 11 16  18 19  0.00     2.3686995484      13.655483849  
2020 11 16  18 20  0.00     2.3686976283      13.655472511  
2020 11 16  18 21  0.00     2.3686957084      13.655461172  
2020 11 16  18 22  0.00     2.3686937887      13.655449833  
2020 11 16  18 23  0.00     2.3686918691      13.655438491  
2020 11 16  18 24  0.00     2.3686899496      13.655427149  
2020 11 16  18 25  0.00     2.3686880304      13.655415805  
2020 11 16  18 26  0.00     2.3686861112      13.655404460  
2020 11 16  18 27  0.00     2.3686841923      13.655393114  
2020 11 16  18 28  0.00     2.3686822735      13.655381766  
2020 11 16  18 29  0.00     2.3686803548      13.655370418  
2020 11 16  18 30  0.00     2.3686784363      13.655359068  
2020 11 16  18 31  0.00     2.3686765180      13.655347716  
2020 11 16  18 32  0.00     2.3686745998      13.655336364  
2020 11 16  18 33  0.00     2.3686726818      13.655325010  
2020 11 16  18 34  0.00     2.3686707640      13.655313655  
2020 11 16  18 35  0.00     2.3686688463      13.655302299  
2020 11 16  18 36  0.00     2.3686669287      13.655290942  
2020 11 16  18 37  0.00     2.3686650114      13.655279583  
2020 11 16  18 38  0.00     2.3686630942      13.655268223  
2020 11 16  18 39  0.00     2.3686611771      13.655256862  
2020 11 16  18 40  0.00     2.3686592603      13.655245500  
2020 11 16  18 41  0.00     2.3686573435      13.655234136  
2020 11 16  18 42  0.00     2.3686554270      13.655222771  
2020 11 16  18 43  0.00     2.3686535106      13.655211405  
2020 11 16  18 44  0.00     2.3686515944      13.655200038  
2020 11 16  18 45  0.00     2.3686496784      13.655188670  
2020 11 16  18 46  0.00     2.3686477625      13.655177300  
2020 11 16  18 47  0.00     2.3686458468      13.655165929  
2020 11 16  18 48  0.00     2.3686439312      13.655154557  
2020 11 16  18 49  0.00     2.3686420158      13.655143184  
2020 11 16  18 50  0.00     2.3686401006      13.655131809  
2020 11 16  18 51  0.00     2.3686381856      13.655120433  
2020 11 16  18 52  0.00     2.3686362707      13.655109056  
2020 11 16  18 53  0.00     2.3686343560      13.655097678  
2020 11 16  18 54  0.00     2.3686324415      13.655086299  
2020 11 16  18 55  0.00     2.3686305272      13.655074918  
2020 11 16  18 56  0.00     2.3686286130      13.655063537  
2020 11 16  18 57  0.00     2.3686266990      13.655052154  
2020 11 16  18 58  0.00     2.3686247851      13.655040770  
2020 11 16  18 59  0.00     2.3686228715      13.655029384  
2020 11 16  19  0  0.00     2.3686209580      13.655017998  
2020 11 16  19  1  0.00     2.3686190447      13.655006610  
2020 11 16  19  2  0.00     2.3686171315      13.654995221  
2020 11 16  19  3  0.00     2.3686152186      13.654983831  
2020 11 16  19  4  0.00     2.3686133058      13.654972440  
2020 11 16  19  5  0.00     2.3686113932      13.654961047  
2020 11 16  19  6  0.00     2.3686094807      13.654949654  
2020 11 16  19  7  0.00     2.3686075685      13.654938259  
2020 11 16  19  8  0.00     2.3686056564      13.654926863  
2020 11 16  19  9  0.00     2.3686037445      13.654915466  
2020 11 16  19 10  0.00     2.3686018327      13.654904068  
2020 11 16  19 11  0.00     2.3685999212      13.654892668  
2020 11 16  19 12  0.00     2.3685980098      13.654881268  
2020 11 16  19 13  0.00     2.3685960986      13.654869866  
2020 11 16  19 14  0.00     2.3685941876      13.654858463  
2020 11 16  19 15  0.00     2.3685922768      13.654847059  
2020 11 16  19 16  0.00     2.3685903662      13.654835653  
2020 11 16  19 17  0.00     2.3685884557      13.654824247  
2020 11 16  19 18  0.00     2.3685865454      13.654812839  
2020 11 16  19 19  0.00     2.3685846353      13.654801431  
2020 11 16  19 20  0.00     2.3685827254      13.654790021  
2020 11 16  19 21  0.00     2.3685808156      13.654778610  
2020 11 16  19 22  0.00     2.3685789061      13.654767198  
2020 11 16  19 23  0.00     2.3685769967      13.654755784  
2020 11 16  19 24  0.00     2.3685750875      13.654744370  
2020 11 16  19 25  0.00     2.3685731785      13.654732954  
2020 11 16  19 26  0.00     2.3685712697      13.654721538  
2020 11 16  19 27  0.00     2.3685693611      13.654710120  
2020 11 16  19 28  0.00     2.3685674527      13.654698701  
2020 11 16  19 29  0.00     2.3685655444      13.654687281  
2020 11 16  19 30  0.00     2.3685636363      13.654675860  
2020 11 16  19 31  0.00     2.3685617284      13.654664437  
2020 11 16  19 32  0.00     2.3685598207      13.654653014  
2020 11 16  19 33  0.00     2.3685579132      13.654641589  
2020 11 16  19 34  0.00     2.3685560059      13.654630164  
2020 11 16  19 35  0.00     2.3685540988      13.654618737  
2020 11 16  19 36  0.00     2.3685521918      13.654607309  
2020 11 16  19 37  0.00     2.3685502851      13.654595880  
2020 11 16  19 38  0.00     2.3685483785      13.654584450  
2020 11 16  19 39  0.00     2.3685464722      13.654573018  
2020 11 16  19 40  0.00     2.3685445660      13.654561586  
2020 11 16  19 41  0.00     2.3685426600      13.654550153  
2020 11 16  19 42  0.00     2.3685407542      13.654538718  
2020 11 16  19 43  0.00     2.3685388486      13.654527282  
2020 11 16  19 44  0.00     2.3685369432      13.654515846  
2020 11 16  19 45  0.00     2.3685350379      13.654504408  
2020 11 16  19 46  0.00     2.3685331329      13.654492969  
2020 11 16  19 47  0.00     2.3685312281      13.654481529  
2020 11 16  19 48  0.00     2.3685293234      13.654470088  
2020 11 16  19 49  0.00     2.3685274190      13.654458646  
2020 11 16  19 50  0.00     2.3685255147      13.654447202  
2020 11 16  19 51  0.00     2.3685236107      13.654435758  
2020 11 16  19 52  0.00     2.3685217068      13.654424313  
2020 11 16  19 53  0.00     2.3685198031      13.654412866  
2020 11 16  19 54  0.00     2.3685178997      13.654401419  
2020 11 16  19 55  0.00     2.3685159964      13.654389970  
2020 11 16  19 56  0.00     2.3685140933      13.654378521  
2020 11 16  19 57  0.00     2.3685121904      13.654367070  
2020 11 16  19 58  0.00     2.3685102877      13.654355618  
2020 11 16  19 59  0.00     2.3685083852      13.654344165  
2020 11 16  20  0  0.00     2.3685064829      13.654332711  
2020 11 16  20  1  0.00     2.3685045808      13.654321256  
2020 11 16  20  2  0.00     2.3685026789      13.654309800  
2020 11 16  20  3  0.00     2.3685007772      13.654298343  
2020 11 16  20  4  0.00     2.3684988757      13.654286885  
2020 11 16  20  5  0.00     2.3684969744      13.654275426  
2020 11 16  20  6  0.00     2.3684950733      13.654263966  
2020 11 16  20  7  0.00     2.3684931724      13.654252505  
2020 11 16  20  8  0.00     2.3684912717      13.654241042  
2020 11 16  20  9  0.00     2.3684893712      13.654229579  
2020 11 16  20 10  0.00     2.3684874709      13.654218115  
2020 11 16  20 11  0.00     2.3684855708      13.654206649  
2020 11 16  20 12  0.00     2.3684836709      13.654195183  
2020 11 16  20 13  0.00     2.3684817712      13.654183715  
2020 11 16  20 14  0.00     2.3684798717      13.654172247  
2020 11 16  20 15  0.00     2.3684779724      13.654160778  
2020 11 16  20 16  0.00     2.3684760733      13.654149307  
2020 11 16  20 17  0.00     2.3684741744      13.654137836  
2020 11 16  20 18  0.00     2.3684722758      13.654126363  
2020 11 16  20 19  0.00     2.3684703773      13.654114890  
2020 11 16  20 20  0.00     2.3684684790      13.654103415  
2020 11 16  20 21  0.00     2.3684665809      13.654091940  
2020 11 16  20 22  0.00     2.3684646830      13.654080463  
2020 11 16  20 23  0.00     2.3684627854      13.654068985  
2020 11 16  20 24  0.00     2.3684608879      13.654057507  
2020 11 16  20 25  0.00     2.3684589906      13.654046027  
2020 11 16  20 26  0.00     2.3684570936      13.654034547  
2020 11 16  20 27  0.00     2.3684551967      13.654023065  
2020 11 16  20 28  0.00     2.3684533001      13.654011583  
2020 11 16  20 29  0.00     2.3684514037      13.654000099  
2020 11 16  20 30  0.00     2.3684495074      13.653988615  
2020 11 16  20 31  0.00     2.3684476114      13.653977130  
2020 11 16  20 32  0.00     2.3684457156      13.653965643  
2020 11 16  20 33  0.00     2.3684438200      13.653954156  
2020 11 16  20 34  0.00     2.3684419245      13.653942667  
2020 11 16  20 35  0.00     2.3684400293      13.653931178  
2020 11 16  20 36  0.00     2.3684381344      13.653919688  
2020 11 16  20 37  0.00     2.3684362396      13.653908197  
2020 11 16  20 38  0.00     2.3684343450      13.653896704  
2020 11 16  20 39  0.00     2.3684324506      13.653885211  
2020 11 16  20 40  0.00     2.3684305565      13.653873717  
2020 11 16  20 41  0.00     2.3684286625      13.653862222  
2020 11 16  20 42  0.00     2.3684267688      13.653850726  
---
2020 11 17  10 48  0.00     2.3668714033      13.643968801  
2020 11 17  10 49  0.00     2.3668695651      13.643956974  
2020 11 17  10 50  0.00     2.3668677268      13.643945147  
2020 11 17  10 51  0.00     2.3668658884      13.643933319  
2020 11 17  10 52  0.00     2.3668640499      13.643921491  
2020 11 17  10 53  0.00     2.3668622114      13.643909661  
2020 11 17  10 54  0.00     2.3668603727      13.643897832  
2020 11 17  10 55  0.00     2.3668585340      13.643886001  
2020 11 17  10 56  0.00     2.3668566953      13.643874170  
2020 11 17  10 57  0.00     2.3668548564      13.643862338  
2020 11 17  10 58  0.00     2.3668530175      13.643850505  
2020 11 17  10 59  0.00     2.3668511785      13.643838672  
2020 11 17  11  0  0.00     2.3668493394      13.643826838  
2020 11 17  11  1  0.00     2.3668475002      13.643815003  
2020 11 17  11  2  0.00     2.3668456610      13.643803168  
2020 11 17  11  3  0.00     2.3668438217      13.643791332  
2020 11 17  11  4  0.00     2.3668419823      13.643779495  
2020 11 17  11  5  0.00     2.3668401429      13.643767657  
2020 11 17  11  6  0.00     2.3668383033      13.643755819  
2020 11 17  11  7  0.00     2.3668364637      13.643743980  
2020 11 17  11  8  0.00     2.3668346240      13.643732141  
2020 11 17  11  9  0.00     2.3668327843      13.643720300  
2020 11 17  11 10  0.00     2.3668309444      13.643708459  
2020 11 17  11 11  0.00     2.3668291045      13.643696617  
2020 11 17  11 12  0.00     2.3668272646      13.643684775  
2020 11 17  11 13  0.00     2.3668254245      13.643672932  
2020 11 17  11 14  0.00     2.3668235844      13.643661088  
2020 11 17  11 15  0.00     2.3668217442      13.643649243  
2020 11 17  11 16  0.00     2.3668199039      13.643637398  
2020 11 17  11 17  0.00     2.3668180636      13.643625552  
2020 11 17  11 18  0.00     2.3668162232      13.643613705  
2020 11 17  11 19  0.00     2.3668143827      13.643601858  
2020 11 17  11 20  0.00     2.3668125421      13.643590009  
2020 11 17  11 21  0.00     2.3668107015      13.643578160  
2020 11 17  11 22  0.00     2.3668088608      13.643566311  
2020 11 17  11 23  0.00     2.3668070200      13.643554460  
2020 11 17  11 24  0.00     2.3668051792      13.643542609  
2020 11 17  11 25  0.00     2.3668033383      13.643530757  
2020 11 17  11 26  0.00     2.3668014973      13.643518904  
2020 11 17  11 27  0.00     2.3667996562      13.643507051  
2020 11 17  11 28  0.00     2.3667978151      13.643495197  
2020 11 17  11 29  0.00     2.3667959739      13.643483342  
2020 11 17  11 30  0.00     2.3667941327      13.643471486  
2020 11 17  11 31  0.00     2.3667922914      13.643459630  
2020 11 17  11 32  0.00     2.3667904500      13.643447773  
2020 11 17  11 33  0.00     2.3667886085      13.643435915  
2020 11 17  11 34  0.00     2.3667867670      13.643424056  
2020 11 17  11 35  0.00     2.3667849254      13.643412197  
2020 11 17  11 36  0.00     2.3667830837      13.643400337  
2020 11 17  11 37  0.00     2.3667812420      13.643388476  
2020 11 17  11 38  0.00     2.3667794002      13.643376614  
2020 11 17  11 39  0.00     2.3667775584      13.643364751  
2020 11 17  11 40  0.00     2.3667757165      13.643352888  
2020 11 17  11 41  0.00     2.3667738745      13.643341024  
2020 11 17  11 42  0.00     2.3667720324      13.643329160  
2020 11 17  11 43  0.00     2.3667701903      13.643317294  
2020 11 17  11 44  0.00     2.3667683481      13.643305428  
2020 11 17  11 45  0.00     2.3667665059      13.643293561  
2020 11 17  11 46  0.00     2.3667646636      13.643281693  
2020 11 17  11 47  0.00     2.3667628212      13.643269824  
2020 11 17  11 48  0.00     2.3667609788      13.643257955  
2020 11 17  11 49  0.00     2.3667591363      13.643246085  
2020 11 17  11 50  0.00     2.3667572938      13.643234214  
2020 11 17  11 51  0.00     2.3667554511      13.643222342  
2020 11 17  11 52  0.00     2.3667536085      13.643210470  
2020 11 17  11 53  0.00     2.3667517657      13.643198596  
2020 11 17  11 54  0.00     2.3667499229      13.643186722  
2020 11 17  11 55  0.00     2.3667480801      13.643174847  
2020 11 17  11 56  0.00     2.3667462372      13.643162972  
2020 11 17  11 57  0.00     2.3667443942      13.643151095  
2020 11 17  11 58  0.00     2.3667425512      13.643139218  
2020 11 17  11 59  0.00     2.3667407081      13.643127340  
2020 11 17  12  0  0.00     2.3667388649      13.643115461  
2020 11 17  12  1  0.00     2.3667370217      13.643103582  
2020 11 17  12  2  0.00     2.3667351785      13.643091701  
2020 11 17  12  3  0.00     2.3667333351      13.643079820  
2020 11 17  12  4  0.00     2.3667314918      13.643067938  
2020 11 17  12  5  0.00     2.3667296483      13.643056055  
2020 11 17  12  6  0.00     2.3667278048      13.643044171  
2020 11 17  12  7  0.00     2.3667259613      13.643032287  
2020 11 17  12  8  0.00     2.3667241177      13.643020402  
2020 11 17  12  9  0.00     2.3667222741      13.643008516  
2020 11 17  12 10  0.00     2.3667204303      13.642996629  
2020 11 17  12 11  0.00     2.3667185866      13.642984741  
2020 11 17  12 12  0.00     2.3667167428      13.642972853  
2020 11 17  12 13  0.00     2.3667148989      13.642960963  
2020 11 17  12 14  0.00     2.3667130550      13.642949073  
2020 11 17  12 15  0.00     2.3667112110      13.642937182  
2020 11 17  12 16  0.00     2.3667093670      13.642925290  
2020 11 17  12 17  0.00     2.3667075229      13.642913398  
2020 11 17  12 18  0.00     2.3667056788      13.642901504  
2020 11 17  12 19  0.00     2.3667038346      13.642889610  
2020 11 17  12 20  0.00     2.3667019904      13.642877715  
2020 11 17  12 21  0.00     2.3667001461      13.642865819  
2020 11 17  12 22  0.00     2.3666983018      13.642853922  
2020 11 17  12 23  0.00     2.3666964575      13.642842025  
2020 11 17  12 24  0.00     2.3666946130      13.642830126  
2020 11 17  12 25  0.00     2.3666927686      13.642818227  
2020 11 17  12 26  0.00     2.3666909241      13.642806327  
2020 11 17  12 27  0.00     2.3666890795      13.642794426  
2020 11 17  12 28  0.00     2.3666872349      13.642782524  
2020 11 17  12 29  0.00     2.3666853902      13.642770622  
2020 11 17  12 30  0.00     2.3666835455      13.642758718  
2020 11 17  12 31  0.00     2.3666817008      13.642746814  
2020 11 17  12 32  0.00     2.3666798560      13.642734909  
2020 11 17  12 33  0.00     2.3666780112      13.642723003  
2020 11 17  12 34  0.00     2.3666761663      13.642711096  
2020 11 17  12 35  0.00     2.3666743214      13.642699189  
2020 11 17  12 36  0.00     2.3666724764      13.642687280  
2020 11 17  12 37  0.00     2.3666706314      13.642675371  
2020 11 17  12 38  0.00     2.3666687864      13.642663461  
2020 11 17  12 39  0.00     2.3666669413      13.642651549  
2020 11 17  12 40  0.00     2.3666650962      13.642639638  
2020 11 17  12 41  0.00     2.3666632510      13.642627725  
2020 11 17  12 42  0.00     2.3666614058      13.642615811  
2020 11 17  12 43  0.00     2.3666595606      13.642603897  
2020 11 17  12 44  0.00     2.3666577153      13.642591981  
2020 11 17  12 45  0.00     2.3666558700      13.642580065  
2020 11 17  12 46  0.00     2.3666540246      13.642568148  
2020 11 17  12 47  0.00     2.3666521792      13.642556230  
2020 11 17  12 48  0.00     2.3666503338      13.642544311  
2020 11 17  12 49  0.00     2.3666484883      13.642532392  
2020 11 17  12 50  0.00     2.3666466428      13.642520471  
2020 11 17  12 51  0.00     2.3666447973      13.642508550  
2020 11 17  12 52  0.00     2.3666429517      13.642496628  
2020 11 17  12 53  0.00     2.3666411061      13.642484704  
2020 11 17  12 54  0.00     2.3666392605      13.642472780  
2020 11 17  12 55  0.00     2.3666374148      13.642460856  
2020 11 17  12 56  0.00     2.3666355691      13.642448930  
2020 11 17  12 57  0.00     2.3666337233      13.642437003  
2020 11 17  12 58  0.00     2.3666318776      13.642425076  
2020 11 17  12 59  0.00     2.3666300318      13.642413147  
2020 11 17  13  0  0.00     2.3666281859      13.642401218  
2020 11 17  13  1  0.00     2.3666263401      13.642389288  
2020 11 17  13  2  0.00     2.3666244942      13.642377357  
2020 11 17  13  3  0.00     2.3666226482      13.642365425  
2020 11 17  13  4  0.00     2.3666208023      13.642353492  
2020 11 17  13  5  0.00     2.3666189563      13.642341559  
2020 11 17  13  6  0.00     2.3666171103      13.642329624  
2020 11 17  13  7  0.00     2.3666152643      13.642317689  
2020 11 17  13  8  0.00     2.3666134182      13.642305752  
2020 11 17  13  9  0.00     2.3666115721      13.642293815  
2020 11 17  13 10  0.00     2.3666097260      13.642281877  
2020 11 17  13 11  0.00     2.3666078799      13.642269938  
2020 11 17  13 12  0.00     2.3666060337      13.642257998  
2020 11 17  13 13  0.00     2.3666041875      13.642246057  
2020 11 17  13 14  0.00     2.3666023413      13.642234116  
2020 11 17  13 15  0.00     2.3666004951      13.642222173  
2020 11 17  13 16  0.00     2.3665986488      13.642210230  
2020 11 17  13 17  0.00     2.3665968025      13.642198285  
2020 11 17  13 18  0.00     2.3665949562      13.642186340  
2020 11 17  13 19  0.00     2.3665931099      13.642174394  
2020 11 17  13 20  0.00     2.3665912636      13.642162447  
2020 11 17  13 21  0.00     2.3665894172      13.642150499  
2020 11 17  13 22  0.00     2.3665875708      13.642138550  
2020 11 17  13 23  0.00     2.3665857244      13.642126600  
2020 11 17  13 24  0.00     2.3665838780      13.642114649  
2020 11 17  13 25  0.00     2.3665820316      13.642102698  
2020 11 17  13 26  0.00     2.3665801852      13.642090745  
2020 11 17  13 27  0.00     2.3665783387      13.642078792  
2020 11 17  13 28  0.00     2.3665764922      13.642066838  
2020 11 17  13 29  0.00     2.3665746457      13.642054882  
2020 11 17  13 30  0.00     2.3665727992      13.642042926  
2020 11 17  13 31  0.00     2.3665709527      13.642030969  
2020 11 17  13 32  0.00     2.3665691062      13.642019011  
2020 11 17  13 33  0.00     2.3665672596      13.642007052  
2020 11 17  13 34  0.00     2.3665654130      13.641995093  
2020 11 17  13 35  0.00     2.3665635665      13.641983132  
2020 11 17  13 36  0.00     2.3665617199      13.641971170  
2020 11 17  13 37  0.00     2.3665598733      13.641959208  
2020 11 17  13 38  0.00     2.3665580267      13.641947244  
2020 11 17  13 39  0.00     2.3665561801      13.641935280  
2020 11 17  13 40  0.00     2.3665543335      13.641923315  
2020 11 17  13 41  0.00     2.3665524868      13.641911348  
2020 11 17  13 42  0.00     2.3665506402      13.641899381  
2020 11 17  13 43  0.00     2.3665487936      13.641887413  
2020 11 17  13 44  0.00     2.3665469469      13.641875444  
2020 11 17  13 45  0.00     2.3665451003      13.641863474  
2020 11 17  13 46  0.00     2.3665432536      13.641851504  
2020 11 17  13 47  0.00     2.3665414069      13.641839532  
2020 11 17  13 48  0.00     2.3665395603      13.641827559  
2020 11 17  13 49  0.00     2.3665377136      13.641815586  
2020 11 17  13 50  0.00     2.3665358669      13.641803611  
2020 11 17  13 51  0.00     2.3665340202      13.641791636  
2020 11 17  13 52  0.00     2.3665321736      13.641779659  
2020 11 17  13 53  0.00     2.3665303269      13.641767682  
2020 11 17  13 54  0.00     2.3665284802      13.641755704  
2020 11 17  13 55  0.00     2.3665266335      13.641743725  
2020 11 17  13 56  0.00     2.3665247868      13.641731745  
2020 11 17  13 57  0.00     2.3665229402      13.641719763  
2020 11 17  13 58  0.00     2.3665210935      13.641707782  
2020 11 17  13 59  0.00     2.3665192468      13.641695799  
2020 11 17  14  0  0.00     2.3665174002      13.641683815  
2020 11 17  14  1  0.00     2.3665155535      13.641671830  
2020 11 17  14  2  0.00     2.3665137068      13.641659844  
2020 11 17  14  3  0.00     2.3665118602      13.641647858  
2020 11 17  14  4  0.00     2.3665100135      13.641635870  
2020 11 17  14  5  0.00     2.3665081669      13.641623882  
2020 11 17  14  6  0.00     2.3665063203      13.641611892  
2020 11 17  14  7  0.00     2.3665044736      13.641599902  
2020 11 17  14  8  0.00     2.3665026270      13.641587911  
2020 11 17  14  9  0.00     2.3665007804      13.641575918  
2020 11 17  14 10  0.00     2.3664989338      13.641563925  
2020 11 17  14 11  0.00     2.3664970872      13.641551931  
2020 11 17  14 12  0.00     2.3664952406      13.641539936  
2020 11 17  14 13  0.00     2.3664933941      13.641527940  
2020 11 17  14 14  0.00     2.3664915475      13.641515943  
2020 11 17  14 15  0.00     2.3664897010      13.641503945  
2020 11 17  14 16  0.00     2.3664878544      13.641491946  
2020 11 17  14 17  0.00     2.3664860079      13.641479946  
2020 11 17  14 18  0.00     2.3664841614      13.641467946  
2020 11 17  14 19  0.00     2.3664823149      13.641455944  
2020 11 17  14 20  0.00     2.3664804685      13.641443941  
2020 11 17  14 21  0.00     2.3664786220      13.641431938  
2020 11 17  14 22  0.00     2.3664767756      13.641419933  
2020 11 17  14 23  0.00     2.3664749292      13.641407928  
2020 11 17  14 24  0.00     2.3664730828      13.641395922  
2020 11 17  14 25  0.00     2.3664712364      13.641383914  
2020 11 17  14 26  0.00     2.3664693900      13.641371906  
2020 11 17  14 27  0.00     2.3664675437      13.641359897  
2020 11 17  14 28  0.00     2.3664656974      13.641347886  
2020 11 17  14 29  0.00     2.3664638511      13.641335875  
2020 11 17  14 30  0.00     2.3664620048      13.641323863  
2020 11 17  14 31  0.00     2.3664601585      13.641311850  
2020 11 17  14 32  0.00     2.3664583123      13.641299836  
2020 11 17  14 33  0.00     2.3664564661      13.641287821  
2020 11 17  14 34  0.00     2.3664546199      13.641275805  
2020 11 17  14 35  0.00     2.3664527738      13.641263789  
2020 11 17  14 36  0.00     2.3664509276      13.641251771  
2020 11 17  14 37  0.00     2.3664490815      13.641239752  
2020 11 17  14 38  0.00     2.3664472355      13.641227732  
2020 11 17  14 39  0.00     2.3664453894      13.641215712  
2020 11 17  14 40  0.00     2.3664435434      13.641203690  
2020 11 17  14 41  0.00     2.3664416974      13.641191668  
2020 11 17  14 42  0.00     2.3664398515      13.641179644  
2020 11 17  14 43  0.00     2.3664380055      13.641167620  
2020 11 17  14 44  0.00     2.3664361596      13.641155594  
2020 11 17  14 45  0.00     2.3664343138      13.641143568  
2020 11 17  14 46  0.00     2.3664324680      13.641131541  
2020 11 17  14 47  0.00     2.3664306222      13.641119512  
2020 11 17  14 48  0.00     2.3664287764      13.641107483  
2020 11 17  14 49  0.00     2.3664269307      13.641095453  
2020 11 17  14 50  0.00     2.3664250850      13.641083422  
2020 11 17  14 51  0.00     2.3664232393      13.641071390  
2020 11 17  14 52  0.00     2.3664213937      13.641059357  
2020 11 17  14 53  0.00     2.3664195481      13.641047323  
2020 11 17  14 54  0.00     2.3664177026      13.641035288  
2020 11 17  14 55  0.00     2.3664158571      13.641023252  
2020 11 17  14 56  0.00     2.3664140116      13.641011215  
2020 11 17  14 57  0.00     2.3664121662      13.640999177  
2020 11 17  14 58  0.00     2.3664103208      13.640987138  
2020 11 17  14 59  0.00     2.3664084755      13.640975099  
2020 11 17  15  0  0.00     2.3664066302      13.640963058  
2020 11 17  15  1  0.00     2.3664047849      13.640951016  
2020 11 17  15  2  0.00     2.3664029397      13.640938974  
2020 11 17  15  3  0.00     2.3664010945      13.640926930  
2020 11 17  15  4  0.00     2.3663992494      13.640914886  
2020 11 17  15  5  0.00     2.3663974043      13.640902840  
2020 11 17  15  6  0.00     2.3663955593      13.640890794  
2020 11 17  15  7  0.00     2.3663937143      13.640878747  
2020 11 17  15  8  0.00     2.3663918694      13.640866698  
2020 11 17  15  9  0.00     2.3663900245      13.640854649  
2020 11 17  15 10  0.00     2.3663881796      13.640842599  
2020 11 17  15 11  0.00     2.3663863348      13.640830548  
2020 11 17  15 12  0.00     2.3663844901      13.640818495  
2020 11 17  15 13  0.00     2.3663826454      13.640806442  
2020 11 17  15 14  0.00     2.3663808008      13.640794388  
2020 11 17  15 15  0.00     2.3663789562      13.640782333  
2020 11 17  15 16  0.00     2.3663771117      13.640770277  
2020 11 17  15 17  0.00     2.3663752672      13.640758220  
2020 11 17  15 18  0.00     2.3663734228      13.640746163  
2020 11 17  15 19  0.00     2.3663715784      13.640734104  
2020 11 17  15 20  0.00     2.3663697341      13.640722044  
2020 11 17  15 21  0.00     2.3663678898      13.640709983  
2020 11 17  15 22  0.00     2.3663660456      13.640697922  
2020 11 17  15 23  0.00     2.3663642015      13.640685859  
2020 11 17  15 24  0.00     2.3663623574      13.640673795  
2020 11 17  15 25  0.00     2.3663605133      13.640661731  
2020 11 17  15 26  0.00     2.3663586694      13.640649665  
2020 11 17  15 27  0.00     2.3663568255      13.640637599  
2020 11 17  15 28  0.00     2.3663549816      13.640625531  
2020 11 17  15 29  0.00     2.3663531378      13.640613463  
2020 11 17  15 30  0.00     2.3663512941      13.640601394  
2020 11 17  15 31  0.00     2.3663494505      13.640589323  
2020 11 17  15 32  0.00     2.3663476069      13.640577252  
2020 11 17  15 33  0.00     2.3663457633      13.640565180  
2020 11 17  15 34  0.00     2.3663439199      13.640553107  
2020 11 17  15 35  0.00     2.3663420765      13.640541033  
2020 11 17  15 36  0.00     2.3663402331      13.640528958  
2020 11 17  15 37  0.00     2.3663383899      13.640516882  
2020 11 17  15 38  0.00     2.3663365467      13.640504805  
2020 11 17  15 39  0.00     2.3663347036      13.640492727  
2020 11 17  15 40  0.00     2.3663328605      13.640480648  
2020 11 17  15 41  0.00     2.3663310175      13.640468569  
2020 11 17  15 42  0.00     2.3663291746      13.640456488  
2020 11 17  15 43  0.00     2.3663273317      13.640444406  
2020 11 17  15 44  0.00     2.3663254890      13.640432324  
2020 11 17  15 45  0.00     2.3663236463      13.640420240  
2020 11 17  15 46  0.00     2.3663218036      13.640408155  
2020 11 17  15 47  0.00     2.3663199611      13.640396070  
2020 11 17  15 48  0.00     2.3663181186      13.640383984  
2020 11 17  15 49  0.00     2.3663162762      13.640371896  
2020 11 17  15 50  0.00     2.3663144339      13.640359808  
2020 11 17  15 51  0.00     2.3663125916      13.640347719  
2020 11 17  15 52  0.00     2.3663107494      13.640335629  
2020 11 17  15 53  0.00     2.3663089074      13.640323537  
2020 11 17  15 54  0.00     2.3663070653      13.640311445  
2020 11 17  15 55  0.00     2.3663052234      13.640299352  
2020 11 17  15 56  0.00     2.3663033815      13.640287258  
2020 11 17  15 57  0.00     2.3663015398      13.640275164  
2020 11 17  15 58  0.00     2.3662996981      13.640263068  
2020 11 17  15 59  0.00     2.3662978565      13.640250971  
2020 11 17  16  0  0.00     2.3662960149      13.640238873  
2020 11 17  16  1  0.00     2.3662941735      13.640226775  
2020 11 17  16  2  0.00     2.3662923321      13.640214675  
2020 11 17  16  3  0.00     2.3662904908      13.640202574  
2020 11 17  16  4  0.00     2.3662886497      13.640190473  
2020 11 17  16  5  0.00     2.3662868085      13.640178370  
2020 11 17  16  6  0.00     2.3662849675      13.640166267  
2020 11 17  16  7  0.00     2.3662831266      13.640154163  
2020 11 17  16  8  0.00     2.3662812858      13.640142058  
2020 11 17  16  9  0.00     2.3662794450      13.640129951  
2020 11 17  16 10  0.00     2.3662776043      13.640117844  
2020 11 17  16 11  0.00     2.3662757638      13.640105736  
2020 11 17  16 12  0.00     2.3662739233      13.640093627  
2020 11 17  16 13  0.00     2.3662720829      13.640081517  
2020 11 17  16 14  0.00     2.3662702426      13.640069407  
2020 11 17  16 15  0.00     2.3662684024      13.640057295  
2020 11 17  16 16  0.00     2.3662665623      13.640045182  
2020 11 17  16 17  0.00     2.3662647223      13.640033069  
2020 11 17  16 18  0.00     2.3662628823      13.640020954  
2020 11 17  16 19  0.00     2.3662610425      13.640008839  
2020 11 17  16 20  0.00     2.3662592028      13.639996722  
2020 11 17  16 21  0.00     2.3662573632      13.639984605  
2020 11 17  16 22  0.00     2.3662555236      13.639972487  
2020 11 17  16 23  0.00     2.3662536842      13.639960367  
2020 11 17  16 24  0.00     2.3662518449      13.639948247  
2020 11 17  16 25  0.00     2.3662500056      13.639936126  
2020 11 17  16 26  0.00     2.3662481665      13.639924004  
2020 11 17  16 27  0.00     2.3662463275      13.639911881  
2020 11 17  16 28  0.00     2.3662444885      13.639899758  
2020 11 17  16 29  0.00     2.3662426497      13.639887633  
2020 11 17  16 30  0.00     2.3662408110      13.639875507  
2020 11 17  16 31  0.00     2.3662389723      13.639863381  
2020 11 17  16 32  0.00     2.3662371338      13.639851253  
2020 11 17  16 33  0.00     2.3662352954      13.639839125  
2020 11 17  16 34  0.00     2.3662334571      13.639826996  
2020 11 17  16 35  0.00     2.3662316189      13.639814865  
2020 11 17  16 36  0.00     2.3662297808      13.639802734  
2020 11 17  16 37  0.00     2.3662279428      13.639790602  
2020 11 17  16 38  0.00     2.3662261049      13.639778469  
2020 11 17  16 39  0.00     2.3662242672      13.639766335  
2020 11 17  16 40  0.00     2.3662224295      13.639754201  
2020 11 17  16 41  0.00     2.3662205920      13.639742065  
2020 11 17  16 42  0.00     2.3662187545      13.639729928  
2020 11 17  16 43  0.00     2.3662169172      13.639717791  
2020 11 17  16 44  0.00     2.3662150800      13.639705653  
2020 11 17  16 45  0.00     2.3662132429      13.639693513  
2020 11 17  16 46  0.00     2.3662114059      13.639681373  
2020 11 17  16 47  0.00     2.3662095691      13.639669232  
2020 11 17  16 48  0.00     2.3662077323      13.639657090  
2020 11 17  16 49  0.00     2.3662058957      13.639644947  
2020 11 17  16 50  0.00     2.3662040591      13.639632803  
2020 11 17  16 51  0.00     2.3662022227      13.639620658  
2020 11 17  16 52  0.00     2.3662003864      13.639608513  
2020 11 17  16 53  0.00     2.3661985503      13.639596366  
2020 11 17  16 54  0.00     2.3661967142      13.639584219  
2020 11 17  16 55  0.00     2.3661948783      13.639572071  
2020 11 17  16 56  0.00     2.3661930425      13.639559921  
2020 11 17  16 57  0.00     2.3661912068      13.639547771  
2020 11 17  16 58  0.00     2.3661893712      13.639535620  
2020 11 17  16 59  0.00     2.3661875358      13.639523468  
2020 11 17  17  0  0.00     2.3661857005      13.639511316  
2020 11 17  17  1  0.00     2.3661838653      13.639499162  
2020 11 17  17  2  0.00     2.3661820302      13.639487007  
2020 11 17  17  3  0.00     2.3661801952      13.639474852  
2020 11 17  17  4  0.00     2.3661783604      13.639462696  
2020 11 17  17  5  0.00     2.3661765257      13.639450539  
2020 11 17  17  6  0.00     2.3661746911      13.639438380  
2020 11 17  17  7  0.00     2.3661728567      13.639426221  
2020 11 17  17  8  0.00     2.3661710224      13.639414062  
2020 11 17  17  9  0.00     2.3661691882      13.639401901  
2020 11 17  17 10  0.00     2.3661673541      13.639389739  
2020 11 17  17 11  0.00     2.3661655202      13.639377577  
2020 11 17  17 12  0.00     2.3661636864      13.639365414  
2020 11 17  17 13  0.00     2.3661618527      13.639353249  
2020 11 17  17 14  0.00     2.3661600192      13.639341084  
2020 11 17  17 15  0.00     2.3661581858      13.639328918  
2020 11 17  17 16  0.00     2.3661563525      13.639316751  
2020 11 17  17 17  0.00     2.3661545194      13.639304584  
2020 11 17  17 18  0.00     2.3661526864      13.639292415  
2020 11 17  17 19  0.00     2.3661508535      13.639280246  
2020 11 17  17 20  0.00     2.3661490208      13.639268076  
2020 11 17  17 21  0.00     2.3661471882      13.639255904  
2020 11 17  17 22  0.00     2.3661453558      13.639243732  
2020 11 17  17 23  0.00     2.3661435235      13.639231559  
2020 11 17  17 24  0.00     2.3661416913      13.639219386  
2020 11 17  17 25  0.00     2.3661398592      13.639207211  
2020 11 17  17 26  0.00     2.3661380273      13.639195036  
2020 11 17  17 27  0.00     2.3661361956      13.639182859  
2020 11 17  17 28  0.00     2.3661343639      13.639170682  
2020 11 17  17 29  0.00     2.3661325325      13.639158504  
2020 11 17  17 30  0.00     2.3661307011      13.639146325  
2020 11 17  17 31  0.00     2.3661288699      13.639134146  
2020 11 17  17 32  0.00     2.3661270389      13.639121965  
2020 11 17  17 33  0.00     2.3661252080      13.639109784  
2020 11 17  17 34  0.00     2.3661233772      13.639097602  
2020 11 17  17 35  0.00     2.3661215466      13.639085418  
2020 11 17  17 36  0.00     2.3661197161      13.639073235  
2020 11 17  17 37  0.00     2.3661178858      13.639061050  
2020 11 17  17 38  0.00     2.3661160556      13.639048864  
2020 11 17  17 39  0.00     2.3661142256      13.639036678  
2020 11 17  17 40  0.00     2.3661123957      13.639024490  
2020 11 17  17 41  0.00     2.3661105659      13.639012302  
2020 11 17  17 42  0.00     2.3661087363      13.639000113  
2020 11 17  17 43  0.00     2.3661069069      13.638987924  
2020 11 17  17 44  0.00     2.3661050776      13.638975733  
2020 11 17  17 45  0.00     2.3661032485      13.638963542  
2020 11 17  17 46  0.00     2.3661014195      13.638951349  
2020 11 17  17 47  0.00     2.3660995907      13.638939156  
2020 11 17  17 48  0.00     2.3660977620      13.638926962  
2020 11 17  17 49  0.00     2.3660959334      13.638914768  
2020 11 17  17 50  0.00     2.3660941051      13.638902572  
2020 11 17  17 51  0.00     2.3660922768      13.638890376  
2020 11 17  17 52  0.00     2.3660904488      13.638878179  
2020 11 17  17 53  0.00     2.3660886209      13.638865981  
2020 11 17  17 54  0.00     2.3660867931      13.638853782  
2020 11 17  17 55  0.00     2.3660849655      13.638841582  
2020 11 17  17 56  0.00     2.3660831381      13.638829382  
2020 11 17  17 57  0.00     2.3660813108      13.638817180  
2020 11 17  17 58  0.00     2.3660794837      13.638804978  
2020 11 17  17 59  0.00     2.3660776567      13.638792776  
2020 11 17  18  0  0.00     2.3660758299      13.638780572  
2020 11 17  18  1  0.00     2.3660740033      13.638768368  
2020 11 17  18  2  0.00     2.3660721768      13.638756162  
2020 11 17  18  3  0.00     2.3660703504      13.638743956  
2020 11 17  18  4  0.00     2.3660685243      13.638731749  
2020 11 17  18  5  0.00     2.3660666983      13.638719542  
2020 11 17  18  6  0.00     2.3660648724      13.638707333  
2020 11 17  18  7  0.00     2.3660630468      13.638695124  
2020 11 17  18  8  0.00     2.3660612213      13.638682914  
2020 11 17  18  9  0.00     2.3660593959      13.638670703  
2020 11 17  18 10  0.00     2.3660575707      13.638658492  
2020 11 17  18 11  0.00     2.3660557457      13.638646279  
2020 11 17  18 12  0.00     2.3660539209      13.638634066  
2020 11 17  18 13  0.00     2.3660520962      13.638621852  
2020 11 17  18 14  0.00     2.3660502717      13.638609638  
2020 11 17  18 15  0.00     2.3660484473      13.638597422  
2020 11 17  18 16  0.00     2.3660466232      13.638585206  
2020 11 17  18 17  0.00     2.3660447991      13.638572989  
2020 11 17  18 18  0.00     2.3660429753      13.638560771  
2020 11 17  18 19  0.00     2.3660411516      13.638548552  
2020 11 17  18 20  0.00     2.3660393281      13.638536333  
2020 11 17  18 21  0.00     2.3660375048      13.638524113  
2020 11 17  18 22  0.00     2.3660356817      13.638511892  
2020 11 17  18 23  0.00     2.3660338587      13.638499671  
2020 11 17  18 24  0.00     2.3660320359      13.638487448  
2020 11 17  18 25  0.00     2.3660302132      13.638475225  
2020 11 17  18 26  0.00     2.3660283907      13.638463001  
2020 11 17  18 27  0.00     2.3660265685      13.638450776  
2020 11 17  18 28  0.00     2.3660247463      13.638438551  
2020 11 17  18 29  0.00     2.3660229244      13.638426325  
2020 11 17  18 30  0.00     2.3660211026      13.638414098  
2020 11 17  18 31  0.00     2.3660192810      13.638401870  
2020 11 17  18 32  0.00     2.3660174596      13.638389642  
2020 11 17  18 33  0.00     2.3660156384      13.638377413  
2020 11 17  18 34  0.00     2.3660138173      13.638365183  
2020 11 17  18 35  0.00     2.3660119965      13.638352952  
2020 11 17  18 36  0.00     2.3660101758      13.638340721  
2020 11 17  18 37  0.00     2.3660083552      13.638328489  
2020 11 17  18 38  0.00     2.3660065349      13.638316256  
2020 11 17  18 39  0.00     2.3660047147      13.638304023  
2020 11 17  18 40  0.00     2.3660028948      13.638291788  
2020 11 17  18 41  0.00     2.3660010750      13.638279553  
2020 11 17  18 42  0.00     2.3659992553      13.638267318  
2020 11 17  18 43  0.00     2.3659974359      13.638255081  
2020 11 17  18 44  0.00     2.3659956166      13.638242844  
2020 11 17  18 45  0.00     2.3659937976      13.638230606  
2020 11 17  18 46  0.00     2.3659919787      13.638218367  
2020 11 17  18 47  0.00     2.3659901600      13.638206128  
2020 11 17  18 48  0.00     2.3659883415      13.638193888  
2020 11 17  18 49  0.00     2.3659865231      13.638181647  
2020 11 17  18 50  0.00     2.3659847050      13.638169406  
2020 11 17  18 51  0.00     2.3659828870      13.638157164  
2020 11 17  18 52  0.00     2.3659810693      13.638144921  
2020 11 17  18 53  0.00     2.3659792517      13.638132677  
2020 11 17  18 54  0.00     2.3659774343      13.638120433  
2020 11 17  18 55  0.00     2.3659756171      13.638108188  
2020 11 17  18 56  0.00     2.3659738000      13.638095943  
2020 11 17  18 57  0.00     2.3659719832      13.638083696  
2020 11 17  18 58  0.00     2.3659701665      13.638071449  
2020 11 17  18 59  0.00     2.3659683501      13.638059201  
2020 11 17  19  0  0.00     2.3659665338      13.638046953  
2020 11 17  19  1  0.00     2.3659647177      13.638034704  
2020 11 17  19  2  0.00     2.3659629019      13.638022454  
2020 11 17  19  3  0.00     2.3659610862      13.638010204  
2020 11 17  19  4  0.00     2.3659592707      13.637997953  
2020 11 17  19  5  0.00     2.3659574554      13.637985701  
2020 11 17  19  6  0.00     2.3659556402      13.637973448  
2020 11 17  19  7  0.00     2.3659538253      13.637961195  
2020 11 17  19  8  0.00     2.3659520106      13.637948941  
2020 11 17  19  9  0.00     2.3659501961      13.637936687  
2020 11 17  19 10  0.00     2.3659483817      13.637924432  
2020 11 17  19 11  0.00     2.3659465676      13.637912176  
2020 11 17  19 12  0.00     2.3659447536      13.637899919  
2020 11 17  19 13  0.00     2.3659429399      13.637887662  
2020 11 17  19 14  0.00     2.3659411263      13.637875405  
2020 11 17  19 15  0.00     2.3659393129      13.637863146  
2020 11 17  19 16  0.00     2.3659374998      13.637850887  
2020 11 17  19 17  0.00     2.3659356868      13.637838627  
2020 11 17  19 18  0.00     2.3659338740      13.637826367  
2020 11 17  19 19  0.00     2.3659320615      13.637814106  
2020 11 17  19 20  0.00     2.3659302491      13.637801844  
2020 11 17  19 21  0.00     2.3659284369      13.637789582  
2020 11 17  19 22  0.00     2.3659266249      13.637777319  
2020 11 17  19 23  0.00     2.3659248132      13.637765055  
2020 11 17  19 24  0.00     2.3659230016      13.637752791  
2020 11 17  19 25  0.00     2.3659211902      13.637740526  
2020 11 17  19 26  0.00     2.3659193790      13.637728261  
2020 11 17  19 27  0.00     2.3659175681      13.637715995  
2020 11 17  19 28  0.00     2.3659157573      13.637703728  
2020 11 17  19 29  0.00     2.3659139467      13.637691461  
2020 11 17  19 30  0.00     2.3659121364      13.637679193  
2020 11 17  19 31  0.00     2.3659103262      13.637666924  
2020 11 17  19 32  0.00     2.3659085162      13.637654655  
2020 11 17  19 33  0.00     2.3659067065      13.637642385  
2020 11 17  19 34  0.00     2.3659048969      13.637630115  
2020 11 17  19 35  0.00     2.3659030876      13.637617844  
2020 11 17  19 36  0.00     2.3659012784      13.637605572  
2020 11 17  19 37  0.00     2.3658994695      13.637593300  
2020 11 17  19 38  0.00     2.3658976608      13.637581027  
2020 11 17  19 39  0.00     2.3658958522      13.637568754  
2020 11 17  19 40  0.00     2.3658940439      13.637556480  
2020 11 17  19 41  0.00     2.3658922358      13.637544205  
2020 11 17  19 42  0.00     2.3658904279      13.637531930  
2020 11 17  19 43  0.00     2.3658886202      13.637519654  
2020 11 17  19 44  0.00     2.3658868127      13.637507378  
2020 11 17  19 45  0.00     2.3658850054      13.637495101  
2020 11 17  19 46  0.00     2.3658831984      13.637482823  
2020 11 17  19 47  0.00     2.3658813915      13.637470545  
2020 11 17  19 48  0.00     2.3658795848      13.637458266  
2020 11 17  19 49  0.00     2.3658777784      13.637445987  
2020 11 17  19 50  0.00     2.3658759721      13.637433707  
2020 11 17  19 51  0.00     2.3658741661      13.637421427  
2020 11 17  19 52  0.00     2.3658723603      13.637409146  
2020 11 17  19 53  0.00     2.3658705547      13.637396864  
2020 11 17  19 54  0.00     2.3658687493      13.637384582  
2020 11 17  19 55  0.00     2.3658669441      13.637372300  
2020 11 17  19 56  0.00     2.3658651391      13.637360016  
2020 11 17  19 57  0.00     2.3658633344      13.637347733  
2020 11 17  19 58  0.00     2.3658615298      13.637335448  
2020 11 17  19 59  0.00     2.3658597255      13.637323163  
2020 11 17  20  0  0.00     2.3658579213      13.637310878  
2020 11 17  20  1  0.00     2.3658561174      13.637298592  
2020 11 17  20  2  0.00     2.3658543137      13.637286306  
2020 11 17  20  3  0.00     2.3658525102      13.637274019  
2020 11 17  20  4  0.00     2.3658507070      13.637261731  
2020 11 17  20  5  0.00     2.3658489039      13.637249443  
2020 11 17  20  6  0.00     2.3658471011      13.637237154  
2020 11 17  20  7  0.00     2.3658452984      13.637224865  
2020 11 17  20  8  0.00     2.3658434960      13.637212575  
2020 11 17  20  9  0.00     2.3658416938      13.637200285  
2020 11 17  20 10  0.00     2.3658398918      13.637187995  
2020 11 17  20 11  0.00     2.3658380901      13.637175703  
2020 11 17  20 12  0.00     2.3658362885      13.637163412  
2020 11 17  20 13  0.00     2.3658344872      13.637151119  
2020 11 17  20 14  0.00     2.3658326861      13.637138827  
2020 11 17  20 15  0.00     2.3658308852      13.637126533  
2020 11 17  20 16  0.00     2.3658290845      13.637114239  
2020 11 17  20 17  0.00     2.3658272840      13.637101945  
2020 11 17  20 18  0.00     2.3658254838      13.637089650  
2020 11 17  20 19  0.00     2.3658236837      13.637077355  
2020 11 17  20 20  0.00     2.3658218839      13.637065059  
2020 11 17  20 21  0.00     2.3658200843      13.637052763  
2020 11 17  20 22  0.00     2.3658182849      13.637040466  
2020 11 17  20 23  0.00     2.3658164858      13.637028169  
2020 11 17  20 24  0.00     2.3658146868      13.637015871  
2020 11 17  20 25  0.00     2.3658128881      13.637003573  
2020 11 17  20 26  0.00     2.3658110896      13.636991274  
2020 11 17  20 27  0.00     2.3658092913      13.636978975  
2020 11 17  20 28  0.00     2.3658074933      13.636966675  
2020 11 17  20 29  0.00     2.3658056954      13.636954375  
2020 11 17  20 30  0.00     2.3658038978      13.636942075  
2020 11 17  20 31  0.00     2.3658021004      13.636929774  
2020 11 17  20 32  0.00     2.3658003033      13.636917472  
2020 11 17  20 33  0.00     2.3657985063      13.636905170  
2020 11 17  20 34  0.00     2.3657967096      13.636892868  
2020 11 17  20 35  0.00     2.3657949130      13.636880565  
2020 11 17  20 36  0.00     2.3657931168      13.636868261  
2020 11 17  20 37  0.00     2.3657913207      13.636855958  
2020 11 17  20 38  0.00     2.3657895248      13.636843653  
---
2020 11 18  10 44  0.00     2.3643209028      13.626466436  
2020 11 18  10 45  0.00     2.3643191706      13.626454255  
2020 11 18  10 46  0.00     2.3643174383      13.626442074  
2020 11 18  10 47  0.00     2.3643157060      13.626429892  
2020 11 18  10 48  0.00     2.3643139736      13.626417711  
2020 11 18  10 49  0.00     2.3643122412      13.626405530  
2020 11 18  10 50  0.00     2.3643105087      13.626393348  
2020 11 18  10 51  0.00     2.3643087761      13.626381166  
2020 11 18  10 52  0.00     2.3643070434      13.626368985  
2020 11 18  10 53  0.00     2.3643053106      13.626356803  
2020 11 18  10 54  0.00     2.3643035778      13.626344621  
2020 11 18  10 55  0.00     2.3643018449      13.626332438  
2020 11 18  10 56  0.00     2.3643001120      13.626320256  
2020 11 18  10 57  0.00     2.3642983790      13.626308074  
2020 11 18  10 58  0.00     2.3642966459      13.626295891  
2020 11 18  10 59  0.00     2.3642949127      13.626283708  
2020 11 18  11  0  0.00     2.3642931795      13.626271526  
2020 11 18  11  1  0.00     2.3642914461      13.626259343  
2020 11 18  11  2  0.00     2.3642897128      13.626247159  
2020 11 18  11  3  0.00     2.3642879793      13.626234976  
2020 11 18  11  4  0.00     2.3642862458      13.626222793  
2020 11 18  11  5  0.00     2.3642845122      13.626210609  
2020 11 18  11  6  0.00     2.3642827786      13.626198426  
2020 11 18  11  7  0.00     2.3642810449      13.626186242  
2020 11 18  11  8  0.00     2.3642793111      13.626174058  
2020 11 18  11  9  0.00     2.3642775772      13.626161873  
2020 11 18  11 10  0.00     2.3642758433      13.626149689  
2020 11 18  11 11  0.00     2.3642741093      13.626137505  
2020 11 18  11 12  0.00     2.3642723752      13.626125320  
2020 11 18  11 13  0.00     2.3642706411      13.626113135  
2020 11 18  11 14  0.00     2.3642689069      13.626100950  
2020 11 18  11 15  0.00     2.3642671727      13.626088765  
2020 11 18  11 16  0.00     2.3642654383      13.626076580  
2020 11 18  11 17  0.00     2.3642637040      13.626064394  
2020 11 18  11 18  0.00     2.3642619695      13.626052209  
2020 11 18  11 19  0.00     2.3642602350      13.626040023  
2020 11 18  11 20  0.00     2.3642585004      13.626027837  
2020 11 18  11 21  0.00     2.3642567658      13.626015651  
2020 11 18  11 22  0.00     2.3642550310      13.626003465  
2020 11 18  11 23  0.00     2.3642532963      13.625991278  
2020 11 18  11 24  0.00     2.3642515614      13.625979091  
2020 11 18  11 25  0.00     2.3642498265      13.625966904  
2020 11 18  11 26  0.00     2.3642480916      13.625954717  
2020 11 18  11 27  0.00     2.3642463565      13.625942530  
2020 11 18  11 28  0.00     2.3642446214      13.625930343  
2020 11 18  11 29  0.00     2.3642428863      13.625918155  
2020 11 18  11 30  0.00     2.3642411511      13.625905967  
2020 11 18  11 31  0.00     2.3642394158      13.625893779  
2020 11 18  11 32  0.00     2.3642376805      13.625881591  
2020 11 18  11 33  0.00     2.3642359451      13.625869403  
2020 11 18  11 34  0.00     2.3642342096      13.625857214  
2020 11 18  11 35  0.00     2.3642324741      13.625845026  
2020 11 18  11 36  0.00     2.3642307385      13.625832837  
2020 11 18  11 37  0.00     2.3642290029      13.625820647  
2020 11 18  11 38  0.00     2.3642272672      13.625808458  
2020 11 18  11 39  0.00     2.3642255314      13.625796268  
2020 11 18  11 40  0.00     2.3642237956      13.625784079  
2020 11 18  11 41  0.00     2.3642220597      13.625771889  
2020 11 18  11 42  0.00     2.3642203238      13.625759699  
2020 11 18  11 43  0.00     2.3642185878      13.625747508  
2020 11 18  11 44  0.00     2.3642168517      13.625735318  
2020 11 18  11 45  0.00     2.3642151156      13.625723127  
2020 11 18  11 46  0.00     2.3642133795      13.625710936  
2020 11 18  11 47  0.00     2.3642116433      13.625698744  
2020 11 18  11 48  0.00     2.3642099070      13.625686553  
2020 11 18  11 49  0.00     2.3642081707      13.625674361  
2020 11 18  11 50  0.00     2.3642064343      13.625662169  
2020 11 18  11 51  0.00     2.3642046978      13.625649977  
2020 11 18  11 52  0.00     2.3642029614      13.625637785  
2020 11 18  11 53  0.00     2.3642012248      13.625625592  
2020 11 18  11 54  0.00     2.3641994882      13.625613399  
2020 11 18  11 55  0.00     2.3641977516      13.625601206  
2020 11 18  11 56  0.00     2.3641960149      13.625589013  
2020 11 18  11 57  0.00     2.3641942781      13.625576819  
2020 11 18  11 58  0.00     2.3641925413      13.625564626  
2020 11 18  11 59  0.00     2.3641908044      13.625552432  
2020 11 18  12  0  0.00     2.3641890675      13.625540237  
2020 11 18  12  1  0.00     2.3641873305      13.625528043  
2020 11 18  12  2  0.00     2.3641855935      13.625515848  
2020 11 18  12  3  0.00     2.3641838565      13.625503653  
2020 11 18  12  4  0.00     2.3641821193      13.625491458  
2020 11 18  12  5  0.00     2.3641803822      13.625479263  
2020 11 18  12  6  0.00     2.3641786450      13.625467067  
2020 11 18  12  7  0.00     2.3641769077      13.625454871  
2020 11 18  12  8  0.00     2.3641751704      13.625442675  
2020 11 18  12  9  0.00     2.3641734330      13.625430479  
2020 11 18  12 10  0.00     2.3641716956      13.625418282  
2020 11 18  12 11  0.00     2.3641699582      13.625406085  
2020 11 18  12 12  0.00     2.3641682207      13.625393888  
2020 11 18  12 13  0.00     2.3641664831      13.625381690  
2020 11 18  12 14  0.00     2.3641647455      13.625369493  
2020 11 18  12 15  0.00     2.3641630079      13.625357295  
2020 11 18  12 16  0.00     2.3641612702      13.625345096  
2020 11 18  12 17  0.00     2.3641595325      13.625332898  
2020 11 18  12 18  0.00     2.3641577947      13.625320699  
2020 11 18  12 19  0.00     2.3641560569      13.625308500  
2020 11 18  12 20  0.00     2.3641543191      13.625296301  
2020 11 18  12 21  0.00     2.3641525812      13.625284101  
2020 11 18  12 22  0.00     2.3641508432      13.625271901  
2020 11 18  12 23  0.00     2.3641491052      13.625259701  
2020 11 18  12 24  0.00     2.3641473672      13.625247501  
2020 11 18  12 25  0.00     2.3641456291      13.625235300  
2020 11 18  12 26  0.00     2.3641438910      13.625223100  
2020 11 18  12 27  0.00     2.3641421529      13.625210898  
2020 11 18  12 28  0.00     2.3641404147      13.625198697  
2020 11 18  12 29  0.00     2.3641386765      13.625186495  
2020 11 18  12 30  0.00     2.3641369382      13.625174293  
2020 11 18  12 31  0.00     2.3641351999      13.625162091  
2020 11 18  12 32  0.00     2.3641334615      13.625149888  
2020 11 18  12 33  0.00     2.3641317232      13.625137685  
2020 11 18  12 34  0.00     2.3641299848      13.625125482  
2020 11 18  12 35  0.00     2.3641282463      13.625113279  
2020 11 18  12 36  0.00     2.3641265078      13.625101075  
2020 11 18  12 37  0.00     2.3641247693      13.625088871  
2020 11 18  12 38  0.00     2.3641230307      13.625076667  
2020 11 18  12 39  0.00     2.3641212921      13.625064462  
2020 11 18  12 40  0.00     2.3641195535      13.625052257  
2020 11 18  12 41  0.00     2.3641178148      13.625040052  
2020 11 18  12 42  0.00     2.3641160761      13.625027847  
2020 11 18  12 43  0.00     2.3641143374      13.625015641  
2020 11 18  12 44  0.00     2.3641125987      13.625003435  
2020 11 18  12 45  0.00     2.3641108599      13.624991228  
2020 11 18  12 46  0.00     2.3641091210      13.624979022  
2020 11 18  12 47  0.00     2.3641073822      13.624966815  
2020 11 18  12 48  0.00     2.3641056433      13.624954608  
2020 11 18  12 49  0.00     2.3641039044      13.624942400  
2020 11 18  12 50  0.00     2.3641021654      13.624930192  
2020 11 18  12 51  0.00     2.3641004265      13.624917984  
2020 11 18  12 52  0.00     2.3640986875      13.624905776  
2020 11 18  12 53  0.00     2.3640969484      13.624893567  
2020 11 18  12 54  0.00     2.3640952094      13.624881358  
2020 11 18  12 55  0.00     2.3640934703      13.624869148  
2020 11 18  12 56  0.00     2.3640917312      13.624856938  
2020 11 18  12 57  0.00     2.3640899921      13.624844728  
2020 11 18  12 58  0.00     2.3640882529      13.624832518  
2020 11 18  12 59  0.00     2.3640865137      13.624820307  
2020 11 18  13  0  0.00     2.3640847745      13.624808096  
2020 11 18  13  1  0.00     2.3640830353      13.624795885  
2020 11 18  13  2  0.00     2.3640812960      13.624783674  
2020 11 18  13  3  0.00     2.3640795567      13.624771462  
2020 11 18  13  4  0.00     2.3640778174      13.624759249  
2020 11 18  13  5  0.00     2.3640760781      13.624747037  
2020 11 18  13  6  0.00     2.3640743388      13.624734824  
2020 11 18  13  7  0.00     2.3640725994      13.624722611  
2020 11 18  13  8  0.00     2.3640708600      13.624710397  
2020 11 18  13  9  0.00     2.3640691206      13.624698183  
2020 11 18  13 10  0.00     2.3640673812      13.624685969  
2020 11 18  13 11  0.00     2.3640656417      13.624673755  
2020 11 18  13 12  0.00     2.3640639023      13.624661540  
2020 11 18  13 13  0.00     2.3640621628      13.624649325  
2020 11 18  13 14  0.00     2.3640604233      13.624637109  
2020 11 18  13 15  0.00     2.3640586838      13.624624893  
2020 11 18  13 16  0.00     2.3640569443      13.624612677  
2020 11 18  13 17  0.00     2.3640552047      13.624600461  
2020 11 18  13 18  0.00     2.3640534652      13.624588244  
2020 11 18  13 19  0.00     2.3640517256      13.624576027  
2020 11 18  13 20  0.00     2.3640499860      13.624563809  
2020 11 18  13 21  0.00     2.3640482464      13.624551591  
2020 11 18  13 22  0.00     2.3640465068      13.624539373  
2020 11 18  13 23  0.00     2.3640447672      13.624527155  
2020 11 18  13 24  0.00     2.3640430275      13.624514936  
2020 11 18  13 25  0.00     2.3640412879      13.624502716  
2020 11 18  13 26  0.00     2.3640395482      13.624490497  
2020 11 18  13 27  0.00     2.3640378086      13.624478277  
2020 11 18  13 28  0.00     2.3640360689      13.624466057  
2020 11 18  13 29  0.00     2.3640343292      13.624453836  
2020 11 18  13 30  0.00     2.3640325895      13.624441615  
2020 11 18  13 31  0.00     2.3640308498      13.624429394  
2020 11 18  13 32  0.00     2.3640291101      13.624417172  
2020 11 18  13 33  0.00     2.3640273704      13.624404951  
2020 11 18  13 34  0.00     2.3640256307      13.624392728  
2020 11 18  13 35  0.00     2.3640238910      13.624380506  
2020 11 18  13 36  0.00     2.3640221513      13.624368283  
2020 11 18  13 37  0.00     2.3640204115      13.624356059  
2020 11 18  13 38  0.00     2.3640186718      13.624343836  
2020 11 18  13 39  0.00     2.3640169321      13.624331611  
2020 11 18  13 40  0.00     2.3640151923      13.624319387  
2020 11 18  13 41  0.00     2.3640134526      13.624307162  
2020 11 18  13 42  0.00     2.3640117128      13.624294937  
2020 11 18  13 43  0.00     2.3640099731      13.624282712  
2020 11 18  13 44  0.00     2.3640082333      13.624270486  
2020 11 18  13 45  0.00     2.3640064936      13.624258260  
2020 11 18  13 46  0.00     2.3640047539      13.624246033  
2020 11 18  13 47  0.00     2.3640030141      13.624233806  
2020 11 18  13 48  0.00     2.3640012744      13.624221579  
2020 11 18  13 49  0.00     2.3639995347      13.624209351  
2020 11 18  13 50  0.00     2.3639977949      13.624197123  
2020 11 18  13 51  0.00     2.3639960552      13.624184895  
2020 11 18  13 52  0.00     2.3639943155      13.624172666  
2020 11 18  13 53  0.00     2.3639925758      13.624160437  
2020 11 18  13 54  0.00     2.3639908361      13.624148208  
2020 11 18  13 55  0.00     2.3639890963      13.624135978  
2020 11 18  13 56  0.00     2.3639873567      13.624123748  
2020 11 18  13 57  0.00     2.3639856170      13.624111517  
2020 11 18  13 58  0.00     2.3639838773      13.624099287  
2020 11 18  13 59  0.00     2.3639821376      13.624087055  
2020 11 18  14  0  0.00     2.3639803980      13.624074824  
2020 11 18  14  1  0.00     2.3639786583      13.624062592  
2020 11 18  14  2  0.00     2.3639769187      13.624050359  
2020 11 18  14  3  0.00     2.3639751790      13.624038127  
2020 11 18  14  4  0.00     2.3639734394      13.624025894  
2020 11 18  14  5  0.00     2.3639716998      13.624013660  
2020 11 18  14  6  0.00     2.3639699602      13.624001426  
2020 11 18  14  7  0.00     2.3639682206      13.623989192  
2020 11 18  14  8  0.00     2.3639664811      13.623976958  
2020 11 18  14  9  0.00     2.3639647415      13.623964723  
2020 11 18  14 10  0.00     2.3639630020      13.623952487  
2020 11 18  14 11  0.00     2.3639612625      13.623940252  
2020 11 18  14 12  0.00     2.3639595230      13.623928016  
2020 11 18  14 13  0.00     2.3639577835      13.623915779  
2020 11 18  14 14  0.00     2.3639560441      13.623903543  
2020 11 18  14 15  0.00     2.3639543046      13.623891305  
2020 11 18  14 16  0.00     2.3639525652      13.623879068  
2020 11 18  14 17  0.00     2.3639508258      13.623866830  
2020 11 18  14 18  0.00     2.3639490864      13.623854592  
2020 11 18  14 19  0.00     2.3639473470      13.623842353  
2020 11 18  14 20  0.00     2.3639456077      13.623830114  
2020 11 18  14 21  0.00     2.3639438684      13.623817875  
2020 11 18  14 22  0.00     2.3639421291      13.623805635  
2020 11 18  14 23  0.00     2.3639403898      13.623793395  
2020 11 18  14 24  0.00     2.3639386506      13.623781154  
2020 11 18  14 25  0.00     2.3639369114      13.623768913  
2020 11 18  14 26  0.00     2.3639351722      13.623756672  
2020 11 18  14 27  0.00     2.3639334330      13.623744430  
2020 11 18  14 28  0.00     2.3639316939      13.623732188  
2020 11 18  14 29  0.00     2.3639299548      13.623719946  
2020 11 18  14 30  0.00     2.3639282157      13.623707703  
2020 11 18  14 31  0.00     2.3639264766      13.623695460  
2020 11 18  14 32  0.00     2.3639247376      13.623683216  
2020 11 18  14 33  0.00     2.3639229986      13.623670972  
2020 11 18  14 34  0.00     2.3639212596      13.623658728  
2020 11 18  14 35  0.00     2.3639195207      13.623646483  
2020 11 18  14 36  0.00     2.3639177818      13.623634238  
2020 11 18  14 37  0.00     2.3639160429      13.623621993  
2020 11 18  14 38  0.00     2.3639143041      13.623609747  
2020 11 18  14 39  0.00     2.3639125653      13.623597501  
2020 11 18  14 40  0.00     2.3639108266      13.623585254  
2020 11 18  14 41  0.00     2.3639090878      13.623573007  
2020 11 18  14 42  0.00     2.3639073491      13.623560760  
2020 11 18  14 43  0.00     2.3639056105      13.623548512  
2020 11 18  14 44  0.00     2.3639038719      13.623536264  
2020 11 18  14 45  0.00     2.3639021333      13.623524015  
2020 11 18  14 46  0.00     2.3639003947      13.623511766  
2020 11 18  14 47  0.00     2.3638986562      13.623499517  
2020 11 18  14 48  0.00     2.3638969178      13.623487267  
2020 11 18  14 49  0.00     2.3638951794      13.623475017  
2020 11 18  14 50  0.00     2.3638934410      13.623462767  
2020 11 18  14 51  0.00     2.3638917026      13.623450516  
2020 11 18  14 52  0.00     2.3638899644      13.623438265  
2020 11 18  14 53  0.00     2.3638882261      13.623426013  
2020 11 18  14 54  0.00     2.3638864879      13.623413761  
2020 11 18  14 55  0.00     2.3638847497      13.623401509  
2020 11 18  14 56  0.00     2.3638830116      13.623389256  
2020 11 18  14 57  0.00     2.3638812736      13.623377003  
2020 11 18  14 58  0.00     2.3638795355      13.623364750  
2020 11 18  14 59  0.00     2.3638777976      13.623352496  
2020 11 18  15  0  0.00     2.3638760596      13.623340241  
2020 11 18  15  1  0.00     2.3638743217      13.623327987  
2020 11 18  15  2  0.00     2.3638725839      13.623315732  
2020 11 18  15  3  0.00     2.3638708461      13.623303476  
2020 11 18  15  4  0.00     2.3638691084      13.623291221  
2020 11 18  15  5  0.00     2.3638673707      13.623278964  
2020 11 18  15  6  0.00     2.3638656331      13.623266708  
2020 11 18  15  7  0.00     2.3638638955      13.623254451  
2020 11 18  15  8  0.00     2.3638621580      13.623242194  
2020 11 18  15  9  0.00     2.3638604205      13.623229936  
2020 11 18  15 10  0.00     2.3638586831      13.623217678  
2020 11 18  15 11  0.00     2.3638569458      13.623205419  
2020 11 18  15 12  0.00     2.3638552085      13.623193160  
2020 11 18  15 13  0.00     2.3638534712      13.623180901  
2020 11 18  15 14  0.00     2.3638517341      13.623168642  
2020 11 18  15 15  0.00     2.3638499969      13.623156381  
2020 11 18  15 16  0.00     2.3638482599      13.623144121  
2020 11 18  15 17  0.00     2.3638465228      13.623131860  
2020 11 18  15 18  0.00     2.3638447859      13.623119599  
2020 11 18  15 19  0.00     2.3638430490      13.623107338  
2020 11 18  15 20  0.00     2.3638413122      13.623095076  
2020 11 18  15 21  0.00     2.3638395754      13.623082813  
2020 11 18  15 22  0.00     2.3638378387      13.623070551  
2020 11 18  15 23  0.00     2.3638361021      13.623058288  
2020 11 18  15 24  0.00     2.3638343655      13.623046024  
2020 11 18  15 25  0.00     2.3638326290      13.623033760  
2020 11 18  15 26  0.00     2.3638308925      13.623021496  
2020 11 18  15 27  0.00     2.3638291562      13.623009232  
2020 11 18  15 28  0.00     2.3638274198      13.622996967  
2020 11 18  15 29  0.00     2.3638256836      13.622984701  
2020 11 18  15 30  0.00     2.3638239474      13.622972436  
2020 11 18  15 31  0.00     2.3638222113      13.622960170  
2020 11 18  15 32  0.00     2.3638204753      13.622947903  
2020 11 18  15 33  0.00     2.3638187393      13.622935636  
2020 11 18  15 34  0.00     2.3638170034      13.622923369  
2020 11 18  15 35  0.00     2.3638152676      13.622911102  
2020 11 18  15 36  0.00     2.3638135318      13.622898834  
2020 11 18  15 37  0.00     2.3638117961      13.622886565  
2020 11 18  15 38  0.00     2.3638100605      13.622874296  
2020 11 18  15 39  0.00     2.3638083250      13.622862027  
2020 11 18  15 40  0.00     2.3638065895      13.622849758  
2020 11 18  15 41  0.00     2.3638048542      13.622837488  
2020 11 18  15 42  0.00     2.3638031189      13.622825218  
2020 11 18  15 43  0.00     2.3638013836      13.622812947  
2020 11 18  15 44  0.00     2.3637996485      13.622800676  
2020 11 18  15 45  0.00     2.3637979134      13.622788405  
2020 11 18  15 46  0.00     2.3637961784      13.622776133  
2020 11 18  15 47  0.00     2.3637944435      13.622763861  
2020 11 18  15 48  0.00     2.3637927086      13.622751589  
2020 11 18  15 49  0.00     2.3637909739      13.622739316  
2020 11 18  15 50  0.00     2.3637892392      13.622727043  
2020 11 18  15 51  0.00     2.3637875046      13.622714769  
2020 11 18  15 52  0.00     2.3637857701      13.622702495  
2020 11 18  15 53  0.00     2.3637840357      13.622690221  
2020 11 18  15 54  0.00     2.3637823013      13.622677946  
2020 11 18  15 55  0.00     2.3637805671      13.622665671  
2020 11 18  15 56  0.00     2.3637788329      13.622653396  
2020 11 18  15 57  0.00     2.3637770988      13.622641120  
2020 11 18  15 58  0.00     2.3637753648      13.622628844  
2020 11 18  15 59  0.00     2.3637736309      13.622616567  
2020 11 18  16  0  0.00     2.3637718971      13.622604291  
2020 11 18  16  1  0.00     2.3637701634      13.622592013  
2020 11 18  16  2  0.00     2.3637684297      13.622579736  
2020 11 18  16  3  0.00     2.3637666962      13.622567458  
2020 11 18  16  4  0.00     2.3637649627      13.622555179  
2020 11 18  16  5  0.00     2.3637632293      13.622542901  
2020 11 18  16  6  0.00     2.3637614961      13.622530622  
2020 11 18  16  7  0.00     2.3637597629      13.622518342  
2020 11 18  16  8  0.00     2.3637580298      13.622506063  
2020 11 18  16  9  0.00     2.3637562968      13.622493782  
2020 11 18  16 10  0.00     2.3637545639      13.622481502  
2020 11 18  16 11  0.00     2.3637528311      13.622469221  
2020 11 18  16 12  0.00     2.3637510984      13.622456940  
2020 11 18  16 13  0.00     2.3637493657      13.622444658  
2020 11 18  16 14  0.00     2.3637476332      13.622432377  
2020 11 18  16 15  0.00     2.3637459008      13.622420094  
2020 11 18  16 16  0.00     2.3637441685      13.622407812  
2020 11 18  16 17  0.00     2.3637424363      13.622395529  
2020 11 18  16 18  0.00     2.3637407041      13.622383245  
2020 11 18  16 19  0.00     2.3637389721      13.622370962  
2020 11 18  16 20  0.00     2.3637372402      13.622358678  
2020 11 18  16 21  0.00     2.3637355084      13.622346393  
2020 11 18  16 22  0.00     2.3637337767      13.622334109  
2020 11 18  16 23  0.00     2.3637320451      13.622321824  
2020 11 18  16 24  0.00     2.3637303136      13.622309538  
2020 11 18  16 25  0.00     2.3637285822      13.622297253  
2020 11 18  16 26  0.00     2.3637268509      13.622284966  
2020 11 18  16 27  0.00     2.3637251197      13.622272680  
2020 11 18  16 28  0.00     2.3637233886      13.622260393  
2020 11 18  16 29  0.00     2.3637216576      13.622248106  
2020 11 18  16 30  0.00     2.3637199268      13.622235819  
2020 11 18  16 31  0.00     2.3637181960      13.622223531  
2020 11 18  16 32  0.00     2.3637164654      13.622211243  
2020 11 18  16 33  0.00     2.3637147348      13.622198954  
2020 11 18  16 34  0.00     2.3637130044      13.622186665  
2020 11 18  16 35  0.00     2.3637112741      13.622174376  
2020 11 18  16 36  0.00     2.3637095439      13.622162087  
2020 11 18  16 37  0.00     2.3637078138      13.622149797  
2020 11 18  16 38  0.00     2.3637060838      13.622137507  
2020 11 18  16 39  0.00     2.3637043539      13.622125216  
2020 11 18  16 40  0.00     2.3637026242      13.622112926  
2020 11 18  16 41  0.00     2.3637008946      13.622100634  
2020 11 18  16 42  0.00     2.3636991651      13.622088343  
2020 11 18  16 43  0.00     2.3636974357      13.622076051  
2020 11 18  16 44  0.00     2.3636957064      13.622063759  
2020 11 18  16 45  0.00     2.3636939772      13.622051467  
2020 11 18  16 46  0.00     2.3636922482      13.622039174  
2020 11 18  16 47  0.00     2.3636905192      13.622026881  
2020 11 18  16 48  0.00     2.3636887904      13.622014587  
2020 11 18  16 49  0.00     2.3636870617      13.622002293  
2020 11 18  16 50  0.00     2.3636853332      13.621989999  
2020 11 18  16 51  0.00     2.3636836047      13.621977705  
2020 11 18  16 52  0.00     2.3636818764      13.621965410  
2020 11 18  16 53  0.00     2.3636801482      13.621953115  
2020 11 18  16 54  0.00     2.3636784201      13.621940820  
2020 11 18  16 55  0.00     2.3636766922      13.621928524  
2020 11 18  16 56  0.00     2.3636749644      13.621916228  
2020 11 18  16 57  0.00     2.3636732367      13.621903932  
2020 11 18  16 58  0.00     2.3636715091      13.621891635  
2020 11 18  16 59  0.00     2.3636697816      13.621879338  
2020 11 18  17  0  0.00     2.3636680543      13.621867041  
2020 11 18  17  1  0.00     2.3636663271      13.621854744  
2020 11 18  17  2  0.00     2.3636646001      13.621842446  
2020 11 18  17  3  0.00     2.3636628731      13.621830148  
2020 11 18  17  4  0.00     2.3636611463      13.621817849  
2020 11 18  17  5  0.00     2.3636594197      13.621805551  
2020 11 18  17  6  0.00     2.3636576931      13.621793252  
2020 11 18  17  7  0.00     2.3636559667      13.621780952  
2020 11 18  17  8  0.00     2.3636542404      13.621768653  
2020 11 18  17  9  0.00     2.3636525143      13.621756353  
2020 11 18  17 10  0.00     2.3636507883      13.621744052  
2020 11 18  17 11  0.00     2.3636490624      13.621731752  
2020 11 18  17 12  0.00     2.3636473367      13.621719451  
2020 11 18  17 13  0.00     2.3636456111      13.621707150  
2020 11 18  17 14  0.00     2.3636438856      13.621694848  
2020 11 18  17 15  0.00     2.3636421603      13.621682547  
2020 11 18  17 16  0.00     2.3636404351      13.621670245  
2020 11 18  17 17  0.00     2.3636387100      13.621657943  
2020 11 18  17 18  0.00     2.3636369851      13.621645640  
2020 11 18  17 19  0.00     2.3636352603      13.621633337  
2020 11 18  17 20  0.00     2.3636335357      13.621621034  
2020 11 18  17 21  0.00     2.3636318112      13.621608731  
2020 11 18  17 22  0.00     2.3636300868      13.621596427  
2020 11 18  17 23  0.00     2.3636283626      13.621584123  
2020 11 18  17 24  0.00     2.3636266385      13.621571819  
2020 11 18  17 25  0.00     2.3636249146      13.621559514  
2020 11 18  17 26  0.00     2.3636231908      13.621547209  
2020 11 18  17 27  0.00     2.3636214672      13.621534904  
2020 11 18  17 28  0.00     2.3636197437      13.621522599  
2020 11 18  17 29  0.00     2.3636180203      13.621510293  
2020 11 18  17 30  0.00     2.3636162971      13.621497987  
2020 11 18  17 31  0.00     2.3636145740      13.621485681  
2020 11 18  17 32  0.00     2.3636128511      13.621473375  
2020 11 18  17 33  0.00     2.3636111284      13.621461068  
2020 11 18  17 34  0.00     2.3636094058      13.621448761  
2020 11 18  17 35  0.00     2.3636076833      13.621436454  
2020 11 18  17 36  0.00     2.3636059610      13.621424147  
2020 11 18  17 37  0.00     2.3636042388      13.621411839  
2020 11 18  17 38  0.00     2.3636025168      13.621399531  
2020 11 18  17 39  0.00     2.3636007949      13.621387223  
2020 11 18  17 40  0.00     2.3635990732      13.621374914  
2020 11 18  17 41  0.00     2.3635973516      13.621362605  
2020 11 18  17 42  0.00     2.3635956302      13.621350297  
2020 11 18  17 43  0.00     2.3635939090      13.621337987  
2020 11 18  17 44  0.00     2.3635921879      13.621325678  
2020 11 18  17 45  0.00     2.3635904669      13.621313368  
2020 11 18  17 46  0.00     2.3635887461      13.621301058  
2020 11 18  17 47  0.00     2.3635870255      13.621288748  
2020 11 18  17 48  0.00     2.3635853050      13.621276437  
2020 11 18  17 49  0.00     2.3635835847      13.621264127  
2020 11 18  17 50  0.00     2.3635818645      13.621251816  
2020 11 18  17 51  0.00     2.3635801445      13.621239505  
2020 11 18  17 52  0.00     2.3635784247      13.621227193  
2020 11 18  17 53  0.00     2.3635767050      13.621214882  
2020 11 18  17 54  0.00     2.3635749855      13.621202570  
2020 11 18  17 55  0.00     2.3635732661      13.621190258  
2020 11 18  17 56  0.00     2.3635715469      13.621177945  
2020 11 18  17 57  0.00     2.3635698278      13.621165633  
2020 11 18  17 58  0.00     2.3635681090      13.621153320  
2020 11 18  17 59  0.00     2.3635663902      13.621141007  
2020 11 18  18  0  0.00     2.3635646717      13.621128694  
2020 11 18  18  1  0.00     2.3635629533      13.621116381  
2020 11 18  18  2  0.00     2.3635612350      13.621104067  
2020 11 18  18  3  0.00     2.3635595170      13.621091753  
2020 11 18  18  4  0.00     2.3635577991      13.621079439  
2020 11 18  18  5  0.00     2.3635560813      13.621067125  
2020 11 18  18  6  0.00     2.3635543638      13.621054810  
2020 11 18  18  7  0.00     2.3635526464      13.621042496  
2020 11 18  18  8  0.00     2.3635509291      13.621030181  
2020 11 18  18  9  0.00     2.3635492121      13.621017866  
2020 11 18  18 10  0.00     2.3635474952      13.621005550  
2020 11 18  18 11  0.00     2.3635457785      13.620993235  
2020 11 18  18 12  0.00     2.3635440619      13.620980919  
2020 11 18  18 13  0.00     2.3635423455      13.620968603  
2020 11 18  18 14  0.00     2.3635406293      13.620956287  
2020 11 18  18 15  0.00     2.3635389132      13.620943971  
2020 11 18  18 16  0.00     2.3635371974      13.620931654  
2020 11 18  18 17  0.00     2.3635354817      13.620919338  
2020 11 18  18 18  0.00     2.3635337661      13.620907021  
2020 11 18  18 19  0.00     2.3635320508      13.620894704  
2020 11 18  18 20  0.00     2.3635303356      13.620882387  
2020 11 18  18 21  0.00     2.3635286206      13.620870069  
2020 11 18  18 22  0.00     2.3635269057      13.620857752  
2020 11 18  18 23  0.00     2.3635251911      13.620845434  
2020 11 18  18 24  0.00     2.3635234766      13.620833116  
2020 11 18  18 25  0.00     2.3635217623      13.620820798  
2020 11 18  18 26  0.00     2.3635200482      13.620808480  
2020 11 18  18 27  0.00     2.3635183342      13.620796161  
2020 11 18  18 28  0.00     2.3635166204      13.620783843  
2020 11 18  18 29  0.00     2.3635149068      13.620771524  
2020 11 18  18 30  0.00     2.3635131934      13.620759205  
2020 11 18  18 31  0.00     2.3635114802      13.620746886  
2020 11 18  18 32  0.00     2.3635097671      13.620734567  
2020 11 18  18 33  0.00     2.3635080542      13.620722247  
2020 11 18  18 34  0.00     2.3635063415      13.620709928  
2020 11 18  18 35  0.00     2.3635046290      13.620697608  
2020 11 18  18 36  0.00     2.3635029167      13.620685288  
2020 11 18  18 37  0.00     2.3635012045      13.620672968  
2020 11 18  18 38  0.00     2.3634994926      13.620660648  
2020 11 18  18 39  0.00     2.3634977808      13.620648328  
2020 11 18  18 40  0.00     2.3634960692      13.620636007  
2020 11 18  18 41  0.00     2.3634943578      13.620623687  
2020 11 18  18 42  0.00     2.3634926465      13.620611366  
2020 11 18  18 43  0.00     2.3634909355      13.620599045  
2020 11 18  18 44  0.00     2.3634892246      13.620586724  
2020 11 18  18 45  0.00     2.3634875139      13.620574403  
2020 11 18  18 46  0.00     2.3634858034      13.620562082  
2020 11 18  18 47  0.00     2.3634840931      13.620549760  
2020 11 18  18 48  0.00     2.3634823830      13.620537439  
2020 11 18  18 49  0.00     2.3634806731      13.620525117  
2020 11 18  18 50  0.00     2.3634789633      13.620512795  
2020 11 18  18 51  0.00     2.3634772538      13.620500473  
2020 11 18  18 52  0.00     2.3634755444      13.620488151  
2020 11 18  18 53  0.00     2.3634738352      13.620475829  
2020 11 18  18 54  0.00     2.3634721263      13.620463507  
2020 11 18  18 55  0.00     2.3634704175      13.620451185  
2020 11 18  18 56  0.00     2.3634687089      13.620438862  
2020 11 18  18 57  0.00     2.3634670004      13.620426540  
2020 11 18  18 58  0.00     2.3634652922      13.620414217  
2020 11 18  18 59  0.00     2.3634635842      13.620401894  
2020 11 18  19  0  0.00     2.3634618764      13.620389571  
2020 11 18  19  1  0.00     2.3634601687      13.620377248  
2020 11 18  19  2  0.00     2.3634584613      13.620364925  
2020 11 18  19  3  0.00     2.3634567540      13.620352602  
2020 11 18  19  4  0.00     2.3634550470      13.620340279  
2020 11 18  19  5  0.00     2.3634533401      13.620327956  
2020 11 18  19  6  0.00     2.3634516334      13.620315632  
2020 11 18  19  7  0.00     2.3634499269      13.620303309  
2020 11 18  19  8  0.00     2.3634482207      13.620290985  
2020 11 18  19  9  0.00     2.3634465146      13.620278661  
2020 11 18  19 10  0.00     2.3634448087      13.620266338  
2020 11 18  19 11  0.00     2.3634431030      13.620254014  
2020 11 18  19 12  0.00     2.3634413975      13.620241690  
2020 11 18  19 13  0.00     2.3634396922      13.620229366  
2020 11 18  19 14  0.00     2.3634379871      13.620217042  
2020 11 18  19 15  0.00     2.3634362822      13.620204718  
2020 11 18  19 16  0.00     2.3634345775      13.620192394  
2020 11 18  19 17  0.00     2.3634328730      13.620180069  
2020 11 18  19 18  0.00     2.3634311687      13.620167745  
2020 11 18  19 19  0.00     2.3634294646      13.620155421  
2020 11 18  19 20  0.00     2.3634277607      13.620143096  
2020 11 18  19 21  0.00     2.3634260570      13.620130772  
2020 11 18  19 22  0.00     2.3634243535      13.620118447  
2020 11 18  19 23  0.00     2.3634226503      13.620106123  
2020 11 18  19 24  0.00     2.3634209472      13.620093798  
2020 11 18  19 25  0.00     2.3634192443      13.620081474  
2020 11 18  19 26  0.00     2.3634175416      13.620069149  
2020 11 18  19 27  0.00     2.3634158391      13.620056824  
2020 11 18  19 28  0.00     2.3634141368      13.620044499  
2020 11 18  19 29  0.00     2.3634124348      13.620032175  
2020 11 18  19 30  0.00     2.3634107329      13.620019850  
2020 11 18  19 31  0.00     2.3634090312      13.620007525  
2020 11 18  19 32  0.00     2.3634073298      13.619995200  
2020 11 18  19 33  0.00     2.3634056285      13.619982875  
2020 11 18  19 34  0.00     2.3634039275      13.619970550  
2020 11 18  19 35  0.00     2.3634022266      13.619958225  
2020 11 18  19 36  0.00     2.3634005260      13.619945900  
2020 11 18  19 37  0.00     2.3633988256      13.619933575  
2020 11 18  19 38  0.00     2.3633971253      13.619921250  
2020 11 18  19 39  0.00     2.3633954253      13.619908925  
2020 11 18  19 40  0.00     2.3633937255      13.619896600  
2020 11 18  19 41  0.00     2.3633920259      13.619884275  
2020 11 18  19 42  0.00     2.3633903265      13.619871950  
2020 11 18  19 43  0.00     2.3633886274      13.619859625  
2020 11 18  19 44  0.00     2.3633869284      13.619847300  
2020 11 18  19 45  0.00     2.3633852296      13.619834975  
2020 11 18  19 46  0.00     2.3633835311      13.619822650  
2020 11 18  19 47  0.00     2.3633818327      13.619810325  
2020 11 18  19 48  0.00     2.3633801346      13.619798000  
2020 11 18  19 49  0.00     2.3633784367      13.619785675  
2020 11 18  19 50  0.00     2.3633767390      13.619773350  
2020 11 18  19 51  0.00     2.3633750415      13.619761025  
2020 11 18  19 52  0.00     2.3633733442      13.619748701  
2020 11 18  19 53  0.00     2.3633716471      13.619736376  
2020 11 18  19 54  0.00     2.3633699503      13.619724051  
2020 11 18  19 55  0.00     2.3633682536      13.619711726  
2020 11 18  19 56  0.00     2.3633665572      13.619699401  
2020 11 18  19 57  0.00     2.3633648610      13.619687076  
2020 11 18  19 58  0.00     2.3633631649      13.619674752  
2020 11 18  19 59  0.00     2.3633614691      13.619662427  
2020 11 18  20  0  0.00     2.3633597736      13.619650102  
2020 11 18  20  1  0.00     2.3633580782      13.619637778  
2020 11 18  20  2  0.00     2.3633563830      13.619625453  
2020 11 18  20  3  0.00     2.3633546881      13.619613129  
2020 11 18  20  4  0.00     2.3633529934      13.619600804  
2020 11 18  20  5  0.00     2.3633512989      13.619588480  
2020 11 18  20  6  0.00     2.3633496046      13.619576156  
2020 11 18  20  7  0.00     2.3633479105      13.619563831  
2020 11 18  20  8  0.00     2.3633462166      13.619551507  
2020 11 18  20  9  0.00     2.3633445230      13.619539183  
2020 11 18  20 10  0.00     2.3633428296      13.619526859  
2020 11 18  20 11  0.00     2.3633411364      13.619514535  
2020 11 18  20 12  0.00     2.3633394434      13.619502211  
2020 11 18  20 13  0.00     2.3633377506      13.619489887  
2020 11 18  20 14  0.00     2.3633360580      13.619477563  
2020 11 18  20 15  0.00     2.3633343657      13.619465240  
2020 11 18  20 16  0.00     2.3633326736      13.619452916  
2020 11 18  20 17  0.00     2.3633309817      13.619440592  
2020 11 18  20 18  0.00     2.3633292900      13.619428269  
2020 11 18  20 19  0.00     2.3633275985      13.619415946  
2020 11 18  20 20  0.00     2.3633259073      13.619403622  
2020 11 18  20 21  0.00     2.3633242162      13.619391299  
2020 11 18  20 22  0.00     2.3633225254      13.619378976  
2020 11 18  20 23  0.00     2.3633208348      13.619366653  
2020 11 18  20 24  0.00     2.3633191445      13.619354330  
2020 11 18  20 25  0.00     2.3633174543      13.619342007  
2020 11 18  20 26  0.00     2.3633157644      13.619329685  
2020 11 18  20 27  0.00     2.3633140747      13.619317362  
2020 11 18  20 28  0.00     2.3633123852      13.619305040  
2020 11 18  20 29  0.00     2.3633106959      13.619292718  
2020 11 18  20 30  0.00     2.3633090069      13.619280395  
2020 11 18  20 31  0.00     2.3633073181      13.619268073  
2020 11 18  20 32  0.00     2.3633056295      13.619255751  
2020 11 18  20 33  0.00     2.3633039411      13.619243430  
2020 11 18  20 34  0.00     2.3633022529      13.619231108  
---
2020 11 19  10 40  0.00     2.3619236547      13.609045585  
2020 11 19  10 41  0.00     2.3619220265      13.609033873  
2020 11 19  10 42  0.00     2.3619203982      13.609022161  
2020 11 19  10 43  0.00     2.3619187699      13.609010449  
2020 11 19  10 44  0.00     2.3619171415      13.608998738  
2020 11 19  10 45  0.00     2.3619155130      13.608987027  
2020 11 19  10 46  0.00     2.3619138844      13.608975317  
2020 11 19  10 47  0.00     2.3619122557      13.608963607  
2020 11 19  10 48  0.00     2.3619106270      13.608951898  
2020 11 19  10 49  0.00     2.3619089982      13.608940189  
2020 11 19  10 50  0.00     2.3619073693      13.608928480  
2020 11 19  10 51  0.00     2.3619057403      13.608916772  
2020 11 19  10 52  0.00     2.3619041112      13.608905065  
2020 11 19  10 53  0.00     2.3619024821      13.608893357  
2020 11 19  10 54  0.00     2.3619008529      13.608881651  
2020 11 19  10 55  0.00     2.3618992236      13.608869944  
2020 11 19  10 56  0.00     2.3618975942      13.608858238  
2020 11 19  10 57  0.00     2.3618959647      13.608846533  
2020 11 19  10 58  0.00     2.3618943352      13.608834828  
2020 11 19  10 59  0.00     2.3618927056      13.608823123  
2020 11 19  11  0  0.00     2.3618910759      13.608811419  
2020 11 19  11  1  0.00     2.3618894462      13.608799715  
2020 11 19  11  2  0.00     2.3618878163      13.608788012  
2020 11 19  11  3  0.00     2.3618861864      13.608776309  
2020 11 19  11  4  0.00     2.3618845564      13.608764606  
2020 11 19  11  5  0.00     2.3618829263      13.608752904  
2020 11 19  11  6  0.00     2.3618812962      13.608741202  
2020 11 19  11  7  0.00     2.3618796660      13.608729501  
2020 11 19  11  8  0.00     2.3618780357      13.608717800  
2020 11 19  11  9  0.00     2.3618764053      13.608706099  
2020 11 19  11 10  0.00     2.3618747749      13.608694399  
2020 11 19  11 11  0.00     2.3618731443      13.608682699  
2020 11 19  11 12  0.00     2.3618715137      13.608671000  
2020 11 19  11 13  0.00     2.3618698831      13.608659301  
2020 11 19  11 14  0.00     2.3618682523      13.608647603  
2020 11 19  11 15  0.00     2.3618666215      13.608635904  
2020 11 19  11 16  0.00     2.3618649906      13.608624207  
2020 11 19  11 17  0.00     2.3618633597      13.608612509  
2020 11 19  11 18  0.00     2.3618617286      13.608600812  
2020 11 19  11 19  0.00     2.3618600975      13.608589116  
2020 11 19  11 20  0.00     2.3618584663      13.608577419  
2020 11 19  11 21  0.00     2.3618568351      13.608565723  
2020 11 19  11 22  0.00     2.3618552037      13.608554028  
2020 11 19  11 23  0.00     2.3618535723      13.608542333  
2020 11 19  11 24  0.00     2.3618519409      13.608530638  
2020 11 19  11 25  0.00     2.3618503093      13.608518944  
2020 11 19  11 26  0.00     2.3618486777      13.608507250  
2020 11 19  11 27  0.00     2.3618470460      13.608495556  
2020 11 19  11 28  0.00     2.3618454143      13.608483863  
2020 11 19  11 29  0.00     2.3618437825      13.608472170  
2020 11 19  11 30  0.00     2.3618421506      13.608460477  
2020 11 19  11 31  0.00     2.3618405186      13.608448785  
2020 11 19  11 32  0.00     2.3618388866      13.608437093  
2020 11 19  11 33  0.00     2.3618372545      13.608425402  
2020 11 19  11 34  0.00     2.3618356223      13.608413711  
2020 11 19  11 35  0.00     2.3618339901      13.608402020  
2020 11 19  11 36  0.00     2.3618323578      13.608390330  
2020 11 19  11 37  0.00     2.3618307254      13.608378640  
2020 11 19  11 38  0.00     2.3618290930      13.608366950  
2020 11 19  11 39  0.00     2.3618274605      13.608355261  
2020 11 19  11 40  0.00     2.3618258279      13.608343572  
2020 11 19  11 41  0.00     2.3618241953      13.608331883  
2020 11 19  11 42  0.00     2.3618225626      13.608320195  
2020 11 19  11 43  0.00     2.3618209299      13.608308507  
2020 11 19  11 44  0.00     2.3618192970      13.608296819  
2020 11 19  11 45  0.00     2.3618176641      13.608285132  
2020 11 19  11 46  0.00     2.3618160312      13.608273445  
2020 11 19  11 47  0.00     2.3618143982      13.608261759  
2020 11 19  11 48  0.00     2.3618127651      13.608250072  
2020 11 19  11 49  0.00     2.3618111319      13.608238387  
2020 11 19  11 50  0.00     2.3618094987      13.608226701  
2020 11 19  11 51  0.00     2.3618078655      13.608215016  
2020 11 19  11 52  0.00     2.3618062321      13.608203331  
2020 11 19  11 53  0.00     2.3618045987      13.608191646  
2020 11 19  11 54  0.00     2.3618029653      13.608179962  
2020 11 19  11 55  0.00     2.3618013318      13.608168278  
2020 11 19  11 56  0.00     2.3617996982      13.608156594  
2020 11 19  11 57  0.00     2.3617980645      13.608144911  
2020 11 19  11 58  0.00     2.3617964308      13.608133228  
2020 11 19  11 59  0.00     2.3617947971      13.608121546  
2020 11 19  12  0  0.00     2.3617931633      13.608109863  
2020 11 19  12  1  0.00     2.3617915294      13.608098181  
2020 11 19  12  2  0.00     2.3617898955      13.608086500  
2020 11 19  12  3  0.00     2.3617882615      13.608074818  
2020 11 19  12  4  0.00     2.3617866274      13.608063137  
2020 11 19  12  5  0.00     2.3617849933      13.608051456  
2020 11 19  12  6  0.00     2.3617833592      13.608039776  
2020 11 19  12  7  0.00     2.3617817250      13.608028096  
2020 11 19  12  8  0.00     2.3617800907      13.608016416  
2020 11 19  12  9  0.00     2.3617784564      13.608004736  
2020 11 19  12 10  0.00     2.3617768220      13.607993057  
2020 11 19  12 11  0.00     2.3617751875      13.607981378  
2020 11 19  12 12  0.00     2.3617735531      13.607969699  
2020 11 19  12 13  0.00     2.3617719185      13.607958021  
2020 11 19  12 14  0.00     2.3617702839      13.607946343  
2020 11 19  12 15  0.00     2.3617686493      13.607934665  
2020 11 19  12 16  0.00     2.3617670146      13.607922988  
2020 11 19  12 17  0.00     2.3617653798      13.607911311  
2020 11 19  12 18  0.00     2.3617637450      13.607899634  
2020 11 19  12 19  0.00     2.3617621101      13.607887957  
2020 11 19  12 20  0.00     2.3617604752      13.607876281  
2020 11 19  12 21  0.00     2.3617588403      13.607864605  
2020 11 19  12 22  0.00     2.3617572053      13.607852929  
2020 11 19  12 23  0.00     2.3617555702      13.607841254  
2020 11 19  12 24  0.00     2.3617539351      13.607829578  
2020 11 19  12 25  0.00     2.3617522999      13.607817904  
2020 11 19  12 26  0.00     2.3617506647      13.607806229  
2020 11 19  12 27  0.00     2.3617490295      13.607794555  
2020 11 19  12 28  0.00     2.3617473942      13.607782881  
2020 11 19  12 29  0.00     2.3617457588      13.607771207  
2020 11 19  12 30  0.00     2.3617441234      13.607759533  
2020 11 19  12 31  0.00     2.3617424880      13.607747860  
2020 11 19  12 32  0.00     2.3617408525      13.607736187  
2020 11 19  12 33  0.00     2.3617392170      13.607724514  
2020 11 19  12 34  0.00     2.3617375814      13.607712842  
2020 11 19  12 35  0.00     2.3617359458      13.607701170  
2020 11 19  12 36  0.00     2.3617343101      13.607689498  
2020 11 19  12 37  0.00     2.3617326744      13.607677826  
2020 11 19  12 38  0.00     2.3617310387      13.607666155  
2020 11 19  12 39  0.00     2.3617294029      13.607654484  
2020 11 19  12 40  0.00     2.3617277671      13.607642813  
2020 11 19  12 41  0.00     2.3617261312      13.607631142  
2020 11 19  12 42  0.00     2.3617244953      13.607619472  
2020 11 19  12 43  0.00     2.3617228593      13.607607802  
2020 11 19  12 44  0.00     2.3617212233      13.607596132  
2020 11 19  12 45  0.00     2.3617195873      13.607584463  
2020 11 19  12 46  0.00     2.3617179512      13.607572793  
2020 11 19  12 47  0.00     2.3617163151      13.607561124  
2020 11 19  12 48  0.00     2.3617146790      13.607549456  
2020 11 19  12 49  0.00     2.3617130428      13.607537787  
2020 11 19  12 50  0.00     2.3617114066      13.607526119  
2020 11 19  12 51  0.00     2.3617097703      13.607514451  
2020 11 19  12 52  0.00     2.3617081340      13.607502783  
2020 11 19  12 53  0.00     2.3617064977      13.607491115  
2020 11 19  12 54  0.00     2.3617048613      13.607479448  
2020 11 19  12 55  0.00     2.3617032249      13.607467781  
2020 11 19  12 56  0.00     2.3617015885      13.607456114  
2020 11 19  12 57  0.00     2.3616999520      13.607444447  
2020 11 19  12 58  0.00     2.3616983155      13.607432781  
2020 11 19  12 59  0.00     2.3616966790      13.607421115  
2020 11 19  13  0  0.00     2.3616950424      13.607409449  
2020 11 19  13  1  0.00     2.3616934058      13.607397784  
2020 11 19  13  2  0.00     2.3616917692      13.607386118  
2020 11 19  13  3  0.00     2.3616901326      13.607374453  
2020 11 19  13  4  0.00     2.3616884959      13.607362788  
2020 11 19  13  5  0.00     2.3616868592      13.607351123  
2020 11 19  13  6  0.00     2.3616852224      13.607339459  
2020 11 19  13  7  0.00     2.3616835856      13.607327795  
2020 11 19  13  8  0.00     2.3616819488      13.607316131  
2020 11 19  13  9  0.00     2.3616803120      13.607304467  
2020 11 19  13 10  0.00     2.3616786752      13.607292803  
2020 11 19  13 11  0.00     2.3616770383      13.607281140  
2020 11 19  13 12  0.00     2.3616754014      13.607269477  
2020 11 19  13 13  0.00     2.3616737645      13.607257814  
2020 11 19  13 14  0.00     2.3616721275      13.607246151  
2020 11 19  13 15  0.00     2.3616704905      13.607234489  
2020 11 19  13 16  0.00     2.3616688535      13.607222827  
2020 11 19  13 17  0.00     2.3616672165      13.607211165  
2020 11 19  13 18  0.00     2.3616655794      13.607199503  
2020 11 19  13 19  0.00     2.3616639424      13.607187841  
2020 11 19  13 20  0.00     2.3616623053      13.607176180  
2020 11 19  13 21  0.00     2.3616606682      13.607164519  
2020 11 19  13 22  0.00     2.3616590310      13.607152858  
2020 11 19  13 23  0.00     2.3616573939      13.607141197  
2020 11 19  13 24  0.00     2.3616557567      13.607129537  
2020 11 19  13 25  0.00     2.3616541195      13.607117876  
2020 11 19  13 26  0.00     2.3616524823      13.607106216  
2020 11 19  13 27  0.00     2.3616508451      13.607094556  
2020 11 19  13 28  0.00     2.3616492079      13.607082897  
2020 11 19  13 29  0.00     2.3616475706      13.607071237  
2020 11 19  13 30  0.00     2.3616459333      13.607059578  
2020 11 19  13 31  0.00     2.3616442961      13.607047919  
2020 11 19  13 32  0.00     2.3616426588      13.607036260  
2020 11 19  13 33  0.00     2.3616410214      13.607024602  
2020 11 19  13 34  0.00     2.3616393841      13.607012943  
2020 11 19  13 35  0.00     2.3616377468      13.607001285  
2020 11 19  13 36  0.00     2.3616361094      13.606989627  
2020 11 19  13 37  0.00     2.3616344721      13.606977969  
2020 11 19  13 38  0.00     2.3616328347      13.606966312  
2020 11 19  13 39  0.00     2.3616311973      13.606954654  
2020 11 19  13 40  0.00     2.3616295599      13.606942997  
2020 11 19  13 41  0.00     2.3616279225      13.606931340  
2020 11 19  13 42  0.00     2.3616262851      13.606919683  
2020 11 19  13 43  0.00     2.3616246476      13.606908027  
2020 11 19  13 44  0.00     2.3616230102      13.606896370  
2020 11 19  13 45  0.00     2.3616213728      13.606884714  
2020 11 19  13 46  0.00     2.3616197353      13.606873058  
2020 11 19  13 47  0.00     2.3616180979      13.606861402  
2020 11 19  13 48  0.00     2.3616164604      13.606849747  
2020 11 19  13 49  0.00     2.3616148230      13.606838091  
2020 11 19  13 50  0.00     2.3616131855      13.606826436  
2020 11 19  13 51  0.00     2.3616115480      13.606814781  
2020 11 19  13 52  0.00     2.3616099106      13.606803126  
2020 11 19  13 53  0.00     2.3616082731      13.606791471  
2020 11 19  13 54  0.00     2.3616066356      13.606779817  
2020 11 19  13 55  0.00     2.3616049981      13.606768163  
2020 11 19  13 56  0.00     2.3616033607      13.606756508  
2020 11 19  13 57  0.00     2.3616017232      13.606744855  
2020 11 19  13 58  0.00     2.3616000857      13.606733201  
2020 11 19  13 59  0.00     2.3615984482      13.606721547  
2020 11 19  14  0  0.00     2.3615968108      13.606709894  
2020 11 19  14  1  0.00     2.3615951733      13.606698241  
2020 11 19  14  2  0.00     2.3615935358      13.606686588  
2020 11 19  14  3  0.00     2.3615918984      13.606674935  
2020 11 19  14  4  0.00     2.3615902609      13.606663282  
2020 11 19  14  5  0.00     2.3615886234      13.606651630  
2020 11 19  14  6  0.00     2.3615869860      13.606639978  
2020 11 19  14  7  0.00     2.3615853485      13.606628326  
2020 11 19  14  8  0.00     2.3615837111      13.606616674  
2020 11 19  14  9  0.00     2.3615820737      13.606605022  
2020 11 19  14 10  0.00     2.3615804363      13.606593370  
2020 11 19  14 11  0.00     2.3615787989      13.606581719  
2020 11 19  14 12  0.00     2.3615771614      13.606570068  
2020 11 19  14 13  0.00     2.3615755241      13.606558417  
2020 11 19  14 14  0.00     2.3615738867      13.606546766  
2020 11 19  14 15  0.00     2.3615722493      13.606535116  
2020 11 19  14 16  0.00     2.3615706119      13.606523465  
2020 11 19  14 17  0.00     2.3615689746      13.606511815  
2020 11 19  14 18  0.00     2.3615673373      13.606500165  
2020 11 19  14 19  0.00     2.3615656999      13.606488515  
2020 11 19  14 20  0.00     2.3615640626      13.606476865  
2020 11 19  14 21  0.00     2.3615624253      13.606465215  
2020 11 19  14 22  0.00     2.3615607881      13.606453566  
2020 11 19  14 23  0.00     2.3615591508      13.606441917  
2020 11 19  14 24  0.00     2.3615575136      13.606430268  
2020 11 19  14 25  0.00     2.3615558763      13.606418619  
2020 11 19  14 26  0.00     2.3615542391      13.606406970  
2020 11 19  14 27  0.00     2.3615526019      13.606395322  
2020 11 19  14 28  0.00     2.3615509648      13.606383673  
2020 11 19  14 29  0.00     2.3615493276      13.606372025  
2020 11 19  14 30  0.00     2.3615476905      13.606360377  
2020 11 19  14 31  0.00     2.3615460534      13.606348729  
2020 11 19  14 32  0.00     2.3615444163      13.606337082  
2020 11 19  14 33  0.00     2.3615427792      13.606325434  
2020 11 19  14 34  0.00     2.3615411422      13.606313787  
2020 11 19  14 35  0.00     2.3615395052      13.606302140  
2020 11 19  14 36  0.00     2.3615378682      13.606290493  
2020 11 19  14 37  0.00     2.3615362312      13.606278846  
2020 11 19  14 38  0.00     2.3615345943      13.606267199  
2020 11 19  14 39  0.00     2.3615329573      13.606255553  
2020 11 19  14 40  0.00     2.3615313205      13.606243907  
2020 11 19  14 41  0.00     2.3615296836      13.606232260  
2020 11 19  14 42  0.00     2.3615280468      13.606220615  
2020 11 19  14 43  0.00     2.3615264100      13.606208969  
2020 11 19  14 44  0.00     2.3615247732      13.606197323  
2020 11 19  14 45  0.00     2.3615231364      13.606185678  
2020 11 19  14 46  0.00     2.3615214997      13.606174032  
2020 11 19  14 47  0.00     2.3615198630      13.606162387  
2020 11 19  14 48  0.00     2.3615182264      13.606150742  
2020 11 19  14 49  0.00     2.3615165898      13.606139098  
2020 11 19  14 50  0.00     2.3615149532      13.606127453  
2020 11 19  14 51  0.00     2.3615133166      13.606115809  
2020 11 19  14 52  0.00     2.3615116801      13.606104164  
2020 11 19  14 53  0.00     2.3615100436      13.606092520  
2020 11 19  14 54  0.00     2.3615084072      13.606080876  
2020 11 19  14 55  0.00     2.3615067708      13.606069232  
2020 11 19  14 56  0.00     2.3615051344      13.606057589  
2020 11 19  14 57  0.00     2.3615034981      13.606045945  
2020 11 19  14 58  0.00     2.3615018618      13.606034302  
2020 11 19  14 59  0.00     2.3615002255      13.606022659  
2020 11 19  15  0  0.00     2.3614985893      13.606011016  
2020 11 19  15  1  0.00     2.3614969531      13.605999373  
2020 11 19  15  2  0.00     2.3614953170      13.605987731  
2020 11 19  15  3  0.00     2.3614936809      13.605976088  
2020 11 19  15  4  0.00     2.3614920449      13.605964446  
2020 11 19  15  5  0.00     2.3614904089      13.605952804  
2020 11 19  15  6  0.00     2.3614887729      13.605941162  
2020 11 19  15  7  0.00     2.3614871370      13.605929520  
2020 11 19  15  8  0.00     2.3614855011      13.605917879  
2020 11 19  15  9  0.00     2.3614838653      13.605906237  
2020 11 19  15 10  0.00     2.3614822295      13.605894596  
2020 11 19  15 11  0.00     2.3614805938      13.605882955  
2020 11 19  15 12  0.00     2.3614789581      13.605871314  
2020 11 19  15 13  0.00     2.3614773224      13.605859674  
2020 11 19  15 14  0.00     2.3614756868      13.605848033  
2020 11 19  15 15  0.00     2.3614740513      13.605836393  
2020 11 19  15 16  0.00     2.3614724158      13.605824752  
2020 11 19  15 17  0.00     2.3614707804      13.605813112  
2020 11 19  15 18  0.00     2.3614691450      13.605801472  
2020 11 19  15 19  0.00     2.3614675097      13.605789833  
2020 11 19  15 20  0.00     2.3614658744      13.605778193  
2020 11 19  15 21  0.00     2.3614642392      13.605766554  
2020 11 19  15 22  0.00     2.3614626040      13.605754914  
2020 11 19  15 23  0.00     2.3614609689      13.605743275  
2020 11 19  15 24  0.00     2.3614593338      13.605731637  
2020 11 19  15 25  0.00     2.3614576988      13.605719998  
2020 11 19  15 26  0.00     2.3614560639      13.605708359  
2020 11 19  15 27  0.00     2.3614544290      13.605696721  
2020 11 19  15 28  0.00     2.3614527941      13.605685083  
2020 11 19  15 29  0.00     2.3614511594      13.605673445  
2020 11 19  15 30  0.00     2.3614495247      13.605661807  
2020 11 19  15 31  0.00     2.3614478900      13.605650169  
2020 11 19  15 32  0.00     2.3614462554      13.605638532  
2020 11 19  15 33  0.00     2.3614446209      13.605626894  
2020 11 19  15 34  0.00     2.3614429864      13.605615257  
2020 11 19  15 35  0.00     2.3614413520      13.605603620  
2020 11 19  15 36  0.00     2.3614397177      13.605591984  
2020 11 19  15 37  0.00     2.3614380834      13.605580347  
2020 11 19  15 38  0.00     2.3614364492      13.605568710  
2020 11 19  15 39  0.00     2.3614348151      13.605557074  
2020 11 19  15 40  0.00     2.3614331810      13.605545438  
2020 11 19  15 41  0.00     2.3614315470      13.605533802  
2020 11 19  15 42  0.00     2.3614299130      13.605522166  
2020 11 19  15 43  0.00     2.3614282791      13.605510531  
2020 11 19  15 44  0.00     2.3614266453      13.605498895  
2020 11 19  15 45  0.00     2.3614250116      13.605487260  
2020 11 19  15 46  0.00     2.3614233779      13.605475625  
2020 11 19  15 47  0.00     2.3614217443      13.605463990  
2020 11 19  15 48  0.00     2.3614201108      13.605452356  
2020 11 19  15 49  0.00     2.3614184774      13.605440721  
2020 11 19  15 50  0.00     2.3614168440      13.605429087  
2020 11 19  15 51  0.00     2.3614152107      13.605417453  
2020 11 19  15 52  0.00     2.3614135775      13.605405819  
2020 11 19  15 53  0.00     2.3614119443      13.605394185  
2020 11 19  15 54  0.00     2.3614103112      13.605382551  
2020 11 19  15 55  0.00     2.3614086782      13.605370918  
2020 11 19  15 56  0.00     2.3614070453      13.605359285  
2020 11 19  15 57  0.00     2.3614054124      13.605347652  
2020 11 19  15 58  0.00     2.3614037797      13.605336019  
2020 11 19  15 59  0.00     2.3614021470      13.605324386  
2020 11 19  16  0  0.00     2.3614005144      13.605312754  
2020 11 19  16  1  0.00     2.3613988818      13.605301121  
2020 11 19  16  2  0.00     2.3613972494      13.605289489  
2020 11 19  16  3  0.00     2.3613956170      13.605277857  
2020 11 19  16  4  0.00     2.3613939847      13.605266226  
2020 11 19  16  5  0.00     2.3613923525      13.605254594  
2020 11 19  16  6  0.00     2.3613907204      13.605242963  
2020 11 19  16  7  0.00     2.3613890884      13.605231332  
2020 11 19  16  8  0.00     2.3613874564      13.605219701  
2020 11 19  16  9  0.00     2.3613858246      13.605208070  
2020 11 19  16 10  0.00     2.3613841928      13.605196439  
2020 11 19  16 11  0.00     2.3613825611      13.605184809  
2020 11 19  16 12  0.00     2.3613809295      13.605173179  
2020 11 19  16 13  0.00     2.3613792980      13.605161549  
2020 11 19  16 14  0.00     2.3613776665      13.605149919  
2020 11 19  16 15  0.00     2.3613760352      13.605138289  
2020 11 19  16 16  0.00     2.3613744039      13.605126660  
2020 11 19  16 17  0.00     2.3613727728      13.605115030  
2020 11 19  16 18  0.00     2.3613711417      13.605103401  
2020 11 19  16 19  0.00     2.3613695107      13.605091773  
2020 11 19  16 20  0.00     2.3613678799      13.605080144  
2020 11 19  16 21  0.00     2.3613662491      13.605068515  
2020 11 19  16 22  0.00     2.3613646184      13.605056887  
2020 11 19  16 23  0.00     2.3613629878      13.605045259  
2020 11 19  16 24  0.00     2.3613613573      13.605033631  
2020 11 19  16 25  0.00     2.3613597269      13.605022004  
2020 11 19  16 26  0.00     2.3613580965      13.605010376  
2020 11 19  16 27  0.00     2.3613564663      13.604998749  
2020 11 19  16 28  0.00     2.3613548362      13.604987122  
2020 11 19  16 29  0.00     2.3613532062      13.604975495  
2020 11 19  16 30  0.00     2.3613515763      13.604963869  
2020 11 19  16 31  0.00     2.3613499464      13.604952242  
2020 11 19  16 32  0.00     2.3613483167      13.604940616  
2020 11 19  16 33  0.00     2.3613466871      13.604928990  
2020 11 19  16 34  0.00     2.3613450576      13.604917364  
2020 11 19  16 35  0.00     2.3613434282      13.604905739  
2020 11 19  16 36  0.00     2.3613417989      13.604894114  
2020 11 19  16 37  0.00     2.3613401697      13.604882488  
2020 11 19  16 38  0.00     2.3613385406      13.604870864  
2020 11 19  16 39  0.00     2.3613369116      13.604859239  
2020 11 19  16 40  0.00     2.3613352827      13.604847614  
2020 11 19  16 41  0.00     2.3613336539      13.604835990  
2020 11 19  16 42  0.00     2.3613320252      13.604824366  
2020 11 19  16 43  0.00     2.3613303966      13.604812742  
2020 11 19  16 44  0.00     2.3613287682      13.604801119  
2020 11 19  16 45  0.00     2.3613271398      13.604789495  
2020 11 19  16 46  0.00     2.3613255116      13.604777872  
2020 11 19  16 47  0.00     2.3613238834      13.604766249  
2020 11 19  16 48  0.00     2.3613222554      13.604754627  
2020 11 19  16 49  0.00     2.3613206275      13.604743004  
2020 11 19  16 50  0.00     2.3613189997      13.604731382  
2020 11 19  16 51  0.00     2.3613173720      13.604719760  
2020 11 19  16 52  0.00     2.3613157444      13.604708138  
2020 11 19  16 53  0.00     2.3613141169      13.604696517  
2020 11 19  16 54  0.00     2.3613124896      13.604684895  
2020 11 19  16 55  0.00     2.3613108624      13.604673274  
2020 11 19  16 56  0.00     2.3613092353      13.604661653  
2020 11 19  16 57  0.00     2.3613076082      13.604650033  
2020 11 19  16 58  0.00     2.3613059814      13.604638413  
2020 11 19  16 59  0.00     2.3613043546      13.604626792  
2020 11 19  17  0  0.00     2.3613027279      13.604615172  
2020 11 19  17  1  0.00     2.3613011014      13.604603553  
2020 11 19  17  2  0.00     2.3612994750      13.604591933  
2020 11 19  17  3  0.00     2.3612978487      13.604580314  
2020 11 19  17  4  0.00     2.3612962225      13.604568695  
2020 11 19  17  5  0.00     2.3612945965      13.604557077  
2020 11 19  17  6  0.00     2.3612929706      13.604545458  
2020 11 19  17  7  0.00     2.3612913448      13.604533840  
2020 11 19  17  8  0.00     2.3612897191      13.604522222  
2020 11 19  17  9  0.00     2.3612880935      13.604510604  
2020 11 19  17 10  0.00     2.3612864681      13.604498987  
2020 11 19  17 11  0.00     2.3612848428      13.604487370  
2020 11 19  17 12  0.00     2.3612832176      13.604475753  
2020 11 19  17 13  0.00     2.3612815925      13.604464136  
2020 11 19  17 14  0.00     2.3612799676      13.604452520  
2020 11 19  17 15  0.00     2.3612783428      13.604440904  
2020 11 19  17 16  0.00     2.3612767181      13.604429288  
2020 11 19  17 17  0.00     2.3612750936      13.604417672  
2020 11 19  17 18  0.00     2.3612734692      13.604406057  
2020 11 19  17 19  0.00     2.3612718449      13.604394442  
2020 11 19  17 20  0.00     2.3612702207      13.604382827  
2020 11 19  17 21  0.00     2.3612685967      13.604371212  
2020 11 19  17 22  0.00     2.3612669728      13.604359598  
2020 11 19  17 23  0.00     2.3612653490      13.604347984  
2020 11 19  17 24  0.00     2.3612637254      13.604336370  
2020 11 19  17 25  0.00     2.3612621019      13.604324757  
2020 11 19  17 26  0.00     2.3612604785      13.604313144  
2020 11 19  17 27  0.00     2.3612588553      13.604301531  
2020 11 19  17 28  0.00     2.3612572322      13.604289918  
2020 11 19  17 29  0.00     2.3612556092      13.604278306  
2020 11 19  17 30  0.00     2.3612539864      13.604266694  
2020 11 19  17 31  0.00     2.3612523637      13.604255082  
2020 11 19  17 32  0.00     2.3612507412      13.604243470  
2020 11 19  17 33  0.00     2.3612491188      13.604231859  
2020 11 19  17 34  0.00     2.3612474965      13.604220248  
2020 11 19  17 35  0.00     2.3612458744      13.604208637  
2020 11 19  17 36  0.00     2.3612442524      13.604197027  
2020 11 19  17 37  0.00     2.3612426305      13.604185417  
2020 11 19  17 38  0.00     2.3612410088      13.604173807  
2020 11 19  17 39  0.00     2.3612393872      13.604162197  
2020 11 19  17 40  0.00     2.3612377658      13.604150588  
2020 11 19  17 41  0.00     2.3612361445      13.604138979  
2020 11 19  17 42  0.00     2.3612345234      13.604127371  
2020 11 19  17 43  0.00     2.3612329024      13.604115762  
2020 11 19  17 44  0.00     2.3612312815      13.604104154  
2020 11 19  17 45  0.00     2.3612296608      13.604092546  
2020 11 19  17 46  0.00     2.3612280402      13.604080939  
2020 11 19  17 47  0.00     2.3612264198      13.604069332  
2020 11 19  17 48  0.00     2.3612247995      13.604057725  
2020 11 19  17 49  0.00     2.3612231794      13.604046119  
2020 11 19  17 50  0.00     2.3612215594      13.604034512  
2020 11 19  17 51  0.00     2.3612199396      13.604022906  
2020 11 19  17 52  0.00     2.3612183199      13.604011301  
2020 11 19  17 53  0.00     2.3612167004      13.603999696  
2020 11 19  17 54  0.00     2.3612150810      13.603988091  
2020 11 19  17 55  0.00     2.3612134617      13.603976486  
2020 11 19  17 56  0.00     2.3612118427      13.603964882  
2020 11 19  17 57  0.00     2.3612102237      13.603953278  
2020 11 19  17 58  0.00     2.3612086049      13.603941674  
2020 11 19  17 59  0.00     2.3612069863      13.603930071  
2020 11 19  18  0  0.00     2.3612053678      13.603918468  
2020 11 19  18  1  0.00     2.3612037495      13.603906865  
2020 11 19  18  2  0.00     2.3612021313      13.603895263  
2020 11 19  18  3  0.00     2.3612005133      13.603883661  
2020 11 19  18  4  0.00     2.3611988955      13.603872059  
2020 11 19  18  5  0.00     2.3611972778      13.603860458  
2020 11 19  18  6  0.00     2.3611956602      13.603848857  
2020 11 19  18  7  0.00     2.3611940428      13.603837256  
2020 11 19  18  8  0.00     2.3611924256      13.603825656  
2020 11 19  18  9  0.00     2.3611908085      13.603814056  
2020 11 19  18 10  0.00     2.3611891916      13.603802456  
2020 11 19  18 11  0.00     2.3611875748      13.603790857  
2020 11 19  18 12  0.00     2.3611859582      13.603779258  
2020 11 19  18 13  0.00     2.3611843418      13.603767659  
2020 11 19  18 14  0.00     2.3611827255      13.603756061  
2020 11 19  18 15  0.00     2.3611811094      13.603744463  
2020 11 19  18 16  0.00     2.3611794934      13.603732866  
2020 11 19  18 17  0.00     2.3611778776      13.603721268  
2020 11 19  18 18  0.00     2.3611762620      13.603709672  
2020 11 19  18 19  0.00     2.3611746465      13.603698075  
2020 11 19  18 20  0.00     2.3611730312      13.603686479  
2020 11 19  18 21  0.00     2.3611714161      13.603674883  
2020 11 19  18 22  0.00     2.3611698011      13.603663288  
2020 11 19  18 23  0.00     2.3611681863      13.603651693  
2020 11 19  18 24  0.00     2.3611665716      13.603640098  
2020 11 19  18 25  0.00     2.3611649571      13.603628504  
2020 11 19  18 26  0.00     2.3611633428      13.603616910  
2020 11 19  18 27  0.00     2.3611617286      13.603605317  
2020 11 19  18 28  0.00     2.3611601147      13.603593724  
2020 11 19  18 29  0.00     2.3611585008      13.603582131  
2020 11 19  18 30  0.00     2.3611568872      13.603570538  
2020 11 19  18 31  0.00     2.3611552737      13.603558946  
2020 11 19  18 32  0.00     2.3611536604      13.603547355  
2020 11 19  18 33  0.00     2.3611520472      13.603535764  
2020 11 19  18 34  0.00     2.3611504343      13.603524173  
2020 11 19  18 35  0.00     2.3611488215      13.603512582  
2020 11 19  18 36  0.00     2.3611472088      13.603500992  
2020 11 19  18 37  0.00     2.3611455964      13.603489403  
2020 11 19  18 38  0.00     2.3611439841      13.603477814  
2020 11 19  18 39  0.00     2.3611423720      13.603466225  
2020 11 19  18 40  0.00     2.3611407600      13.603454636  
2020 11 19  18 41  0.00     2.3611391482      13.603443048  
2020 11 19  18 42  0.00     2.3611375366      13.603431461  
2020 11 19  18 43  0.00     2.3611359252      13.603419873  
2020 11 19  18 44  0.00     2.3611343140      13.603408287  
2020 11 19  18 45  0.00     2.3611327029      13.603396700  
2020 11 19  18 46  0.00     2.3611310920      13.603385114  
2020 11 19  18 47  0.00     2.3611294813      13.603373529  
2020 11 19  18 48  0.00     2.3611278707      13.603361944  
2020 11 19  18 49  0.00     2.3611262603      13.603350359  
2020 11 19  18 50  0.00     2.3611246501      13.603338775  
2020 11 19  18 51  0.00     2.3611230401      13.603327191  
2020 11 19  18 52  0.00     2.3611214303      13.603315607  
2020 11 19  18 53  0.00     2.3611198206      13.603304024  
2020 11 19  18 54  0.00     2.3611182111      13.603292442  
2020 11 19  18 55  0.00     2.3611166018      13.603280859  
2020 11 19  18 56  0.00     2.3611149927      13.603269278  
2020 11 19  18 57  0.00     2.3611133838      13.603257696  
2020 11 19  18 58  0.00     2.3611117750      13.603246116  
2020 11 19  18 59  0.00     2.3611101664      13.603234535  
2020 11 19  19  0  0.00     2.3611085580      13.603222955  
2020 11 19  19  1  0.00     2.3611069498      13.603211376  
2020 11 19  19  2  0.00     2.3611053418      13.603199797  
2020 11 19  19  3  0.00     2.3611037339      13.603188218  
2020 11 19  19  4  0.00     2.3611021263      13.603176640  
2020 11 19  19  5  0.00     2.3611005188      13.603165062  
2020 11 19  19  6  0.00     2.3610989115      13.603153485  
2020 11 19  19  7  0.00     2.3610973043      13.603141908  
2020 11 19  19  8  0.00     2.3610956974      13.603130332  
2020 11 19  19  9  0.00     2.3610940907      13.603118756  
2020 11 19  19 10  0.00     2.3610924841      13.603107181  
2020 11 19  19 11  0.00     2.3610908777      13.603095606  
2020 11 19  19 12  0.00     2.3610892715      13.603084031  
2020 11 19  19 13  0.00     2.3610876655      13.603072457  
2020 11 19  19 14  0.00     2.3610860597      13.603060884  
2020 11 19  19 15  0.00     2.3610844541      13.603049311  
2020 11 19  19 16  0.00     2.3610828486      13.603037738  
2020 11 19  19 17  0.00     2.3610812434      13.603026166  
2020 11 19  19 18  0.00     2.3610796383      13.603014594  
2020 11 19  19 19  0.00     2.3610780334      13.603003023  
2020 11 19  19 20  0.00     2.3610764287      13.602991453  
2020 11 19  19 21  0.00     2.3610748242      13.602979882  
2020 11 19  19 22  0.00     2.3610732199      13.602968313  
2020 11 19  19 23  0.00     2.3610716158      13.602956744  
2020 11 19  19 24  0.00     2.3610700119      13.602945175  
2020 11 19  19 25  0.00     2.3610684081      13.602933607  
2020 11 19  19 26  0.00     2.3610668046      13.602922039  
2020 11 19  19 27  0.00     2.3610652012      13.602910472  
2020 11 19  19 28  0.00     2.3610635980      13.602898905  
2020 11 19  19 29  0.00     2.3610619951      13.602887339  
2020 11 19  19 30  0.00     2.3610603923      13.602875774  
2020 11 19  19 31  0.00     2.3610587897      13.602864209  
2020 11 19  19 32  0.00     2.3610571873      13.602852644  
2020 11 19  19 33  0.00     2.3610555851      13.602841080  
2020 11 19  19 34  0.00     2.3610539831      13.602829516  
2020 11 19  19 35  0.00     2.3610523813      13.602817953  
2020 11 19  19 36  0.00     2.3610507797      13.602806391  
2020 11 19  19 37  0.00     2.3610491782      13.602794829  
2020 11 19  19 38  0.00     2.3610475770      13.602783267  
2020 11 19  19 39  0.00     2.3610459760      13.602771707  
2020 11 19  19 40  0.00     2.3610443751      13.602760146  
2020 11 19  19 41  0.00     2.3610427745      13.602748586  
2020 11 19  19 42  0.00     2.3610411741      13.602737027  
2020 11 19  19 43  0.00     2.3610395738      13.602725468  
2020 11 19  19 44  0.00     2.3610379738      13.602713910  
2020 11 19  19 45  0.00     2.3610363739      13.602702352  
2020 11 19  19 46  0.00     2.3610347742      13.602690795  
2020 11 19  19 47  0.00     2.3610331748      13.602679239  
2020 11 19  19 48  0.00     2.3610315755      13.602667683  
2020 11 19  19 49  0.00     2.3610299765      13.602656127  
2020 11 19  19 50  0.00     2.3610283776      13.602644572  
2020 11 19  19 51  0.00     2.3610267789      13.602633018  
2020 11 19  19 52  0.00     2.3610251805      13.602621464  
2020 11 19  19 53  0.00     2.3610235822      13.602609911  
2020 11 19  19 54  0.00     2.3610219842      13.602598358  
2020 11 19  19 55  0.00     2.3610203863      13.602586806  
2020 11 19  19 56  0.00     2.3610187886      13.602575255  
2020 11 19  19 57  0.00     2.3610171912      13.602563704  
2020 11 19  19 58  0.00     2.3610155939      13.602552153  
2020 11 19  19 59  0.00     2.3610139968      13.602540604  
2020 11 19  20  0  0.00     2.3610124000      13.602529054  
2020 11 19  20  1  0.00     2.3610108033      13.602517506  
2020 11 19  20  2  0.00     2.3610092069      13.602505958  
2020 11 19  20  3  0.00     2.3610076106      13.602494410  
2020 11 19  20  4  0.00     2.3610060146      13.602482864  
2020 11 19  20  5  0.00     2.3610044187      13.602471317  
2020 11 19  20  6  0.00     2.3610028231      13.602459772  
2020 11 19  20  7  0.00     2.3610012276      13.602448227  
2020 11 19  20  8  0.00     2.3609996324      13.602436682  
2020 11 19  20  9  0.00     2.3609980374      13.602425138  
2020 11 19  20 10  0.00     2.3609964425      13.602413595  
2020 11 19  20 11  0.00     2.3609948479      13.602402053  
2020 11 19  20 12  0.00     2.3609932535      13.602390511  
2020 11 19  20 13  0.00     2.3609916593      13.602378969  
2020 11 19  20 14  0.00     2.3609900653      13.602367428  
2020 11 19  20 15  0.00     2.3609884715      13.602355888  
2020 11 19  20 16  0.00     2.3609868779      13.602344349  
2020 11 19  20 17  0.00     2.3609852845      13.602332810  
2020 11 19  20 18  0.00     2.3609836913      13.602321272  
2020 11 19  20 19  0.00     2.3609820983      13.602309734  
2020 11 19  20 20  0.00     2.3609805055      13.602298197  
2020 11 19  20 21  0.00     2.3609789129      13.602286661  
2020 11 19  20 22  0.00     2.3609773206      13.602275125  
2020 11 19  20 23  0.00     2.3609757284      13.602263590  
2020 11 19  20 24  0.00     2.3609741365      13.602252055  
2020 11 19  20 25  0.00     2.3609725447      13.602240522  
2020 11 19  20 26  0.00     2.3609709532      13.602228988  
2020 11 19  20 27  0.00     2.3609693619      13.602217456  
2020 11 19  20 28  0.00     2.3609677707      13.602205924  
2020 11 19  20 29  0.00     2.3609661798      13.602194393  
2020 11 19  20 30  0.00     2.3609645891      13.602182862  
---
2020 11 20  10 36  0.00     2.3596626484      13.592846730  
2020 11 20  10 37  0.00     2.3596611031      13.592836222  
2020 11 20  10 38  0.00     2.3596595577      13.592825716  
2020 11 20  10 39  0.00     2.3596580121      13.592815210  
2020 11 20  10 40  0.00     2.3596564665      13.592804705  
2020 11 20  10 41  0.00     2.3596549208      13.592794201  
2020 11 20  10 42  0.00     2.3596533749      13.592783698  
2020 11 20  10 43  0.00     2.3596518290      13.592773196  
2020 11 20  10 44  0.00     2.3596502829      13.592762695  
2020 11 20  10 45  0.00     2.3596487368      13.592752194  
2020 11 20  10 46  0.00     2.3596471905      13.592741695  
2020 11 20  10 47  0.00     2.3596456442      13.592731196  
2020 11 20  10 48  0.00     2.3596440978      13.592720698  
2020 11 20  10 49  0.00     2.3596425512      13.592710201  
2020 11 20  10 50  0.00     2.3596410046      13.592699705  
2020 11 20  10 51  0.00     2.3596394579      13.592689210  
2020 11 20  10 52  0.00     2.3596379110      13.592678716  
2020 11 20  10 53  0.00     2.3596363641      13.592668222  
2020 11 20  10 54  0.00     2.3596348170      13.592657730  
2020 11 20  10 55  0.00     2.3596332699      13.592647238  
2020 11 20  10 56  0.00     2.3596317227      13.592636747  
2020 11 20  10 57  0.00     2.3596301754      13.592626257  
2020 11 20  10 58  0.00     2.3596286279      13.592615768  
2020 11 20  10 59  0.00     2.3596270804      13.592605279  
2020 11 20  11  0  0.00     2.3596255328      13.592594792  
2020 11 20  11  1  0.00     2.3596239851      13.592584305  
2020 11 20  11  2  0.00     2.3596224373      13.592573820  
2020 11 20  11  3  0.00     2.3596208893      13.592563335  
2020 11 20  11  4  0.00     2.3596193413      13.592552851  
2020 11 20  11  5  0.00     2.3596177932      13.592542367  
2020 11 20  11  6  0.00     2.3596162450      13.592531885  
2020 11 20  11  7  0.00     2.3596146967      13.592521403  
2020 11 20  11  8  0.00     2.3596131484      13.592510923  
2020 11 20  11  9  0.00     2.3596115999      13.592500443  
2020 11 20  11 10  0.00     2.3596100513      13.592489964  
2020 11 20  11 11  0.00     2.3596085026      13.592479486  
2020 11 20  11 12  0.00     2.3596069539      13.592469008  
2020 11 20  11 13  0.00     2.3596054050      13.592458532  
2020 11 20  11 14  0.00     2.3596038560      13.592448056  
2020 11 20  11 15  0.00     2.3596023070      13.592437581  
2020 11 20  11 16  0.00     2.3596007579      13.592427107  
2020 11 20  11 17  0.00     2.3595992086      13.592416634  
2020 11 20  11 18  0.00     2.3595976593      13.592406161  
2020 11 20  11 19  0.00     2.3595961099      13.592395690  
2020 11 20  11 20  0.00     2.3595945604      13.592385219  
2020 11 20  11 21  0.00     2.3595930108      13.592374749  
2020 11 20  11 22  0.00     2.3595914611      13.592364280  
2020 11 20  11 23  0.00     2.3595899113      13.592353811  
2020 11 20  11 24  0.00     2.3595883614      13.592343344  
2020 11 20  11 25  0.00     2.3595868115      13.592332877  
2020 11 20  11 26  0.00     2.3595852614      13.592322411  
2020 11 20  11 27  0.00     2.3595837113      13.592311946  
2020 11 20  11 28  0.00     2.3595821610      13.592301481  
2020 11 20  11 29  0.00     2.3595806107      13.592291018  
2020 11 20  11 30  0.00     2.3595790603      13.592280555  
2020 11 20  11 31  0.00     2.3595775098      13.592270093  
2020 11 20  11 32  0.00     2.3595759592      13.592259632  
2020 11 20  11 33  0.00     2.3595744085      13.592249171  
2020 11 20  11 34  0.00     2.3595728578      13.592238712  
2020 11 20  11 35  0.00     2.3595713069      13.592228253  
2020 11 20  11 36  0.00     2.3595697560      13.592217795  
2020 11 20  11 37  0.00     2.3595682050      13.592207338  
2020 11 20  11 38  0.00     2.3595666539      13.592196881  
2020 11 20  11 39  0.00     2.3595651027      13.592186426  
2020 11 20  11 40  0.00     2.3595635514      13.592175971  
2020 11 20  11 41  0.00     2.3595620000      13.592165517  
2020 11 20  11 42  0.00     2.3595604486      13.592155063  
2020 11 20  11 43  0.00     2.3595588970      13.592144611  
2020 11 20  11 44  0.00     2.3595573454      13.592134159  
2020 11 20  11 45  0.00     2.3595557937      13.592123708  
2020 11 20  11 46  0.00     2.3595542419      13.592113257  
2020 11 20  11 47  0.00     2.3595526900      13.592102808  
2020 11 20  11 48  0.00     2.3595511381      13.592092359  
2020 11 20  11 49  0.00     2.3595495861      13.592081911  
2020 11 20  11 50  0.00     2.3595480339      13.592071464  
2020 11 20  11 51  0.00     2.3595464817      13.592061018  
2020 11 20  11 52  0.00     2.3595449295      13.592050572  
2020 11 20  11 53  0.00     2.3595433771      13.592040127  
2020 11 20  11 54  0.00     2.3595418247      13.592029683  
2020 11 20  11 55  0.00     2.3595402721      13.592019239  
2020 11 20  11 56  0.00     2.3595387195      13.592008797  
2020 11 20  11 57  0.00     2.3595371668      13.591998355  
2020 11 20  11 58  0.00     2.3595356141      13.591987914  
2020 11 20  11 59  0.00     2.3595340612      13.591977473  
2020 11 20  12  0  0.00     2.3595325083      13.591967033  
2020 11 20  12  1  0.00     2.3595309553      13.591956594  
2020 11 20  12  2  0.00     2.3595294023      13.591946156  
2020 11 20  12  3  0.00     2.3595278491      13.591935719  
2020 11 20  12  4  0.00     2.3595262959      13.591925282  
2020 11 20  12  5  0.00     2.3595247426      13.591914846  
2020 11 20  12  6  0.00     2.3595231892      13.591904411  
2020 11 20  12  7  0.00     2.3595216357      13.591893976  
2020 11 20  12  8  0.00     2.3595200822      13.591883542  
2020 11 20  12  9  0.00     2.3595185286      13.591873109  
2020 11 20  12 10  0.00     2.3595169749      13.591862677  
2020 11 20  12 11  0.00     2.3595154212      13.591852245  
2020 11 20  12 12  0.00     2.3595138673      13.591841815  
2020 11 20  12 13  0.00     2.3595123134      13.591831384  
2020 11 20  12 14  0.00     2.3595107595      13.591820955  
2020 11 20  12 15  0.00     2.3595092054      13.591810526  
2020 11 20  12 16  0.00     2.3595076513      13.591800098  
2020 11 20  12 17  0.00     2.3595060971      13.591789671  
2020 11 20  12 18  0.00     2.3595045428      13.591779244  
2020 11 20  12 19  0.00     2.3595029885      13.591768819  
2020 11 20  12 20  0.00     2.3595014341      13.591758394  
2020 11 20  12 21  0.00     2.3594998796      13.591747969  
2020 11 20  12 22  0.00     2.3594983251      13.591737545  
2020 11 20  12 23  0.00     2.3594967705      13.591727122  
2020 11 20  12 24  0.00     2.3594952158      13.591716700  
2020 11 20  12 25  0.00     2.3594936611      13.591706279  
2020 11 20  12 26  0.00     2.3594921063      13.591695858  
2020 11 20  12 27  0.00     2.3594905514      13.591685438  
2020 11 20  12 28  0.00     2.3594889964      13.591675018  
2020 11 20  12 29  0.00     2.3594874414      13.591664599  
2020 11 20  12 30  0.00     2.3594858863      13.591654181  
2020 11 20  12 31  0.00     2.3594843312      13.591643764  
2020 11 20  12 32  0.00     2.3594827760      13.591633347  
2020 11 20  12 33  0.00     2.3594812207      13.591622931  
2020 11 20  12 34  0.00     2.3594796654      13.591612516  
2020 11 20  12 35  0.00     2.3594781100      13.591602101  
2020 11 20  12 36  0.00     2.3594765545      13.591591687  
2020 11 20  12 37  0.00     2.3594749990      13.591581274  
2020 11 20  12 38  0.00     2.3594734434      13.591570862  
2020 11 20  12 39  0.00     2.3594718878      13.591560450  
2020 11 20  12 40  0.00     2.3594703321      13.591550039  
2020 11 20  12 41  0.00     2.3594687763      13.591539628  
2020 11 20  12 42  0.00     2.3594672205      13.591529218  
2020 11 20  12 43  0.00     2.3594656646      13.591518809  
2020 11 20  12 44  0.00     2.3594641086      13.591508401  
2020 11 20  12 45  0.00     2.3594625526      13.591497993  
2020 11 20  12 46  0.00     2.3594609966      13.591487586  
2020 11 20  12 47  0.00     2.3594594404      13.591477180  
2020 11 20  12 48  0.00     2.3594578842      13.591466774  
2020 11 20  12 49  0.00     2.3594563280      13.591456369  
2020 11 20  12 50  0.00     2.3594547717      13.591445965  
2020 11 20  12 51  0.00     2.3594532154      13.591435561  
2020 11 20  12 52  0.00     2.3594516590      13.591425158  
2020 11 20  12 53  0.00     2.3594501025      13.591414755  
2020 11 20  12 54  0.00     2.3594485460      13.591404354  
2020 11 20  12 55  0.00     2.3594469894      13.591393953  
2020 11 20  12 56  0.00     2.3594454328      13.591383552  
2020 11 20  12 57  0.00     2.3594438761      13.591373153  
2020 11 20  12 58  0.00     2.3594423194      13.591362754  
2020 11 20  12 59  0.00     2.3594407626      13.591352355  
2020 11 20  13  0  0.00     2.3594392058      13.591341958  
2020 11 20  13  1  0.00     2.3594376489      13.591331561  
2020 11 20  13  2  0.00     2.3594360920      13.591321164  
2020 11 20  13  3  0.00     2.3594345350      13.591310768  
2020 11 20  13  4  0.00     2.3594329780      13.591300373  
2020 11 20  13  5  0.00     2.3594314209      13.591289979  
2020 11 20  13  6  0.00     2.3594298638      13.591279585  
2020 11 20  13  7  0.00     2.3594283066      13.591269192  
2020 11 20  13  8  0.00     2.3594267494      13.591258799  
2020 11 20  13  9  0.00     2.3594251921      13.591248408  
2020 11 20  13 10  0.00     2.3594236348      13.591238016  
2020 11 20  13 11  0.00     2.3594220775      13.591227626  
2020 11 20  13 12  0.00     2.3594205201      13.591217236  
2020 11 20  13 13  0.00     2.3594189626      13.591206847  
2020 11 20  13 14  0.00     2.3594174051      13.591196458  
2020 11 20  13 15  0.00     2.3594158476      13.591186070  
2020 11 20  13 16  0.00     2.3594142900      13.591175683  
2020 11 20  13 17  0.00     2.3594127324      13.591165296  
2020 11 20  13 18  0.00     2.3594111748      13.591154910  
2020 11 20  13 19  0.00     2.3594096171      13.591144525  
2020 11 20  13 20  0.00     2.3594080593      13.591134140  
2020 11 20  13 21  0.00     2.3594065015      13.591123756  
2020 11 20  13 22  0.00     2.3594049437      13.591113372  
2020 11 20  13 23  0.00     2.3594033859      13.591102990  
2020 11 20  13 24  0.00     2.3594018280      13.591092607  
2020 11 20  13 25  0.00     2.3594002700      13.591082226  
2020 11 20  13 26  0.00     2.3593987121      13.591071845  
2020 11 20  13 27  0.00     2.3593971541      13.591061464  
2020 11 20  13 28  0.00     2.3593955960      13.591051085  
2020 11 20  13 29  0.00     2.3593940379      13.591040706  
2020 11 20  13 30  0.00     2.3593924798      13.591030327  
2020 11 20  13 31  0.00     2.3593909217      13.591019949  
2020 11 20  13 32  0.00     2.3593893635      13.591009572  
2020 11 20  13 33  0.00     2.3593878053      13.590999196  
2020 11 20  13 34  0.00     2.3593862470      13.590988820  
2020 11 20  13 35  0.00     2.3593846887      13.590978444  
2020 11 20  13 36  0.00     2.3593831304      13.590968070  
2020 11 20  13 37  0.00     2.3593815721      13.590957696  
2020 11 20  13 38  0.00     2.3593800137      13.590947322  
2020 11 20  13 39  0.00     2.3593784553      13.590936949  
2020 11 20  13 40  0.00     2.3593768969      13.590926577  
2020 11 20  13 41  0.00     2.3593753384      13.590916206  
2020 11 20  13 42  0.00     2.3593737799      13.590905835  
2020 11 20  13 43  0.00     2.3593722214      13.590895464  
2020 11 20  13 44  0.00     2.3593706628      13.590885094  
2020 11 20  13 45  0.00     2.3593691043      13.590874725  
2020 11 20  13 46  0.00     2.3593675457      13.590864357  
2020 11 20  13 47  0.00     2.3593659871      13.590853989  
2020 11 20  13 48  0.00     2.3593644284      13.590843622  
2020 11 20  13 49  0.00     2.3593628697      13.590833255  
2020 11 20  13 50  0.00     2.3593613110      13.590822889  
2020 11 20  13 51  0.00     2.3593597523      13.590812523  
2020 11 20  13 52  0.00     2.3593581936      13.590802158  
2020 11 20  13 53  0.00     2.3593566348      13.590791794  
2020 11 20  13 54  0.00     2.3593550760      13.590781431  
2020 11 20  13 55  0.00     2.3593535172      13.590771068  
2020 11 20  13 56  0.00     2.3593519584      13.590760705  
2020 11 20  13 57  0.00     2.3593503996      13.590750343  
2020 11 20  13 58  0.00     2.3593488407      13.590739982  
2020 11 20  13 59  0.00     2.3593472818      13.590729621  
2020 11 20  14  0  0.00     2.3593457229      13.590719261  
2020 11 20  14  1  0.00     2.3593441640      13.590708902  
2020 11 20  14  2  0.00     2.3593426051      13.590698543  
2020 11 20  14  3  0.00     2.3593410462      13.590688185  
2020 11 20  14  4  0.00     2.3593394872      13.590677827  
2020 11 20  14  5  0.00     2.3593379282      13.590667470  
2020 11 20  14  6  0.00     2.3593363692      13.590657114  
2020 11 20  14  7  0.00     2.3593348102      13.590646758  
2020 11 20  14  8  0.00     2.3593332512      13.590636403  
2020 11 20  14  9  0.00     2.3593316922      13.590626048  
2020 11 20  14 10  0.00     2.3593301332      13.590615694  
2020 11 20  14 11  0.00     2.3593285741      13.590605341  
2020 11 20  14 12  0.00     2.3593270151      13.590594988  
2020 11 20  14 13  0.00     2.3593254560      13.590584636  
2020 11 20  14 14  0.00     2.3593238969      13.590574284  
2020 11 20  14 15  0.00     2.3593223378      13.590563933  
2020 11 20  14 16  0.00     2.3593207787      13.590553583  
2020 11 20  14 17  0.00     2.3593192196      13.590543233  
2020 11 20  14 18  0.00     2.3593176605      13.590532883  
2020 11 20  14 19  0.00     2.3593161014      13.590522535  
2020 11 20  14 20  0.00     2.3593145423      13.590512187  
2020 11 20  14 21  0.00     2.3593129832      13.590501839  
2020 11 20  14 22  0.00     2.3593114240      13.590491492  
2020 11 20  14 23  0.00     2.3593098649      13.590481146  
2020 11 20  14 24  0.00     2.3593083058      13.590470800  
2020 11 20  14 25  0.00     2.3593067467      13.590460455  
2020 11 20  14 26  0.00     2.3593051875      13.590450111  
2020 11 20  14 27  0.00     2.3593036284      13.590439767  
2020 11 20  14 28  0.00     2.3593020692      13.590429423  
2020 11 20  14 29  0.00     2.3593005101      13.590419081  
2020 11 20  14 30  0.00     2.3592989510      13.590408738  
2020 11 20  14 31  0.00     2.3592973918      13.590398397  
2020 11 20  14 32  0.00     2.3592958327      13.590388056  
2020 11 20  14 33  0.00     2.3592942736      13.590377715  
2020 11 20  14 34  0.00     2.3592927145      13.590367375  
2020 11 20  14 35  0.00     2.3592911553      13.590357036  
2020 11 20  14 36  0.00     2.3592895962      13.590346697  
2020 11 20  14 37  0.00     2.3592880371      13.590336359  
2020 11 20  14 38  0.00     2.3592864780      13.590326022  
2020 11 20  14 39  0.00     2.3592849189      13.590315685  
2020 11 20  14 40  0.00     2.3592833598      13.590305349  
2020 11 20  14 41  0.00     2.3592818008      13.590295013  
2020 11 20  14 42  0.00     2.3592802417      13.590284678  
2020 11 20  14 43  0.00     2.3592786826      13.590274343  
2020 11 20  14 44  0.00     2.3592771236      13.590264009  
2020 11 20  14 45  0.00     2.3592755645      13.590253676  
2020 11 20  14 46  0.00     2.3592740055      13.590243343  
2020 11 20  14 47  0.00     2.3592724465      13.590233010  
2020 11 20  14 48  0.00     2.3592708875      13.590222679  
2020 11 20  14 49  0.00     2.3592693285      13.590212348  
2020 11 20  14 50  0.00     2.3592677695      13.590202017  
2020 11 20  14 51  0.00     2.3592662105      13.590191687  
2020 11 20  14 52  0.00     2.3592646516      13.590181358  
2020 11 20  14 53  0.00     2.3592630927      13.590171029  
2020 11 20  14 54  0.00     2.3592615337      13.590160701  
2020 11 20  14 55  0.00     2.3592599748      13.590150373  
2020 11 20  14 56  0.00     2.3592584160      13.590140046  
2020 11 20  14 57  0.00     2.3592568571      13.590129720  
2020 11 20  14 58  0.00     2.3592552983      13.590119394  
2020 11 20  14 59  0.00     2.3592537394      13.590109068  
2020 11 20  15  0  0.00     2.3592521806      13.590098744  
2020 11 20  15  1  0.00     2.3592506218      13.590088420  
2020 11 20  15  2  0.00     2.3592490631      13.590078096  
2020 11 20  15  3  0.00     2.3592475043      13.590067773  
2020 11 20  15  4  0.00     2.3592459456      13.590057451  
2020 11 20  15  5  0.00     2.3592443869      13.590047129  
2020 11 20  15  6  0.00     2.3592428283      13.590036808  
2020 11 20  15  7  0.00     2.3592412696      13.590026487  
2020 11 20  15  8  0.00     2.3592397110      13.590016167  
2020 11 20  15  9  0.00     2.3592381524      13.590005847  
2020 11 20  15 10  0.00     2.3592365939      13.589995528  
2020 11 20  15 11  0.00     2.3592350353      13.589985210  
2020 11 20  15 12  0.00     2.3592334768      13.589974892  
2020 11 20  15 13  0.00     2.3592319183      13.589964575  
2020 11 20  15 14  0.00     2.3592303599      13.589954258  
2020 11 20  15 15  0.00     2.3592288015      13.589943942  
2020 11 20  15 16  0.00     2.3592272431      13.589933627  
2020 11 20  15 17  0.00     2.3592256847      13.589923312  
2020 11 20  15 18  0.00     2.3592241264      13.589912998  
2020 11 20  15 19  0.00     2.3592225681      13.589902684  
2020 11 20  15 20  0.00     2.3592210098      13.589892371  
2020 11 20  15 21  0.00     2.3592194516      13.589882058  
2020 11 20  15 22  0.00     2.3592178934      13.589871746  
2020 11 20  15 23  0.00     2.3592163353      13.589861435  
2020 11 20  15 24  0.00     2.3592147771      13.589851124  
2020 11 20  15 25  0.00     2.3592132191      13.589840814  
2020 11 20  15 26  0.00     2.3592116610      13.589830504  
2020 11 20  15 27  0.00     2.3592101030      13.589820195  
2020 11 20  15 28  0.00     2.3592085450      13.589809887  
2020 11 20  15 29  0.00     2.3592069871      13.589799579  
2020 11 20  15 30  0.00     2.3592054292      13.589789271  
2020 11 20  15 31  0.00     2.3592038714      13.589778965  
2020 11 20  15 32  0.00     2.3592023136      13.589768658  
2020 11 20  15 33  0.00     2.3592007558      13.589758353  
2020 11 20  15 34  0.00     2.3591991981      13.589748048  
2020 11 20  15 35  0.00     2.3591976404      13.589737743  
2020 11 20  15 36  0.00     2.3591960828      13.589727440  
2020 11 20  15 37  0.00     2.3591945252      13.589717136  
2020 11 20  15 38  0.00     2.3591929676      13.589706834  
2020 11 20  15 39  0.00     2.3591914101      13.589696532  
2020 11 20  15 40  0.00     2.3591898527      13.589686230  
2020 11 20  15 41  0.00     2.3591882953      13.589675929  
2020 11 20  15 42  0.00     2.3591867379      13.589665629  
2020 11 20  15 43  0.00     2.3591851806      13.589655329  
2020 11 20  15 44  0.00     2.3591836233      13.589645030  
2020 11 20  15 45  0.00     2.3591820661      13.589634731  
2020 11 20  15 46  0.00     2.3591805090      13.589624433  
2020 11 20  15 47  0.00     2.3591789519      13.589614136  
2020 11 20  15 48  0.00     2.3591773948      13.589603839  
2020 11 20  15 49  0.00     2.3591758378      13.589593543  
2020 11 20  15 50  0.00     2.3591742808      13.589583247  
2020 11 20  15 51  0.00     2.3591727239      13.589572952  
2020 11 20  15 52  0.00     2.3591711671      13.589562658  
2020 11 20  15 53  0.00     2.3591696103      13.589552364  
2020 11 20  15 54  0.00     2.3591680536      13.589542070  
2020 11 20  15 55  0.00     2.3591664969      13.589531778  
2020 11 20  15 56  0.00     2.3591649403      13.589521485  
2020 11 20  15 57  0.00     2.3591633837      13.589511194  
2020 11 20  15 58  0.00     2.3591618272      13.589500903  
2020 11 20  15 59  0.00     2.3591602708      13.589490613  
2020 11 20  16  0  0.00     2.3591587144      13.589480323  
2020 11 20  16  1  0.00     2.3591571581      13.589470034  
2020 11 20  16  2  0.00     2.3591556018      13.589459745  
2020 11 20  16  3  0.00     2.3591540456      13.589449457  
2020 11 20  16  4  0.00     2.3591524895      13.589439170  
2020 11 20  16  5  0.00     2.3591509334      13.589428883  
2020 11 20  16  6  0.00     2.3591493774      13.589418597  
2020 11 20  16  7  0.00     2.3591478214      13.589408311  
2020 11 20  16  8  0.00     2.3591462656      13.589398026  
2020 11 20  16  9  0.00     2.3591447097      13.589387742  
2020 11 20  16 10  0.00     2.3591431540      13.589377458  
2020 11 20  16 11  0.00     2.3591415983      13.589367175  
2020 11 20  16 12  0.00     2.3591400427      13.589356892  
2020 11 20  16 13  0.00     2.3591384871      13.589346610  
2020 11 20  16 14  0.00     2.3591369316      13.589336329  
2020 11 20  16 15  0.00     2.3591353762      13.589326048  
2020 11 20  16 16  0.00     2.3591338209      13.589315768  
2020 11 20  16 17  0.00     2.3591322656      13.589305488  
2020 11 20  16 18  0.00     2.3591307104      13.589295209  
2020 11 20  16 19  0.00     2.3591291553      13.589284931  
2020 11 20  16 20  0.00     2.3591276002      13.589274653  
2020 11 20  16 21  0.00     2.3591260453      13.589264376  
2020 11 20  16 22  0.00     2.3591244904      13.589254099  
2020 11 20  16 23  0.00     2.3591229355      13.589243823  
2020 11 20  16 24  0.00     2.3591213808      13.589233548  
2020 11 20  16 25  0.00     2.3591198261      13.589223273  
2020 11 20  16 26  0.00     2.3591182715      13.589212999  
2020 11 20  16 27  0.00     2.3591167169      13.589202725  
2020 11 20  16 28  0.00     2.3591151625      13.589192452  
2020 11 20  16 29  0.00     2.3591136081      13.589182180  
2020 11 20  16 30  0.00     2.3591120538      13.589171908  
2020 11 20  16 31  0.00     2.3591104996      13.589161637  
2020 11 20  16 32  0.00     2.3591089455      13.589151366  
2020 11 20  16 33  0.00     2.3591073914      13.589141097  
2020 11 20  16 34  0.00     2.3591058375      13.589130827  
2020 11 20  16 35  0.00     2.3591042836      13.589120559  
2020 11 20  16 36  0.00     2.3591027298      13.589110291  
2020 11 20  16 37  0.00     2.3591011760      13.589100023  
2020 11 20  16 38  0.00     2.3590996224      13.589089756  
2020 11 20  16 39  0.00     2.3590980688      13.589079490  
2020 11 20  16 40  0.00     2.3590965154      13.589069225  
2020 11 20  16 41  0.00     2.3590949620      13.589058960  
2020 11 20  16 42  0.00     2.3590934087      13.589048695  
2020 11 20  16 43  0.00     2.3590918555      13.589038432  
2020 11 20  16 44  0.00     2.3590903024      13.589028169  
2020 11 20  16 45  0.00     2.3590887493      13.589017906  
2020 11 20  16 46  0.00     2.3590871964      13.589007644  
2020 11 20  16 47  0.00     2.3590856435      13.588997383  
2020 11 20  16 48  0.00     2.3590840908      13.588987122  
2020 11 20  16 49  0.00     2.3590825381      13.588976863  
2020 11 20  16 50  0.00     2.3590809855      13.588966603  
2020 11 20  16 51  0.00     2.3590794330      13.588956345  
2020 11 20  16 52  0.00     2.3590778806      13.588946086  
2020 11 20  16 53  0.00     2.3590763283      13.588935829  
2020 11 20  16 54  0.00     2.3590747761      13.588925572  
2020 11 20  16 55  0.00     2.3590732240      13.588915316  
2020 11 20  16 56  0.00     2.3590716720      13.588905061  
2020 11 20  16 57  0.00     2.3590701201      13.588894806  
2020 11 20  16 58  0.00     2.3590685682      13.588884551  
2020 11 20  16 59  0.00     2.3590670165      13.588874298  
2020 11 20  17  0  0.00     2.3590654649      13.588864045  
2020 11 20  17  1  0.00     2.3590639133      13.588853793  
2020 11 20  17  2  0.00     2.3590623619      13.588843541  
2020 11 20  17  3  0.00     2.3590608106      13.588833290  
2020 11 20  17  4  0.00     2.3590592593      13.588823039  
2020 11 20  17  5  0.00     2.3590577082      13.588812790  
2020 11 20  17  6  0.00     2.3590561571      13.588802541  
2020 11 20  17  7  0.00     2.3590546062      13.588792292  
2020 11 20  17  8  0.00     2.3590530554      13.588782044  
2020 11 20  17  9  0.00     2.3590515047      13.588771797  
2020 11 20  17 10  0.00     2.3590499540      13.588761551  
2020 11 20  17 11  0.00     2.3590484035      13.588751305  
2020 11 20  17 12  0.00     2.3590468531      13.588741060  
2020 11 20  17 13  0.00     2.3590453028      13.588730815  
2020 11 20  17 14  0.00     2.3590437526      13.588720571  
2020 11 20  17 15  0.00     2.3590422025      13.588710328  
2020 11 20  17 16  0.00     2.3590406525      13.588700085  
2020 11 20  17 17  0.00     2.3590391026      13.588689843  
2020 11 20  17 18  0.00     2.3590375528      13.588679602  
2020 11 20  17 19  0.00     2.3590360032      13.588669362  
2020 11 20  17 20  0.00     2.3590344536      13.588659122  
2020 11 20  17 21  0.00     2.3590329042      13.588648882  
2020 11 20  17 22  0.00     2.3590313549      13.588638644  
2020 11 20  17 23  0.00     2.3590298056      13.588628406  
2020 11 20  17 24  0.00     2.3590282565      13.588618169  
2020 11 20  17 25  0.00     2.3590267075      13.588607932  
2020 11 20  17 26  0.00     2.3590251586      13.588597696  
2020 11 20  17 27  0.00     2.3590236099      13.588587461  
2020 11 20  17 28  0.00     2.3590220612      13.588577226  
2020 11 20  17 29  0.00     2.3590205127      13.588566992  
2020 11 20  17 30  0.00     2.3590189642      13.588556759  
2020 11 20  17 31  0.00     2.3590174159      13.588546527  
2020 11 20  17 32  0.00     2.3590158677      13.588536295  
2020 11 20  17 33  0.00     2.3590143197      13.588526063  
2020 11 20  17 34  0.00     2.3590127717      13.588515833  
2020 11 20  17 35  0.00     2.3590112239      13.588505603  
2020 11 20  17 36  0.00     2.3590096761      13.588495374  
2020 11 20  17 37  0.00     2.3590081285      13.588485146  
2020 11 20  17 38  0.00     2.3590065810      13.588474918  
2020 11 20  17 39  0.00     2.3590050337      13.588464691  
2020 11 20  17 40  0.00     2.3590034864      13.588454464  
2020 11 20  17 41  0.00     2.3590019393      13.588444239  
2020 11 20  17 42  0.00     2.3590003923      13.588434014  
2020 11 20  17 43  0.00     2.3589988454      13.588423789  
2020 11 20  17 44  0.00     2.3589972987      13.588413566  
2020 11 20  17 45  0.00     2.3589957520      13.588403343  
2020 11 20  17 46  0.00     2.3589942055      13.588393121  
2020 11 20  17 47  0.00     2.3589926592      13.588382899  
2020 11 20  17 48  0.00     2.3589911129      13.588372678  
2020 11 20  17 49  0.00     2.3589895668      13.588362458  
2020 11 20  17 50  0.00     2.3589880208      13.588352239  
2020 11 20  17 51  0.00     2.3589864749      13.588342020  
2020 11 20  17 52  0.00     2.3589849291      13.588331802  
2020 11 20  17 53  0.00     2.3589833835      13.588321585  
2020 11 20  17 54  0.00     2.3589818380      13.588311368  
2020 11 20  17 55  0.00     2.3589802927      13.588301152  
2020 11 20  17 56  0.00     2.3589787474      13.588290937  
2020 11 20  17 57  0.00     2.3589772023      13.588280723  
2020 11 20  17 58  0.00     2.3589756573      13.588270509  
2020 11 20  17 59  0.00     2.3589741125      13.588260296  
2020 11 20  18  0  0.00     2.3589725678      13.588250084  
2020 11 20  18  1  0.00     2.3589710232      13.588239872  
2020 11 20  18  2  0.00     2.3589694788      13.588229662  
2020 11 20  18  3  0.00     2.3589679345      13.588219452  
2020 11 20  18  4  0.00     2.3589663903      13.588209242  
2020 11 20  18  5  0.00     2.3589648462      13.588199034  
2020 11 20  18  6  0.00     2.3589633023      13.588188826  
2020 11 20  18  7  0.00     2.3589617585      13.588178619  
2020 11 20  18  8  0.00     2.3589602149      13.588168412  
2020 11 20  18  9  0.00     2.3589586714      13.588158206  
2020 11 20  18 10  0.00     2.3589571280      13.588148001  
2020 11 20  18 11  0.00     2.3589555848      13.588137797  
2020 11 20  18 12  0.00     2.3589540417      13.588127594  
2020 11 20  18 13  0.00     2.3589524988      13.588117391  
2020 11 20  18 14  0.00     2.3589509559      13.588107189  
2020 11 20  18 15  0.00     2.3589494133      13.588096988  
2020 11 20  18 16  0.00     2.3589478707      13.588086787  
2020 11 20  18 17  0.00     2.3589463283      13.588076588  
2020 11 20  18 18  0.00     2.3589447861      13.588066389  
2020 11 20  18 19  0.00     2.3589432440      13.588056190  
2020 11 20  18 20  0.00     2.3589417020      13.588045993  
2020 11 20  18 21  0.00     2.3589401602      13.588035796  
2020 11 20  18 22  0.00     2.3589386185      13.588025600  
2020 11 20  18 23  0.00     2.3589370769      13.588015405  
2020 11 20  18 24  0.00     2.3589355355      13.588005210  
2020 11 20  18 25  0.00     2.3589339943      13.587995017  
2020 11 20  18 26  0.00     2.3589324532      13.587984824  
2020 11 20  18 27  0.00     2.3589309122      13.587974632  
2020 11 20  18 28  0.00     2.3589293714      13.587964440  
2020 11 20  18 29  0.00     2.3589278307      13.587954250  
2020 11 20  18 30  0.00     2.3589262902      13.587944060  
2020 11 20  18 31  0.00     2.3589247498      13.587933871  
2020 11 20  18 32  0.00     2.3589232096      13.587923682  
2020 11 20  18 33  0.00     2.3589216695      13.587913495  
2020 11 20  18 34  0.00     2.3589201295      13.587903308  
2020 11 20  18 35  0.00     2.3589185897      13.587893122  
2020 11 20  18 36  0.00     2.3589170501      13.587882937  
2020 11 20  18 37  0.00     2.3589155106      13.587872753  
2020 11 20  18 38  0.00     2.3589139713      13.587862569  
2020 11 20  18 39  0.00     2.3589124321      13.587852386  
2020 11 20  18 40  0.00     2.3589108930      13.587842204  
2020 11 20  18 41  0.00     2.3589093541      13.587832023  
2020 11 20  18 42  0.00     2.3589078154      13.587821843  
2020 11 20  18 43  0.00     2.3589062768      13.587811663  
2020 11 20  18 44  0.00     2.3589047384      13.587801484  
2020 11 20  18 45  0.00     2.3589032001      13.587791306  
2020 11 20  18 46  0.00     2.3589016620      13.587781129  
2020 11 20  18 47  0.00     2.3589001240      13.587770953  
2020 11 20  18 48  0.00     2.3588985862      13.587760777  
2020 11 20  18 49  0.00     2.3588970485      13.587750602  
2020 11 20  18 50  0.00     2.3588955110      13.587740428  
2020 11 20  18 51  0.00     2.3588939737      13.587730255  
2020 11 20  18 52  0.00     2.3588924365      13.587720083  
2020 11 20  18 53  0.00     2.3588908994      13.587709911  
2020 11 20  18 54  0.00     2.3588893625      13.587699740  
2020 11 20  18 55  0.00     2.3588878258      13.587689571  
2020 11 20  18 56  0.00     2.3588862892      13.587679401  
2020 11 20  18 57  0.00     2.3588847528      13.587669233  
2020 11 20  18 58  0.00     2.3588832166      13.587659066  
2020 11 20  18 59  0.00     2.3588816805      13.587648899  
2020 11 20  19  0  0.00     2.3588801446      13.587638733  
2020 11 20  19  1  0.00     2.3588786088      13.587628568  
2020 11 20  19  2  0.00     2.3588770732      13.587618404  
2020 11 20  19  3  0.00     2.3588755377      13.587608241  
2020 11 20  19  4  0.00     2.3588740024      13.587598079  
2020 11 20  19  5  0.00     2.3588724673      13.587587917  
2020 11 20  19  6  0.00     2.3588709323      13.587577756  
2020 11 20  19  7  0.00     2.3588693975      13.587567596  
2020 11 20  19  8  0.00     2.3588678629      13.587557437  
2020 11 20  19  9  0.00     2.3588663284      13.587547279  
2020 11 20  19 10  0.00     2.3588647941      13.587537122  
2020 11 20  19 11  0.00     2.3588632599      13.587526965  
2020 11 20  19 12  0.00     2.3588617259      13.587516810  
2020 11 20  19 13  0.00     2.3588601921      13.587506655  
2020 11 20  19 14  0.00     2.3588586584      13.587496501  
2020 11 20  19 15  0.00     2.3588571249      13.587486348  
2020 11 20  19 16  0.00     2.3588555916      13.587476196  
2020 11 20  19 17  0.00     2.3588540584      13.587466044  
2020 11 20  19 18  0.00     2.3588525254      13.587455894  
2020 11 20  19 19  0.00     2.3588509926      13.587445744  
2020 11 20  19 20  0.00     2.3588494599      13.587435596  
2020 11 20  19 21  0.00     2.3588479274      13.587425448  
2020 11 20  19 22  0.00     2.3588463951      13.587415301  
2020 11 20  19 23  0.00     2.3588448629      13.587405155  
2020 11 20  19 24  0.00     2.3588433309      13.587395010  
2020 11 20  19 25  0.00     2.3588417991      13.587384865  
2020 11 20  19 26  0.00     2.3588402674      13.587374722  
2020 11 20  19 27  0.00     2.3588387359      13.587364579  
2020 11 20  19 28  0.00     2.3588372046      13.587354438  
2020 11 20  19 29  0.00     2.3588356735      13.587344297  
2020 11 20  19 30  0.00     2.3588341425      13.587334157  
2020 11 20  19 31  0.00     2.3588326117      13.587324018  
2020 11 20  19 32  0.00     2.3588310810      13.587313880  
2020 11 20  19 33  0.00     2.3588295505      13.587303743  
2020 11 20  19 34  0.00     2.3588280202      13.587293607  
2020 11 20  19 35  0.00     2.3588264901      13.587283471  
2020 11 20  19 36  0.00     2.3588249602      13.587273337  
2020 11 20  19 37  0.00     2.3588234304      13.587263203  
2020 11 20  19 38  0.00     2.3588219008      13.587253071  
2020 11 20  19 39  0.00     2.3588203713      13.587242939  
2020 11 20  19 40  0.00     2.3588188421      13.587232808  
2020 11 20  19 41  0.00     2.3588173130      13.587222678  
2020 11 20  19 42  0.00     2.3588157840      13.587212549  
2020 11 20  19 43  0.00     2.3588142553      13.587202421  
2020 11 20  19 44  0.00     2.3588127267      13.587192294  
2020 11 20  19 45  0.00     2.3588111983      13.587182168  
2020 11 20  19 46  0.00     2.3588096701      13.587172043  
2020 11 20  19 47  0.00     2.3588081421      13.587161918  
2020 11 20  19 48  0.00     2.3588066142      13.587151795  
2020 11 20  19 49  0.00     2.3588050865      13.587141672  
2020 11 20  19 50  0.00     2.3588035590      13.587131551  
2020 11 20  19 51  0.00     2.3588020316      13.587121430  
2020 11 20  19 52  0.00     2.3588005045      13.587111311  
2020 11 20  19 53  0.00     2.3587989775      13.587101192  
2020 11 20  19 54  0.00     2.3587974507      13.587091074  
2020 11 20  19 55  0.00     2.3587959240      13.587080958  
2020 11 20  19 56  0.00     2.3587943976      13.587070842  
2020 11 20  19 57  0.00     2.3587928713      13.587060727  
2020 11 20  19 58  0.00     2.3587913452      13.587050613  
2020 11 20  19 59  0.00     2.3587898193      13.587040500  
2020 11 20  20  0  0.00     2.3587882935      13.587030388  
2020 11 20  20  1  0.00     2.3587867680      13.587020277  
2020 11 20  20  2  0.00     2.3587852426      13.587010167  
2020 11 20  20  3  0.00     2.3587837174      13.587000058  
2020 11 20  20  4  0.00     2.3587821923      13.586989950  
2020 11 20  20  5  0.00     2.3587806675      13.586979843  
2020 11 20  20  6  0.00     2.3587791428      13.586969737  
2020 11 20  20  7  0.00     2.3587776183      13.586959631  
2020 11 20  20  8  0.00     2.3587760940      13.586949527  
2020 11 20  20  9  0.00     2.3587745699      13.586939424  
2020 11 20  20 10  0.00     2.3587730459      13.586929322  
2020 11 20  20 11  0.00     2.3587715222      13.586919220  
2020 11 20  20 12  0.00     2.3587699986      13.586909120  
2020 11 20  20 13  0.00     2.3587684752      13.586899021  
2020 11 20  20 14  0.00     2.3587669520      13.586888923  
2020 11 20  20 15  0.00     2.3587654289      13.586878825  
2020 11 20  20 16  0.00     2.3587639061      13.586868729  
2020 11 20  20 17  0.00     2.3587623834      13.586858634  
2020 11 20  20 18  0.00     2.3587608609      13.586848540  
2020 11 20  20 19  0.00     2.3587593386      13.586838446  
2020 11 20  20 20  0.00     2.3587578165      13.586828354  
2020 11 20  20 21  0.00     2.3587562945      13.586818263  
2020 11 20  20 22  0.00     2.3587547727      13.586808173  
2020 11 20  20 23  0.00     2.3587532512      13.586798084  
2020 11 20  20 24  0.00     2.3587517298      13.586787995  
2020 11 20  20 25  0.00     2.3587502086      13.586777908  
2020 11 20  20 26  0.00     2.3587486875      13.586767822  
---
2020 11 21  10 32  0.00     2.3574965100      13.578769177  
2020 11 21  10 33  0.00     2.3574950121      13.578760368  
2020 11 21  10 34  0.00     2.3574935141      13.578751560  
2020 11 21  10 35  0.00     2.3574920160      13.578742753  
2020 11 21  10 36  0.00     2.3574905177      13.578733948  
2020 11 21  10 37  0.00     2.3574890193      13.578725143  
2020 11 21  10 38  0.00     2.3574875208      13.578716340  
2020 11 21  10 39  0.00     2.3574860222      13.578707537  
2020 11 21  10 40  0.00     2.3574845234      13.578698736  
2020 11 21  10 41  0.00     2.3574830245      13.578689936  
2020 11 21  10 42  0.00     2.3574815255      13.578681137  
2020 11 21  10 43  0.00     2.3574800263      13.578672339  
2020 11 21  10 44  0.00     2.3574785270      13.578663542  
2020 11 21  10 45  0.00     2.3574770276      13.578654746  
2020 11 21  10 46  0.00     2.3574755281      13.578645951  
2020 11 21  10 47  0.00     2.3574740284      13.578637158  
2020 11 21  10 48  0.00     2.3574725286      13.578628365  
2020 11 21  10 49  0.00     2.3574710287      13.578619574  
2020 11 21  10 50  0.00     2.3574695286      13.578610784  
2020 11 21  10 51  0.00     2.3574680284      13.578601995  
2020 11 21  10 52  0.00     2.3574665281      13.578593207  
2020 11 21  10 53  0.00     2.3574650277      13.578584420  
2020 11 21  10 54  0.00     2.3574635272      13.578575634  
2020 11 21  10 55  0.00     2.3574620265      13.578566849  
2020 11 21  10 56  0.00     2.3574605257      13.578558065  
2020 11 21  10 57  0.00     2.3574590248      13.578549282  
2020 11 21  10 58  0.00     2.3574575237      13.578540501  
2020 11 21  10 59  0.00     2.3574560225      13.578531720  
2020 11 21  11  0  0.00     2.3574545212      13.578522941  
2020 11 21  11  1  0.00     2.3574530198      13.578514162  
2020 11 21  11  2  0.00     2.3574515183      13.578505385  
2020 11 21  11  3  0.00     2.3574500166      13.578496609  
2020 11 21  11  4  0.00     2.3574485148      13.578487834  
2020 11 21  11  5  0.00     2.3574470129      13.578479059  
2020 11 21  11  6  0.00     2.3574455108      13.578470286  
2020 11 21  11  7  0.00     2.3574440087      13.578461514  
2020 11 21  11  8  0.00     2.3574425064      13.578452743  
2020 11 21  11  9  0.00     2.3574410040      13.578443974  
2020 11 21  11 10  0.00     2.3574395015      13.578435205  
2020 11 21  11 11  0.00     2.3574379988      13.578426437  
2020 11 21  11 12  0.00     2.3574364961      13.578417670  
2020 11 21  11 13  0.00     2.3574349932      13.578408904  
2020 11 21  11 14  0.00     2.3574334902      13.578400140  
2020 11 21  11 15  0.00     2.3574319870      13.578391376  
2020 11 21  11 16  0.00     2.3574304838      13.578382613  
2020 11 21  11 17  0.00     2.3574289804      13.578373852  
2020 11 21  11 18  0.00     2.3574274769      13.578365091  
2020 11 21  11 19  0.00     2.3574259733      13.578356332  
2020 11 21  11 20  0.00     2.3574244696      13.578347573  
2020 11 21  11 21  0.00     2.3574229658      13.578338816  
2020 11 21  11 22  0.00     2.3574214618      13.578330060  
2020 11 21  11 23  0.00     2.3574199577      13.578321304  
2020 11 21  11 24  0.00     2.3574184535      13.578312550  
2020 11 21  11 25  0.00     2.3574169492      13.578303796  
2020 11 21  11 26  0.00     2.3574154448      13.578295044  
2020 11 21  11 27  0.00     2.3574139402      13.578286293  
2020 11 21  11 28  0.00     2.3574124356      13.578277543  
2020 11 21  11 29  0.00     2.3574109308      13.578268793  
2020 11 21  11 30  0.00     2.3574094259      13.578260045  
2020 11 21  11 31  0.00     2.3574079209      13.578251298  
2020 11 21  11 32  0.00     2.3574064158      13.578242551  
2020 11 21  11 33  0.00     2.3574049105      13.578233806  
2020 11 21  11 34  0.00     2.3574034052      13.578225062  
2020 11 21  11 35  0.00     2.3574018997      13.578216319  
2020 11 21  11 36  0.00     2.3574003941      13.578207577  
2020 11 21  11 37  0.00     2.3573988884      13.578198835  
2020 11 21  11 38  0.00     2.3573973826      13.578190095  
2020 11 21  11 39  0.00     2.3573958767      13.578181356  
2020 11 21  11 40  0.00     2.3573943707      13.578172617  
2020 11 21  11 41  0.00     2.3573928645      13.578163880  
2020 11 21  11 42  0.00     2.3573913583      13.578155144  
2020 11 21  11 43  0.00     2.3573898519      13.578146409  
2020 11 21  11 44  0.00     2.3573883454      13.578137674  
2020 11 21  11 45  0.00     2.3573868388      13.578128941  
2020 11 21  11 46  0.00     2.3573853321      13.578120209  
2020 11 21  11 47  0.00     2.3573838253      13.578111477  
2020 11 21  11 48  0.00     2.3573823184      13.578102747  
2020 11 21  11 49  0.00     2.3573808114      13.578094017  
2020 11 21  11 50  0.00     2.3573793042      13.578085289  
2020 11 21  11 51  0.00     2.3573777970      13.578076561  
2020 11 21  11 52  0.00     2.3573762896      13.578067835  
2020 11 21  11 53  0.00     2.3573747822      13.578059109  
2020 11 21  11 54  0.00     2.3573732746      13.578050385  
2020 11 21  11 55  0.00     2.3573717669      13.578041661  
2020 11 21  11 56  0.00     2.3573702592      13.578032939  
2020 11 21  11 57  0.00     2.3573687513      13.578024217  
2020 11 21  11 58  0.00     2.3573672433      13.578015496  
2020 11 21  11 59  0.00     2.3573657352      13.578006776  
2020 11 21  12  0  0.00     2.3573642270      13.577998058  
2020 11 21  12  1  0.00     2.3573627187      13.577989340  
2020 11 21  12  2  0.00     2.3573612103      13.577980623  
2020 11 21  12  3  0.00     2.3573597017      13.577971907  
2020 11 21  12  4  0.00     2.3573581931      13.577963192  
2020 11 21  12  5  0.00     2.3573566844      13.577954478  
2020 11 21  12  6  0.00     2.3573551756      13.577945765  
2020 11 21  12  7  0.00     2.3573536667      13.577937053  
2020 11 21  12  8  0.00     2.3573521576      13.577928341  
2020 11 21  12  9  0.00     2.3573506485      13.577919631  
2020 11 21  12 10  0.00     2.3573491393      13.577910922  
2020 11 21  12 11  0.00     2.3573476299      13.577902213  
2020 11 21  12 12  0.00     2.3573461205      13.577893506  
2020 11 21  12 13  0.00     2.3573446110      13.577884799  
2020 11 21  12 14  0.00     2.3573431014      13.577876094  
2020 11 21  12 15  0.00     2.3573415916      13.577867389  
2020 11 21  12 16  0.00     2.3573400818      13.577858685  
2020 11 21  12 17  0.00     2.3573385719      13.577849982  
2020 11 21  12 18  0.00     2.3573370619      13.577841280  
2020 11 21  12 19  0.00     2.3573355518      13.577832579  
2020 11 21  12 20  0.00     2.3573340415      13.577823879  
2020 11 21  12 21  0.00     2.3573325312      13.577815180  
2020 11 21  12 22  0.00     2.3573310208      13.577806482  
2020 11 21  12 23  0.00     2.3573295103      13.577797785  
2020 11 21  12 24  0.00     2.3573279997      13.577789088  
2020 11 21  12 25  0.00     2.3573264890      13.577780393  
2020 11 21  12 26  0.00     2.3573249783      13.577771698  
2020 11 21  12 27  0.00     2.3573234674      13.577763004  
2020 11 21  12 28  0.00     2.3573219564      13.577754312  
2020 11 21  12 29  0.00     2.3573204454      13.577745620  
2020 11 21  12 30  0.00     2.3573189342      13.577736929  
2020 11 21  12 31  0.00     2.3573174230      13.577728239  
2020 11 21  12 32  0.00     2.3573159116      13.577719550  
2020 11 21  12 33  0.00     2.3573144002      13.577710861  
2020 11 21  12 34  0.00     2.3573128887      13.577702174  
2020 11 21  12 35  0.00     2.3573113771      13.577693488  
2020 11 21  12 36  0.00     2.3573098654      13.577684802  
2020 11 21  12 37  0.00     2.3573083536      13.577676117  
2020 11 21  12 38  0.00     2.3573068417      13.577667434  
2020 11 21  12 39  0.00     2.3573053297      13.577658751  
2020 11 21  12 40  0.00     2.3573038177      13.577650069  
2020 11 21  12 41  0.00     2.3573023056      13.577641388  
2020 11 21  12 42  0.00     2.3573007933      13.577632707  
2020 11 21  12 43  0.00     2.3572992810      13.577624028  
2020 11 21  12 44  0.00     2.3572977686      13.577615350  
2020 11 21  12 45  0.00     2.3572962562      13.577606672  
2020 11 21  12 46  0.00     2.3572947436      13.577597995  
2020 11 21  12 47  0.00     2.3572932310      13.577589320  
2020 11 21  12 48  0.00     2.3572917182      13.577580645  
2020 11 21  12 49  0.00     2.3572902054      13.577571971  
2020 11 21  12 50  0.00     2.3572886925      13.577563298  
2020 11 21  12 51  0.00     2.3572871795      13.577554625  
2020 11 21  12 52  0.00     2.3572856665      13.577545954  
2020 11 21  12 53  0.00     2.3572841533      13.577537283  
2020 11 21  12 54  0.00     2.3572826401      13.577528614  
2020 11 21  12 55  0.00     2.3572811268      13.577519945  
2020 11 21  12 56  0.00     2.3572796134      13.577511277  
2020 11 21  12 57  0.00     2.3572781000      13.577502610  
2020 11 21  12 58  0.00     2.3572765864      13.577493944  
2020 11 21  12 59  0.00     2.3572750728      13.577485278  
2020 11 21  13  0  0.00     2.3572735591      13.577476614  
2020 11 21  13  1  0.00     2.3572720454      13.577467950  
2020 11 21  13  2  0.00     2.3572705315      13.577459287  
2020 11 21  13  3  0.00     2.3572690176      13.577450625  
2020 11 21  13  4  0.00     2.3572675036      13.577441964  
2020 11 21  13  5  0.00     2.3572659895      13.577433304  
2020 11 21  13  6  0.00     2.3572644754      13.577424645  
2020 11 21  13  7  0.00     2.3572629612      13.577415986  
2020 11 21  13  8  0.00     2.3572614469      13.577407329  
2020 11 21  13  9  0.00     2.3572599325      13.577398672  
2020 11 21  13 10  0.00     2.3572584181      13.577390016  
2020 11 21  13 11  0.00     2.3572569036      13.577381361  
2020 11 21  13 12  0.00     2.3572553890      13.577372707  
2020 11 21  13 13  0.00     2.3572538743      13.577364053  
2020 11 21  13 14  0.00     2.3572523596      13.577355401  
2020 11 21  13 15  0.00     2.3572508448      13.577346749  
2020 11 21  13 16  0.00     2.3572493300      13.577338098  
2020 11 21  13 17  0.00     2.3572478151      13.577329448  
2020 11 21  13 18  0.00     2.3572463001      13.577320799  
2020 11 21  13 19  0.00     2.3572447850      13.577312150  
2020 11 21  13 20  0.00     2.3572432699      13.577303503  
2020 11 21  13 21  0.00     2.3572417547      13.577294856  
2020 11 21  13 22  0.00     2.3572402394      13.577286210  
2020 11 21  13 23  0.00     2.3572387241      13.577277565  
2020 11 21  13 24  0.00     2.3572372087      13.577268921  
2020 11 21  13 25  0.00     2.3572356933      13.577260278  
2020 11 21  13 26  0.00     2.3572341777      13.577251635  
2020 11 21  13 27  0.00     2.3572326622      13.577242994  
2020 11 21  13 28  0.00     2.3572311465      13.577234353  
2020 11 21  13 29  0.00     2.3572296308      13.577225713  
2020 11 21  13 30  0.00     2.3572281151      13.577217073  
2020 11 21  13 31  0.00     2.3572265992      13.577208435  
2020 11 21  13 32  0.00     2.3572250833      13.577199797  
2020 11 21  13 33  0.00     2.3572235674      13.577191161  
2020 11 21  13 34  0.00     2.3572220514      13.577182525  
2020 11 21  13 35  0.00     2.3572205353      13.577173890  
2020 11 21  13 36  0.00     2.3572190192      13.577165255  
2020 11 21  13 37  0.00     2.3572175030      13.577156622  
2020 11 21  13 38  0.00     2.3572159868      13.577147989  
2020 11 21  13 39  0.00     2.3572144705      13.577139357  
2020 11 21  13 40  0.00     2.3572129542      13.577130726  
2020 11 21  13 41  0.00     2.3572114378      13.577122096  
2020 11 21  13 42  0.00     2.3572099213      13.577113467  
2020 11 21  13 43  0.00     2.3572084048      13.577104838  
2020 11 21  13 44  0.00     2.3572068883      13.577096210  
2020 11 21  13 45  0.00     2.3572053717      13.577087583  
2020 11 21  13 46  0.00     2.3572038550      13.577078957  
2020 11 21  13 47  0.00     2.3572023383      13.577070332  
2020 11 21  13 48  0.00     2.3572008215      13.577061707  
2020 11 21  13 49  0.00     2.3571993047      13.577053083  
2020 11 21  13 50  0.00     2.3571977878      13.577044461  
2020 11 21  13 51  0.00     2.3571962709      13.577035838  
2020 11 21  13 52  0.00     2.3571947540      13.577027217  
2020 11 21  13 53  0.00     2.3571932370      13.577018597  
2020 11 21  13 54  0.00     2.3571917199      13.577009977  
2020 11 21  13 55  0.00     2.3571902028      13.577001358  
2020 11 21  13 56  0.00     2.3571886857      13.576992740  
2020 11 21  13 57  0.00     2.3571871685      13.576984122  
2020 11 21  13 58  0.00     2.3571856512      13.576975506  
2020 11 21  13 59  0.00     2.3571841339      13.576966890  
2020 11 21  14  0  0.00     2.3571826166      13.576958275  
2020 11 21  14  1  0.00     2.3571810992      13.576949661  
2020 11 21  14  2  0.00     2.3571795818      13.576941048  
2020 11 21  14  3  0.00     2.3571780644      13.576932435  
2020 11 21  14  4  0.00     2.3571765469      13.576923823  
2020 11 21  14  5  0.00     2.3571750294      13.576915212  
2020 11 21  14  6  0.00     2.3571735118      13.576906602  
2020 11 21  14  7  0.00     2.3571719942      13.576897993  
2020 11 21  14  8  0.00     2.3571704765      13.576889384  
2020 11 21  14  9  0.00     2.3571689588      13.576880776  
2020 11 21  14 10  0.00     2.3571674411      13.576872169  
2020 11 21  14 11  0.00     2.3571659233      13.576863563  
2020 11 21  14 12  0.00     2.3571644055      13.576854958  
2020 11 21  14 13  0.00     2.3571628877      13.576846353  
2020 11 21  14 14  0.00     2.3571613698      13.576837749  
2020 11 21  14 15  0.00     2.3571598519      13.576829146  
2020 11 21  14 16  0.00     2.3571583340      13.576820544  
2020 11 21  14 17  0.00     2.3571568160      13.576811942  
2020 11 21  14 18  0.00     2.3571552980      13.576803342  
2020 11 21  14 19  0.00     2.3571537800      13.576794742  
2020 11 21  14 20  0.00     2.3571522619      13.576786143  
2020 11 21  14 21  0.00     2.3571507438      13.576777544  
2020 11 21  14 22  0.00     2.3571492257      13.576768947  
2020 11 21  14 23  0.00     2.3571477075      13.576760350  
2020 11 21  14 24  0.00     2.3571461893      13.576751754  
2020 11 21  14 25  0.00     2.3571446711      13.576743158  
2020 11 21  14 26  0.00     2.3571431529      13.576734564  
2020 11 21  14 27  0.00     2.3571416346      13.576725970  
2020 11 21  14 28  0.00     2.3571401163      13.576717377  
2020 11 21  14 29  0.00     2.3571385980      13.576708785  
2020 11 21  14 30  0.00     2.3571370797      13.576700194  
2020 11 21  14 31  0.00     2.3571355613      13.576691603  
2020 11 21  14 32  0.00     2.3571340429      13.576683013  
2020 11 21  14 33  0.00     2.3571325245      13.576674424  
2020 11 21  14 34  0.00     2.3571310061      13.576665836  
2020 11 21  14 35  0.00     2.3571294876      13.576657248  
2020 11 21  14 36  0.00     2.3571279691      13.576648662  
2020 11 21  14 37  0.00     2.3571264506      13.576640076  
2020 11 21  14 38  0.00     2.3571249321      13.576631491  
2020 11 21  14 39  0.00     2.3571234136      13.576622906  
2020 11 21  14 40  0.00     2.3571218950      13.576614323  
2020 11 21  14 41  0.00     2.3571203764      13.576605740  
2020 11 21  14 42  0.00     2.3571188578      13.576597158  
2020 11 21  14 43  0.00     2.3571173392      13.576588576  
2020 11 21  14 44  0.00     2.3571158206      13.576579996  
2020 11 21  14 45  0.00     2.3571143020      13.576571416  
2020 11 21  14 46  0.00     2.3571127833      13.576562837  
2020 11 21  14 47  0.00     2.3571112646      13.576554259  
2020 11 21  14 48  0.00     2.3571097460      13.576545681  
2020 11 21  14 49  0.00     2.3571082273      13.576537104  
2020 11 21  14 50  0.00     2.3571067086      13.576528528  
2020 11 21  14 51  0.00     2.3571051898      13.576519953  
2020 11 21  14 52  0.00     2.3571036711      13.576511379  
2020 11 21  14 53  0.00     2.3571021524      13.576502805  
2020 11 21  14 54  0.00     2.3571006336      13.576494232  
2020 11 21  14 55  0.00     2.3570991149      13.576485660  
2020 11 21  14 56  0.00     2.3570975961      13.576477089  
2020 11 21  14 57  0.00     2.3570960773      13.576468518  
2020 11 21  14 58  0.00     2.3570945585      13.576459948  
2020 11 21  14 59  0.00     2.3570930398      13.576451379  
2020 11 21  15  0  0.00     2.3570915210      13.576442811  
2020 11 21  15  1  0.00     2.3570900022      13.576434244  
2020 11 21  15  2  0.00     2.3570884834      13.576425677  
2020 11 21  15  3  0.00     2.3570869646      13.576417111  
2020 11 21  15  4  0.00     2.3570854457      13.576408546  
2020 11 21  15  5  0.00     2.3570839269      13.576399981  
2020 11 21  15  6  0.00     2.3570824081      13.576391417  
2020 11 21  15  7  0.00     2.3570808893      13.576382855  
2020 11 21  15  8  0.00     2.3570793705      13.576374292  
2020 11 21  15  9  0.00     2.3570778517      13.576365731  
2020 11 21  15 10  0.00     2.3570763329      13.576357170  
2020 11 21  15 11  0.00     2.3570748141      13.576348610  
2020 11 21  15 12  0.00     2.3570732952      13.576340051  
2020 11 21  15 13  0.00     2.3570717764      13.576331493  
2020 11 21  15 14  0.00     2.3570702576      13.576322935  
2020 11 21  15 15  0.00     2.3570687388      13.576314378  
2020 11 21  15 16  0.00     2.3570672200      13.576305822  
2020 11 21  15 17  0.00     2.3570657013      13.576297267  
2020 11 21  15 18  0.00     2.3570641825      13.576288713  
2020 11 21  15 19  0.00     2.3570626637      13.576280159  
2020 11 21  15 20  0.00     2.3570611449      13.576271606  
2020 11 21  15 21  0.00     2.3570596262      13.576263053  
2020 11 21  15 22  0.00     2.3570581074      13.576254502  
2020 11 21  15 23  0.00     2.3570565887      13.576245951  
2020 11 21  15 24  0.00     2.3570550699      13.576237401  
2020 11 21  15 25  0.00     2.3570535512      13.576228852  
2020 11 21  15 26  0.00     2.3570520325      13.576220304  
2020 11 21  15 27  0.00     2.3570505138      13.576211756  
2020 11 21  15 28  0.00     2.3570489951      13.576203209  
2020 11 21  15 29  0.00     2.3570474765      13.576194663  
2020 11 21  15 30  0.00     2.3570459578      13.576186117  
2020 11 21  15 31  0.00     2.3570444392      13.576177573  
2020 11 21  15 32  0.00     2.3570429205      13.576169029  
2020 11 21  15 33  0.00     2.3570414019      13.576160486  
2020 11 21  15 34  0.00     2.3570398833      13.576151943  
2020 11 21  15 35  0.00     2.3570383647      13.576143402  
2020 11 21  15 36  0.00     2.3570368462      13.576134861  
2020 11 21  15 37  0.00     2.3570353276      13.576126321  
2020 11 21  15 38  0.00     2.3570338091      13.576117782  
2020 11 21  15 39  0.00     2.3570322906      13.576109243  
2020 11 21  15 40  0.00     2.3570307721      13.576100705  
2020 11 21  15 41  0.00     2.3570292537      13.576092168  
2020 11 21  15 42  0.00     2.3570277352      13.576083632  
2020 11 21  15 43  0.00     2.3570262168      13.576075096  
2020 11 21  15 44  0.00     2.3570246984      13.576066562  
2020 11 21  15 45  0.00     2.3570231800      13.576058028  
2020 11 21  15 46  0.00     2.3570216617      13.576049495  
2020 11 21  15 47  0.00     2.3570201434      13.576040962  
2020 11 21  15 48  0.00     2.3570186251      13.576032431  
2020 11 21  15 49  0.00     2.3570171068      13.576023900  
2020 11 21  15 50  0.00     2.3570155886      13.576015370  
2020 11 21  15 51  0.00     2.3570140704      13.576006840  
2020 11 21  15 52  0.00     2.3570125522      13.575998312  
2020 11 21  15 53  0.00     2.3570110340      13.575989784  
2020 11 21  15 54  0.00     2.3570095159      13.575981257  
2020 11 21  15 55  0.00     2.3570079978      13.575972730  
2020 11 21  15 56  0.00     2.3570064797      13.575964205  
2020 11 21  15 57  0.00     2.3570049617      13.575955680  
2020 11 21  15 58  0.00     2.3570034437      13.575947156  
2020 11 21  15 59  0.00     2.3570019257      13.575938633  
2020 11 21  16  0  0.00     2.3570004078      13.575930110  
2020 11 21  16  1  0.00     2.3569988899      13.575921589  
2020 11 21  16  2  0.00     2.3569973720      13.575913068  
2020 11 21  16  3  0.00     2.3569958542      13.575904548  
2020 11 21  16  4  0.00     2.3569943364      13.575896028  
2020 11 21  16  5  0.00     2.3569928186      13.575887510  
2020 11 21  16  6  0.00     2.3569913009      13.575878992  
2020 11 21  16  7  0.00     2.3569897832      13.575870475  
2020 11 21  16  8  0.00     2.3569882656      13.575861958  
2020 11 21  16  9  0.00     2.3569867480      13.575853443  
2020 11 21  16 10  0.00     2.3569852304      13.575844928  
2020 11 21  16 11  0.00     2.3569837129      13.575836414  
2020 11 21  16 12  0.00     2.3569821954      13.575827901  
2020 11 21  16 13  0.00     2.3569806780      13.575819389  
2020 11 21  16 14  0.00     2.3569791606      13.575810877  
2020 11 21  16 15  0.00     2.3569776432      13.575802366  
2020 11 21  16 16  0.00     2.3569761259      13.575793856  
2020 11 21  16 17  0.00     2.3569746086      13.575785347  
2020 11 21  16 18  0.00     2.3569730914      13.575776838  
2020 11 21  16 19  0.00     2.3569715742      13.575768330  
2020 11 21  16 20  0.00     2.3569700571      13.575759823  
2020 11 21  16 21  0.00     2.3569685400      13.575751317  
2020 11 21  16 22  0.00     2.3569670230      13.575742812  
2020 11 21  16 23  0.00     2.3569655060      13.575734307  
2020 11 21  16 24  0.00     2.3569639891      13.575725803  
2020 11 21  16 25  0.00     2.3569624722      13.575717300  
2020 11 21  16 26  0.00     2.3569609553      13.575708798  
2020 11 21  16 27  0.00     2.3569594385      13.575700296  
2020 11 21  16 28  0.00     2.3569579218      13.575691796  
2020 11 21  16 29  0.00     2.3569564051      13.575683296  
2020 11 21  16 30  0.00     2.3569548885      13.575674796  
2020 11 21  16 31  0.00     2.3569533719      13.575666298  
2020 11 21  16 32  0.00     2.3569518554      13.575657800  
2020 11 21  16 33  0.00     2.3569503389      13.575649304  
2020 11 21  16 34  0.00     2.3569488225      13.575640808  
2020 11 21  16 35  0.00     2.3569473061      13.575632312  
2020 11 21  16 36  0.00     2.3569457898      13.575623818  
2020 11 21  16 37  0.00     2.3569442736      13.575615324  
2020 11 21  16 38  0.00     2.3569427574      13.575606831  
2020 11 21  16 39  0.00     2.3569412413      13.575598339  
2020 11 21  16 40  0.00     2.3569397252      13.575589848  
2020 11 21  16 41  0.00     2.3569382092      13.575581358  
2020 11 21  16 42  0.00     2.3569366933      13.575572868  
2020 11 21  16 43  0.00     2.3569351774      13.575564379  
2020 11 21  16 44  0.00     2.3569336615      13.575555891  
2020 11 21  16 45  0.00     2.3569321458      13.575547404  
2020 11 21  16 46  0.00     2.3569306301      13.575538917  
2020 11 21  16 47  0.00     2.3569291144      13.575530431  
2020 11 21  16 48  0.00     2.3569275988      13.575521946  
2020 11 21  16 49  0.00     2.3569260833      13.575513462  
2020 11 21  16 50  0.00     2.3569245679      13.575504979  
2020 11 21  16 51  0.00     2.3569230525      13.575496496  
2020 11 21  16 52  0.00     2.3569215372      13.575488015  
2020 11 21  16 53  0.00     2.3569200219      13.575479534  
2020 11 21  16 54  0.00     2.3569185068      13.575471054  
2020 11 21  16 55  0.00     2.3569169917      13.575462574  
2020 11 21  16 56  0.00     2.3569154766      13.575454096  
2020 11 21  16 57  0.00     2.3569139616      13.575445618  
2020 11 21  16 58  0.00     2.3569124467      13.575437141  
2020 11 21  16 59  0.00     2.3569109319      13.575428665  
2020 11 21  17  0  0.00     2.3569094171      13.575420190  
2020 11 21  17  1  0.00     2.3569079025      13.575411715  
2020 11 21  17  2  0.00     2.3569063878      13.575403242  
2020 11 21  17  3  0.00     2.3569048733      13.575394769  
2020 11 21  17  4  0.00     2.3569033588      13.575386297  
2020 11 21  17  5  0.00     2.3569018444      13.575377825  
2020 11 21  17  6  0.00     2.3569003301      13.575369355  
2020 11 21  17  7  0.00     2.3568988159      13.575360885  
2020 11 21  17  8  0.00     2.3568973017      13.575352417  
2020 11 21  17  9  0.00     2.3568957876      13.575343949  
2020 11 21  17 10  0.00     2.3568942736      13.575335482  
2020 11 21  17 11  0.00     2.3568927596      13.575327015  
2020 11 21  17 12  0.00     2.3568912458      13.575318550  
2020 11 21  17 13  0.00     2.3568897320      13.575310085  
2020 11 21  17 14  0.00     2.3568882183      13.575301621  
2020 11 21  17 15  0.00     2.3568867047      13.575293158  
2020 11 21  17 16  0.00     2.3568851911      13.575284696  
2020 11 21  17 17  0.00     2.3568836777      13.575276235  
2020 11 21  17 18  0.00     2.3568821643      13.575267774  
2020 11 21  17 19  0.00     2.3568806510      13.575259314  
2020 11 21  17 20  0.00     2.3568791378      13.575250855  
2020 11 21  17 21  0.00     2.3568776246      13.575242397  
2020 11 21  17 22  0.00     2.3568761116      13.575233940  
2020 11 21  17 23  0.00     2.3568745986      13.575225484  
2020 11 21  17 24  0.00     2.3568730858      13.575217028  
2020 11 21  17 25  0.00     2.3568715730      13.575208573  
2020 11 21  17 26  0.00     2.3568700603      13.575200119  
2020 11 21  17 27  0.00     2.3568685476      13.575191666  
2020 11 21  17 28  0.00     2.3568670351      13.575183214  
2020 11 21  17 29  0.00     2.3568655227      13.575174763  
2020 11 21  17 30  0.00     2.3568640103      13.575166312  
2020 11 21  17 31  0.00     2.3568624980      13.575157862  
2020 11 21  17 32  0.00     2.3568609859      13.575149414  
2020 11 21  17 33  0.00     2.3568594738      13.575140966  
2020 11 21  17 34  0.00     2.3568579618      13.575132518  
2020 11 21  17 35  0.00     2.3568564499      13.575124072  
2020 11 21  17 36  0.00     2.3568549381      13.575115627  
2020 11 21  17 37  0.00     2.3568534264      13.575107182  
2020 11 21  17 38  0.00     2.3568519147      13.575098738  
2020 11 21  17 39  0.00     2.3568504032      13.575090295  
2020 11 21  17 40  0.00     2.3568488918      13.575081853  
2020 11 21  17 41  0.00     2.3568473804      13.575073412  
2020 11 21  17 42  0.00     2.3568458692      13.575064972  
2020 11 21  17 43  0.00     2.3568443580      13.575056532  
2020 11 21  17 44  0.00     2.3568428470      13.575048094  
2020 11 21  17 45  0.00     2.3568413360      13.575039656  
2020 11 21  17 46  0.00     2.3568398252      13.575031219  
2020 11 21  17 47  0.00     2.3568383144      13.575022783  
2020 11 21  17 48  0.00     2.3568368037      13.575014348  
2020 11 21  17 49  0.00     2.3568352932      13.575005913  
2020 11 21  17 50  0.00     2.3568337827      13.574997480  
2020 11 21  17 51  0.00     2.3568322723      13.574989047  
2020 11 21  17 52  0.00     2.3568307621      13.574980615  
2020 11 21  17 53  0.00     2.3568292519      13.574972185  
2020 11 21  17 54  0.00     2.3568277418      13.574963755  
2020 11 21  17 55  0.00     2.3568262319      13.574955326  
2020 11 21  17 56  0.00     2.3568247220      13.574946897  
2020 11 21  17 57  0.00     2.3568232123      13.574938470  
2020 11 21  17 58  0.00     2.3568217026      13.574930043  
2020 11 21  17 59  0.00     2.3568201931      13.574921618  
2020 11 21  18  0  0.00     2.3568186836      13.574913193  
2020 11 21  18  1  0.00     2.3568171743      13.574904769  
2020 11 21  18  2  0.00     2.3568156651      13.574896346  
2020 11 21  18  3  0.00     2.3568141559      13.574887924  
2020 11 21  18  4  0.00     2.3568126469      13.574879503  
2020 11 21  18  5  0.00     2.3568111380      13.574871083  
2020 11 21  18  6  0.00     2.3568096292      13.574862663  
2020 11 21  18  7  0.00     2.3568081205      13.574854245  
2020 11 21  18  8  0.00     2.3568066119      13.574845827  
2020 11 21  18  9  0.00     2.3568051035      13.574837411  
2020 11 21  18 10  0.00     2.3568035951      13.574828995  
2020 11 21  18 11  0.00     2.3568020868      13.574820580  
2020 11 21  18 12  0.00     2.3568005787      13.574812166  
2020 11 21  18 13  0.00     2.3567990706      13.574803753  
2020 11 21  18 14  0.00     2.3567975627      13.574795341  
2020 11 21  18 15  0.00     2.3567960549      13.574786929  
2020 11 21  18 16  0.00     2.3567945472      13.574778519  
2020 11 21  18 17  0.00     2.3567930396      13.574770109  
2020 11 21  18 18  0.00     2.3567915322      13.574761701  
2020 11 21  18 19  0.00     2.3567900248      13.574753293  
2020 11 21  18 20  0.00     2.3567885176      13.574744886  
2020 11 21  18 21  0.00     2.3567870104      13.574736480  
2020 11 21  18 22  0.00     2.3567855034      13.574728075  
2020 11 21  18 23  0.00     2.3567839965      13.574719671  
2020 11 21  18 24  0.00     2.3567824897      13.574711268  
2020 11 21  18 25  0.00     2.3567809831      13.574702866  
2020 11 21  18 26  0.00     2.3567794765      13.574694465  
2020 11 21  18 27  0.00     2.3567779701      13.574686065  
2020 11 21  18 28  0.00     2.3567764638      13.574677665  
2020 11 21  18 29  0.00     2.3567749576      13.574669267  
2020 11 21  18 30  0.00     2.3567734515      13.574660869  
2020 11 21  18 31  0.00     2.3567719456      13.574652472  
2020 11 21  18 32  0.00     2.3567704397      13.574644077  
2020 11 21  18 33  0.00     2.3567689340      13.574635682  
2020 11 21  18 34  0.00     2.3567674284      13.574627288  
2020 11 21  18 35  0.00     2.3567659230      13.574618895  
2020 11 21  18 36  0.00     2.3567644176      13.574610503  
2020 11 21  18 37  0.00     2.3567629124      13.574602112  
2020 11 21  18 38  0.00     2.3567614073      13.574593722  
2020 11 21  18 39  0.00     2.3567599023      13.574585333  
2020 11 21  18 40  0.00     2.3567583974      13.574576945  
2020 11 21  18 41  0.00     2.3567568927      13.574568558  
2020 11 21  18 42  0.00     2.3567553881      13.574560171  
2020 11 21  18 43  0.00     2.3567538836      13.574551786  
2020 11 21  18 44  0.00     2.3567523793      13.574543402  
2020 11 21  18 45  0.00     2.3567508750      13.574535018  
2020 11 21  18 46  0.00     2.3567493709      13.574526636  
2020 11 21  18 47  0.00     2.3567478669      13.574518254  
2020 11 21  18 48  0.00     2.3567463631      13.574509874  
2020 11 21  18 49  0.00     2.3567448594      13.574501494  
2020 11 21  18 50  0.00     2.3567433558      13.574493115  
2020 11 21  18 51  0.00     2.3567418523      13.574484738  
2020 11 21  18 52  0.00     2.3567403489      13.574476361  
2020 11 21  18 53  0.00     2.3567388457      13.574467985  
2020 11 21  18 54  0.00     2.3567373427      13.574459611  
2020 11 21  18 55  0.00     2.3567358397      13.574451237  
2020 11 21  18 56  0.00     2.3567343369      13.574442864  
2020 11 21  18 57  0.00     2.3567328342      13.574434492  
2020 11 21  18 58  0.00     2.3567313316      13.574426121  
2020 11 21  18 59  0.00     2.3567298292      13.574417751  
2020 11 21  19  0  0.00     2.3567283269      13.574409382  
2020 11 21  19  1  0.00     2.3567268247      13.574401015  
2020 11 21  19  2  0.00     2.3567253227      13.574392648  
2020 11 21  19  3  0.00     2.3567238208      13.574384282  
2020 11 21  19  4  0.00     2.3567223190      13.574375917  
2020 11 21  19  5  0.00     2.3567208174      13.574367553  
2020 11 21  19  6  0.00     2.3567193159      13.574359190  
2020 11 21  19  7  0.00     2.3567178145      13.574350828  
2020 11 21  19  8  0.00     2.3567163133      13.574342467  
2020 11 21  19  9  0.00     2.3567148122      13.574334107  
2020 11 21  19 10  0.00     2.3567133112      13.574325748  
2020 11 21  19 11  0.00     2.3567118104      13.574317390  
2020 11 21  19 12  0.00     2.3567103097      13.574309033  
2020 11 21  19 13  0.00     2.3567088092      13.574300677  
2020 11 21  19 14  0.00     2.3567073087      13.574292322  
2020 11 21  19 15  0.00     2.3567058085      13.574283968  
2020 11 21  19 16  0.00     2.3567043083      13.574275615  
2020 11 21  19 17  0.00     2.3567028083      13.574267263  
2020 11 21  19 18  0.00     2.3567013084      13.574258912  
2020 11 21  19 19  0.00     2.3566998087      13.574250563  
2020 11 21  19 20  0.00     2.3566983091      13.574242214  
2020 11 21  19 21  0.00     2.3566968097      13.574233866  
2020 11 21  19 22  0.00     2.3566953104      13.574225519  
2020 11 21  19 23  0.00     2.3566938112      13.574217173  
2020 11 21  19 24  0.00     2.3566923122      13.574208828  
2020 11 21  19 25  0.00     2.3566908133      13.574200485  
2020 11 21  19 26  0.00     2.3566893145      13.574192142  
2020 11 21  19 27  0.00     2.3566878159      13.574183800  
2020 11 21  19 28  0.00     2.3566863175      13.574175460  
2020 11 21  19 29  0.00     2.3566848191      13.574167120  
2020 11 21  19 30  0.00     2.3566833210      13.574158782  
2020 11 21  19 31  0.00     2.3566818229      13.574150444  
2020 11 21  19 32  0.00     2.3566803250      13.574142108  
2020 11 21  19 33  0.00     2.3566788273      13.574133772  
2020 11 21  19 34  0.00     2.3566773297      13.574125438  
2020 11 21  19 35  0.00     2.3566758322      13.574117105  
2020 11 21  19 36  0.00     2.3566743349      13.574108772  
2020 11 21  19 37  0.00     2.3566728377      13.574100441  
2020 11 21  19 38  0.00     2.3566713407      13.574092111  
2020 11 21  19 39  0.00     2.3566698438      13.574083782  
2020 11 21  19 40  0.00     2.3566683470      13.574075454  
2020 11 21  19 41  0.00     2.3566668504      13.574067127  
2020 11 21  19 42  0.00     2.3566653540      13.574058801  
2020 11 21  19 43  0.00     2.3566638577      13.574050476  
2020 11 21  19 44  0.00     2.3566623615      13.574042152  
2020 11 21  19 45  0.00     2.3566608655      13.574033830  
2020 11 21  19 46  0.00     2.3566593696      13.574025508  
2020 11 21  19 47  0.00     2.3566578739      13.574017188  
2020 11 21  19 48  0.00     2.3566563783      13.574008868  
2020 11 21  19 49  0.00     2.3566548829      13.574000550  
2020 11 21  19 50  0.00     2.3566533876      13.573992233  
2020 11 21  19 51  0.00     2.3566518925      13.573983916  
2020 11 21  19 52  0.00     2.3566503975      13.573975601  
2020 11 21  19 53  0.00     2.3566489027      13.573967287  
2020 11 21  19 54  0.00     2.3566474080      13.573958974  
2020 11 21  19 55  0.00     2.3566459135      13.573950662  
2020 11 21  19 56  0.00     2.3566444191      13.573942352  
2020 11 21  19 57  0.00     2.3566429248      13.573934042  
2020 11 21  19 58  0.00     2.3566414307      13.573925733  
2020 11 21  19 59  0.00     2.3566399368      13.573917426  