v5.22.02i     Planet: Uranus  (DE441)
        Satellite: U1 Ariel  ( Lainey et al. (2015))
                               - ephemerides on 1847/01/00.5-2145/01/02.0
    Observatory N: 286 - Yunnan Observatory
        Timescale: UTC
Mean equator and equinox of J2000.  ICRF. 
Coordinates astrometric 
Year  M  D   H  M  S       alpha (h)          delta (º)  Precision,"
2020 11 13  12  0  0.00     2.3774750518      13.684154636  
2020 11 13  12  1  0.00     2.3774735787      13.684143712  
2020 11 13  12  2  0.00     2.3774721057      13.684132799  
2020 11 13  12  3  0.00     2.3774706327      13.684121897  
2020 11 13  12  4  0.00     2.3774691598      13.684111006  
2020 11 13  12  5  0.00     2.3774676868      13.684100125  
2020 11 13  12  6  0.00     2.3774662140      13.684089256  
2020 11 13  12  7  0.00     2.3774647411      13.684078396  
2020 11 13  12  8  0.00     2.3774632683      13.684067548  
2020 11 13  12  9  0.00     2.3774617955      13.684056710  
2020 11 13  12 10  0.00     2.3774603228      13.684045883  
2020 11 13  12 11  0.00     2.3774588501      13.684035067  
2020 11 13  12 12  0.00     2.3774573774      13.684024262  
2020 11 13  12 13  0.00     2.3774559047      13.684013467  
2020 11 13  12 14  0.00     2.3774544321      13.684002683  
2020 11 13  12 15  0.00     2.3774529595      13.683991910  
2020 11 13  12 16  0.00     2.3774514869      13.683981147  
2020 11 13  12 17  0.00     2.3774500144      13.683970396  
2020 11 13  12 18  0.00     2.3774485419      13.683959655  
2020 11 13  12 19  0.00     2.3774470694      13.683948925  
2020 11 13  12 20  0.00     2.3774455969      13.683938206  
2020 11 13  12 21  0.00     2.3774441245      13.683927497  
2020 11 13  12 22  0.00     2.3774426521      13.683916799  
2020 11 13  12 23  0.00     2.3774411797      13.683906113  
2020 11 13  12 24  0.00     2.3774397073      13.683895436  
2020 11 13  12 25  0.00     2.3774382349      13.683884771  
2020 11 13  12 26  0.00     2.3774367626      13.683874117  
2020 11 13  12 27  0.00     2.3774352903      13.683863473  
2020 11 13  12 28  0.00     2.3774338180      13.683852840  
2020 11 13  12 29  0.00     2.3774323458      13.683842218  
2020 11 13  12 30  0.00     2.3774308735      13.683831607  
2020 11 13  12 31  0.00     2.3774294013      13.683821007  
2020 11 13  12 32  0.00     2.3774279291      13.683810417  
2020 11 13  12 33  0.00     2.3774264569      13.683799838  
2020 11 13  12 34  0.00     2.3774249847      13.683789270  
2020 11 13  12 35  0.00     2.3774235126      13.683778713  
2020 11 13  12 36  0.00     2.3774220404      13.683768167  
2020 11 13  12 37  0.00     2.3774205683      13.683757632  
2020 11 13  12 38  0.00     2.3774190962      13.683747107  
2020 11 13  12 39  0.00     2.3774176241      13.683736594  
2020 11 13  12 40  0.00     2.3774161520      13.683726091  
2020 11 13  12 41  0.00     2.3774146799      13.683715599  
2020 11 13  12 42  0.00     2.3774132079      13.683705118  
2020 11 13  12 43  0.00     2.3774117358      13.683694648  
2020 11 13  12 44  0.00     2.3774102638      13.683684189  
2020 11 13  12 45  0.00     2.3774087917      13.683673741  
2020 11 13  12 46  0.00     2.3774073197      13.683663303  
2020 11 13  12 47  0.00     2.3774058477      13.683652877  
2020 11 13  12 48  0.00     2.3774043757      13.683642461  
2020 11 13  12 49  0.00     2.3774029037      13.683632056  
2020 11 13  12 50  0.00     2.3774014317      13.683621662  
2020 11 13  12 51  0.00     2.3773999597      13.683611279  
2020 11 13  12 52  0.00     2.3773984878      13.683600907  
2020 11 13  12 53  0.00     2.3773970158      13.683590546  
2020 11 13  12 54  0.00     2.3773955438      13.683580196  
2020 11 13  12 55  0.00     2.3773940718      13.683569856  
2020 11 13  12 56  0.00     2.3773925999      13.683559528  
2020 11 13  12 57  0.00     2.3773911279      13.683549210  
2020 11 13  12 58  0.00     2.3773896560      13.683538904  
2020 11 13  12 59  0.00     2.3773881840      13.683528608  
2020 11 13  13  0  0.00     2.3773867121      13.683518323  
2020 11 13  13  1  0.00     2.3773852401      13.683508050  
2020 11 13  13  2  0.00     2.3773837682      13.683497787  
2020 11 13  13  3  0.00     2.3773822962      13.683487535  
2020 11 13  13  4  0.00     2.3773808243      13.683477294  
2020 11 13  13  5  0.00     2.3773793523      13.683467064  
2020 11 13  13  6  0.00     2.3773778803      13.683456845  
2020 11 13  13  7  0.00     2.3773764084      13.683446637  
2020 11 13  13  8  0.00     2.3773749364      13.683436440  
2020 11 13  13  9  0.00     2.3773734645      13.683426253  
2020 11 13  13 10  0.00     2.3773719925      13.683416078  
2020 11 13  13 11  0.00     2.3773705205      13.683405914  
2020 11 13  13 12  0.00     2.3773690485      13.683395761  
2020 11 13  13 13  0.00     2.3773675765      13.683385618  
2020 11 13  13 14  0.00     2.3773661045      13.683375487  
2020 11 13  13 15  0.00     2.3773646325      13.683365366  
2020 11 13  13 16  0.00     2.3773631605      13.683355257  
2020 11 13  13 17  0.00     2.3773616885      13.683345159  
2020 11 13  13 18  0.00     2.3773602165      13.683335071  
2020 11 13  13 19  0.00     2.3773587444      13.683324995  
2020 11 13  13 20  0.00     2.3773572724      13.683314929  
2020 11 13  13 21  0.00     2.3773558003      13.683304875  
2020 11 13  13 22  0.00     2.3773543283      13.683294831  
2020 11 13  13 23  0.00     2.3773528562      13.683284799  
2020 11 13  13 24  0.00     2.3773513841      13.683274777  
2020 11 13  13 25  0.00     2.3773499120      13.683264767  
2020 11 13  13 26  0.00     2.3773484399      13.683254767  
2020 11 13  13 27  0.00     2.3773469677      13.683244779  
2020 11 13  13 28  0.00     2.3773454956      13.683234801  
2020 11 13  13 29  0.00     2.3773440234      13.683224835  
2020 11 13  13 30  0.00     2.3773425513      13.683214880  
2020 11 13  13 31  0.00     2.3773410791      13.683204935  
2020 11 13  13 32  0.00     2.3773396069      13.683195002  
2020 11 13  13 33  0.00     2.3773381346      13.683185079  
2020 11 13  13 34  0.00     2.3773366624      13.683175168  
2020 11 13  13 35  0.00     2.3773351901      13.683165268  
2020 11 13  13 36  0.00     2.3773337179      13.683155378  
2020 11 13  13 37  0.00     2.3773322456      13.683145500  
2020 11 13  13 38  0.00     2.3773307733      13.683135633  
2020 11 13  13 39  0.00     2.3773293009      13.683125777  
2020 11 13  13 40  0.00     2.3773278286      13.683115931  
2020 11 13  13 41  0.00     2.3773263562      13.683106097  
2020 11 13  13 42  0.00     2.3773248838      13.683096274  
2020 11 13  13 43  0.00     2.3773234114      13.683086462  
2020 11 13  13 44  0.00     2.3773219389      13.683076661  
2020 11 13  13 45  0.00     2.3773204665      13.683066871  
2020 11 13  13 46  0.00     2.3773189940      13.683057092  
2020 11 13  13 47  0.00     2.3773175215      13.683047324  
2020 11 13  13 48  0.00     2.3773160489      13.683037568  
2020 11 13  13 49  0.00     2.3773145764      13.683027822  
2020 11 13  13 50  0.00     2.3773131038      13.683018087  
2020 11 13  13 51  0.00     2.3773116312      13.683008363  
2020 11 13  13 52  0.00     2.3773101586      13.682998651  
2020 11 13  13 53  0.00     2.3773086859      13.682988949  
2020 11 13  13 54  0.00     2.3773072132      13.682979259  
2020 11 13  13 55  0.00     2.3773057405      13.682969579  
2020 11 13  13 56  0.00     2.3773042677      13.682959911  
2020 11 13  13 57  0.00     2.3773027950      13.682950254  
2020 11 13  13 58  0.00     2.3773013221      13.682940608  
2020 11 13  13 59  0.00     2.3772998493      13.682930973  
2020 11 13  14  0  0.00     2.3772983764      13.682921348  
2020 11 13  14  1  0.00     2.3772969036      13.682911735  
2020 11 13  14  2  0.00     2.3772954306      13.682902134  
2020 11 13  14  3  0.00     2.3772939577      13.682892543  
2020 11 13  14  4  0.00     2.3772924847      13.682882963  
2020 11 13  14  5  0.00     2.3772910117      13.682873394  
2020 11 13  14  6  0.00     2.3772895386      13.682863837  
2020 11 13  14  7  0.00     2.3772880655      13.682854290  
2020 11 13  14  8  0.00     2.3772865924      13.682844755  
2020 11 13  14  9  0.00     2.3772851192      13.682835230  
2020 11 13  14 10  0.00     2.3772836460      13.682825717  
2020 11 13  14 11  0.00     2.3772821728      13.682816215  
2020 11 13  14 12  0.00     2.3772806996      13.682806724  
2020 11 13  14 13  0.00     2.3772792263      13.682797244  
2020 11 13  14 14  0.00     2.3772777529      13.682787775  
2020 11 13  14 15  0.00     2.3772762796      13.682778317  
2020 11 13  14 16  0.00     2.3772748061      13.682768870  
2020 11 13  14 17  0.00     2.3772733327      13.682759435  
2020 11 13  14 18  0.00     2.3772718592      13.682750010  
2020 11 13  14 19  0.00     2.3772703857      13.682740597  
2020 11 13  14 20  0.00     2.3772689121      13.682731195  
2020 11 13  14 21  0.00     2.3772674385      13.682721803  
2020 11 13  14 22  0.00     2.3772659649      13.682712423  
2020 11 13  14 23  0.00     2.3772644912      13.682703054  
2020 11 13  14 24  0.00     2.3772630175      13.682693696  
2020 11 13  14 25  0.00     2.3772615437      13.682684349  
2020 11 13  14 26  0.00     2.3772600699      13.682675014  
2020 11 13  14 27  0.00     2.3772585960      13.682665689  
2020 11 13  14 28  0.00     2.3772571221      13.682656376  
2020 11 13  14 29  0.00     2.3772556482      13.682647073  
2020 11 13  14 30  0.00     2.3772541742      13.682637782  
2020 11 13  14 31  0.00     2.3772527002      13.682628502  
2020 11 13  14 32  0.00     2.3772512261      13.682619233  
2020 11 13  14 33  0.00     2.3772497520      13.682609975  
2020 11 13  14 34  0.00     2.3772482778      13.682600728  
2020 11 13  14 35  0.00     2.3772468036      13.682591492  
2020 11 13  14 36  0.00     2.3772453294      13.682582267  
2020 11 13  14 37  0.00     2.3772438551      13.682573054  
2020 11 13  14 38  0.00     2.3772423807      13.682563852  
2020 11 13  14 39  0.00     2.3772409063      13.682554660  
2020 11 13  14 40  0.00     2.3772394319      13.682545480  
2020 11 13  14 41  0.00     2.3772379574      13.682536311  
2020 11 13  14 42  0.00     2.3772364829      13.682527153  
2020 11 13  14 43  0.00     2.3772350083      13.682518006  
2020 11 13  14 44  0.00     2.3772335336      13.682508870  
2020 11 13  14 45  0.00     2.3772320589      13.682499746  
2020 11 13  14 46  0.00     2.3772305842      13.682490632  
2020 11 13  14 47  0.00     2.3772291094      13.682481530  
2020 11 13  14 48  0.00     2.3772276346      13.682472439  
2020 11 13  14 49  0.00     2.3772261597      13.682463359  
2020 11 13  14 50  0.00     2.3772246847      13.682454290  
2020 11 13  14 51  0.00     2.3772232097      13.682445232  
2020 11 13  14 52  0.00     2.3772217347      13.682436185  
2020 11 13  14 53  0.00     2.3772202596      13.682427149  
2020 11 13  14 54  0.00     2.3772187844      13.682418125  
2020 11 13  14 55  0.00     2.3772173092      13.682409111  
2020 11 13  14 56  0.00     2.3772158339      13.682400109  
2020 11 13  14 57  0.00     2.3772143586      13.682391118  
2020 11 13  14 58  0.00     2.3772128832      13.682382138  
2020 11 13  14 59  0.00     2.3772114078      13.682373169  
2020 11 13  15  0  0.00     2.3772099323      13.682364211  
2020 11 13  15  1  0.00     2.3772084567      13.682355264  
2020 11 13  15  2  0.00     2.3772069811      13.682346329  
2020 11 13  15  3  0.00     2.3772055055      13.682337404  
2020 11 13  15  4  0.00     2.3772040297      13.682328491  
2020 11 13  15  5  0.00     2.3772025540      13.682319589  
2020 11 13  15  6  0.00     2.3772010781      13.682310698  
2020 11 13  15  7  0.00     2.3771996022      13.682301818  
2020 11 13  15  8  0.00     2.3771981263      13.682292949  
2020 11 13  15  9  0.00     2.3771966502      13.682284091  
2020 11 13  15 10  0.00     2.3771951742      13.682275244  
2020 11 13  15 11  0.00     2.3771936980      13.682266409  
2020 11 13  15 12  0.00     2.3771922218      13.682257585  
2020 11 13  15 13  0.00     2.3771907456      13.682248771  
2020 11 13  15 14  0.00     2.3771892692      13.682239969  
2020 11 13  15 15  0.00     2.3771877928      13.682231178  
2020 11 13  15 16  0.00     2.3771863164      13.682222398  
2020 11 13  15 17  0.00     2.3771848399      13.682213629  
2020 11 13  15 18  0.00     2.3771833633      13.682204872  
2020 11 13  15 19  0.00     2.3771818867      13.682196125  
2020 11 13  15 20  0.00     2.3771804100      13.682187390  
2020 11 13  15 21  0.00     2.3771789332      13.682178665  
2020 11 13  15 22  0.00     2.3771774563      13.682169952  
2020 11 13  15 23  0.00     2.3771759794      13.682161250  
2020 11 13  15 24  0.00     2.3771745025      13.682152559  
2020 11 13  15 25  0.00     2.3771730254      13.682143879  
2020 11 13  15 26  0.00     2.3771715483      13.682135210  
2020 11 13  15 27  0.00     2.3771700712      13.682126553  
2020 11 13  15 28  0.00     2.3771685939      13.682117906  
2020 11 13  15 29  0.00     2.3771671166      13.682109271  
2020 11 13  15 30  0.00     2.3771656393      13.682100647  
2020 11 13  15 31  0.00     2.3771641618      13.682092033  
2020 11 13  15 32  0.00     2.3771626843      13.682083431  
2020 11 13  15 33  0.00     2.3771612067      13.682074840  
2020 11 13  15 34  0.00     2.3771597291      13.682066260  
2020 11 13  15 35  0.00     2.3771582514      13.682057692  
2020 11 13  15 36  0.00     2.3771567736      13.682049134  
2020 11 13  15 37  0.00     2.3771552957      13.682040587  
2020 11 13  15 38  0.00     2.3771538178      13.682032052  
2020 11 13  15 39  0.00     2.3771523398      13.682023528  
2020 11 13  15 40  0.00     2.3771508617      13.682015014  
2020 11 13  15 41  0.00     2.3771493836      13.682006512  
2020 11 13  15 42  0.00     2.3771479053      13.681998021  
2020 11 13  15 43  0.00     2.3771464270      13.681989541  
2020 11 13  15 44  0.00     2.3771449487      13.681981072  
2020 11 13  15 45  0.00     2.3771434702      13.681972615  
2020 11 13  15 46  0.00     2.3771419917      13.681964168  
2020 11 13  15 47  0.00     2.3771405131      13.681955732  
2020 11 13  15 48  0.00     2.3771390345      13.681947308  
2020 11 13  15 49  0.00     2.3771375557      13.681938894  
2020 11 13  15 50  0.00     2.3771360769      13.681930492  
2020 11 13  15 51  0.00     2.3771345980      13.681922101  
2020 11 13  15 52  0.00     2.3771331190      13.681913721  
2020 11 13  15 53  0.00     2.3771316400      13.681905352  
2020 11 13  15 54  0.00     2.3771301609      13.681896994  
2020 11 13  15 55  0.00     2.3771286817      13.681888647  
2020 11 13  15 56  0.00     2.3771272024      13.681880311  
2020 11 13  15 57  0.00     2.3771257230      13.681871987  
2020 11 13  15 58  0.00     2.3771242436      13.681863673  
2020 11 13  15 59  0.00     2.3771227641      13.681855370  
2020 11 13  16  0  0.00     2.3771212845      13.681847079  
2020 11 13  16  1  0.00     2.3771198048      13.681838799  
2020 11 13  16  2  0.00     2.3771183250      13.681830529  
2020 11 13  16  3  0.00     2.3771168452      13.681822271  
2020 11 13  16  4  0.00     2.3771153653      13.681814024  
2020 11 13  16  5  0.00     2.3771138853      13.681805788  
2020 11 13  16  6  0.00     2.3771124052      13.681797563  
2020 11 13  16  7  0.00     2.3771109250      13.681789349  
2020 11 13  16  8  0.00     2.3771094448      13.681781146  
2020 11 13  16  9  0.00     2.3771079644      13.681772954  
2020 11 13  16 10  0.00     2.3771064840      13.681764774  
2020 11 13  16 11  0.00     2.3771050035      13.681756604  
2020 11 13  16 12  0.00     2.3771035229      13.681748445  
2020 11 13  16 13  0.00     2.3771020423      13.681740298  
2020 11 13  16 14  0.00     2.3771005615      13.681732161  
2020 11 13  16 15  0.00     2.3770990807      13.681724036  
2020 11 13  16 16  0.00     2.3770975997      13.681715921  
2020 11 13  16 17  0.00     2.3770961187      13.681707818  
2020 11 13  16 18  0.00     2.3770946376      13.681699726  
2020 11 13  16 19  0.00     2.3770931565      13.681691644  
2020 11 13  16 20  0.00     2.3770916752      13.681683574  
2020 11 13  16 21  0.00     2.3770901938      13.681675515  
2020 11 13  16 22  0.00     2.3770887124      13.681667467  
2020 11 13  16 23  0.00     2.3770872309      13.681659430  
2020 11 13  16 24  0.00     2.3770857492      13.681651404  
2020 11 13  16 25  0.00     2.3770842675      13.681643389  
2020 11 13  16 26  0.00     2.3770827857      13.681635385  
2020 11 13  16 27  0.00     2.3770813038      13.681627392  
2020 11 13  16 28  0.00     2.3770798218      13.681619410  
2020 11 13  16 29  0.00     2.3770783398      13.681611439  
2020 11 13  16 30  0.00     2.3770768576      13.681603479  
2020 11 13  16 31  0.00     2.3770753754      13.681595530  
2020 11 13  16 32  0.00     2.3770738930      13.681587592  
2020 11 13  16 33  0.00     2.3770724106      13.681579666  
2020 11 13  16 34  0.00     2.3770709281      13.681571750  
2020 11 13  16 35  0.00     2.3770694454      13.681563845  
2020 11 13  16 36  0.00     2.3770679627      13.681555951  
2020 11 13  16 37  0.00     2.3770664799      13.681548068  
2020 11 13  16 38  0.00     2.3770649970      13.681540197  
2020 11 13  16 39  0.00     2.3770635140      13.681532336  
2020 11 13  16 40  0.00     2.3770620309      13.681524486  
2020 11 13  16 41  0.00     2.3770605477      13.681516647  
2020 11 13  16 42  0.00     2.3770590645      13.681508820  
2020 11 13  16 43  0.00     2.3770575811      13.681501003  
2020 11 13  16 44  0.00     2.3770560976      13.681493197  
2020 11 13  16 45  0.00     2.3770546140      13.681485402  
2020 11 13  16 46  0.00     2.3770531304      13.681477619  
2020 11 13  16 47  0.00     2.3770516466      13.681469846  
2020 11 13  16 48  0.00     2.3770501628      13.681462084  
2020 11 13  16 49  0.00     2.3770486788      13.681454333  
2020 11 13  16 50  0.00     2.3770471947      13.681446593  
2020 11 13  16 51  0.00     2.3770457106      13.681438864  
2020 11 13  16 52  0.00     2.3770442263      13.681431146  
2020 11 13  16 53  0.00     2.3770427420      13.681423439  
2020 11 13  16 54  0.00     2.3770412575      13.681415743  
2020 11 13  16 55  0.00     2.3770397730      13.681408058  
2020 11 13  16 56  0.00     2.3770382883      13.681400384  
2020 11 13  16 57  0.00     2.3770368036      13.681392721  
2020 11 13  16 58  0.00     2.3770353187      13.681385069  
2020 11 13  16 59  0.00     2.3770338338      13.681377428  
2020 11 13  17  0  0.00     2.3770323487      13.681369798  
2020 11 13  17  1  0.00     2.3770308635      13.681362178  
2020 11 13  17  2  0.00     2.3770293783      13.681354570  
2020 11 13  17  3  0.00     2.3770278929      13.681346972  
2020 11 13  17  4  0.00     2.3770264074      13.681339386  
2020 11 13  17  5  0.00     2.3770249219      13.681331810  
2020 11 13  17  6  0.00     2.3770234362      13.681324246  
2020 11 13  17  7  0.00     2.3770219504      13.681316692  
2020 11 13  17  8  0.00     2.3770204645      13.681309149  
2020 11 13  17  9  0.00     2.3770189785      13.681301617  
2020 11 13  17 10  0.00     2.3770174924      13.681294097  
2020 11 13  17 11  0.00     2.3770160062      13.681286587  
2020 11 13  17 12  0.00     2.3770145199      13.681279087  
2020 11 13  17 13  0.00     2.3770130335      13.681271599  
2020 11 13  17 14  0.00     2.3770115470      13.681264122  
2020 11 13  17 15  0.00     2.3770100603      13.681256656  
2020 11 13  17 16  0.00     2.3770085736      13.681249200  
2020 11 13  17 17  0.00     2.3770070867      13.681241755  
2020 11 13  17 18  0.00     2.3770055998      13.681234322  
2020 11 13  17 19  0.00     2.3770041127      13.681226899  
2020 11 13  17 20  0.00     2.3770026255      13.681219487  
2020 11 13  17 21  0.00     2.3770011382      13.681212086  
2020 11 13  17 22  0.00     2.3769996508      13.681204696  
2020 11 13  17 23  0.00     2.3769981633      13.681197316  
2020 11 13  17 24  0.00     2.3769966757      13.681189948  
2020 11 13  17 25  0.00     2.3769951880      13.681182590  
2020 11 13  17 26  0.00     2.3769937001      13.681175244  
2020 11 13  17 27  0.00     2.3769922122      13.681167908  
2020 11 13  17 28  0.00     2.3769907241      13.681160583  
2020 11 13  17 29  0.00     2.3769892359      13.681153269  
2020 11 13  17 30  0.00     2.3769877476      13.681145966  
2020 11 13  17 31  0.00     2.3769862592      13.681138673  
2020 11 13  17 32  0.00     2.3769847707      13.681131392  
2020 11 13  17 33  0.00     2.3769832821      13.681124121  
2020 11 13  17 34  0.00     2.3769817933      13.681116861  
2020 11 13  17 35  0.00     2.3769803045      13.681109612  
2020 11 13  17 36  0.00     2.3769788155      13.681102374  
2020 11 13  17 37  0.00     2.3769773264      13.681095146  
2020 11 13  17 38  0.00     2.3769758372      13.681087930  
2020 11 13  17 39  0.00     2.3769743478      13.681080724  
2020 11 13  17 40  0.00     2.3769728584      13.681073529  
2020 11 13  17 41  0.00     2.3769713688      13.681066345  
2020 11 13  17 42  0.00     2.3769698791      13.681059172  
2020 11 13  17 43  0.00     2.3769683893      13.681052009  
2020 11 13  17 44  0.00     2.3769668994      13.681044857  
2020 11 13  17 45  0.00     2.3769654094      13.681037716  
2020 11 13  17 46  0.00     2.3769639192      13.681030586  
2020 11 13  17 47  0.00     2.3769624289      13.681023467  
2020 11 13  17 48  0.00     2.3769609385      13.681016358  
2020 11 13  17 49  0.00     2.3769594480      13.681009260  
2020 11 13  17 50  0.00     2.3769579573      13.681002173  
2020 11 13  17 51  0.00     2.3769564666      13.680995097  
2020 11 13  17 52  0.00     2.3769549757      13.680988032  
2020 11 13  17 53  0.00     2.3769534847      13.680980977  
2020 11 13  17 54  0.00     2.3769519935      13.680973933  
2020 11 13  17 55  0.00     2.3769505023      13.680966900  
2020 11 13  17 56  0.00     2.3769490109      13.680959877  
2020 11 13  17 57  0.00     2.3769475194      13.680952865  
2020 11 13  17 58  0.00     2.3769460278      13.680945864  
2020 11 13  17 59  0.00     2.3769445360      13.680938874  
2020 11 13  18  0  0.00     2.3769430441      13.680931895  
2020 11 13  18  1  0.00     2.3769415521      13.680924926  
2020 11 13  18  2  0.00     2.3769400600      13.680917968  
2020 11 13  18  3  0.00     2.3769385677      13.680911020  
2020 11 13  18  4  0.00     2.3769370754      13.680904084  
2020 11 13  18  5  0.00     2.3769355829      13.680897158  
2020 11 13  18  6  0.00     2.3769340902      13.680890243  
2020 11 13  18  7  0.00     2.3769325974      13.680883338  
2020 11 13  18  8  0.00     2.3769311045      13.680876444  
2020 11 13  18  9  0.00     2.3769296115      13.680869561  
2020 11 13  18 10  0.00     2.3769281184      13.680862689  
2020 11 13  18 11  0.00     2.3769266251      13.680855827  
2020 11 13  18 12  0.00     2.3769251317      13.680848976  
2020 11 13  18 13  0.00     2.3769236381      13.680842135  
2020 11 13  18 14  0.00     2.3769221444      13.680835306  
2020 11 13  18 15  0.00     2.3769206506      13.680828486  
2020 11 13  18 16  0.00     2.3769191567      13.680821678  
2020 11 13  18 17  0.00     2.3769176626      13.680814880  
2020 11 13  18 18  0.00     2.3769161684      13.680808093  
2020 11 13  18 19  0.00     2.3769146741      13.680801317  
2020 11 13  18 20  0.00     2.3769131796      13.680794551  
2020 11 13  18 21  0.00     2.3769116850      13.680787796  
2020 11 13  18 22  0.00     2.3769101902      13.680781051  
2020 11 13  18 23  0.00     2.3769086954      13.680774317  
2020 11 13  18 24  0.00     2.3769072004      13.680767594  
2020 11 13  18 25  0.00     2.3769057052      13.680760881  
2020 11 13  18 26  0.00     2.3769042099      13.680754179  
2020 11 13  18 27  0.00     2.3769027145      13.680747487  
2020 11 13  18 28  0.00     2.3769012189      13.680740806  
2020 11 13  18 29  0.00     2.3768997232      13.680734136  
2020 11 13  18 30  0.00     2.3768982274      13.680727476  
2020 11 13  18 31  0.00     2.3768967314      13.680720827  
2020 11 13  18 32  0.00     2.3768952353      13.680714189  
2020 11 13  18 33  0.00     2.3768937391      13.680707561  
2020 11 13  18 34  0.00     2.3768922427      13.680700943  
2020 11 13  18 35  0.00     2.3768907462      13.680694336  
2020 11 13  18 36  0.00     2.3768892495      13.680687740  
2020 11 13  18 37  0.00     2.3768877527      13.680681154  
2020 11 13  18 38  0.00     2.3768862557      13.680674579  
2020 11 13  18 39  0.00     2.3768847586      13.680668014  
2020 11 13  18 40  0.00     2.3768832614      13.680661460  
2020 11 13  18 41  0.00     2.3768817640      13.680654917  
2020 11 13  18 42  0.00     2.3768802665      13.680648384  
2020 11 13  18 43  0.00     2.3768787688      13.680641861  
2020 11 13  18 44  0.00     2.3768772710      13.680635349  
2020 11 13  18 45  0.00     2.3768757730      13.680628848  
2020 11 13  18 46  0.00     2.3768742749      13.680622357  
2020 11 13  18 47  0.00     2.3768727767      13.680615876  
2020 11 13  18 48  0.00     2.3768712783      13.680609406  
2020 11 13  18 49  0.00     2.3768697797      13.680602947  
2020 11 13  18 50  0.00     2.3768682810      13.680596497  
2020 11 13  18 51  0.00     2.3768667822      13.680590059  
2020 11 13  18 52  0.00     2.3768652832      13.680583631  
2020 11 13  18 53  0.00     2.3768637841      13.680577213  
2020 11 13  18 54  0.00     2.3768622848      13.680570806  
2020 11 13  18 55  0.00     2.3768607854      13.680564409  
2020 11 13  18 56  0.00     2.3768592858      13.680558023  
2020 11 13  18 57  0.00     2.3768577861      13.680551647  
2020 11 13  18 58  0.00     2.3768562862      13.680545282  
2020 11 13  18 59  0.00     2.3768547862      13.680538927  
2020 11 13  19  0  0.00     2.3768532860      13.680532582  
2020 11 13  19  1  0.00     2.3768517856      13.680526248  
2020 11 13  19  2  0.00     2.3768502851      13.680519925  
2020 11 13  19  3  0.00     2.3768487845      13.680513611  
2020 11 13  19  4  0.00     2.3768472837      13.680507308  
2020 11 13  19  5  0.00     2.3768457827      13.680501016  
2020 11 13  19  6  0.00     2.3768442816      13.680494734  
2020 11 13  19  7  0.00     2.3768427804      13.680488462  
2020 11 13  19  8  0.00     2.3768412790      13.680482201  
2020 11 13  19  9  0.00     2.3768397774      13.680475950  
2020 11 13  19 10  0.00     2.3768382757      13.680469709  
2020 11 13  19 11  0.00     2.3768367738      13.680463479  
2020 11 13  19 12  0.00     2.3768352717      13.680457259  
2020 11 13  19 13  0.00     2.3768337695      13.680451050  
2020 11 13  19 14  0.00     2.3768322672      13.680444850  
2020 11 13  19 15  0.00     2.3768307647      13.680438662  
2020 11 13  19 16  0.00     2.3768292620      13.680432483  
2020 11 13  19 17  0.00     2.3768277591      13.680426315  
2020 11 13  19 18  0.00     2.3768262561      13.680420157  
2020 11 13  19 19  0.00     2.3768247530      13.680414009  
2020 11 13  19 20  0.00     2.3768232497      13.680407872  
2020 11 13  19 21  0.00     2.3768217462      13.680401745  
2020 11 13  19 22  0.00     2.3768202425      13.680395628  
2020 11 13  19 23  0.00     2.3768187387      13.680389522  
2020 11 13  19 24  0.00     2.3768172348      13.680383426  
2020 11 13  19 25  0.00     2.3768157306      13.680377340  
2020 11 13  19 26  0.00     2.3768142263      13.680371264  
2020 11 13  19 27  0.00     2.3768127219      13.680365199  
2020 11 13  19 28  0.00     2.3768112172      13.680359144  
2020 11 13  19 29  0.00     2.3768097124      13.680353099  
2020 11 13  19 30  0.00     2.3768082075      13.680347065  
2020 11 13  19 31  0.00     2.3768067023      13.680341040  
2020 11 13  19 32  0.00     2.3768051970      13.680335026  
2020 11 13  19 33  0.00     2.3768036916      13.680329022  
2020 11 13  19 34  0.00     2.3768021859      13.680323029  
2020 11 13  19 35  0.00     2.3768006801      13.680317045  
2020 11 13  19 36  0.00     2.3767991742      13.680311072  
2020 11 13  19 37  0.00     2.3767976680      13.680305109  
2020 11 13  19 38  0.00     2.3767961617      13.680299156  
2020 11 13  19 39  0.00     2.3767946552      13.680293213  
2020 11 13  19 40  0.00     2.3767931486      13.680287280  
2020 11 13  19 41  0.00     2.3767916417      13.680281358  
2020 11 13  19 42  0.00     2.3767901347      13.680275446  
2020 11 13  19 43  0.00     2.3767886276      13.680269544  
2020 11 13  19 44  0.00     2.3767871202      13.680263652  
2020 11 13  19 45  0.00     2.3767856127      13.680257770  
2020 11 13  19 46  0.00     2.3767841050      13.680251898  
2020 11 13  19 47  0.00     2.3767825971      13.680246037  
2020 11 13  19 48  0.00     2.3767810891      13.680240185  
2020 11 13  19 49  0.00     2.3767795808      13.680234344  
2020 11 13  19 50  0.00     2.3767780724      13.680228513  
2020 11 13  19 51  0.00     2.3767765638      13.680222692  
2020 11 13  19 52  0.00     2.3767750551      13.680216881  
2020 11 13  19 53  0.00     2.3767735461      13.680211080  
2020 11 13  19 54  0.00     2.3767720370      13.680205289  
2020 11 13  19 55  0.00     2.3767705277      13.680199508  
2020 11 13  19 56  0.00     2.3767690182      13.680193737  
2020 11 13  19 57  0.00     2.3767675086      13.680187976  
2020 11 13  19 58  0.00     2.3767659987      13.680182226  
2020 11 13  19 59  0.00     2.3767644887      13.680176485  
2020 11 13  20  0  0.00     2.3767629785      13.680170755  
2020 11 13  20  1  0.00     2.3767614681      13.680165034  
2020 11 13  20  2  0.00     2.3767599576      13.680159323  
2020 11 13  20  3  0.00     2.3767584468      13.680153623  
2020 11 13  20  4  0.00     2.3767569359      13.680147932  
2020 11 13  20  5  0.00     2.3767554247      13.680142252  
2020 11 13  20  6  0.00     2.3767539134      13.680136581  
2020 11 13  20  7  0.00     2.3767524019      13.680130921  
2020 11 13  20  8  0.00     2.3767508902      13.680125270  
2020 11 13  20  9  0.00     2.3767493783      13.680119629  
2020 11 13  20 10  0.00     2.3767478663      13.680113999  
2020 11 13  20 11  0.00     2.3767463540      13.680108378  
2020 11 13  20 12  0.00     2.3767448416      13.680102767  
2020 11 13  20 13  0.00     2.3767433290      13.680097166  
2020 11 13  20 14  0.00     2.3767418161      13.680091575  
2020 11 13  20 15  0.00     2.3767403031      13.680085994  
2020 11 13  20 16  0.00     2.3767387899      13.680080423  
2020 11 13  20 17  0.00     2.3767372765      13.680074862  
2020 11 13  20 18  0.00     2.3767357629      13.680069311  
2020 11 13  20 19  0.00     2.3767342491      13.680063769  
2020 11 13  20 20  0.00     2.3767327352      13.680058238  
2020 11 13  20 21  0.00     2.3767312210      13.680052716  
2020 11 13  20 22  0.00     2.3767297066      13.680047204  
2020 11 13  20 23  0.00     2.3767281921      13.680041702  
2020 11 13  20 24  0.00     2.3767266773      13.680036210  
2020 11 13  20 25  0.00     2.3767251623      13.680030728  
2020 11 13  20 26  0.00     2.3767236472      13.680025255  
2020 11 13  20 27  0.00     2.3767221318      13.680019792  
2020 11 13  20 28  0.00     2.3767206163      13.680014340  
2020 11 13  20 29  0.00     2.3767191005      13.680008897  
2020 11 13  20 30  0.00     2.3767175846      13.680003463  
2020 11 13  20 31  0.00     2.3767160684      13.679998040  
2020 11 13  20 32  0.00     2.3767145520      13.679992626  
2020 11 13  20 33  0.00     2.3767130355      13.679987222  
2020 11 13  20 34  0.00     2.3767115187      13.679981828  
2020 11 13  20 35  0.00     2.3767100018      13.679976444  
2020 11 13  20 36  0.00     2.3767084846      13.679971069  
2020 11 13  20 37  0.00     2.3767069672      13.679965704  
2020 11 13  20 38  0.00     2.3767054496      13.679960349  
2020 11 13  20 39  0.00     2.3767039319      13.679955004  
2020 11 13  20 40  0.00     2.3767024139      13.679949668  
2020 11 13  20 41  0.00     2.3767008957      13.679944342  
2020 11 13  20 42  0.00     2.3766993773      13.679939026  
2020 11 13  20 43  0.00     2.3766978586      13.679933719  
2020 11 13  20 44  0.00     2.3766963398      13.679928422  
2020 11 13  20 45  0.00     2.3766948208      13.679923135  
2020 11 13  20 46  0.00     2.3766933016      13.679917858  
2020 11 13  20 47  0.00     2.3766917821      13.679912590  
2020 11 13  20 48  0.00     2.3766902624      13.679907331  
2020 11 13  20 49  0.00     2.3766887426      13.679902083  
2020 11 13  20 50  0.00     2.3766872225      13.679896844  
2020 11 13  20 51  0.00     2.3766857022      13.679891614  
2020 11 13  20 52  0.00     2.3766841817      13.679886395  
2020 11 13  20 53  0.00     2.3766826609      13.679881184  
2020 11 13  20 54  0.00     2.3766811400      13.679875984  
2020 11 13  20 55  0.00     2.3766796188      13.679870793  
---
2020 11 14  11  1  0.00     2.3752316799      13.677485784  
2020 11 14  11  2  0.00     2.3752296997      13.677483135  
2020 11 14  11  3  0.00     2.3752277188      13.677480482  
2020 11 14  11  4  0.00     2.3752257372      13.677477823  
2020 11 14  11  5  0.00     2.3752237550      13.677475158  
2020 11 14  11  6  0.00     2.3752217721      13.677472488  
2020 11 14  11  7  0.00     2.3752197886      13.677469812  
2020 11 14  11  8  0.00     2.3752178044      13.677467131  
2020 11 14  11  9  0.00     2.3752158195      13.677464444  
2020 11 14  11 10  0.00     2.3752138340      13.677461752  
2020 11 14  11 11  0.00     2.3752118479      13.677459054  
2020 11 14  11 12  0.00     2.3752098610      13.677456350  
2020 11 14  11 13  0.00     2.3752078736      13.677453641  
2020 11 14  11 14  0.00     2.3752058854      13.677450926  
2020 11 14  11 15  0.00     2.3752038966      13.677448206  
2020 11 14  11 16  0.00     2.3752019072      13.677445480  
2020 11 14  11 17  0.00     2.3751999171      13.677442748  
2020 11 14  11 18  0.00     2.3751979263      13.677440010  
2020 11 14  11 19  0.00     2.3751959349      13.677437267  
2020 11 14  11 20  0.00     2.3751939429      13.677434518  
2020 11 14  11 21  0.00     2.3751919502      13.677431763  
2020 11 14  11 22  0.00     2.3751899568      13.677429002  
2020 11 14  11 23  0.00     2.3751879629      13.677426235  
2020 11 14  11 24  0.00     2.3751859682      13.677423463  
2020 11 14  11 25  0.00     2.3751839729      13.677420685  
2020 11 14  11 26  0.00     2.3751819770      13.677417901  
2020 11 14  11 27  0.00     2.3751799804      13.677415110  
2020 11 14  11 28  0.00     2.3751779832      13.677412314  
2020 11 14  11 29  0.00     2.3751759854      13.677409512  
2020 11 14  11 30  0.00     2.3751739869      13.677406704  
2020 11 14  11 31  0.00     2.3751719877      13.677403890  
2020 11 14  11 32  0.00     2.3751699879      13.677401071  
2020 11 14  11 33  0.00     2.3751679875      13.677398245  
2020 11 14  11 34  0.00     2.3751659865      13.677395413  
2020 11 14  11 35  0.00     2.3751639848      13.677392574  
2020 11 14  11 36  0.00     2.3751619825      13.677389730  
2020 11 14  11 37  0.00     2.3751599795      13.677386880  
2020 11 14  11 38  0.00     2.3751579759      13.677384024  
2020 11 14  11 39  0.00     2.3751559717      13.677381161  
2020 11 14  11 40  0.00     2.3751539668      13.677378292  
2020 11 14  11 41  0.00     2.3751519613      13.677375417  
2020 11 14  11 42  0.00     2.3751499552      13.677372536  
2020 11 14  11 43  0.00     2.3751479484      13.677369649  
2020 11 14  11 44  0.00     2.3751459410      13.677366755  
2020 11 14  11 45  0.00     2.3751439330      13.677363856  
2020 11 14  11 46  0.00     2.3751419244      13.677360950  
2020 11 14  11 47  0.00     2.3751399151      13.677358037  
2020 11 14  11 48  0.00     2.3751379052      13.677355118  
2020 11 14  11 49  0.00     2.3751358947      13.677352193  
2020 11 14  11 50  0.00     2.3751338836      13.677349262  
2020 11 14  11 51  0.00     2.3751318718      13.677346324  
2020 11 14  11 52  0.00     2.3751298594      13.677343380  
2020 11 14  11 53  0.00     2.3751278464      13.677340430  
2020 11 14  11 54  0.00     2.3751258328      13.677337473  
2020 11 14  11 55  0.00     2.3751238186      13.677334509  
2020 11 14  11 56  0.00     2.3751218037      13.677331539  
2020 11 14  11 57  0.00     2.3751197882      13.677328563  
2020 11 14  11 58  0.00     2.3751177722      13.677325580  
2020 11 14  11 59  0.00     2.3751157554      13.677322590  
2020 11 14  12  0  0.00     2.3751137381      13.677319594  
2020 11 14  12  1  0.00     2.3751117202      13.677316592  
2020 11 14  12  2  0.00     2.3751097017      13.677313583  
2020 11 14  12  3  0.00     2.3751076825      13.677310567  
2020 11 14  12  4  0.00     2.3751056627      13.677307545  
2020 11 14  12  5  0.00     2.3751036424      13.677304516  
2020 11 14  12  6  0.00     2.3751016214      13.677301480  
2020 11 14  12  7  0.00     2.3750995998      13.677298438  
2020 11 14  12  8  0.00     2.3750975776      13.677295389  
2020 11 14  12  9  0.00     2.3750955548      13.677292333  
2020 11 14  12 10  0.00     2.3750935314      13.677289270  
2020 11 14  12 11  0.00     2.3750915074      13.677286201  
2020 11 14  12 12  0.00     2.3750894828      13.677283125  
2020 11 14  12 13  0.00     2.3750874576      13.677280043  
2020 11 14  12 14  0.00     2.3750854318      13.677276953  
2020 11 14  12 15  0.00     2.3750834054      13.677273857  
2020 11 14  12 16  0.00     2.3750813784      13.677270753  
2020 11 14  12 17  0.00     2.3750793508      13.677267643  
2020 11 14  12 18  0.00     2.3750773226      13.677264526  
2020 11 14  12 19  0.00     2.3750752938      13.677261402  
2020 11 14  12 20  0.00     2.3750732645      13.677258272  
2020 11 14  12 21  0.00     2.3750712345      13.677255134  
2020 11 14  12 22  0.00     2.3750692039      13.677251989  
2020 11 14  12 23  0.00     2.3750671728      13.677248838  
2020 11 14  12 24  0.00     2.3750651411      13.677245679  
2020 11 14  12 25  0.00     2.3750631087      13.677242513  
2020 11 14  12 26  0.00     2.3750610758      13.677239341  
2020 11 14  12 27  0.00     2.3750590423      13.677236161  
2020 11 14  12 28  0.00     2.3750570082      13.677232974  
2020 11 14  12 29  0.00     2.3750549736      13.677229780  
2020 11 14  12 30  0.00     2.3750529383      13.677226579  
2020 11 14  12 31  0.00     2.3750509025      13.677223371  
2020 11 14  12 32  0.00     2.3750488661      13.677220156  
2020 11 14  12 33  0.00     2.3750468291      13.677216934  
2020 11 14  12 34  0.00     2.3750447915      13.677213704  
2020 11 14  12 35  0.00     2.3750427534      13.677210467  
2020 11 14  12 36  0.00     2.3750407146      13.677207224  
2020 11 14  12 37  0.00     2.3750386754      13.677203972  
2020 11 14  12 38  0.00     2.3750366355      13.677200714  
2020 11 14  12 39  0.00     2.3750345950      13.677197448  
2020 11 14  12 40  0.00     2.3750325540      13.677194175  
2020 11 14  12 41  0.00     2.3750305125      13.677190895  
2020 11 14  12 42  0.00     2.3750284703      13.677187608  
2020 11 14  12 43  0.00     2.3750264276      13.677184313  
2020 11 14  12 44  0.00     2.3750243843      13.677181011  
2020 11 14  12 45  0.00     2.3750223404      13.677177701  
2020 11 14  12 46  0.00     2.3750202960      13.677174384  
2020 11 14  12 47  0.00     2.3750182511      13.677171060  
2020 11 14  12 48  0.00     2.3750162055      13.677167728  
2020 11 14  12 49  0.00     2.3750141594      13.677164389  
2020 11 14  12 50  0.00     2.3750121128      13.677161042  
2020 11 14  12 51  0.00     2.3750100655      13.677157688  
2020 11 14  12 52  0.00     2.3750080178      13.677154326  
2020 11 14  12 53  0.00     2.3750059694      13.677150957  
2020 11 14  12 54  0.00     2.3750039205      13.677147581  
2020 11 14  12 55  0.00     2.3750018711      13.677144196  
2020 11 14  12 56  0.00     2.3749998211      13.677140805  
2020 11 14  12 57  0.00     2.3749977706      13.677137405  
2020 11 14  12 58  0.00     2.3749957195      13.677133998  
2020 11 14  12 59  0.00     2.3749936678      13.677130584  
2020 11 14  13  0  0.00     2.3749916156      13.677127162  
2020 11 14  13  1  0.00     2.3749895629      13.677123732  
2020 11 14  13  2  0.00     2.3749875096      13.677120294  
2020 11 14  13  3  0.00     2.3749854558      13.677116849  
2020 11 14  13  4  0.00     2.3749834014      13.677113396  
2020 11 14  13  5  0.00     2.3749813465      13.677109936  
2020 11 14  13  6  0.00     2.3749792911      13.677106468  
2020 11 14  13  7  0.00     2.3749772351      13.677102992  
2020 11 14  13  8  0.00     2.3749751786      13.677099508  
2020 11 14  13  9  0.00     2.3749731215      13.677096016  
2020 11 14  13 10  0.00     2.3749710639      13.677092517  
2020 11 14  13 11  0.00     2.3749690058      13.677089010  
2020 11 14  13 12  0.00     2.3749669471      13.677085495  
2020 11 14  13 13  0.00     2.3749648879      13.677081972  
2020 11 14  13 14  0.00     2.3749628282      13.677078441  
2020 11 14  13 15  0.00     2.3749607679      13.677074902  
2020 11 14  13 16  0.00     2.3749587071      13.677071356  
2020 11 14  13 17  0.00     2.3749566458      13.677067801  
2020 11 14  13 18  0.00     2.3749545840      13.677064239  
2020 11 14  13 19  0.00     2.3749525216      13.677060669  
2020 11 14  13 20  0.00     2.3749504587      13.677057090  
2020 11 14  13 21  0.00     2.3749483953      13.677053504  
2020 11 14  13 22  0.00     2.3749463314      13.677049910  
2020 11 14  13 23  0.00     2.3749442669      13.677046308  
2020 11 14  13 24  0.00     2.3749422020      13.677042697  
2020 11 14  13 25  0.00     2.3749401365      13.677039079  
2020 11 14  13 26  0.00     2.3749380705      13.677035452  
2020 11 14  13 27  0.00     2.3749360040      13.677031818  
2020 11 14  13 28  0.00     2.3749339370      13.677028175  
2020 11 14  13 29  0.00     2.3749318694      13.677024525  
2020 11 14  13 30  0.00     2.3749298014      13.677020866  
2020 11 14  13 31  0.00     2.3749277328      13.677017199  
2020 11 14  13 32  0.00     2.3749256638      13.677013524  
2020 11 14  13 33  0.00     2.3749235942      13.677009840  
2020 11 14  13 34  0.00     2.3749215241      13.677006149  
2020 11 14  13 35  0.00     2.3749194536      13.677002449  
2020 11 14  13 36  0.00     2.3749173825      13.676998741  
2020 11 14  13 37  0.00     2.3749153109      13.676995025  
2020 11 14  13 38  0.00     2.3749132388      13.676991300  
2020 11 14  13 39  0.00     2.3749111663      13.676987567  
2020 11 14  13 40  0.00     2.3749090932      13.676983826  
2020 11 14  13 41  0.00     2.3749070196      13.676980077  
2020 11 14  13 42  0.00     2.3749049456      13.676976319  
2020 11 14  13 43  0.00     2.3749028710      13.676972553  
2020 11 14  13 44  0.00     2.3749007960      13.676968779  
2020 11 14  13 45  0.00     2.3748987204      13.676964996  
2020 11 14  13 46  0.00     2.3748966444      13.676961205  
2020 11 14  13 47  0.00     2.3748945679      13.676957405  
2020 11 14  13 48  0.00     2.3748924909      13.676953597  
2020 11 14  13 49  0.00     2.3748904134      13.676949781  
2020 11 14  13 50  0.00     2.3748883354      13.676945956  
2020 11 14  13 51  0.00     2.3748862570      13.676942123  
2020 11 14  13 52  0.00     2.3748841781      13.676938281  
2020 11 14  13 53  0.00     2.3748820987      13.676934431  
2020 11 14  13 54  0.00     2.3748800188      13.676930572  
2020 11 14  13 55  0.00     2.3748779384      13.676926705  
2020 11 14  13 56  0.00     2.3748758576      13.676922829  
2020 11 14  13 57  0.00     2.3748737763      13.676918944  
2020 11 14  13 58  0.00     2.3748716945      13.676915051  
2020 11 14  13 59  0.00     2.3748696122      13.676911149  
2020 11 14  14  0  0.00     2.3748675295      13.676907239  
2020 11 14  14  1  0.00     2.3748654463      13.676903320  
2020 11 14  14  2  0.00     2.3748633627      13.676899393  
2020 11 14  14  3  0.00     2.3748612785      13.676895457  
2020 11 14  14  4  0.00     2.3748591940      13.676891512  
2020 11 14  14  5  0.00     2.3748571089      13.676887558  
2020 11 14  14  6  0.00     2.3748550234      13.676883596  
2020 11 14  14  7  0.00     2.3748529374      13.676879625  
2020 11 14  14  8  0.00     2.3748508510      13.676875646  
2020 11 14  14  9  0.00     2.3748487641      13.676871657  
2020 11 14  14 10  0.00     2.3748466768      13.676867660  
2020 11 14  14 11  0.00     2.3748445890      13.676863654  
2020 11 14  14 12  0.00     2.3748425007      13.676859640  
2020 11 14  14 13  0.00     2.3748404120      13.676855616  
2020 11 14  14 14  0.00     2.3748383229      13.676851584  
2020 11 14  14 15  0.00     2.3748362333      13.676847543  
2020 11 14  14 16  0.00     2.3748341432      13.676843493  
2020 11 14  14 17  0.00     2.3748320527      13.676839434  
2020 11 14  14 18  0.00     2.3748299618      13.676835366  
2020 11 14  14 19  0.00     2.3748278704      13.676831289  
2020 11 14  14 20  0.00     2.3748257786      13.676827204  
2020 11 14  14 21  0.00     2.3748236864      13.676823109  
2020 11 14  14 22  0.00     2.3748215937      13.676819006  
2020 11 14  14 23  0.00     2.3748195005      13.676814894  
2020 11 14  14 24  0.00     2.3748174070      13.676810772  
2020 11 14  14 25  0.00     2.3748153130      13.676806642  
2020 11 14  14 26  0.00     2.3748132185      13.676802503  
2020 11 14  14 27  0.00     2.3748111237      13.676798354  
2020 11 14  14 28  0.00     2.3748090284      13.676794197  
2020 11 14  14 29  0.00     2.3748069326      13.676790031  
2020 11 14  14 30  0.00     2.3748048365      13.676785855  
2020 11 14  14 31  0.00     2.3748027399      13.676781671  
2020 11 14  14 32  0.00     2.3748006429      13.676777477  
2020 11 14  14 33  0.00     2.3747985455      13.676773275  
2020 11 14  14 34  0.00     2.3747964476      13.676769063  
2020 11 14  14 35  0.00     2.3747943494      13.676764842  
2020 11 14  14 36  0.00     2.3747922507      13.676760612  
2020 11 14  14 37  0.00     2.3747901516      13.676756373  
2020 11 14  14 38  0.00     2.3747880521      13.676752125  
2020 11 14  14 39  0.00     2.3747859522      13.676747867  
2020 11 14  14 40  0.00     2.3747838518      13.676743600  
2020 11 14  14 41  0.00     2.3747817511      13.676739324  
2020 11 14  14 42  0.00     2.3747796499      13.676735039  
2020 11 14  14 43  0.00     2.3747775484      13.676730745  
2020 11 14  14 44  0.00     2.3747754464      13.676726441  
2020 11 14  14 45  0.00     2.3747733440      13.676722128  
2020 11 14  14 46  0.00     2.3747712412      13.676717806  
2020 11 14  14 47  0.00     2.3747691381      13.676713475  
2020 11 14  14 48  0.00     2.3747670345      13.676709134  
2020 11 14  14 49  0.00     2.3747649305      13.676704784  
2020 11 14  14 50  0.00     2.3747628261      13.676700425  
2020 11 14  14 51  0.00     2.3747607214      13.676696056  
2020 11 14  14 52  0.00     2.3747586162      13.676691678  
2020 11 14  14 53  0.00     2.3747565106      13.676687290  
2020 11 14  14 54  0.00     2.3747544047      13.676682893  
2020 11 14  14 55  0.00     2.3747522984      13.676678487  
2020 11 14  14 56  0.00     2.3747501916      13.676674072  
2020 11 14  14 57  0.00     2.3747480845      13.676669646  
2020 11 14  14 58  0.00     2.3747459770      13.676665212  
2020 11 14  14 59  0.00     2.3747438691      13.676660768  
2020 11 14  15  0  0.00     2.3747417609      13.676656315  
2020 11 14  15  1  0.00     2.3747396522      13.676651852  
2020 11 14  15  2  0.00     2.3747375432      13.676647379  
2020 11 14  15  3  0.00     2.3747354338      13.676642897  
2020 11 14  15  4  0.00     2.3747333240      13.676638406  
2020 11 14  15  5  0.00     2.3747312139      13.676633905  
2020 11 14  15  6  0.00     2.3747291034      13.676629394  
2020 11 14  15  7  0.00     2.3747269925      13.676624874  
2020 11 14  15  8  0.00     2.3747248812      13.676620345  
2020 11 14  15  9  0.00     2.3747227696      13.676615805  
2020 11 14  15 10  0.00     2.3747206576      13.676611257  
2020 11 14  15 11  0.00     2.3747185452      13.676606698  
2020 11 14  15 12  0.00     2.3747164325      13.676602130  
2020 11 14  15 13  0.00     2.3747143194      13.676597552  
2020 11 14  15 14  0.00     2.3747122060      13.676592965  
2020 11 14  15 15  0.00     2.3747100922      13.676588368  
2020 11 14  15 16  0.00     2.3747079780      13.676583761  
2020 11 14  15 17  0.00     2.3747058635      13.676579145  
2020 11 14  15 18  0.00     2.3747037486      13.676574519  
2020 11 14  15 19  0.00     2.3747016334      13.676569883  
2020 11 14  15 20  0.00     2.3746995178      13.676565238  
2020 11 14  15 21  0.00     2.3746974019      13.676560583  
2020 11 14  15 22  0.00     2.3746952856      13.676555918  
2020 11 14  15 23  0.00     2.3746931690      13.676551243  
2020 11 14  15 24  0.00     2.3746910520      13.676546558  
2020 11 14  15 25  0.00     2.3746889347      13.676541864  
2020 11 14  15 26  0.00     2.3746868170      13.676537160  
2020 11 14  15 27  0.00     2.3746846990      13.676532446  
2020 11 14  15 28  0.00     2.3746825807      13.676527722  
2020 11 14  15 29  0.00     2.3746804620      13.676522989  
2020 11 14  15 30  0.00     2.3746783430      13.676518245  
2020 11 14  15 31  0.00     2.3746762237      13.676513492  
2020 11 14  15 32  0.00     2.3746741040      13.676508729  
2020 11 14  15 33  0.00     2.3746719840      13.676503956  
2020 11 14  15 34  0.00     2.3746698637      13.676499173  
2020 11 14  15 35  0.00     2.3746677431      13.676494380  
2020 11 14  15 36  0.00     2.3746656221      13.676489578  
2020 11 14  15 37  0.00     2.3746635008      13.676484765  
2020 11 14  15 38  0.00     2.3746613791      13.676479942  
2020 11 14  15 39  0.00     2.3746592572      13.676475110  
2020 11 14  15 40  0.00     2.3746571349      13.676470267  
2020 11 14  15 41  0.00     2.3746550123      13.676465415  
2020 11 14  15 42  0.00     2.3746528894      13.676460552  
2020 11 14  15 43  0.00     2.3746507662      13.676455680  
2020 11 14  15 44  0.00     2.3746486427      13.676450797  
2020 11 14  15 45  0.00     2.3746465188      13.676445905  
2020 11 14  15 46  0.00     2.3746443947      13.676441002  
2020 11 14  15 47  0.00     2.3746422702      13.676436090  
2020 11 14  15 48  0.00     2.3746401454      13.676431167  
2020 11 14  15 49  0.00     2.3746380203      13.676426234  
2020 11 14  15 50  0.00     2.3746358950      13.676421292  
2020 11 14  15 51  0.00     2.3746337693      13.676416339  
2020 11 14  15 52  0.00     2.3746316433      13.676411376  
2020 11 14  15 53  0.00     2.3746295170      13.676406403  
2020 11 14  15 54  0.00     2.3746273904      13.676401419  
2020 11 14  15 55  0.00     2.3746252635      13.676396426  
2020 11 14  15 56  0.00     2.3746231364      13.676391423  
2020 11 14  15 57  0.00     2.3746210089      13.676386409  
2020 11 14  15 58  0.00     2.3746188812      13.676381385  
2020 11 14  15 59  0.00     2.3746167531      13.676376351  
2020 11 14  16  0  0.00     2.3746146248      13.676371307  
2020 11 14  16  1  0.00     2.3746124962      13.676366252  
2020 11 14  16  2  0.00     2.3746103673      13.676361188  
2020 11 14  16  3  0.00     2.3746082381      13.676356113  
2020 11 14  16  4  0.00     2.3746061086      13.676351028  
2020 11 14  16  5  0.00     2.3746039789      13.676345932  
2020 11 14  16  6  0.00     2.3746018488      13.676340827  
2020 11 14  16  7  0.00     2.3745997185      13.676335711  
2020 11 14  16  8  0.00     2.3745975880      13.676330585  
2020 11 14  16  9  0.00     2.3745954571      13.676325448  
2020 11 14  16 10  0.00     2.3745933260      13.676320302  
2020 11 14  16 11  0.00     2.3745911946      13.676315145  
2020 11 14  16 12  0.00     2.3745890629      13.676309977  
2020 11 14  16 13  0.00     2.3745869310      13.676304800  
2020 11 14  16 14  0.00     2.3745847988      13.676299612  
2020 11 14  16 15  0.00     2.3745826663      13.676294413  
2020 11 14  16 16  0.00     2.3745805336      13.676289204  
2020 11 14  16 17  0.00     2.3745784006      13.676283985  
2020 11 14  16 18  0.00     2.3745762674      13.676278756  
2020 11 14  16 19  0.00     2.3745741339      13.676273516  
2020 11 14  16 20  0.00     2.3745720002      13.676268266  
2020 11 14  16 21  0.00     2.3745698662      13.676263005  
2020 11 14  16 22  0.00     2.3745677319      13.676257734  
2020 11 14  16 23  0.00     2.3745655974      13.676252452  
2020 11 14  16 24  0.00     2.3745634626      13.676247160  
2020 11 14  16 25  0.00     2.3745613276      13.676241858  
2020 11 14  16 26  0.00     2.3745591924      13.676236545  
2020 11 14  16 27  0.00     2.3745570569      13.676231221  
2020 11 14  16 28  0.00     2.3745549211      13.676225887  
2020 11 14  16 29  0.00     2.3745527852      13.676220543  
2020 11 14  16 30  0.00     2.3745506489      13.676215188  
2020 11 14  16 31  0.00     2.3745485125      13.676209823  
2020 11 14  16 32  0.00     2.3745463758      13.676204447  
2020 11 14  16 33  0.00     2.3745442389      13.676199060  
2020 11 14  16 34  0.00     2.3745421017      13.676193663  
2020 11 14  16 35  0.00     2.3745399643      13.676188256  
2020 11 14  16 36  0.00     2.3745378267      13.676182838  
2020 11 14  16 37  0.00     2.3745356888      13.676177409  
2020 11 14  16 38  0.00     2.3745335507      13.676171970  
2020 11 14  16 39  0.00     2.3745314124      13.676166520  
2020 11 14  16 40  0.00     2.3745292739      13.676161060  
2020 11 14  16 41  0.00     2.3745271352      13.676155588  
2020 11 14  16 42  0.00     2.3745249962      13.676150107  
2020 11 14  16 43  0.00     2.3745228570      13.676144614  
2020 11 14  16 44  0.00     2.3745207176      13.676139112  
2020 11 14  16 45  0.00     2.3745185780      13.676133598  
2020 11 14  16 46  0.00     2.3745164382      13.676128074  
2020 11 14  16 47  0.00     2.3745142981      13.676122539  
2020 11 14  16 48  0.00     2.3745121579      13.676116993  
2020 11 14  16 49  0.00     2.3745100174      13.676111437  
2020 11 14  16 50  0.00     2.3745078767      13.676105870  
2020 11 14  16 51  0.00     2.3745057359      13.676100292  
2020 11 14  16 52  0.00     2.3745035948      13.676094704  
2020 11 14  16 53  0.00     2.3745014535      13.676089105  
2020 11 14  16 54  0.00     2.3744993120      13.676083495  
2020 11 14  16 55  0.00     2.3744971704      13.676077875  
2020 11 14  16 56  0.00     2.3744950285      13.676072243  
2020 11 14  16 57  0.00     2.3744928864      13.676066601  
2020 11 14  16 58  0.00     2.3744907441      13.676060949  
2020 11 14  16 59  0.00     2.3744886017      13.676055285  
2020 11 14  17  0  0.00     2.3744864590      13.676049611  
2020 11 14  17  1  0.00     2.3744843162      13.676043926  
2020 11 14  17  2  0.00     2.3744821732      13.676038230  
2020 11 14  17  3  0.00     2.3744800299      13.676032523  
2020 11 14  17  4  0.00     2.3744778866      13.676026806  
2020 11 14  17  5  0.00     2.3744757430      13.676021077  
2020 11 14  17  6  0.00     2.3744735992      13.676015338  
2020 11 14  17  7  0.00     2.3744714553      13.676009588  
2020 11 14  17  8  0.00     2.3744693112      13.676003827  
2020 11 14  17  9  0.00     2.3744671669      13.675998055  
2020 11 14  17 10  0.00     2.3744650224      13.675992273  
2020 11 14  17 11  0.00     2.3744628778      13.675986479  
2020 11 14  17 12  0.00     2.3744607329      13.675980675  
2020 11 14  17 13  0.00     2.3744585880      13.675974860  
2020 11 14  17 14  0.00     2.3744564428      13.675969034  
2020 11 14  17 15  0.00     2.3744542975      13.675963197  
2020 11 14  17 16  0.00     2.3744521520      13.675957349  
2020 11 14  17 17  0.00     2.3744500064      13.675951490  
2020 11 14  17 18  0.00     2.3744478606      13.675945620  
2020 11 14  17 19  0.00     2.3744457146      13.675939740  
2020 11 14  17 20  0.00     2.3744435685      13.675933848  
2020 11 14  17 21  0.00     2.3744414222      13.675927946  
2020 11 14  17 22  0.00     2.3744392757      13.675922032  
2020 11 14  17 23  0.00     2.3744371292      13.675916108  
2020 11 14  17 24  0.00     2.3744349824      13.675910172  
2020 11 14  17 25  0.00     2.3744328355      13.675904226  
2020 11 14  17 26  0.00     2.3744306885      13.675898268  
2020 11 14  17 27  0.00     2.3744285413      13.675892300  
2020 11 14  17 28  0.00     2.3744263940      13.675886320  
2020 11 14  17 29  0.00     2.3744242465      13.675880330  
2020 11 14  17 30  0.00     2.3744220989      13.675874329  
2020 11 14  17 31  0.00     2.3744199511      13.675868316  
2020 11 14  17 32  0.00     2.3744178032      13.675862293  
2020 11 14  17 33  0.00     2.3744156552      13.675856258  
2020 11 14  17 34  0.00     2.3744135070      13.675850212  
2020 11 14  17 35  0.00     2.3744113587      13.675844156  
2020 11 14  17 36  0.00     2.3744092103      13.675838088  
2020 11 14  17 37  0.00     2.3744070617      13.675832009  
2020 11 14  17 38  0.00     2.3744049130      13.675825920  
2020 11 14  17 39  0.00     2.3744027642      13.675819819  
2020 11 14  17 40  0.00     2.3744006152      13.675813707  
2020 11 14  17 41  0.00     2.3743984661      13.675807584  
2020 11 14  17 42  0.00     2.3743963169      13.675801449  
2020 11 14  17 43  0.00     2.3743941676      13.675795304  
2020 11 14  17 44  0.00     2.3743920182      13.675789148  
2020 11 14  17 45  0.00     2.3743898686      13.675782980  
2020 11 14  17 46  0.00     2.3743877190      13.675776801  
2020 11 14  17 47  0.00     2.3743855692      13.675770612  
2020 11 14  17 48  0.00     2.3743834193      13.675764411  
2020 11 14  17 49  0.00     2.3743812693      13.675758199  
2020 11 14  17 50  0.00     2.3743791191      13.675751975  
2020 11 14  17 51  0.00     2.3743769689      13.675745741  
2020 11 14  17 52  0.00     2.3743748186      13.675739495  
2020 11 14  17 53  0.00     2.3743726681      13.675733239  
2020 11 14  17 54  0.00     2.3743705176      13.675726971  
2020 11 14  17 55  0.00     2.3743683669      13.675720692  
2020 11 14  17 56  0.00     2.3743662162      13.675714401  
2020 11 14  17 57  0.00     2.3743640653      13.675708100  
2020 11 14  17 58  0.00     2.3743619144      13.675701787  
2020 11 14  17 59  0.00     2.3743597633      13.675695463  
2020 11 14  18  0  0.00     2.3743576122      13.675689128  
2020 11 14  18  1  0.00     2.3743554610      13.675682782  
2020 11 14  18  2  0.00     2.3743533097      13.675676424  
2020 11 14  18  3  0.00     2.3743511582      13.675670055  
2020 11 14  18  4  0.00     2.3743490068      13.675663675  
2020 11 14  18  5  0.00     2.3743468552      13.675657284  
2020 11 14  18  6  0.00     2.3743447035      13.675650881  
2020 11 14  18  7  0.00     2.3743425518      13.675644467  
2020 11 14  18  8  0.00     2.3743403999      13.675638042  
2020 11 14  18  9  0.00     2.3743382480      13.675631606  
2020 11 14  18 10  0.00     2.3743360960      13.675625158  
2020 11 14  18 11  0.00     2.3743339440      13.675618699  
2020 11 14  18 12  0.00     2.3743317918      13.675612229  
2020 11 14  18 13  0.00     2.3743296396      13.675605748  
2020 11 14  18 14  0.00     2.3743274873      13.675599255  
2020 11 14  18 15  0.00     2.3743253350      13.675592751  
2020 11 14  18 16  0.00     2.3743231826      13.675586235  
2020 11 14  18 17  0.00     2.3743210301      13.675579709  
2020 11 14  18 18  0.00     2.3743188775      13.675573171  
2020 11 14  18 19  0.00     2.3743167249      13.675566621  
2020 11 14  18 20  0.00     2.3743145722      13.675560060  
2020 11 14  18 21  0.00     2.3743124195      13.675553488  
2020 11 14  18 22  0.00     2.3743102667      13.675546905  
2020 11 14  18 23  0.00     2.3743081138      13.675540310  
2020 11 14  18 24  0.00     2.3743059609      13.675533704  
2020 11 14  18 25  0.00     2.3743038079      13.675527087  
2020 11 14  18 26  0.00     2.3743016549      13.675520458  
2020 11 14  18 27  0.00     2.3742995018      13.675513818  
2020 11 14  18 28  0.00     2.3742973487      13.675507166  
2020 11 14  18 29  0.00     2.3742951955      13.675500503  
2020 11 14  18 30  0.00     2.3742930423      13.675493829  
2020 11 14  18 31  0.00     2.3742908890      13.675487143  
2020 11 14  18 32  0.00     2.3742887357      13.675480446  
2020 11 14  18 33  0.00     2.3742865824      13.675473738  
2020 11 14  18 34  0.00     2.3742844290      13.675467018  
2020 11 14  18 35  0.00     2.3742822756      13.675460287  
2020 11 14  18 36  0.00     2.3742801221      13.675453544  
2020 11 14  18 37  0.00     2.3742779686      13.675446790  
2020 11 14  18 38  0.00     2.3742758150      13.675440024  
2020 11 14  18 39  0.00     2.3742736615      13.675433247  
2020 11 14  18 40  0.00     2.3742715079      13.675426459  
2020 11 14  18 41  0.00     2.3742693542      13.675419659  
2020 11 14  18 42  0.00     2.3742672006      13.675412848  
2020 11 14  18 43  0.00     2.3742650469      13.675406025  
2020 11 14  18 44  0.00     2.3742628932      13.675399191  
2020 11 14  18 45  0.00     2.3742607395      13.675392345  
2020 11 14  18 46  0.00     2.3742585857      13.675385488  
2020 11 14  18 47  0.00     2.3742564319      13.675378620  
2020 11 14  18 48  0.00     2.3742542781      13.675371740  
2020 11 14  18 49  0.00     2.3742521243      13.675364848  
2020 11 14  18 50  0.00     2.3742499705      13.675357945  
2020 11 14  18 51  0.00     2.3742478166      13.675351031  
2020 11 14  18 52  0.00     2.3742456628      13.675344105  
2020 11 14  18 53  0.00     2.3742435089      13.675337168  
2020 11 14  18 54  0.00     2.3742413550      13.675330219  
2020 11 14  18 55  0.00     2.3742392012      13.675323259  
2020 11 14  18 56  0.00     2.3742370473      13.675316287  
2020 11 14  18 57  0.00     2.3742348934      13.675309304  
2020 11 14  18 58  0.00     2.3742327395      13.675302309  
2020 11 14  18 59  0.00     2.3742305856      13.675295302  
2020 11 14  19  0  0.00     2.3742284317      13.675288285  
2020 11 14  19  1  0.00     2.3742262778      13.675281255  
2020 11 14  19  2  0.00     2.3742241239      13.675274214  
2020 11 14  19  3  0.00     2.3742219700      13.675267162  
2020 11 14  19  4  0.00     2.3742198161      13.675260098  
2020 11 14  19  5  0.00     2.3742176622      13.675253023  
2020 11 14  19  6  0.00     2.3742155083      13.675245936  
2020 11 14  19  7  0.00     2.3742133544      13.675238837  
2020 11 14  19  8  0.00     2.3742112006      13.675231727  
2020 11 14  19  9  0.00     2.3742090467      13.675224606  
2020 11 14  19 10  0.00     2.3742068929      13.675217472  
2020 11 14  19 11  0.00     2.3742047391      13.675210328  
2020 11 14  19 12  0.00     2.3742025853      13.675203172  
2020 11 14  19 13  0.00     2.3742004315      13.675196004  
2020 11 14  19 14  0.00     2.3741982778      13.675188824  
2020 11 14  19 15  0.00     2.3741961240      13.675181634  
2020 11 14  19 16  0.00     2.3741939703      13.675174431  
2020 11 14  19 17  0.00     2.3741918166      13.675167217  
2020 11 14  19 18  0.00     2.3741896630      13.675159991  
2020 11 14  19 19  0.00     2.3741875093      13.675152754  
2020 11 14  19 20  0.00     2.3741853557      13.675145506  
2020 11 14  19 21  0.00     2.3741832022      13.675138245  
2020 11 14  19 22  0.00     2.3741810486      13.675130973  
2020 11 14  19 23  0.00     2.3741788951      13.675123690  
2020 11 14  19 24  0.00     2.3741767417      13.675116395  
2020 11 14  19 25  0.00     2.3741745882      13.675109088  
2020 11 14  19 26  0.00     2.3741724348      13.675101770  
2020 11 14  19 27  0.00     2.3741702815      13.675094440  
2020 11 14  19 28  0.00     2.3741681281      13.675087099  
2020 11 14  19 29  0.00     2.3741659749      13.675079746  
2020 11 14  19 30  0.00     2.3741638216      13.675072381  
2020 11 14  19 31  0.00     2.3741616684      13.675065005  
2020 11 14  19 32  0.00     2.3741595153      13.675057617  
2020 11 14  19 33  0.00     2.3741573622      13.675050217  
2020 11 14  19 34  0.00     2.3741552092      13.675042806  
2020 11 14  19 35  0.00     2.3741530562      13.675035384  
2020 11 14  19 36  0.00     2.3741509032      13.675027949  
2020 11 14  19 37  0.00     2.3741487504      13.675020504  
2020 11 14  19 38  0.00     2.3741465975      13.675013046  
2020 11 14  19 39  0.00     2.3741444448      13.675005577  
2020 11 14  19 40  0.00     2.3741422920      13.674998096  
2020 11 14  19 41  0.00     2.3741401394      13.674990604  
2020 11 14  19 42  0.00     2.3741379868      13.674983100  
2020 11 14  19 43  0.00     2.3741358343      13.674975584  
2020 11 14  19 44  0.00     2.3741336818      13.674968057  
2020 11 14  19 45  0.00     2.3741315294      13.674960518  
2020 11 14  19 46  0.00     2.3741293771      13.674952967  
2020 11 14  19 47  0.00     2.3741272248      13.674945405  
2020 11 14  19 48  0.00     2.3741250726      13.674937831  
2020 11 14  19 49  0.00     2.3741229205      13.674930246  
2020 11 14  19 50  0.00     2.3741207684      13.674922649  
2020 11 14  19 51  0.00     2.3741186164      13.674915040  
2020 11 14  19 52  0.00     2.3741164645      13.674907420  
2020 11 14  19 53  0.00     2.3741143127      13.674899788  
2020 11 14  19 54  0.00     2.3741121609      13.674892144  
2020 11 14  19 55  0.00     2.3741100093      13.674884489  
2020 11 14  19 56  0.00     2.3741078577      13.674876822  
2020 11 14  19 57  0.00     2.3741057062      13.674869143  
2020 11 14  19 58  0.00     2.3741035547      13.674861453  
2020 11 14  19 59  0.00     2.3741014034      13.674853751  
2020 11 14  20  0  0.00     2.3740992521      13.674846037  
2020 11 14  20  1  0.00     2.3740971010      13.674838312  
2020 11 14  20  2  0.00     2.3740949499      13.674830575  
2020 11 14  20  3  0.00     2.3740927989      13.674822826  
2020 11 14  20  4  0.00     2.3740906480      13.674815066  
2020 11 14  20  5  0.00     2.3740884972      13.674807294  
2020 11 14  20  6  0.00     2.3740863465      13.674799511  
2020 11 14  20  7  0.00     2.3740841959      13.674791715  
2020 11 14  20  8  0.00     2.3740820454      13.674783909  
2020 11 14  20  9  0.00     2.3740798950      13.674776090  
2020 11 14  20 10  0.00     2.3740777446      13.674768260  
2020 11 14  20 11  0.00     2.3740755944      13.674760418  
2020 11 14  20 12  0.00     2.3740734443      13.674752564  
2020 11 14  20 13  0.00     2.3740712943      13.674744699  
2020 11 14  20 14  0.00     2.3740691444      13.674736822  
2020 11 14  20 15  0.00     2.3740669946      13.674728934  
2020 11 14  20 16  0.00     2.3740648449      13.674721033  
2020 11 14  20 17  0.00     2.3740626953      13.674713121  
2020 11 14  20 18  0.00     2.3740605459      13.674705198  
2020 11 14  20 19  0.00     2.3740583965      13.674697263  
2020 11 14  20 20  0.00     2.3740562473      13.674689316  
2020 11 14  20 21  0.00     2.3740540981      13.674681357  
2020 11 14  20 22  0.00     2.3740519491      13.674673387  
2020 11 14  20 23  0.00     2.3740498002      13.674665405  
2020 11 14  20 24  0.00     2.3740476515      13.674657411  
2020 11 14  20 25  0.00     2.3740455028      13.674649406  
2020 11 14  20 26  0.00     2.3740433543      13.674641389  
2020 11 14  20 27  0.00     2.3740412059      13.674633360  
2020 11 14  20 28  0.00     2.3740390576      13.674625320  
2020 11 14  20 29  0.00     2.3740369094      13.674617268  
2020 11 14  20 30  0.00     2.3740347614      13.674609204  
2020 11 14  20 31  0.00     2.3740326135      13.674601129  
2020 11 14  20 32  0.00     2.3740304657      13.674593042  
2020 11 14  20 33  0.00     2.3740283181      13.674584943  
2020 11 14  20 34  0.00     2.3740261705      13.674576833  
2020 11 14  20 35  0.00     2.3740240232      13.674568711  
2020 11 14  20 36  0.00     2.3740218759      13.674560577  
2020 11 14  20 37  0.00     2.3740197288      13.674552432  
2020 11 14  20 38  0.00     2.3740175818      13.674544274  
2020 11 14  20 39  0.00     2.3740154350      13.674536106  
2020 11 14  20 40  0.00     2.3740132883      13.674527925  
2020 11 14  20 41  0.00     2.3740111417      13.674519733  
2020 11 14  20 42  0.00     2.3740089953      13.674511529  
2020 11 14  20 43  0.00     2.3740068490      13.674503314  
2020 11 14  20 44  0.00     2.3740047029      13.674495087  
2020 11 14  20 45  0.00     2.3740025569      13.674486848  
2020 11 14  20 46  0.00     2.3740004111      13.674478597  
2020 11 14  20 47  0.00     2.3739982654      13.674470335  
2020 11 14  20 48  0.00     2.3739961199      13.674462061  
2020 11 14  20 49  0.00     2.3739939745      13.674453776  
2020 11 14  20 50  0.00     2.3739918293      13.674445479  
2020 11 14  20 51  0.00     2.3739896842      13.674437170  
---
2020 11 15  10 57  0.00     2.3722971824      13.663930506  
2020 11 15  10 58  0.00     2.3722953597      13.663915366  
2020 11 15  10 59  0.00     2.3722935375      13.663900224  
2020 11 15  11  0  0.00     2.3722917157      13.663885080  
2020 11 15  11  1  0.00     2.3722898944      13.663869934  
2020 11 15  11  2  0.00     2.3722880736      13.663854786  
2020 11 15  11  3  0.00     2.3722862532      13.663839635  
2020 11 15  11  4  0.00     2.3722844334      13.663824483  
2020 11 15  11  5  0.00     2.3722826139      13.663809328  
2020 11 15  11  6  0.00     2.3722807950      13.663794171  
2020 11 15  11  7  0.00     2.3722789765      13.663779013  
2020 11 15  11  8  0.00     2.3722771585      13.663763852  
2020 11 15  11  9  0.00     2.3722753410      13.663748689  
2020 11 15  11 10  0.00     2.3722735240      13.663733524  
2020 11 15  11 11  0.00     2.3722717074      13.663718358  
2020 11 15  11 12  0.00     2.3722698913      13.663703189  
2020 11 15  11 13  0.00     2.3722680757      13.663688018  
2020 11 15  11 14  0.00     2.3722662605      13.663672846  
2020 11 15  11 15  0.00     2.3722644458      13.663657671  
2020 11 15  11 16  0.00     2.3722626316      13.663642495  
2020 11 15  11 17  0.00     2.3722608179      13.663627317  
2020 11 15  11 18  0.00     2.3722590046      13.663612137  
2020 11 15  11 19  0.00     2.3722571918      13.663596955  
2020 11 15  11 20  0.00     2.3722553795      13.663581772  
2020 11 15  11 21  0.00     2.3722535677      13.663566586  
2020 11 15  11 22  0.00     2.3722517563      13.663551399  
2020 11 15  11 23  0.00     2.3722499455      13.663536210  
2020 11 15  11 24  0.00     2.3722481351      13.663521019  
2020 11 15  11 25  0.00     2.3722463252      13.663505827  
2020 11 15  11 26  0.00     2.3722445157      13.663490633  
2020 11 15  11 27  0.00     2.3722427067      13.663475437  
2020 11 15  11 28  0.00     2.3722408983      13.663460239  
2020 11 15  11 29  0.00     2.3722390902      13.663445040  
2020 11 15  11 30  0.00     2.3722372827      13.663429840  
2020 11 15  11 31  0.00     2.3722354757      13.663414637  
2020 11 15  11 32  0.00     2.3722336691      13.663399433  
2020 11 15  11 33  0.00     2.3722318630      13.663384228  
2020 11 15  11 34  0.00     2.3722300574      13.663369021  
2020 11 15  11 35  0.00     2.3722282523      13.663353812  
2020 11 15  11 36  0.00     2.3722264476      13.663338602  
2020 11 15  11 37  0.00     2.3722246435      13.663323390  
2020 11 15  11 38  0.00     2.3722228398      13.663308177  
2020 11 15  11 39  0.00     2.3722210366      13.663292962  
2020 11 15  11 40  0.00     2.3722192339      13.663277746  
2020 11 15  11 41  0.00     2.3722174316      13.663262529  
2020 11 15  11 42  0.00     2.3722156299      13.663247310  
2020 11 15  11 43  0.00     2.3722138286      13.663232089  
2020 11 15  11 44  0.00     2.3722120278      13.663216868  
2020 11 15  11 45  0.00     2.3722102275      13.663201644  
2020 11 15  11 46  0.00     2.3722084277      13.663186420  
2020 11 15  11 47  0.00     2.3722066284      13.663171194  
2020 11 15  11 48  0.00     2.3722048296      13.663155967  
2020 11 15  11 49  0.00     2.3722030312      13.663140739  
2020 11 15  11 50  0.00     2.3722012333      13.663125509  
2020 11 15  11 51  0.00     2.3721994359      13.663110278  
2020 11 15  11 52  0.00     2.3721976390      13.663095046  
2020 11 15  11 53  0.00     2.3721958426      13.663079813  
2020 11 15  11 54  0.00     2.3721940467      13.663064578  
2020 11 15  11 55  0.00     2.3721922513      13.663049342  
2020 11 15  11 56  0.00     2.3721904563      13.663034105  
2020 11 15  11 57  0.00     2.3721886619      13.663018867  
2020 11 15  11 58  0.00     2.3721868679      13.663003628  
2020 11 15  11 59  0.00     2.3721850744      13.662988388  
2020 11 15  12  0  0.00     2.3721832814      13.662973146  
2020 11 15  12  1  0.00     2.3721814889      13.662957904  
2020 11 15  12  2  0.00     2.3721796969      13.662942660  
2020 11 15  12  3  0.00     2.3721779054      13.662927416  
2020 11 15  12  4  0.00     2.3721761144      13.662912170  
2020 11 15  12  5  0.00     2.3721743238      13.662896924  
2020 11 15  12  6  0.00     2.3721725338      13.662881676  
2020 11 15  12  7  0.00     2.3721707442      13.662866428  
2020 11 15  12  8  0.00     2.3721689552      13.662851178  
2020 11 15  12  9  0.00     2.3721671666      13.662835928  
2020 11 15  12 10  0.00     2.3721653785      13.662820676  
2020 11 15  12 11  0.00     2.3721635910      13.662805424  
2020 11 15  12 12  0.00     2.3721618039      13.662790171  
2020 11 15  12 13  0.00     2.3721600173      13.662774917  
2020 11 15  12 14  0.00     2.3721582312      13.662759662  
2020 11 15  12 15  0.00     2.3721564456      13.662744406  
2020 11 15  12 16  0.00     2.3721546605      13.662729150  
2020 11 15  12 17  0.00     2.3721528759      13.662713893  
2020 11 15  12 18  0.00     2.3721510917      13.662698635  
2020 11 15  12 19  0.00     2.3721493081      13.662683376  
2020 11 15  12 20  0.00     2.3721475250      13.662668116  
2020 11 15  12 21  0.00     2.3721457424      13.662652856  
2020 11 15  12 22  0.00     2.3721439603      13.662637595  
2020 11 15  12 23  0.00     2.3721421786      13.662622334  
2020 11 15  12 24  0.00     2.3721403975      13.662607072  
2020 11 15  12 25  0.00     2.3721386169      13.662591809  
2020 11 15  12 26  0.00     2.3721368367      13.662576545  
2020 11 15  12 27  0.00     2.3721350571      13.662561281  
2020 11 15  12 28  0.00     2.3721332780      13.662546017  
2020 11 15  12 29  0.00     2.3721314993      13.662530751  
2020 11 15  12 30  0.00     2.3721297212      13.662515485  
2020 11 15  12 31  0.00     2.3721279436      13.662500219  
2020 11 15  12 32  0.00     2.3721261664      13.662484952  
2020 11 15  12 33  0.00     2.3721243898      13.662469685  
2020 11 15  12 34  0.00     2.3721226137      13.662454417  
2020 11 15  12 35  0.00     2.3721208381      13.662439149  
2020 11 15  12 36  0.00     2.3721190629      13.662423880  
2020 11 15  12 37  0.00     2.3721172883      13.662408611  
2020 11 15  12 38  0.00     2.3721155142      13.662393342  
2020 11 15  12 39  0.00     2.3721137406      13.662378072  
2020 11 15  12 40  0.00     2.3721119675      13.662362801  
2020 11 15  12 41  0.00     2.3721101949      13.662347531  
2020 11 15  12 42  0.00     2.3721084228      13.662332260  
2020 11 15  12 43  0.00     2.3721066512      13.662316989  
2020 11 15  12 44  0.00     2.3721048801      13.662301717  
2020 11 15  12 45  0.00     2.3721031096      13.662286445  
2020 11 15  12 46  0.00     2.3721013395      13.662271173  
2020 11 15  12 47  0.00     2.3720995699      13.662255901  
2020 11 15  12 48  0.00     2.3720978009      13.662240628  
2020 11 15  12 49  0.00     2.3720960323      13.662225356  
2020 11 15  12 50  0.00     2.3720942643      13.662210083  
2020 11 15  12 51  0.00     2.3720924968      13.662194810  
2020 11 15  12 52  0.00     2.3720907297      13.662179537  
2020 11 15  12 53  0.00     2.3720889632      13.662164263  
2020 11 15  12 54  0.00     2.3720871972      13.662148990  
2020 11 15  12 55  0.00     2.3720854317      13.662133716  
2020 11 15  12 56  0.00     2.3720836668      13.662118443  
2020 11 15  12 57  0.00     2.3720819023      13.662103169  
2020 11 15  12 58  0.00     2.3720801383      13.662087895  
2020 11 15  12 59  0.00     2.3720783749      13.662072622  
2020 11 15  13  0  0.00     2.3720766119      13.662057348  
2020 11 15  13  1  0.00     2.3720748495      13.662042074  
2020 11 15  13  2  0.00     2.3720730876      13.662026801  
2020 11 15  13  3  0.00     2.3720713262      13.662011527  
2020 11 15  13  4  0.00     2.3720695653      13.661996253  
2020 11 15  13  5  0.00     2.3720678050      13.661980980  
2020 11 15  13  6  0.00     2.3720660451      13.661965707  
2020 11 15  13  7  0.00     2.3720642858      13.661950434  
2020 11 15  13  8  0.00     2.3720625269      13.661935161  
2020 11 15  13  9  0.00     2.3720607686      13.661919888  
2020 11 15  13 10  0.00     2.3720590108      13.661904615  
2020 11 15  13 11  0.00     2.3720572536      13.661889343  
2020 11 15  13 12  0.00     2.3720554968      13.661874071  
2020 11 15  13 13  0.00     2.3720537406      13.661858799  
2020 11 15  13 14  0.00     2.3720519848      13.661843527  
2020 11 15  13 15  0.00     2.3720502296      13.661828255  
2020 11 15  13 16  0.00     2.3720484749      13.661812984  
2020 11 15  13 17  0.00     2.3720467208      13.661797714  
2020 11 15  13 18  0.00     2.3720449671      13.661782443  
2020 11 15  13 19  0.00     2.3720432140      13.661767173  
2020 11 15  13 20  0.00     2.3720414614      13.661751903  
2020 11 15  13 21  0.00     2.3720397093      13.661736634  
2020 11 15  13 22  0.00     2.3720379577      13.661721365  
2020 11 15  13 23  0.00     2.3720362067      13.661706097  
2020 11 15  13 24  0.00     2.3720344561      13.661690829  
2020 11 15  13 25  0.00     2.3720327061      13.661675561  
2020 11 15  13 26  0.00     2.3720309566      13.661660294  
2020 11 15  13 27  0.00     2.3720292077      13.661645027  
2020 11 15  13 28  0.00     2.3720274592      13.661629761  
2020 11 15  13 29  0.00     2.3720257113      13.661614496  
2020 11 15  13 30  0.00     2.3720239639      13.661599231  
2020 11 15  13 31  0.00     2.3720222170      13.661583966  
2020 11 15  13 32  0.00     2.3720204707      13.661568703  
2020 11 15  13 33  0.00     2.3720187249      13.661553440  
2020 11 15  13 34  0.00     2.3720169796      13.661538177  
2020 11 15  13 35  0.00     2.3720152348      13.661522915  
2020 11 15  13 36  0.00     2.3720134906      13.661507654  
2020 11 15  13 37  0.00     2.3720117469      13.661492394  
2020 11 15  13 38  0.00     2.3720100037      13.661477134  
2020 11 15  13 39  0.00     2.3720082610      13.661461875  
2020 11 15  13 40  0.00     2.3720065189      13.661446616  
2020 11 15  13 41  0.00     2.3720047773      13.661431359  
2020 11 15  13 42  0.00     2.3720030362      13.661416102  
2020 11 15  13 43  0.00     2.3720012956      13.661400846  
2020 11 15  13 44  0.00     2.3719995556      13.661385591  
2020 11 15  13 45  0.00     2.3719978161      13.661370337  
2020 11 15  13 46  0.00     2.3719960772      13.661355083  
2020 11 15  13 47  0.00     2.3719943387      13.661339831  
2020 11 15  13 48  0.00     2.3719926008      13.661324579  
2020 11 15  13 49  0.00     2.3719908635      13.661309329  
2020 11 15  13 50  0.00     2.3719891266      13.661294079  
2020 11 15  13 51  0.00     2.3719873903      13.661278830  
2020 11 15  13 52  0.00     2.3719856545      13.661263582  
2020 11 15  13 53  0.00     2.3719839193      13.661248335  
2020 11 15  13 54  0.00     2.3719821846      13.661233089  
2020 11 15  13 55  0.00     2.3719804504      13.661217845  
2020 11 15  13 56  0.00     2.3719787168      13.661202601  
2020 11 15  13 57  0.00     2.3719769836      13.661187358  
2020 11 15  13 58  0.00     2.3719752511      13.661172117  
2020 11 15  13 59  0.00     2.3719735190      13.661156876  
2020 11 15  14  0  0.00     2.3719717875      13.661141637  
2020 11 15  14  1  0.00     2.3719700566      13.661126398  
2020 11 15  14  2  0.00     2.3719683261      13.661111161  
2020 11 15  14  3  0.00     2.3719665962      13.661095925  
2020 11 15  14  4  0.00     2.3719648669      13.661080691  
2020 11 15  14  5  0.00     2.3719631380      13.661065457  
2020 11 15  14  6  0.00     2.3719614098      13.661050225  
2020 11 15  14  7  0.00     2.3719596820      13.661034994  
2020 11 15  14  8  0.00     2.3719579548      13.661019764  
2020 11 15  14  9  0.00     2.3719562281      13.661004536  
2020 11 15  14 10  0.00     2.3719545020      13.660989309  
2020 11 15  14 11  0.00     2.3719527764      13.660974083  
2020 11 15  14 12  0.00     2.3719510513      13.660958859  
2020 11 15  14 13  0.00     2.3719493268      13.660943636  
2020 11 15  14 14  0.00     2.3719476029      13.660928414  
2020 11 15  14 15  0.00     2.3719458794      13.660913194  
2020 11 15  14 16  0.00     2.3719441565      13.660897975  
2020 11 15  14 17  0.00     2.3719424342      13.660882758  
2020 11 15  14 18  0.00     2.3719407124      13.660867542  
2020 11 15  14 19  0.00     2.3719389911      13.660852327  
2020 11 15  14 20  0.00     2.3719372704      13.660837114  
2020 11 15  14 21  0.00     2.3719355502      13.660821903  
2020 11 15  14 22  0.00     2.3719338306      13.660806693  
2020 11 15  14 23  0.00     2.3719321115      13.660791485  
2020 11 15  14 24  0.00     2.3719303929      13.660776278  
2020 11 15  14 25  0.00     2.3719286749      13.660761073  
2020 11 15  14 26  0.00     2.3719269575      13.660745870  
2020 11 15  14 27  0.00     2.3719252406      13.660730668  
2020 11 15  14 28  0.00     2.3719235242      13.660715468  
2020 11 15  14 29  0.00     2.3719218084      13.660700269  
2020 11 15  14 30  0.00     2.3719200931      13.660685072  
2020 11 15  14 31  0.00     2.3719183784      13.660669877  
2020 11 15  14 32  0.00     2.3719166642      13.660654684  
2020 11 15  14 33  0.00     2.3719149505      13.660639492  
2020 11 15  14 34  0.00     2.3719132375      13.660624302  
2020 11 15  14 35  0.00     2.3719115249      13.660609114  
2020 11 15  14 36  0.00     2.3719098129      13.660593928  
2020 11 15  14 37  0.00     2.3719081015      13.660578743  
2020 11 15  14 38  0.00     2.3719063906      13.660563561  
2020 11 15  14 39  0.00     2.3719046802      13.660548380  
2020 11 15  14 40  0.00     2.3719029705      13.660533201  
2020 11 15  14 41  0.00     2.3719012612      13.660518024  
2020 11 15  14 42  0.00     2.3718995525      13.660502849  
2020 11 15  14 43  0.00     2.3718978444      13.660487676  
2020 11 15  14 44  0.00     2.3718961368      13.660472505  
2020 11 15  14 45  0.00     2.3718944297      13.660457335  
2020 11 15  14 46  0.00     2.3718927233      13.660442168  
2020 11 15  14 47  0.00     2.3718910173      13.660427003  
2020 11 15  14 48  0.00     2.3718893119      13.660411840  
2020 11 15  14 49  0.00     2.3718876071      13.660396679  
2020 11 15  14 50  0.00     2.3718859028      13.660381520  
2020 11 15  14 51  0.00     2.3718841991      13.660366363  
2020 11 15  14 52  0.00     2.3718824959      13.660351208  
2020 11 15  14 53  0.00     2.3718807933      13.660336055  
2020 11 15  14 54  0.00     2.3718790913      13.660320905  
2020 11 15  14 55  0.00     2.3718773898      13.660305756  
2020 11 15  14 56  0.00     2.3718756888      13.660290610  
2020 11 15  14 57  0.00     2.3718739884      13.660275466  
2020 11 15  14 58  0.00     2.3718722886      13.660260324  
2020 11 15  14 59  0.00     2.3718705893      13.660245185  
2020 11 15  15  0  0.00     2.3718688906      13.660230048  
2020 11 15  15  1  0.00     2.3718671924      13.660214913  
2020 11 15  15  2  0.00     2.3718654948      13.660199780  
2020 11 15  15  3  0.00     2.3718637978      13.660184650  
2020 11 15  15  4  0.00     2.3718621013      13.660169521  
2020 11 15  15  5  0.00     2.3718604053      13.660154396  
2020 11 15  15  6  0.00     2.3718587100      13.660139273  
2020 11 15  15  7  0.00     2.3718570151      13.660124152  
2020 11 15  15  8  0.00     2.3718553209      13.660109033  
2020 11 15  15  9  0.00     2.3718536272      13.660093917  
2020 11 15  15 10  0.00     2.3718519341      13.660078803  
2020 11 15  15 11  0.00     2.3718502415      13.660063692  
2020 11 15  15 12  0.00     2.3718485495      13.660048584  
2020 11 15  15 13  0.00     2.3718468580      13.660033478  
2020 11 15  15 14  0.00     2.3718451671      13.660018374  
2020 11 15  15 15  0.00     2.3718434768      13.660003273  
2020 11 15  15 16  0.00     2.3718417870      13.659988174  
2020 11 15  15 17  0.00     2.3718400978      13.659973079  
2020 11 15  15 18  0.00     2.3718384092      13.659957985  
2020 11 15  15 19  0.00     2.3718367211      13.659942895  
2020 11 15  15 20  0.00     2.3718350336      13.659927806  
2020 11 15  15 21  0.00     2.3718333466      13.659912721  
2020 11 15  15 22  0.00     2.3718316602      13.659897638  
2020 11 15  15 23  0.00     2.3718299744      13.659882558  
2020 11 15  15 24  0.00     2.3718282891      13.659867481  
2020 11 15  15 25  0.00     2.3718266044      13.659852407  
2020 11 15  15 26  0.00     2.3718249203      13.659837335  
2020 11 15  15 27  0.00     2.3718232367      13.659822266  
2020 11 15  15 28  0.00     2.3718215537      13.659807200  
2020 11 15  15 29  0.00     2.3718198713      13.659792136  
2020 11 15  15 30  0.00     2.3718181894      13.659777076  
2020 11 15  15 31  0.00     2.3718165081      13.659762018  
2020 11 15  15 32  0.00     2.3718148274      13.659746963  
2020 11 15  15 33  0.00     2.3718131472      13.659731911  
2020 11 15  15 34  0.00     2.3718114676      13.659716862  
2020 11 15  15 35  0.00     2.3718097886      13.659701816  
2020 11 15  15 36  0.00     2.3718081101      13.659686773  
2020 11 15  15 37  0.00     2.3718064322      13.659671733  
2020 11 15  15 38  0.00     2.3718047549      13.659656695  
2020 11 15  15 39  0.00     2.3718030781      13.659641661  
2020 11 15  15 40  0.00     2.3718014019      13.659626630  
2020 11 15  15 41  0.00     2.3717997263      13.659611602  
2020 11 15  15 42  0.00     2.3717980512      13.659596577  
2020 11 15  15 43  0.00     2.3717963768      13.659581555  
2020 11 15  15 44  0.00     2.3717947028      13.659566536  
2020 11 15  15 45  0.00     2.3717930295      13.659551520  
2020 11 15  15 46  0.00     2.3717913567      13.659536507  
2020 11 15  15 47  0.00     2.3717896845      13.659521498  
2020 11 15  15 48  0.00     2.3717880129      13.659506492  
2020 11 15  15 49  0.00     2.3717863418      13.659491489  
2020 11 15  15 50  0.00     2.3717846714      13.659476489  
2020 11 15  15 51  0.00     2.3717830014      13.659461492  
2020 11 15  15 52  0.00     2.3717813321      13.659446499  
2020 11 15  15 53  0.00     2.3717796633      13.659431508  
2020 11 15  15 54  0.00     2.3717779951      13.659416521  
2020 11 15  15 55  0.00     2.3717763275      13.659401538  
2020 11 15  15 56  0.00     2.3717746605      13.659386558  
2020 11 15  15 57  0.00     2.3717729940      13.659371581  
2020 11 15  15 58  0.00     2.3717713281      13.659356607  
2020 11 15  15 59  0.00     2.3717696628      13.659341637  
2020 11 15  16  0  0.00     2.3717679980      13.659326671  
2020 11 15  16  1  0.00     2.3717663338      13.659311707  
2020 11 15  16  2  0.00     2.3717646702      13.659296747  
2020 11 15  16  3  0.00     2.3717630072      13.659281791  
2020 11 15  16  4  0.00     2.3717613448      13.659266838  
2020 11 15  16  5  0.00     2.3717596829      13.659251889  
2020 11 15  16  6  0.00     2.3717580216      13.659236943  
2020 11 15  16  7  0.00     2.3717563609      13.659222000  
2020 11 15  16  8  0.00     2.3717547007      13.659207062  
2020 11 15  16  9  0.00     2.3717530412      13.659192126  
2020 11 15  16 10  0.00     2.3717513822      13.659177195  
2020 11 15  16 11  0.00     2.3717497237      13.659162267  
2020 11 15  16 12  0.00     2.3717480659      13.659147342  
2020 11 15  16 13  0.00     2.3717464086      13.659132422  
2020 11 15  16 14  0.00     2.3717447520      13.659117505  
2020 11 15  16 15  0.00     2.3717430959      13.659102591  
2020 11 15  16 16  0.00     2.3717414403      13.659087682  
2020 11 15  16 17  0.00     2.3717397854      13.659072776  
2020 11 15  16 18  0.00     2.3717381310      13.659057873  
2020 11 15  16 19  0.00     2.3717364772      13.659042975  
2020 11 15  16 20  0.00     2.3717348240      13.659028080  
2020 11 15  16 21  0.00     2.3717331714      13.659013190  
2020 11 15  16 22  0.00     2.3717315193      13.658998303  
2020 11 15  16 23  0.00     2.3717298678      13.658983419  
2020 11 15  16 24  0.00     2.3717282169      13.658968540  
2020 11 15  16 25  0.00     2.3717265666      13.658953665  
2020 11 15  16 26  0.00     2.3717249169      13.658938793  
2020 11 15  16 27  0.00     2.3717232677      13.658923926  
2020 11 15  16 28  0.00     2.3717216192      13.658909062  
2020 11 15  16 29  0.00     2.3717199712      13.658894202  
2020 11 15  16 30  0.00     2.3717183238      13.658879346  
2020 11 15  16 31  0.00     2.3717166769      13.658864495  
2020 11 15  16 32  0.00     2.3717150307      13.658849647  
2020 11 15  16 33  0.00     2.3717133850      13.658834803  
2020 11 15  16 34  0.00     2.3717117399      13.658819964  
2020 11 15  16 35  0.00     2.3717100954      13.658805128  
2020 11 15  16 36  0.00     2.3717084515      13.658790297  
2020 11 15  16 37  0.00     2.3717068082      13.658775469  
2020 11 15  16 38  0.00     2.3717051654      13.658760646  
2020 11 15  16 39  0.00     2.3717035232      13.658745827  
2020 11 15  16 40  0.00     2.3717018817      13.658731012  
2020 11 15  16 41  0.00     2.3717002407      13.658716201  
2020 11 15  16 42  0.00     2.3716986002      13.658701394  
2020 11 15  16 43  0.00     2.3716969604      13.658686592  
2020 11 15  16 44  0.00     2.3716953211      13.658671794  
2020 11 15  16 45  0.00     2.3716936825      13.658657000  
2020 11 15  16 46  0.00     2.3716920444      13.658642211  
2020 11 15  16 47  0.00     2.3716904069      13.658627425  
2020 11 15  16 48  0.00     2.3716887699      13.658612644  
2020 11 15  16 49  0.00     2.3716871336      13.658597868  
2020 11 15  16 50  0.00     2.3716854979      13.658583095  
2020 11 15  16 51  0.00     2.3716838627      13.658568328  
2020 11 15  16 52  0.00     2.3716822281      13.658553564  
2020 11 15  16 53  0.00     2.3716805941      13.658538805  
2020 11 15  16 54  0.00     2.3716789607      13.658524050  
2020 11 15  16 55  0.00     2.3716773279      13.658509300  
2020 11 15  16 56  0.00     2.3716756956      13.658494554  
2020 11 15  16 57  0.00     2.3716740640      13.658479813  
2020 11 15  16 58  0.00     2.3716724329      13.658465076  
2020 11 15  16 59  0.00     2.3716708024      13.658450344  
2020 11 15  17  0  0.00     2.3716691725      13.658435616  
2020 11 15  17  1  0.00     2.3716675432      13.658420893  
2020 11 15  17  2  0.00     2.3716659145      13.658406175  
2020 11 15  17  3  0.00     2.3716642863      13.658391461  
2020 11 15  17  4  0.00     2.3716626588      13.658376751  
2020 11 15  17  5  0.00     2.3716610318      13.658362047  
2020 11 15  17  6  0.00     2.3716594054      13.658347347  
2020 11 15  17  7  0.00     2.3716577796      13.658332651  
2020 11 15  17  8  0.00     2.3716561544      13.658317961  
2020 11 15  17  9  0.00     2.3716545298      13.658303275  
2020 11 15  17 10  0.00     2.3716529057      13.658288593  
2020 11 15  17 11  0.00     2.3716512823      13.658273917  
2020 11 15  17 12  0.00     2.3716496594      13.658259245  
2020 11 15  17 13  0.00     2.3716480371      13.658244578  
2020 11 15  17 14  0.00     2.3716464155      13.658229916  
2020 11 15  17 15  0.00     2.3716447944      13.658215259  
2020 11 15  17 16  0.00     2.3716431738      13.658200606  
2020 11 15  17 17  0.00     2.3716415539      13.658185959  
2020 11 15  17 18  0.00     2.3716399346      13.658171316  
2020 11 15  17 19  0.00     2.3716383158      13.658156678  
2020 11 15  17 20  0.00     2.3716366977      13.658142045  
2020 11 15  17 21  0.00     2.3716350801      13.658127417  
2020 11 15  17 22  0.00     2.3716334631      13.658112794  
2020 11 15  17 23  0.00     2.3716318467      13.658098176  
2020 11 15  17 24  0.00     2.3716302309      13.658083563  
2020 11 15  17 25  0.00     2.3716286157      13.658068955  
2020 11 15  17 26  0.00     2.3716270010      13.658054352  
2020 11 15  17 27  0.00     2.3716253870      13.658039754  
2020 11 15  17 28  0.00     2.3716237735      13.658025161  
2020 11 15  17 29  0.00     2.3716221606      13.658010573  
2020 11 15  17 30  0.00     2.3716205484      13.657995991  
2020 11 15  17 31  0.00     2.3716189367      13.657981413  
2020 11 15  17 32  0.00     2.3716173256      13.657966841  
2020 11 15  17 33  0.00     2.3716157150      13.657952273  
2020 11 15  17 34  0.00     2.3716141051      13.657937711  
2020 11 15  17 35  0.00     2.3716124958      13.657923154  
2020 11 15  17 36  0.00     2.3716108870      13.657908603  
2020 11 15  17 37  0.00     2.3716092789      13.657894056  
2020 11 15  17 38  0.00     2.3716076713      13.657879515  
2020 11 15  17 39  0.00     2.3716060643      13.657864979  
2020 11 15  17 40  0.00     2.3716044579      13.657850448  
2020 11 15  17 41  0.00     2.3716028521      13.657835923  
2020 11 15  17 42  0.00     2.3716012469      13.657821403  
2020 11 15  17 43  0.00     2.3715996422      13.657806888  
2020 11 15  17 44  0.00     2.3715980382      13.657792379  
2020 11 15  17 45  0.00     2.3715964347      13.657777875  
2020 11 15  17 46  0.00     2.3715948319      13.657763377  
2020 11 15  17 47  0.00     2.3715932296      13.657748884  
2020 11 15  17 48  0.00     2.3715916279      13.657734396  
2020 11 15  17 49  0.00     2.3715900268      13.657719914  
2020 11 15  17 50  0.00     2.3715884263      13.657705437  
2020 11 15  17 51  0.00     2.3715868263      13.657690966  
2020 11 15  17 52  0.00     2.3715852270      13.657676500  
2020 11 15  17 53  0.00     2.3715836283      13.657662040  
2020 11 15  17 54  0.00     2.3715820301      13.657647585  
2020 11 15  17 55  0.00     2.3715804325      13.657633136  
2020 11 15  17 56  0.00     2.3715788355      13.657618693  
2020 11 15  17 57  0.00     2.3715772391      13.657604255  
2020 11 15  17 58  0.00     2.3715756433      13.657589823  
2020 11 15  17 59  0.00     2.3715740481      13.657575396  
2020 11 15  18  0  0.00     2.3715724535      13.657560975  
2020 11 15  18  1  0.00     2.3715708595      13.657546560  
2020 11 15  18  2  0.00     2.3715692660      13.657532150  
2020 11 15  18  3  0.00     2.3715676731      13.657517746  
2020 11 15  18  4  0.00     2.3715660809      13.657503348  
2020 11 15  18  5  0.00     2.3715644892      13.657488956  
2020 11 15  18  6  0.00     2.3715628981      13.657474569  
2020 11 15  18  7  0.00     2.3715613076      13.657460188  
2020 11 15  18  8  0.00     2.3715597176      13.657445813  
2020 11 15  18  9  0.00     2.3715581283      13.657431444  
2020 11 15  18 10  0.00     2.3715565395      13.657417081  
2020 11 15  18 11  0.00     2.3715549514      13.657402723  
2020 11 15  18 12  0.00     2.3715533638      13.657388372  
2020 11 15  18 13  0.00     2.3715517768      13.657374026  
2020 11 15  18 14  0.00     2.3715501904      13.657359686  
2020 11 15  18 15  0.00     2.3715486046      13.657345352  
2020 11 15  18 16  0.00     2.3715470194      13.657331025  
2020 11 15  18 17  0.00     2.3715454347      13.657316703  
2020 11 15  18 18  0.00     2.3715438507      13.657302387  
2020 11 15  18 19  0.00     2.3715422672      13.657288077  
2020 11 15  18 20  0.00     2.3715406843      13.657273773  
2020 11 15  18 21  0.00     2.3715391020      13.657259475  
2020 11 15  18 22  0.00     2.3715375203      13.657245183  
2020 11 15  18 23  0.00     2.3715359392      13.657230898  
2020 11 15  18 24  0.00     2.3715343587      13.657216618  
2020 11 15  18 25  0.00     2.3715327787      13.657202344  
2020 11 15  18 26  0.00     2.3715311994      13.657188077  
2020 11 15  18 27  0.00     2.3715296206      13.657173816  
2020 11 15  18 28  0.00     2.3715280424      13.657159561  
2020 11 15  18 29  0.00     2.3715264648      13.657145312  
2020 11 15  18 30  0.00     2.3715248878      13.657131069  
2020 11 15  18 31  0.00     2.3715233113      13.657116833  
2020 11 15  18 32  0.00     2.3715217355      13.657102603  
2020 11 15  18 33  0.00     2.3715201602      13.657088379  
2020 11 15  18 34  0.00     2.3715185856      13.657074161  
2020 11 15  18 35  0.00     2.3715170115      13.657059950  
2020 11 15  18 36  0.00     2.3715154379      13.657045745  
2020 11 15  18 37  0.00     2.3715138650      13.657031546  
2020 11 15  18 38  0.00     2.3715122927      13.657017354  
2020 11 15  18 39  0.00     2.3715107209      13.657003168  
2020 11 15  18 40  0.00     2.3715091498      13.656988988  
2020 11 15  18 41  0.00     2.3715075792      13.656974815  
2020 11 15  18 42  0.00     2.3715060092      13.656960648  
2020 11 15  18 43  0.00     2.3715044397      13.656946488  
2020 11 15  18 44  0.00     2.3715028709      13.656932334  
2020 11 15  18 45  0.00     2.3715013026      13.656918187  
2020 11 15  18 46  0.00     2.3714997350      13.656904046  
2020 11 15  18 47  0.00     2.3714981679      13.656889912  
2020 11 15  18 48  0.00     2.3714966014      13.656875784  
2020 11 15  18 49  0.00     2.3714950354      13.656861662  
2020 11 15  18 50  0.00     2.3714934701      13.656847548  
2020 11 15  18 51  0.00     2.3714919053      13.656833440  
2020 11 15  18 52  0.00     2.3714903412      13.656819338  
2020 11 15  18 53  0.00     2.3714887776      13.656805243  
2020 11 15  18 54  0.00     2.3714872145      13.656791155  
2020 11 15  18 55  0.00     2.3714856521      13.656777073  
2020 11 15  18 56  0.00     2.3714840902      13.656762998  
2020 11 15  18 57  0.00     2.3714825290      13.656748930  
2020 11 15  18 58  0.00     2.3714809683      13.656734869  
2020 11 15  18 59  0.00     2.3714794082      13.656720814  
2020 11 15  19  0  0.00     2.3714778486      13.656706766  
2020 11 15  19  1  0.00     2.3714762897      13.656692724  
2020 11 15  19  2  0.00     2.3714747313      13.656678690  
2020 11 15  19  3  0.00     2.3714731735      13.656664662  
2020 11 15  19  4  0.00     2.3714716163      13.656650641  
2020 11 15  19  5  0.00     2.3714700596      13.656636627  
2020 11 15  19  6  0.00     2.3714685036      13.656622620  
2020 11 15  19  7  0.00     2.3714669481      13.656608619  
2020 11 15  19  8  0.00     2.3714653932      13.656594626  
2020 11 15  19  9  0.00     2.3714638388      13.656580639  
2020 11 15  19 10  0.00     2.3714622851      13.656566660  
2020 11 15  19 11  0.00     2.3714607319      13.656552687  
2020 11 15  19 12  0.00     2.3714591793      13.656538721  
2020 11 15  19 13  0.00     2.3714576273      13.656524762  
2020 11 15  19 14  0.00     2.3714560758      13.656510810  
2020 11 15  19 15  0.00     2.3714545249      13.656496866  
2020 11 15  19 16  0.00     2.3714529747      13.656482928  
2020 11 15  19 17  0.00     2.3714514249      13.656468997  
2020 11 15  19 18  0.00     2.3714498758      13.656455073  
2020 11 15  19 19  0.00     2.3714483272      13.656441157  
2020 11 15  19 20  0.00     2.3714467792      13.656427247  
2020 11 15  19 21  0.00     2.3714452318      13.656413345  
2020 11 15  19 22  0.00     2.3714436849      13.656399450  
2020 11 15  19 23  0.00     2.3714421387      13.656385562  
2020 11 15  19 24  0.00     2.3714405929      13.656371681  
2020 11 15  19 25  0.00     2.3714390478      13.656357807  
2020 11 15  19 26  0.00     2.3714375033      13.656343940  
2020 11 15  19 27  0.00     2.3714359593      13.656330081  
2020 11 15  19 28  0.00     2.3714344158      13.656316229  
2020 11 15  19 29  0.00     2.3714328730      13.656302384  
2020 11 15  19 30  0.00     2.3714313307      13.656288546  
2020 11 15  19 31  0.00     2.3714297890      13.656274716  
2020 11 15  19 32  0.00     2.3714282479      13.656260893  
2020 11 15  19 33  0.00     2.3714267073      13.656247077  
2020 11 15  19 34  0.00     2.3714251673      13.656233269  
2020 11 15  19 35  0.00     2.3714236279      13.656219468  
2020 11 15  19 36  0.00     2.3714220890      13.656205674  
2020 11 15  19 37  0.00     2.3714205507      13.656191888  
2020 11 15  19 38  0.00     2.3714190130      13.656178109  
2020 11 15  19 39  0.00     2.3714174759      13.656164337  
2020 11 15  19 40  0.00     2.3714159393      13.656150573  
2020 11 15  19 41  0.00     2.3714144032      13.656136817  
2020 11 15  19 42  0.00     2.3714128678      13.656123068  
2020 11 15  19 43  0.00     2.3714113329      13.656109326  
2020 11 15  19 44  0.00     2.3714097986      13.656095592  
2020 11 15  19 45  0.00     2.3714082648      13.656081866  
2020 11 15  19 46  0.00     2.3714067316      13.656068147  
2020 11 15  19 47  0.00     2.3714051990      13.656054435  
2020 11 15  19 48  0.00     2.3714036669      13.656040731  
2020 11 15  19 49  0.00     2.3714021354      13.656027035  
2020 11 15  19 50  0.00     2.3714006045      13.656013346  
2020 11 15  19 51  0.00     2.3713990741      13.655999665  
2020 11 15  19 52  0.00     2.3713975443      13.655985992  
2020 11 15  19 53  0.00     2.3713960150      13.655972326  
2020 11 15  19 54  0.00     2.3713944863      13.655958668  
2020 11 15  19 55  0.00     2.3713929582      13.655945018  
2020 11 15  19 56  0.00     2.3713914306      13.655931375  
2020 11 15  19 57  0.00     2.3713899036      13.655917740  
2020 11 15  19 58  0.00     2.3713883772      13.655904113  
2020 11 15  19 59  0.00     2.3713868513      13.655890493  
2020 11 15  20  0  0.00     2.3713853259      13.655876882  
2020 11 15  20  1  0.00     2.3713838012      13.655863278  
2020 11 15  20  2  0.00     2.3713822769      13.655849682  
2020 11 15  20  3  0.00     2.3713807533      13.655836093  
2020 11 15  20  4  0.00     2.3713792302      13.655822513  
2020 11 15  20  5  0.00     2.3713777076      13.655808940  
2020 11 15  20  6  0.00     2.3713761856      13.655795376  
2020 11 15  20  7  0.00     2.3713746642      13.655781819  
2020 11 15  20  8  0.00     2.3713731433      13.655768270  
2020 11 15  20  9  0.00     2.3713716230      13.655754729  
2020 11 15  20 10  0.00     2.3713701032      13.655741196  
2020 11 15  20 11  0.00     2.3713685840      13.655727671  
2020 11 15  20 12  0.00     2.3713670653      13.655714154  
2020 11 15  20 13  0.00     2.3713655472      13.655700645  
2020 11 15  20 14  0.00     2.3713640296      13.655687144  
2020 11 15  20 15  0.00     2.3713625126      13.655673651  
2020 11 15  20 16  0.00     2.3713609961      13.655660166  
2020 11 15  20 17  0.00     2.3713594802      13.655646689  
2020 11 15  20 18  0.00     2.3713579649      13.655633220  
2020 11 15  20 19  0.00     2.3713564500      13.655619759  
2020 11 15  20 20  0.00     2.3713549358      13.655606306  
2020 11 15  20 21  0.00     2.3713534220      13.655592862  
2020 11 15  20 22  0.00     2.3713519089      13.655579425  
2020 11 15  20 23  0.00     2.3713503962      13.655565997  
2020 11 15  20 24  0.00     2.3713488842      13.655552577  
2020 11 15  20 25  0.00     2.3713473726      13.655539165  
2020 11 15  20 26  0.00     2.3713458616      13.655525761  
2020 11 15  20 27  0.00     2.3713443512      13.655512366  
2020 11 15  20 28  0.00     2.3713428413      13.655498978  
2020 11 15  20 29  0.00     2.3713413319      13.655485599  
2020 11 15  20 30  0.00     2.3713398231      13.655472229  
2020 11 15  20 31  0.00     2.3713383148      13.655458866  
2020 11 15  20 32  0.00     2.3713368071      13.655445512  
2020 11 15  20 33  0.00     2.3713352999      13.655432166  
2020 11 15  20 34  0.00     2.3713337933      13.655418829  
2020 11 15  20 35  0.00     2.3713322872      13.655405499  
2020 11 15  20 36  0.00     2.3713307816      13.655392179  
2020 11 15  20 37  0.00     2.3713292765      13.655378866  
2020 11 15  20 38  0.00     2.3713277721      13.655365562  
2020 11 15  20 39  0.00     2.3713262681      13.655352267  
2020 11 15  20 40  0.00     2.3713247647      13.655338979  
2020 11 15  20 41  0.00     2.3713232618      13.655325701  
2020 11 15  20 42  0.00     2.3713217594      13.655312430  
2020 11 15  20 43  0.00     2.3713202576      13.655299168  
2020 11 15  20 44  0.00     2.3713187563      13.655285915  
2020 11 15  20 45  0.00     2.3713172556      13.655272670  
2020 11 15  20 46  0.00     2.3713157554      13.655259434  
---
2020 11 16  10 53  0.00     2.3701081230      13.647968485  
2020 11 16  10 54  0.00     2.3701065952      13.647964498  
2020 11 16  10 55  0.00     2.3701050667      13.647960520  
2020 11 16  10 56  0.00     2.3701035377      13.647956550  
2020 11 16  10 57  0.00     2.3701020081      13.647952589  
2020 11 16  10 58  0.00     2.3701004779      13.647948635  
2020 11 16  10 59  0.00     2.3700989472      13.647944691  
2020 11 16  11  0  0.00     2.3700974158      13.647940754  
2020 11 16  11  1  0.00     2.3700958839      13.647936826  
2020 11 16  11  2  0.00     2.3700943514      13.647932907  
2020 11 16  11  3  0.00     2.3700928183      13.647928996  
2020 11 16  11  4  0.00     2.3700912846      13.647925093  
2020 11 16  11  5  0.00     2.3700897503      13.647921198  
2020 11 16  11  6  0.00     2.3700882155      13.647917312  
2020 11 16  11  7  0.00     2.3700866800      13.647913434  
2020 11 16  11  8  0.00     2.3700851440      13.647909564  
2020 11 16  11  9  0.00     2.3700836073      13.647905703  
2020 11 16  11 10  0.00     2.3700820701      13.647901850  
2020 11 16  11 11  0.00     2.3700805323      13.647898005  
2020 11 16  11 12  0.00     2.3700789939      13.647894168  
2020 11 16  11 13  0.00     2.3700774549      13.647890339  
2020 11 16  11 14  0.00     2.3700759154      13.647886519  
2020 11 16  11 15  0.00     2.3700743752      13.647882707  
2020 11 16  11 16  0.00     2.3700728344      13.647878902  
2020 11 16  11 17  0.00     2.3700712931      13.647875106  
2020 11 16  11 18  0.00     2.3700697511      13.647871318  
2020 11 16  11 19  0.00     2.3700682086      13.647867539  
2020 11 16  11 20  0.00     2.3700666654      13.647863767  
2020 11 16  11 21  0.00     2.3700651217      13.647860003  
2020 11 16  11 22  0.00     2.3700635774      13.647856248  
2020 11 16  11 23  0.00     2.3700620324      13.647852500  
2020 11 16  11 24  0.00     2.3700604869      13.647848760  
2020 11 16  11 25  0.00     2.3700589408      13.647845029  
2020 11 16  11 26  0.00     2.3700573941      13.647841305  
2020 11 16  11 27  0.00     2.3700558468      13.647837590  
2020 11 16  11 28  0.00     2.3700542989      13.647833882  
2020 11 16  11 29  0.00     2.3700527504      13.647830182  
2020 11 16  11 30  0.00     2.3700512013      13.647826490  
2020 11 16  11 31  0.00     2.3700496516      13.647822806  
2020 11 16  11 32  0.00     2.3700481013      13.647819130  
2020 11 16  11 33  0.00     2.3700465504      13.647815462  
2020 11 16  11 34  0.00     2.3700449989      13.647811801  
2020 11 16  11 35  0.00     2.3700434468      13.647808149  
2020 11 16  11 36  0.00     2.3700418941      13.647804504  
2020 11 16  11 37  0.00     2.3700403408      13.647800867  
2020 11 16  11 38  0.00     2.3700387869      13.647797238  
2020 11 16  11 39  0.00     2.3700372324      13.647793616  
2020 11 16  11 40  0.00     2.3700356772      13.647790003  
2020 11 16  11 41  0.00     2.3700341215      13.647786397  
2020 11 16  11 42  0.00     2.3700325652      13.647782799  
2020 11 16  11 43  0.00     2.3700310083      13.647779208  
2020 11 16  11 44  0.00     2.3700294508      13.647775625  
2020 11 16  11 45  0.00     2.3700278927      13.647772050  
2020 11 16  11 46  0.00     2.3700263340      13.647768482  
2020 11 16  11 47  0.00     2.3700247746      13.647764922  
2020 11 16  11 48  0.00     2.3700232147      13.647761370  
2020 11 16  11 49  0.00     2.3700216542      13.647757825  
2020 11 16  11 50  0.00     2.3700200930      13.647754288  
2020 11 16  11 51  0.00     2.3700185313      13.647750759  
2020 11 16  11 52  0.00     2.3700169689      13.647747237  
2020 11 16  11 53  0.00     2.3700154059      13.647743722  
2020 11 16  11 54  0.00     2.3700138424      13.647740215  
2020 11 16  11 55  0.00     2.3700122782      13.647736716  
2020 11 16  11 56  0.00     2.3700107134      13.647733224  
2020 11 16  11 57  0.00     2.3700091480      13.647729739  
2020 11 16  11 58  0.00     2.3700075820      13.647726262  
2020 11 16  11 59  0.00     2.3700060154      13.647722792  
2020 11 16  12  0  0.00     2.3700044482      13.647719330  
2020 11 16  12  1  0.00     2.3700028804      13.647715875  
2020 11 16  12  2  0.00     2.3700013120      13.647712427  
2020 11 16  12  3  0.00     2.3699997429      13.647708987  
2020 11 16  12  4  0.00     2.3699981733      13.647705554  
2020 11 16  12  5  0.00     2.3699966030      13.647702129  
2020 11 16  12  6  0.00     2.3699950322      13.647698711  
2020 11 16  12  7  0.00     2.3699934607      13.647695300  
2020 11 16  12  8  0.00     2.3699918886      13.647691896  
2020 11 16  12  9  0.00     2.3699903159      13.647688500  
2020 11 16  12 10  0.00     2.3699887426      13.647685110  
2020 11 16  12 11  0.00     2.3699871687      13.647681729  
2020 11 16  12 12  0.00     2.3699855941      13.647678354  
2020 11 16  12 13  0.00     2.3699840190      13.647674986  
2020 11 16  12 14  0.00     2.3699824432      13.647671626  
2020 11 16  12 15  0.00     2.3699808669      13.647668273  
2020 11 16  12 16  0.00     2.3699792899      13.647664927  
2020 11 16  12 17  0.00     2.3699777123      13.647661588  
2020 11 16  12 18  0.00     2.3699761341      13.647658256  
2020 11 16  12 19  0.00     2.3699745553      13.647654931  
2020 11 16  12 20  0.00     2.3699729758      13.647651613  
2020 11 16  12 21  0.00     2.3699713958      13.647648302  
2020 11 16  12 22  0.00     2.3699698152      13.647644999  
2020 11 16  12 23  0.00     2.3699682339      13.647641702  
2020 11 16  12 24  0.00     2.3699666520      13.647638412  
2020 11 16  12 25  0.00     2.3699650695      13.647635130  
2020 11 16  12 26  0.00     2.3699634864      13.647631854  
2020 11 16  12 27  0.00     2.3699619027      13.647628585  
2020 11 16  12 28  0.00     2.3699603183      13.647625323  
2020 11 16  12 29  0.00     2.3699587334      13.647622069  
2020 11 16  12 30  0.00     2.3699571478      13.647618820  
2020 11 16  12 31  0.00     2.3699555616      13.647615579  
2020 11 16  12 32  0.00     2.3699539748      13.647612345  
2020 11 16  12 33  0.00     2.3699523874      13.647609117  
2020 11 16  12 34  0.00     2.3699507994      13.647605897  
2020 11 16  12 35  0.00     2.3699492108      13.647602683  
2020 11 16  12 36  0.00     2.3699476215      13.647599476  
2020 11 16  12 37  0.00     2.3699460316      13.647596276  
2020 11 16  12 38  0.00     2.3699444411      13.647593082  
2020 11 16  12 39  0.00     2.3699428500      13.647589895  
2020 11 16  12 40  0.00     2.3699412583      13.647586715  
2020 11 16  12 41  0.00     2.3699396660      13.647583542  
2020 11 16  12 42  0.00     2.3699380730      13.647580375  
2020 11 16  12 43  0.00     2.3699364795      13.647577215  
2020 11 16  12 44  0.00     2.3699348853      13.647574061  
2020 11 16  12 45  0.00     2.3699332905      13.647570914  
2020 11 16  12 46  0.00     2.3699316950      13.647567774  
2020 11 16  12 47  0.00     2.3699300990      13.647564641  
2020 11 16  12 48  0.00     2.3699285024      13.647561514  
2020 11 16  12 49  0.00     2.3699269051      13.647558393  
2020 11 16  12 50  0.00     2.3699253072      13.647555279  
2020 11 16  12 51  0.00     2.3699237087      13.647552172  
2020 11 16  12 52  0.00     2.3699221096      13.647549071  
2020 11 16  12 53  0.00     2.3699205098      13.647545976  
2020 11 16  12 54  0.00     2.3699189095      13.647542888  
2020 11 16  12 55  0.00     2.3699173085      13.647539807  
2020 11 16  12 56  0.00     2.3699157069      13.647536732  
2020 11 16  12 57  0.00     2.3699141047      13.647533663  
2020 11 16  12 58  0.00     2.3699125019      13.647530601  
2020 11 16  12 59  0.00     2.3699108984      13.647527545  
2020 11 16  13  0  0.00     2.3699092944      13.647524495  
2020 11 16  13  1  0.00     2.3699076897      13.647521452  
2020 11 16  13  2  0.00     2.3699060844      13.647518415  
2020 11 16  13  3  0.00     2.3699044785      13.647515384  
2020 11 16  13  4  0.00     2.3699028720      13.647512360  
2020 11 16  13  5  0.00     2.3699012648      13.647509342  
2020 11 16  13  6  0.00     2.3698996570      13.647506330  
2020 11 16  13  7  0.00     2.3698980487      13.647503325  
2020 11 16  13  8  0.00     2.3698964397      13.647500325  
2020 11 16  13  9  0.00     2.3698948300      13.647497332  
2020 11 16  13 10  0.00     2.3698932198      13.647494345  
2020 11 16  13 11  0.00     2.3698916089      13.647491364  
2020 11 16  13 12  0.00     2.3698899975      13.647488390  
2020 11 16  13 13  0.00     2.3698883854      13.647485421  
2020 11 16  13 14  0.00     2.3698867727      13.647482459  
2020 11 16  13 15  0.00     2.3698851593      13.647479502  
2020 11 16  13 16  0.00     2.3698835454      13.647476552  
2020 11 16  13 17  0.00     2.3698819308      13.647473608  
2020 11 16  13 18  0.00     2.3698803156      13.647470670  
2020 11 16  13 19  0.00     2.3698786998      13.647467737  
2020 11 16  13 20  0.00     2.3698770834      13.647464811  
2020 11 16  13 21  0.00     2.3698754664      13.647461891  
2020 11 16  13 22  0.00     2.3698738487      13.647458977  
2020 11 16  13 23  0.00     2.3698722305      13.647456068  
2020 11 16  13 24  0.00     2.3698706116      13.647453166  
2020 11 16  13 25  0.00     2.3698689921      13.647450270  
2020 11 16  13 26  0.00     2.3698673719      13.647447379  
2020 11 16  13 27  0.00     2.3698657512      13.647444494  
2020 11 16  13 28  0.00     2.3698641298      13.647441615  
2020 11 16  13 29  0.00     2.3698625078      13.647438742  
2020 11 16  13 30  0.00     2.3698608853      13.647435875  
2020 11 16  13 31  0.00     2.3698592620      13.647433014  
2020 11 16  13 32  0.00     2.3698576382      13.647430158  
2020 11 16  13 33  0.00     2.3698560138      13.647427308  
2020 11 16  13 34  0.00     2.3698543887      13.647424464  
2020 11 16  13 35  0.00     2.3698527630      13.647421626  
2020 11 16  13 36  0.00     2.3698511367      13.647418793  
2020 11 16  13 37  0.00     2.3698495098      13.647415966  
2020 11 16  13 38  0.00     2.3698478823      13.647413144  
2020 11 16  13 39  0.00     2.3698462541      13.647410329  
2020 11 16  13 40  0.00     2.3698446253      13.647407519  
2020 11 16  13 41  0.00     2.3698429960      13.647404714  
2020 11 16  13 42  0.00     2.3698413660      13.647401915  
2020 11 16  13 43  0.00     2.3698397353      13.647399122  
2020 11 16  13 44  0.00     2.3698381041      13.647396334  
2020 11 16  13 45  0.00     2.3698364723      13.647393552  
2020 11 16  13 46  0.00     2.3698348398      13.647390775  
2020 11 16  13 47  0.00     2.3698332067      13.647388004  
2020 11 16  13 48  0.00     2.3698315730      13.647385239  
2020 11 16  13 49  0.00     2.3698299387      13.647382478  
2020 11 16  13 50  0.00     2.3698283038      13.647379724  
2020 11 16  13 51  0.00     2.3698266682      13.647376974  
2020 11 16  13 52  0.00     2.3698250321      13.647374230  
2020 11 16  13 53  0.00     2.3698233953      13.647371492  
2020 11 16  13 54  0.00     2.3698217579      13.647368759  
2020 11 16  13 55  0.00     2.3698201199      13.647366031  
2020 11 16  13 56  0.00     2.3698184813      13.647363308  
2020 11 16  13 57  0.00     2.3698168420      13.647360591  
2020 11 16  13 58  0.00     2.3698152022      13.647357879  
2020 11 16  13 59  0.00     2.3698135617      13.647355173  
2020 11 16  14  0  0.00     2.3698119207      13.647352471  
2020 11 16  14  1  0.00     2.3698102790      13.647349775  
2020 11 16  14  2  0.00     2.3698086367      13.647347084  
2020 11 16  14  3  0.00     2.3698069937      13.647344399  
2020 11 16  14  4  0.00     2.3698053502      13.647341718  
2020 11 16  14  5  0.00     2.3698037061      13.647339043  
2020 11 16  14  6  0.00     2.3698020613      13.647336373  
2020 11 16  14  7  0.00     2.3698004159      13.647333708  
2020 11 16  14  8  0.00     2.3697987699      13.647331048  
2020 11 16  14  9  0.00     2.3697971233      13.647328393  
2020 11 16  14 10  0.00     2.3697954761      13.647325744  
2020 11 16  14 11  0.00     2.3697938283      13.647323099  
2020 11 16  14 12  0.00     2.3697921798      13.647320459  
2020 11 16  14 13  0.00     2.3697905308      13.647317825  
2020 11 16  14 14  0.00     2.3697888811      13.647315195  
2020 11 16  14 15  0.00     2.3697872309      13.647312571  
2020 11 16  14 16  0.00     2.3697855800      13.647309951  
2020 11 16  14 17  0.00     2.3697839285      13.647307336  
2020 11 16  14 18  0.00     2.3697822764      13.647304727  
2020 11 16  14 19  0.00     2.3697806236      13.647302122  
2020 11 16  14 20  0.00     2.3697789703      13.647299522  
2020 11 16  14 21  0.00     2.3697773164      13.647296927  
2020 11 16  14 22  0.00     2.3697756618      13.647294336  
2020 11 16  14 23  0.00     2.3697740067      13.647291751  
2020 11 16  14 24  0.00     2.3697723509      13.647289170  
2020 11 16  14 25  0.00     2.3697706945      13.647286595  
2020 11 16  14 26  0.00     2.3697690375      13.647284024  
2020 11 16  14 27  0.00     2.3697673799      13.647281457  
2020 11 16  14 28  0.00     2.3697657217      13.647278896  
2020 11 16  14 29  0.00     2.3697640629      13.647276339  
2020 11 16  14 30  0.00     2.3697624035      13.647273787  
2020 11 16  14 31  0.00     2.3697607434      13.647271240  
2020 11 16  14 32  0.00     2.3697590828      13.647268697  
2020 11 16  14 33  0.00     2.3697574215      13.647266159  
2020 11 16  14 34  0.00     2.3697557597      13.647263625  
2020 11 16  14 35  0.00     2.3697540972      13.647261097  
2020 11 16  14 36  0.00     2.3697524342      13.647258572  
2020 11 16  14 37  0.00     2.3697507705      13.647256053  
2020 11 16  14 38  0.00     2.3697491062      13.647253537  
2020 11 16  14 39  0.00     2.3697474413      13.647251027  
2020 11 16  14 40  0.00     2.3697457758      13.647248521  
2020 11 16  14 41  0.00     2.3697441097      13.647246019  
2020 11 16  14 42  0.00     2.3697424430      13.647243522  
2020 11 16  14 43  0.00     2.3697407757      13.647241029  
2020 11 16  14 44  0.00     2.3697391078      13.647238541  
2020 11 16  14 45  0.00     2.3697374392      13.647236058  
2020 11 16  14 46  0.00     2.3697357701      13.647233578  
2020 11 16  14 47  0.00     2.3697341004      13.647231103  
2020 11 16  14 48  0.00     2.3697324300      13.647228633  
2020 11 16  14 49  0.00     2.3697307591      13.647226166  
2020 11 16  14 50  0.00     2.3697290876      13.647223704  
2020 11 16  14 51  0.00     2.3697274154      13.647221247  
2020 11 16  14 52  0.00     2.3697257427      13.647218793  
2020 11 16  14 53  0.00     2.3697240693      13.647216344  
2020 11 16  14 54  0.00     2.3697223954      13.647213899  
2020 11 16  14 55  0.00     2.3697207208      13.647211459  
2020 11 16  14 56  0.00     2.3697190456      13.647209022  
2020 11 16  14 57  0.00     2.3697173699      13.647206590  
2020 11 16  14 58  0.00     2.3697156935      13.647204162  
2020 11 16  14 59  0.00     2.3697140166      13.647201738  
2020 11 16  15  0  0.00     2.3697123390      13.647199319  
2020 11 16  15  1  0.00     2.3697106609      13.647196903  
2020 11 16  15  2  0.00     2.3697089821      13.647194492  
2020 11 16  15  3  0.00     2.3697073027      13.647192084  
2020 11 16  15  4  0.00     2.3697056228      13.647189681  
2020 11 16  15  5  0.00     2.3697039422      13.647187282  
2020 11 16  15  6  0.00     2.3697022611      13.647184886  
2020 11 16  15  7  0.00     2.3697005793      13.647182495  
2020 11 16  15  8  0.00     2.3696988970      13.647180108  
2020 11 16  15  9  0.00     2.3696972140      13.647177725  
2020 11 16  15 10  0.00     2.3696955305      13.647175345  
2020 11 16  15 11  0.00     2.3696938463      13.647172970  
2020 11 16  15 12  0.00     2.3696921616      13.647170598  
2020 11 16  15 13  0.00     2.3696904763      13.647168231  
2020 11 16  15 14  0.00     2.3696887903      13.647165867  
2020 11 16  15 15  0.00     2.3696871038      13.647163507  
2020 11 16  15 16  0.00     2.3696854167      13.647161151  
2020 11 16  15 17  0.00     2.3696837290      13.647158799  
2020 11 16  15 18  0.00     2.3696820407      13.647156450  
2020 11 16  15 19  0.00     2.3696803518      13.647154106  
2020 11 16  15 20  0.00     2.3696786623      13.647151765  
2020 11 16  15 21  0.00     2.3696769722      13.647149428  
2020 11 16  15 22  0.00     2.3696752815      13.647147094  
2020 11 16  15 23  0.00     2.3696735902      13.647144765  
2020 11 16  15 24  0.00     2.3696718984      13.647142438  
2020 11 16  15 25  0.00     2.3696702059      13.647140116  
2020 11 16  15 26  0.00     2.3696685129      13.647137797  
2020 11 16  15 27  0.00     2.3696668192      13.647135482  
2020 11 16  15 28  0.00     2.3696651250      13.647133171  
2020 11 16  15 29  0.00     2.3696634302      13.647130863  
2020 11 16  15 30  0.00     2.3696617347      13.647128559  
2020 11 16  15 31  0.00     2.3696600387      13.647126258  
2020 11 16  15 32  0.00     2.3696583422      13.647123961  
2020 11 16  15 33  0.00     2.3696566450      13.647121667  
2020 11 16  15 34  0.00     2.3696549472      13.647119377  
2020 11 16  15 35  0.00     2.3696532489      13.647117090  
2020 11 16  15 36  0.00     2.3696515499      13.647114807  
2020 11 16  15 37  0.00     2.3696498504      13.647112527  
2020 11 16  15 38  0.00     2.3696481503      13.647110250  
2020 11 16  15 39  0.00     2.3696464496      13.647107977  
2020 11 16  15 40  0.00     2.3696447483      13.647105708  
2020 11 16  15 41  0.00     2.3696430464      13.647103441  
2020 11 16  15 42  0.00     2.3696413439      13.647101179  
2020 11 16  15 43  0.00     2.3696396409      13.647098919  
2020 11 16  15 44  0.00     2.3696379373      13.647096663  
2020 11 16  15 45  0.00     2.3696362330      13.647094410  
2020 11 16  15 46  0.00     2.3696345283      13.647092160  
2020 11 16  15 47  0.00     2.3696328229      13.647089913  
2020 11 16  15 48  0.00     2.3696311169      13.647087670  
2020 11 16  15 49  0.00     2.3696294104      13.647085430  
2020 11 16  15 50  0.00     2.3696277032      13.647083193  
2020 11 16  15 51  0.00     2.3696259955      13.647080959  
2020 11 16  15 52  0.00     2.3696242872      13.647078729  
2020 11 16  15 53  0.00     2.3696225784      13.647076501  
2020 11 16  15 54  0.00     2.3696208689      13.647074277  
2020 11 16  15 55  0.00     2.3696191589      13.647072056  
2020 11 16  15 56  0.00     2.3696174483      13.647069838  
2020 11 16  15 57  0.00     2.3696157371      13.647067623  
2020 11 16  15 58  0.00     2.3696140253      13.647065411  
2020 11 16  15 59  0.00     2.3696123130      13.647063202  
2020 11 16  16  0  0.00     2.3696106000      13.647060996  
2020 11 16  16  1  0.00     2.3696088865      13.647058793  
2020 11 16  16  2  0.00     2.3696071725      13.647056593  
2020 11 16  16  3  0.00     2.3696054578      13.647054396  
2020 11 16  16  4  0.00     2.3696037426      13.647052202  
2020 11 16  16  5  0.00     2.3696020268      13.647050010  
2020 11 16  16  6  0.00     2.3696003104      13.647047822  
2020 11 16  16  7  0.00     2.3695985934      13.647045636  
2020 11 16  16  8  0.00     2.3695968759      13.647043454  
2020 11 16  16  9  0.00     2.3695951578      13.647041274  
2020 11 16  16 10  0.00     2.3695934391      13.647039097  
2020 11 16  16 11  0.00     2.3695917199      13.647036923  
2020 11 16  16 12  0.00     2.3695900000      13.647034751  
2020 11 16  16 13  0.00     2.3695882796      13.647032583  
2020 11 16  16 14  0.00     2.3695865587      13.647030417  
2020 11 16  16 15  0.00     2.3695848371      13.647028253  
2020 11 16  16 16  0.00     2.3695831150      13.647026093  
2020 11 16  16 17  0.00     2.3695813924      13.647023935  
2020 11 16  16 18  0.00     2.3695796691      13.647021780  
2020 11 16  16 19  0.00     2.3695779453      13.647019627  
2020 11 16  16 20  0.00     2.3695762209      13.647017477  
2020 11 16  16 21  0.00     2.3695744959      13.647015330  
2020 11 16  16 22  0.00     2.3695727704      13.647013185  
2020 11 16  16 23  0.00     2.3695710443      13.647011043  
2020 11 16  16 24  0.00     2.3695693177      13.647008903  
2020 11 16  16 25  0.00     2.3695675905      13.647006766  
2020 11 16  16 26  0.00     2.3695658627      13.647004632  
2020 11 16  16 27  0.00     2.3695641343      13.647002500  
2020 11 16  16 28  0.00     2.3695624054      13.647000370  
2020 11 16  16 29  0.00     2.3695606759      13.646998243  
2020 11 16  16 30  0.00     2.3695589459      13.646996118  
2020 11 16  16 31  0.00     2.3695572152      13.646993996  
2020 11 16  16 32  0.00     2.3695554841      13.646991876  
2020 11 16  16 33  0.00     2.3695537523      13.646989758  
2020 11 16  16 34  0.00     2.3695520200      13.646987643  
2020 11 16  16 35  0.00     2.3695502872      13.646985530  
2020 11 16  16 36  0.00     2.3695485537      13.646983419  
2020 11 16  16 37  0.00     2.3695468198      13.646981311  
2020 11 16  16 38  0.00     2.3695450852      13.646979205  
2020 11 16  16 39  0.00     2.3695433501      13.646977102  
2020 11 16  16 40  0.00     2.3695416144      13.646975000  
2020 11 16  16 41  0.00     2.3695398782      13.646972901  
2020 11 16  16 42  0.00     2.3695381414      13.646970804  
2020 11 16  16 43  0.00     2.3695364041      13.646968709  
2020 11 16  16 44  0.00     2.3695346662      13.646966616  
2020 11 16  16 45  0.00     2.3695329278      13.646964526  
2020 11 16  16 46  0.00     2.3695311887      13.646962437  
2020 11 16  16 47  0.00     2.3695294492      13.646960351  
2020 11 16  16 48  0.00     2.3695277091      13.646958267  
2020 11 16  16 49  0.00     2.3695259684      13.646956185  
2020 11 16  16 50  0.00     2.3695242272      13.646954105  
2020 11 16  16 51  0.00     2.3695224854      13.646952027  
2020 11 16  16 52  0.00     2.3695207430      13.646949950  
2020 11 16  16 53  0.00     2.3695190001      13.646947876  
2020 11 16  16 54  0.00     2.3695172567      13.646945804  
2020 11 16  16 55  0.00     2.3695155127      13.646943734  
2020 11 16  16 56  0.00     2.3695137682      13.646941666  
2020 11 16  16 57  0.00     2.3695120231      13.646939600  
2020 11 16  16 58  0.00     2.3695102774      13.646937536  
2020 11 16  16 59  0.00     2.3695085312      13.646935473  
2020 11 16  17  0  0.00     2.3695067845      13.646933413  
2020 11 16  17  1  0.00     2.3695050372      13.646931354  
2020 11 16  17  2  0.00     2.3695032893      13.646929297  
2020 11 16  17  3  0.00     2.3695015409      13.646927242  
2020 11 16  17  4  0.00     2.3694997920      13.646925188  
2020 11 16  17  5  0.00     2.3694980425      13.646923137  
2020 11 16  17  6  0.00     2.3694962925      13.646921087  
2020 11 16  17  7  0.00     2.3694945419      13.646919039  
2020 11 16  17  8  0.00     2.3694927908      13.646916993  
2020 11 16  17  9  0.00     2.3694910391      13.646914948  
2020 11 16  17 10  0.00     2.3694892869      13.646912905  
2020 11 16  17 11  0.00     2.3694875342      13.646910864  
2020 11 16  17 12  0.00     2.3694857809      13.646908824  
2020 11 16  17 13  0.00     2.3694840270      13.646906786  
2020 11 16  17 14  0.00     2.3694822726      13.646904749  
2020 11 16  17 15  0.00     2.3694805177      13.646902715  
2020 11 16  17 16  0.00     2.3694787622      13.646900681  
2020 11 16  17 17  0.00     2.3694770062      13.646898649  
2020 11 16  17 18  0.00     2.3694752497      13.646896619  
2020 11 16  17 19  0.00     2.3694734926      13.646894590  
2020 11 16  17 20  0.00     2.3694717350      13.646892563  
2020 11 16  17 21  0.00     2.3694699768      13.646890537  
2020 11 16  17 22  0.00     2.3694682181      13.646888513  
2020 11 16  17 23  0.00     2.3694664589      13.646886490  
2020 11 16  17 24  0.00     2.3694646991      13.646884469  
2020 11 16  17 25  0.00     2.3694629388      13.646882448  
2020 11 16  17 26  0.00     2.3694611779      13.646880430  
2020 11 16  17 27  0.00     2.3694594166      13.646878412  
2020 11 16  17 28  0.00     2.3694576546      13.646876396  
2020 11 16  17 29  0.00     2.3694558922      13.646874382  
2020 11 16  17 30  0.00     2.3694541292      13.646872368  
2020 11 16  17 31  0.00     2.3694523657      13.646870356  
2020 11 16  17 32  0.00     2.3694506016      13.646868345  
2020 11 16  17 33  0.00     2.3694488370      13.646866335  
2020 11 16  17 34  0.00     2.3694470719      13.646864327  
2020 11 16  17 35  0.00     2.3694453063      13.646862320  
2020 11 16  17 36  0.00     2.3694435401      13.646860314  
2020 11 16  17 37  0.00     2.3694417734      13.646858309  
2020 11 16  17 38  0.00     2.3694400061      13.646856305  
2020 11 16  17 39  0.00     2.3694382384      13.646854303  
2020 11 16  17 40  0.00     2.3694364701      13.646852301  
2020 11 16  17 41  0.00     2.3694347013      13.646850301  
2020 11 16  17 42  0.00     2.3694329319      13.646848301  
2020 11 16  17 43  0.00     2.3694311620      13.646846303  
2020 11 16  17 44  0.00     2.3694293916      13.646844306  
2020 11 16  17 45  0.00     2.3694276207      13.646842310  
2020 11 16  17 46  0.00     2.3694258492      13.646840314  
2020 11 16  17 47  0.00     2.3694240773      13.646838320  
2020 11 16  17 48  0.00     2.3694223048      13.646836327  
2020 11 16  17 49  0.00     2.3694205317      13.646834335  
2020 11 16  17 50  0.00     2.3694187582      13.646832343  
2020 11 16  17 51  0.00     2.3694169841      13.646830353  
2020 11 16  17 52  0.00     2.3694152095      13.646828363  
2020 11 16  17 53  0.00     2.3694134344      13.646826374  
2020 11 16  17 54  0.00     2.3694116588      13.646824386  
2020 11 16  17 55  0.00     2.3694098826      13.646822399  
2020 11 16  17 56  0.00     2.3694081059      13.646820413  
2020 11 16  17 57  0.00     2.3694063287      13.646818428  
2020 11 16  17 58  0.00     2.3694045510      13.646816443  
2020 11 16  17 59  0.00     2.3694027728      13.646814459  
2020 11 16  18  0  0.00     2.3694009940      13.646812476  
2020 11 16  18  1  0.00     2.3693992148      13.646810493  
2020 11 16  18  2  0.00     2.3693974350      13.646808511  
2020 11 16  18  3  0.00     2.3693956547      13.646806530  
2020 11 16  18  4  0.00     2.3693938738      13.646804550  
2020 11 16  18  5  0.00     2.3693920925      13.646802570  
2020 11 16  18  6  0.00     2.3693903107      13.646800591  
2020 11 16  18  7  0.00     2.3693885283      13.646798612  
2020 11 16  18  8  0.00     2.3693867454      13.646796634  
2020 11 16  18  9  0.00     2.3693849620      13.646794657  
2020 11 16  18 10  0.00     2.3693831781      13.646792680  
2020 11 16  18 11  0.00     2.3693813937      13.646790704  
2020 11 16  18 12  0.00     2.3693796088      13.646788728  
2020 11 16  18 13  0.00     2.3693778234      13.646786753  
2020 11 16  18 14  0.00     2.3693760374      13.646784778  
2020 11 16  18 15  0.00     2.3693742510      13.646782803  
2020 11 16  18 16  0.00     2.3693724640      13.646780829  
2020 11 16  18 17  0.00     2.3693706766      13.646778856  
2020 11 16  18 18  0.00     2.3693688886      13.646776883  
2020 11 16  18 19  0.00     2.3693671001      13.646774910  
2020 11 16  18 20  0.00     2.3693653111      13.646772938  
2020 11 16  18 21  0.00     2.3693635216      13.646770966  
2020 11 16  18 22  0.00     2.3693617316      13.646768994  
2020 11 16  18 23  0.00     2.3693599411      13.646767022  
2020 11 16  18 24  0.00     2.3693581501      13.646765051  
2020 11 16  18 25  0.00     2.3693563585      13.646763081  
2020 11 16  18 26  0.00     2.3693545665      13.646761110  
2020 11 16  18 27  0.00     2.3693527740      13.646759140  
2020 11 16  18 28  0.00     2.3693509810      13.646757169  
2020 11 16  18 29  0.00     2.3693491874      13.646755199  
2020 11 16  18 30  0.00     2.3693473934      13.646753230  
2020 11 16  18 31  0.00     2.3693455989      13.646751260  
2020 11 16  18 32  0.00     2.3693438038      13.646749291  
2020 11 16  18 33  0.00     2.3693420083      13.646747321  
2020 11 16  18 34  0.00     2.3693402123      13.646745352  
2020 11 16  18 35  0.00     2.3693384158      13.646743383  
2020 11 16  18 36  0.00     2.3693366187      13.646741414  
2020 11 16  18 37  0.00     2.3693348212      13.646739445  
2020 11 16  18 38  0.00     2.3693330232      13.646737476  
2020 11 16  18 39  0.00     2.3693312247      13.646735507  
2020 11 16  18 40  0.00     2.3693294256      13.646733538  
2020 11 16  18 41  0.00     2.3693276261      13.646731569  
2020 11 16  18 42  0.00     2.3693258261      13.646729600  
2020 11 16  18 43  0.00     2.3693240256      13.646727631  
2020 11 16  18 44  0.00     2.3693222246      13.646725661  
2020 11 16  18 45  0.00     2.3693204231      13.646723692  
2020 11 16  18 46  0.00     2.3693186212      13.646721723  
2020 11 16  18 47  0.00     2.3693168187      13.646719753  
2020 11 16  18 48  0.00     2.3693150157      13.646717783  
2020 11 16  18 49  0.00     2.3693132123      13.646715814  
2020 11 16  18 50  0.00     2.3693114083      13.646713844  
2020 11 16  18 51  0.00     2.3693096039      13.646711873  
2020 11 16  18 52  0.00     2.3693077990      13.646709903  
2020 11 16  18 53  0.00     2.3693059935      13.646707932  
2020 11 16  18 54  0.00     2.3693041876      13.646705961  
2020 11 16  18 55  0.00     2.3693023812      13.646703990  
2020 11 16  18 56  0.00     2.3693005744      13.646702018  
2020 11 16  18 57  0.00     2.3692987670      13.646700046  
2020 11 16  18 58  0.00     2.3692969591      13.646698074  
2020 11 16  18 59  0.00     2.3692951508      13.646696101  
2020 11 16  19  0  0.00     2.3692933420      13.646694128  
2020 11 16  19  1  0.00     2.3692915327      13.646692155  
2020 11 16  19  2  0.00     2.3692897229      13.646690181  
2020 11 16  19  3  0.00     2.3692879126      13.646688207  
2020 11 16  19  4  0.00     2.3692861018      13.646686232  
2020 11 16  19  5  0.00     2.3692842906      13.646684257  
2020 11 16  19  6  0.00     2.3692824789      13.646682282  
2020 11 16  19  7  0.00     2.3692806667      13.646680306  
2020 11 16  19  8  0.00     2.3692788540      13.646678329  
2020 11 16  19  9  0.00     2.3692770408      13.646676352  
2020 11 16  19 10  0.00     2.3692752272      13.646674374  
2020 11 16  19 11  0.00     2.3692734131      13.646672396  
2020 11 16  19 12  0.00     2.3692715985      13.646670417  
2020 11 16  19 13  0.00     2.3692697834      13.646668438  
2020 11 16  19 14  0.00     2.3692679678      13.646666457  
2020 11 16  19 15  0.00     2.3692661518      13.646664477  
2020 11 16  19 16  0.00     2.3692643353      13.646662495  
2020 11 16  19 17  0.00     2.3692625183      13.646660513  
2020 11 16  19 18  0.00     2.3692607008      13.646658530  
2020 11 16  19 19  0.00     2.3692588829      13.646656547  
2020 11 16  19 20  0.00     2.3692570644      13.646654563  
2020 11 16  19 21  0.00     2.3692552455      13.646652578  
2020 11 16  19 22  0.00     2.3692534262      13.646650592  
2020 11 16  19 23  0.00     2.3692516063      13.646648605  
2020 11 16  19 24  0.00     2.3692497860      13.646646618  
2020 11 16  19 25  0.00     2.3692479653      13.646644630  
2020 11 16  19 26  0.00     2.3692461440      13.646642640  
2020 11 16  19 27  0.00     2.3692443223      13.646640651  
2020 11 16  19 28  0.00     2.3692425001      13.646638660  
2020 11 16  19 29  0.00     2.3692406774      13.646636668  
2020 11 16  19 30  0.00     2.3692388543      13.646634675  
2020 11 16  19 31  0.00     2.3692370307      13.646632682  
2020 11 16  19 32  0.00     2.3692352066      13.646630687  
2020 11 16  19 33  0.00     2.3692333821      13.646628692  
2020 11 16  19 34  0.00     2.3692315571      13.646626695  
2020 11 16  19 35  0.00     2.3692297316      13.646624698  
2020 11 16  19 36  0.00     2.3692279057      13.646622699  
2020 11 16  19 37  0.00     2.3692260792      13.646620700  
2020 11 16  19 38  0.00     2.3692242524      13.646618699  
2020 11 16  19 39  0.00     2.3692224250      13.646616697  
2020 11 16  19 40  0.00     2.3692205972      13.646614694  
2020 11 16  19 41  0.00     2.3692187690      13.646612691  
2020 11 16  19 42  0.00     2.3692169402      13.646610685  
2020 11 16  19 43  0.00     2.3692151111      13.646608679  
2020 11 16  19 44  0.00     2.3692132814      13.646606672  
2020 11 16  19 45  0.00     2.3692114513      13.646604663  
2020 11 16  19 46  0.00     2.3692096207      13.646602654  
2020 11 16  19 47  0.00     2.3692077897      13.646600642  
2020 11 16  19 48  0.00     2.3692059582      13.646598630  
2020 11 16  19 49  0.00     2.3692041262      13.646596617  
2020 11 16  19 50  0.00     2.3692022938      13.646594602  
2020 11 16  19 51  0.00     2.3692004609      13.646592586  
2020 11 16  19 52  0.00     2.3691986276      13.646590568  
2020 11 16  19 53  0.00     2.3691967938      13.646588550  
2020 11 16  19 54  0.00     2.3691949596      13.646586530  
2020 11 16  19 55  0.00     2.3691931249      13.646584508  
2020 11 16  19 56  0.00     2.3691912897      13.646582485  
2020 11 16  19 57  0.00     2.3691894541      13.646580461  
2020 11 16  19 58  0.00     2.3691876180      13.646578435  
2020 11 16  19 59  0.00     2.3691857815      13.646576408  
2020 11 16  20  0  0.00     2.3691839445      13.646574380  
2020 11 16  20  1  0.00     2.3691821071      13.646572350  
2020 11 16  20  2  0.00     2.3691802692      13.646570318  
2020 11 16  20  3  0.00     2.3691784309      13.646568285  
2020 11 16  20  4  0.00     2.3691765921      13.646566251  
2020 11 16  20  5  0.00     2.3691747529      13.646564214  
2020 11 16  20  6  0.00     2.3691729132      13.646562177  
2020 11 16  20  7  0.00     2.3691710730      13.646560137  
2020 11 16  20  8  0.00     2.3691692324      13.646558097  
2020 11 16  20  9  0.00     2.3691673914      13.646556054  
2020 11 16  20 10  0.00     2.3691655499      13.646554010  
2020 11 16  20 11  0.00     2.3691637080      13.646551964  
2020 11 16  20 12  0.00     2.3691618656      13.646549917  
2020 11 16  20 13  0.00     2.3691600227      13.646547868  
2020 11 16  20 14  0.00     2.3691581794      13.646545817  
2020 11 16  20 15  0.00     2.3691563357      13.646543764  
2020 11 16  20 16  0.00     2.3691544915      13.646541710  
2020 11 16  20 17  0.00     2.3691526469      13.646539654  
2020 11 16  20 18  0.00     2.3691508018      13.646537596  
2020 11 16  20 19  0.00     2.3691489563      13.646535536  
2020 11 16  20 20  0.00     2.3691471104      13.646533475  
2020 11 16  20 21  0.00     2.3691452640      13.646531412  
2020 11 16  20 22  0.00     2.3691434171      13.646529347  
2020 11 16  20 23  0.00     2.3691415698      13.646527280  
2020 11 16  20 24  0.00     2.3691397221      13.646525211  
2020 11 16  20 25  0.00     2.3691378739      13.646523140  
2020 11 16  20 26  0.00     2.3691360253      13.646521067  
2020 11 16  20 27  0.00     2.3691341763      13.646518993  
2020 11 16  20 28  0.00     2.3691323268      13.646516916  
2020 11 16  20 29  0.00     2.3691304769      13.646514838  
2020 11 16  20 30  0.00     2.3691286265      13.646512757  
2020 11 16  20 31  0.00     2.3691267757      13.646510674  
2020 11 16  20 32  0.00     2.3691249244      13.646508590  
2020 11 16  20 33  0.00     2.3691230727      13.646506503  
2020 11 16  20 34  0.00     2.3691212206      13.646504415  
2020 11 16  20 35  0.00     2.3691193680      13.646502324  
2020 11 16  20 36  0.00     2.3691175150      13.646500231  
2020 11 16  20 37  0.00     2.3691156616      13.646498136  
2020 11 16  20 38  0.00     2.3691138077      13.646496039  
2020 11 16  20 39  0.00     2.3691119534      13.646493940  
2020 11 16  20 40  0.00     2.3691100987      13.646491838  
2020 11 16  20 41  0.00     2.3691082435      13.646489735  
2020 11 16  20 42  0.00     2.3691063879      13.646487629  
---
2020 11 17  10 48  0.00     2.3674113898      13.642403423  
2020 11 17  10 49  0.00     2.3674092822      13.642394487  
2020 11 17  10 50  0.00     2.3674071745      13.642385539  
2020 11 17  10 51  0.00     2.3674050667      13.642376579  
2020 11 17  10 52  0.00     2.3674029590      13.642367608  
2020 11 17  10 53  0.00     2.3674008511      13.642358625  
2020 11 17  10 54  0.00     2.3673987433      13.642349630  
2020 11 17  10 55  0.00     2.3673966354      13.642340624  
2020 11 17  10 56  0.00     2.3673945274      13.642331606  
2020 11 17  10 57  0.00     2.3673924194      13.642322576  
2020 11 17  10 58  0.00     2.3673903114      13.642313535  
2020 11 17  10 59  0.00     2.3673882034      13.642304482  
2020 11 17  11  0  0.00     2.3673860953      13.642295417  
2020 11 17  11  1  0.00     2.3673839871      13.642286341  
2020 11 17  11  2  0.00     2.3673818790      13.642277253  
2020 11 17  11  3  0.00     2.3673797708      13.642268153  
2020 11 17  11  4  0.00     2.3673776626      13.642259042  
2020 11 17  11  5  0.00     2.3673755543      13.642249919  
2020 11 17  11  6  0.00     2.3673734461      13.642240784  
2020 11 17  11  7  0.00     2.3673713378      13.642231638  
2020 11 17  11  8  0.00     2.3673692294      13.642222480  
2020 11 17  11  9  0.00     2.3673671211      13.642213310  
2020 11 17  11 10  0.00     2.3673650127      13.642204129  
2020 11 17  11 11  0.00     2.3673629044      13.642194936  
2020 11 17  11 12  0.00     2.3673607959      13.642185731  
2020 11 17  11 13  0.00     2.3673586875      13.642176515  
2020 11 17  11 14  0.00     2.3673565791      13.642167287  
2020 11 17  11 15  0.00     2.3673544706      13.642158047  
2020 11 17  11 16  0.00     2.3673523622      13.642148796  
2020 11 17  11 17  0.00     2.3673502537      13.642139533  
2020 11 17  11 18  0.00     2.3673481452      13.642130258  
2020 11 17  11 19  0.00     2.3673460367      13.642120972  
2020 11 17  11 20  0.00     2.3673439282      13.642111674  
2020 11 17  11 21  0.00     2.3673418197      13.642102364  
2020 11 17  11 22  0.00     2.3673397111      13.642093043  
2020 11 17  11 23  0.00     2.3673376026      13.642083710  
2020 11 17  11 24  0.00     2.3673354941      13.642074365  
2020 11 17  11 25  0.00     2.3673333855      13.642065009  
2020 11 17  11 26  0.00     2.3673312770      13.642055641  
2020 11 17  11 27  0.00     2.3673291685      13.642046261  
2020 11 17  11 28  0.00     2.3673270599      13.642036870  
2020 11 17  11 29  0.00     2.3673249514      13.642027467  
2020 11 17  11 30  0.00     2.3673228429      13.642018052  
2020 11 17  11 31  0.00     2.3673207344      13.642008626  
2020 11 17  11 32  0.00     2.3673186258      13.641999188  
2020 11 17  11 33  0.00     2.3673165173      13.641989738  
2020 11 17  11 34  0.00     2.3673144088      13.641980277  
2020 11 17  11 35  0.00     2.3673123004      13.641970804  
2020 11 17  11 36  0.00     2.3673101919      13.641961320  
2020 11 17  11 37  0.00     2.3673080834      13.641951824  
2020 11 17  11 38  0.00     2.3673059750      13.641942316  
2020 11 17  11 39  0.00     2.3673038666      13.641932796  
2020 11 17  11 40  0.00     2.3673017582      13.641923265  
2020 11 17  11 41  0.00     2.3672996498      13.641913722  
2020 11 17  11 42  0.00     2.3672975414      13.641904168  
2020 11 17  11 43  0.00     2.3672954331      13.641894602  
2020 11 17  11 44  0.00     2.3672933247      13.641885024  
2020 11 17  11 45  0.00     2.3672912165      13.641875435  
2020 11 17  11 46  0.00     2.3672891082      13.641865834  
2020 11 17  11 47  0.00     2.3672869999      13.641856221  
2020 11 17  11 48  0.00     2.3672848917      13.641846597  
2020 11 17  11 49  0.00     2.3672827835      13.641836961  
2020 11 17  11 50  0.00     2.3672806754      13.641827313  
2020 11 17  11 51  0.00     2.3672785673      13.641817654  
2020 11 17  11 52  0.00     2.3672764592      13.641807983  
2020 11 17  11 53  0.00     2.3672743511      13.641798301  
2020 11 17  11 54  0.00     2.3672722431      13.641788607  
2020 11 17  11 55  0.00     2.3672701352      13.641778901  
2020 11 17  11 56  0.00     2.3672680272      13.641769184  
2020 11 17  11 57  0.00     2.3672659193      13.641759455  
2020 11 17  11 58  0.00     2.3672638115      13.641749714  
2020 11 17  11 59  0.00     2.3672617037      13.641739962  
2020 11 17  12  0  0.00     2.3672595959      13.641730198  
2020 11 17  12  1  0.00     2.3672574882      13.641720423  
2020 11 17  12  2  0.00     2.3672553805      13.641710636  
2020 11 17  12  3  0.00     2.3672532729      13.641700837  
2020 11 17  12  4  0.00     2.3672511654      13.641691027  
2020 11 17  12  5  0.00     2.3672490579      13.641681205  
2020 11 17  12  6  0.00     2.3672469504      13.641671372  
2020 11 17  12  7  0.00     2.3672448430      13.641661527  
2020 11 17  12  8  0.00     2.3672427356      13.641651670  
2020 11 17  12  9  0.00     2.3672406284      13.641641802  
2020 11 17  12 10  0.00     2.3672385211      13.641631922  
2020 11 17  12 11  0.00     2.3672364140      13.641622030  
2020 11 17  12 12  0.00     2.3672343069      13.641612127  
2020 11 17  12 13  0.00     2.3672321998      13.641602213  
2020 11 17  12 14  0.00     2.3672300928      13.641592287  
2020 11 17  12 15  0.00     2.3672279859      13.641582349  
2020 11 17  12 16  0.00     2.3672258791      13.641572400  
2020 11 17  12 17  0.00     2.3672237723      13.641562439  
2020 11 17  12 18  0.00     2.3672216656      13.641552466  
2020 11 17  12 19  0.00     2.3672195590      13.641542482  
2020 11 17  12 20  0.00     2.3672174524      13.641532487  
2020 11 17  12 21  0.00     2.3672153460      13.641522479  
2020 11 17  12 22  0.00     2.3672132396      13.641512461  
2020 11 17  12 23  0.00     2.3672111332      13.641502430  
2020 11 17  12 24  0.00     2.3672090270      13.641492388  
2020 11 17  12 25  0.00     2.3672069208      13.641482335  
2020 11 17  12 26  0.00     2.3672048148      13.641472270  
2020 11 17  12 27  0.00     2.3672027088      13.641462194  
2020 11 17  12 28  0.00     2.3672006028      13.641452106  
2020 11 17  12 29  0.00     2.3671984970      13.641442006  
2020 11 17  12 30  0.00     2.3671963913      13.641431895  
2020 11 17  12 31  0.00     2.3671942856      13.641421772  
2020 11 17  12 32  0.00     2.3671921801      13.641411638  
2020 11 17  12 33  0.00     2.3671900746      13.641401492  
2020 11 17  12 34  0.00     2.3671879692      13.641391335  
2020 11 17  12 35  0.00     2.3671858640      13.641381166  
2020 11 17  12 36  0.00     2.3671837588      13.641370986  
2020 11 17  12 37  0.00     2.3671816537      13.641360794  
2020 11 17  12 38  0.00     2.3671795487      13.641350591  
2020 11 17  12 39  0.00     2.3671774439      13.641340376  
2020 11 17  12 40  0.00     2.3671753391      13.641330150  
2020 11 17  12 41  0.00     2.3671732344      13.641319912  
2020 11 17  12 42  0.00     2.3671711298      13.641309663  
2020 11 17  12 43  0.00     2.3671690254      13.641299402  
2020 11 17  12 44  0.00     2.3671669210      13.641289130  
2020 11 17  12 45  0.00     2.3671648168      13.641278846  
2020 11 17  12 46  0.00     2.3671627127      13.641268551  
2020 11 17  12 47  0.00     2.3671606087      13.641258244  
2020 11 17  12 48  0.00     2.3671585048      13.641247926  
2020 11 17  12 49  0.00     2.3671564010      13.641237597  
2020 11 17  12 50  0.00     2.3671542973      13.641227255  
2020 11 17  12 51  0.00     2.3671521938      13.641216903  
2020 11 17  12 52  0.00     2.3671500903      13.641206539  
2020 11 17  12 53  0.00     2.3671479870      13.641196163  
2020 11 17  12 54  0.00     2.3671458838      13.641185777  
2020 11 17  12 55  0.00     2.3671437808      13.641175378  
2020 11 17  12 56  0.00     2.3671416779      13.641164968  
2020 11 17  12 57  0.00     2.3671395751      13.641154547  
2020 11 17  12 58  0.00     2.3671374724      13.641144114  
2020 11 17  12 59  0.00     2.3671353698      13.641133670  
2020 11 17  13  0  0.00     2.3671332674      13.641123215  
2020 11 17  13  1  0.00     2.3671311652      13.641112748  
2020 11 17  13  2  0.00     2.3671290630      13.641102270  
2020 11 17  13  3  0.00     2.3671269610      13.641091780  
2020 11 17  13  4  0.00     2.3671248591      13.641081279  
2020 11 17  13  5  0.00     2.3671227574      13.641070766  
2020 11 17  13  6  0.00     2.3671206558      13.641060242  
2020 11 17  13  7  0.00     2.3671185544      13.641049707  
2020 11 17  13  8  0.00     2.3671164531      13.641039160  
2020 11 17  13  9  0.00     2.3671143519      13.641028602  
2020 11 17  13 10  0.00     2.3671122509      13.641018033  
2020 11 17  13 11  0.00     2.3671101501      13.641007452  
2020 11 17  13 12  0.00     2.3671080494      13.640996860  
2020 11 17  13 13  0.00     2.3671059488      13.640986256  
2020 11 17  13 14  0.00     2.3671038484      13.640975641  
2020 11 17  13 15  0.00     2.3671017482      13.640965015  
2020 11 17  13 16  0.00     2.3670996481      13.640954378  
2020 11 17  13 17  0.00     2.3670975482      13.640943729  
2020 11 17  13 18  0.00     2.3670954484      13.640933068  
2020 11 17  13 19  0.00     2.3670933488      13.640922397  
2020 11 17  13 20  0.00     2.3670912493      13.640911714  
2020 11 17  13 21  0.00     2.3670891501      13.640901020  
2020 11 17  13 22  0.00     2.3670870509      13.640890314  
2020 11 17  13 23  0.00     2.3670849520      13.640879597  
2020 11 17  13 24  0.00     2.3670828532      13.640868869  
2020 11 17  13 25  0.00     2.3670807546      13.640858130  
2020 11 17  13 26  0.00     2.3670786562      13.640847379  
2020 11 17  13 27  0.00     2.3670765579      13.640836617  
2020 11 17  13 28  0.00     2.3670744598      13.640825844  
2020 11 17  13 29  0.00     2.3670723619      13.640815059  
2020 11 17  13 30  0.00     2.3670702641      13.640804263  
2020 11 17  13 31  0.00     2.3670681666      13.640793456  
2020 11 17  13 32  0.00     2.3670660692      13.640782638  
2020 11 17  13 33  0.00     2.3670639720      13.640771808  
2020 11 17  13 34  0.00     2.3670618750      13.640760967  
2020 11 17  13 35  0.00     2.3670597782      13.640750115  
2020 11 17  13 36  0.00     2.3670576815      13.640739252  
2020 11 17  13 37  0.00     2.3670555851      13.640728377  
2020 11 17  13 38  0.00     2.3670534888      13.640717491  
2020 11 17  13 39  0.00     2.3670513928      13.640706594  
2020 11 17  13 40  0.00     2.3670492969      13.640695686  
2020 11 17  13 41  0.00     2.3670472012      13.640684767  
2020 11 17  13 42  0.00     2.3670451057      13.640673836  
2020 11 17  13 43  0.00     2.3670430104      13.640662894  
2020 11 17  13 44  0.00     2.3670409153      13.640651941  
2020 11 17  13 45  0.00     2.3670388204      13.640640977  
2020 11 17  13 46  0.00     2.3670367258      13.640630002  
2020 11 17  13 47  0.00     2.3670346313      13.640619015  
2020 11 17  13 48  0.00     2.3670325370      13.640608018  
2020 11 17  13 49  0.00     2.3670304429      13.640597009  
2020 11 17  13 50  0.00     2.3670283491      13.640585989  
2020 11 17  13 51  0.00     2.3670262554      13.640574958  
2020 11 17  13 52  0.00     2.3670241620      13.640563916  
2020 11 17  13 53  0.00     2.3670220687      13.640552862  
2020 11 17  13 54  0.00     2.3670199757      13.640541798  
2020 11 17  13 55  0.00     2.3670178829      13.640530722  
2020 11 17  13 56  0.00     2.3670157904      13.640519635  
2020 11 17  13 57  0.00     2.3670136980      13.640508538  
2020 11 17  13 58  0.00     2.3670116059      13.640497429  
2020 11 17  13 59  0.00     2.3670095139      13.640486309  
2020 11 17  14  0  0.00     2.3670074222      13.640475178  
2020 11 17  14  1  0.00     2.3670053308      13.640464036  
2020 11 17  14  2  0.00     2.3670032395      13.640452882  
2020 11 17  14  3  0.00     2.3670011485      13.640441718  
2020 11 17  14  4  0.00     2.3669990577      13.640430543  
2020 11 17  14  5  0.00     2.3669969672      13.640419356  
2020 11 17  14  6  0.00     2.3669948769      13.640408159  
2020 11 17  14  7  0.00     2.3669927868      13.640396951  
2020 11 17  14  8  0.00     2.3669906969      13.640385731  
2020 11 17  14  9  0.00     2.3669886073      13.640374501  
2020 11 17  14 10  0.00     2.3669865180      13.640363259  
2020 11 17  14 11  0.00     2.3669844288      13.640352007  
2020 11 17  14 12  0.00     2.3669823399      13.640340743  
2020 11 17  14 13  0.00     2.3669802513      13.640329469  
2020 11 17  14 14  0.00     2.3669781629      13.640318183  
2020 11 17  14 15  0.00     2.3669760748      13.640306887  
2020 11 17  14 16  0.00     2.3669739869      13.640295580  
2020 11 17  14 17  0.00     2.3669718992      13.640284261  
2020 11 17  14 18  0.00     2.3669698118      13.640272932  
2020 11 17  14 19  0.00     2.3669677247      13.640261592  
2020 11 17  14 20  0.00     2.3669656378      13.640250241  
2020 11 17  14 21  0.00     2.3669635511      13.640238879  
2020 11 17  14 22  0.00     2.3669614648      13.640227506  
2020 11 17  14 23  0.00     2.3669593786      13.640216122  
2020 11 17  14 24  0.00     2.3669572928      13.640204727  
2020 11 17  14 25  0.00     2.3669552072      13.640193321  
2020 11 17  14 26  0.00     2.3669531219      13.640181905  
2020 11 17  14 27  0.00     2.3669510368      13.640170477  
2020 11 17  14 28  0.00     2.3669489520      13.640159039  
2020 11 17  14 29  0.00     2.3669468675      13.640147590  
2020 11 17  14 30  0.00     2.3669447832      13.640136130  
2020 11 17  14 31  0.00     2.3669426992      13.640124659  
2020 11 17  14 32  0.00     2.3669406155      13.640113177  
2020 11 17  14 33  0.00     2.3669385321      13.640101685  
2020 11 17  14 34  0.00     2.3669364489      13.640090182  
2020 11 17  14 35  0.00     2.3669343660      13.640078667  
2020 11 17  14 36  0.00     2.3669322834      13.640067142  
2020 11 17  14 37  0.00     2.3669302011      13.640055607  
2020 11 17  14 38  0.00     2.3669281191      13.640044060  
2020 11 17  14 39  0.00     2.3669260373      13.640032503  
2020 11 17  14 40  0.00     2.3669239559      13.640020935  
2020 11 17  14 41  0.00     2.3669218747      13.640009356  
2020 11 17  14 42  0.00     2.3669197938      13.639997766  
2020 11 17  14 43  0.00     2.3669177132      13.639986166  
2020 11 17  14 44  0.00     2.3669156329      13.639974555  
2020 11 17  14 45  0.00     2.3669135529      13.639962933  
2020 11 17  14 46  0.00     2.3669114731      13.639951301  
2020 11 17  14 47  0.00     2.3669093937      13.639939657  
2020 11 17  14 48  0.00     2.3669073146      13.639928003  
2020 11 17  14 49  0.00     2.3669052358      13.639916339  
2020 11 17  14 50  0.00     2.3669031572      13.639904663  
2020 11 17  14 51  0.00     2.3669010790      13.639892977  
2020 11 17  14 52  0.00     2.3668990011      13.639881281  
2020 11 17  14 53  0.00     2.3668969235      13.639869574  
2020 11 17  14 54  0.00     2.3668948462      13.639857856  
2020 11 17  14 55  0.00     2.3668927692      13.639846127  
2020 11 17  14 56  0.00     2.3668906925      13.639834388  
2020 11 17  14 57  0.00     2.3668886161      13.639822638  
2020 11 17  14 58  0.00     2.3668865401      13.639810878  
2020 11 17  14 59  0.00     2.3668844643      13.639799107  
2020 11 17  15  0  0.00     2.3668823889      13.639787325  
2020 11 17  15  1  0.00     2.3668803138      13.639775533  
2020 11 17  15  2  0.00     2.3668782390      13.639763730  
2020 11 17  15  3  0.00     2.3668761646      13.639751917  
2020 11 17  15  4  0.00     2.3668740904      13.639740093  
2020 11 17  15  5  0.00     2.3668720166      13.639728258  
2020 11 17  15  6  0.00     2.3668699431      13.639716413  
2020 11 17  15  7  0.00     2.3668678700      13.639704558  
2020 11 17  15  8  0.00     2.3668657971      13.639692692  
2020 11 17  15  9  0.00     2.3668637246      13.639680815  
2020 11 17  15 10  0.00     2.3668616525      13.639668928  
2020 11 17  15 11  0.00     2.3668595806      13.639657031  
2020 11 17  15 12  0.00     2.3668575091      13.639645123  
2020 11 17  15 13  0.00     2.3668554380      13.639633205  
2020 11 17  15 14  0.00     2.3668533671      13.639621276  
2020 11 17  15 15  0.00     2.3668512966      13.639609336  
2020 11 17  15 16  0.00     2.3668492265      13.639597387  
2020 11 17  15 17  0.00     2.3668471567      13.639585427  
2020 11 17  15 18  0.00     2.3668450872      13.639573456  
2020 11 17  15 19  0.00     2.3668430181      13.639561475  
2020 11 17  15 20  0.00     2.3668409494      13.639549484  
2020 11 17  15 21  0.00     2.3668388810      13.639537482  
2020 11 17  15 22  0.00     2.3668368129      13.639525470  
2020 11 17  15 23  0.00     2.3668347452      13.639513447  
2020 11 17  15 24  0.00     2.3668326778      13.639501414  
2020 11 17  15 25  0.00     2.3668306108      13.639489371  
2020 11 17  15 26  0.00     2.3668285442      13.639477318  
2020 11 17  15 27  0.00     2.3668264779      13.639465254  
2020 11 17  15 28  0.00     2.3668244120      13.639453180  
2020 11 17  15 29  0.00     2.3668223464      13.639441095  
2020 11 17  15 30  0.00     2.3668202812      13.639429000  
2020 11 17  15 31  0.00     2.3668182164      13.639416895  
2020 11 17  15 32  0.00     2.3668161519      13.639404780  
2020 11 17  15 33  0.00     2.3668140878      13.639392654  
2020 11 17  15 34  0.00     2.3668120241      13.639380519  
2020 11 17  15 35  0.00     2.3668099607      13.639368373  
2020 11 17  15 36  0.00     2.3668078977      13.639356216  
2020 11 17  15 37  0.00     2.3668058351      13.639344050  
2020 11 17  15 38  0.00     2.3668037729      13.639331873  
2020 11 17  15 39  0.00     2.3668017110      13.639319686  
2020 11 17  15 40  0.00     2.3667996495      13.639307489  
2020 11 17  15 41  0.00     2.3667975884      13.639295282  
2020 11 17  15 42  0.00     2.3667955277      13.639283065  
2020 11 17  15 43  0.00     2.3667934674      13.639270837  
2020 11 17  15 44  0.00     2.3667914074      13.639258599  
2020 11 17  15 45  0.00     2.3667893478      13.639246352  
2020 11 17  15 46  0.00     2.3667872886      13.639234094  
2020 11 17  15 47  0.00     2.3667852299      13.639221826  
2020 11 17  15 48  0.00     2.3667831714      13.639209547  
2020 11 17  15 49  0.00     2.3667811134      13.639197259  
2020 11 17  15 50  0.00     2.3667790558      13.639184961  
2020 11 17  15 51  0.00     2.3667769986      13.639172653  
2020 11 17  15 52  0.00     2.3667749418      13.639160334  
2020 11 17  15 53  0.00     2.3667728853      13.639148006  
2020 11 17  15 54  0.00     2.3667708293      13.639135667  
2020 11 17  15 55  0.00     2.3667687737      13.639123319  
2020 11 17  15 56  0.00     2.3667667185      13.639110960  
2020 11 17  15 57  0.00     2.3667646636      13.639098592  
2020 11 17  15 58  0.00     2.3667626092      13.639086214  
2020 11 17  15 59  0.00     2.3667605552      13.639073825  
2020 11 17  16  0  0.00     2.3667585016      13.639061427  
2020 11 17  16  1  0.00     2.3667564484      13.639049018  
2020 11 17  16  2  0.00     2.3667543956      13.639036600  
2020 11 17  16  3  0.00     2.3667523433      13.639024172  
2020 11 17  16  4  0.00     2.3667502913      13.639011734  
2020 11 17  16  5  0.00     2.3667482398      13.638999286  
2020 11 17  16  6  0.00     2.3667461886      13.638986828  
2020 11 17  16  7  0.00     2.3667441379      13.638974361  
2020 11 17  16  8  0.00     2.3667420877      13.638961883  
2020 11 17  16  9  0.00     2.3667400378      13.638949396  
2020 11 17  16 10  0.00     2.3667379884      13.638936898  
2020 11 17  16 11  0.00     2.3667359394      13.638924391  
2020 11 17  16 12  0.00     2.3667338908      13.638911874  
2020 11 17  16 13  0.00     2.3667318426      13.638899348  
2020 11 17  16 14  0.00     2.3667297949      13.638886811  
2020 11 17  16 15  0.00     2.3667277476      13.638874265  
2020 11 17  16 16  0.00     2.3667257007      13.638861709  
2020 11 17  16 17  0.00     2.3667236543      13.638849143  
2020 11 17  16 18  0.00     2.3667216083      13.638836568  
2020 11 17  16 19  0.00     2.3667195627      13.638823983  
2020 11 17  16 20  0.00     2.3667175176      13.638811388  
2020 11 17  16 21  0.00     2.3667154729      13.638798783  
2020 11 17  16 22  0.00     2.3667134287      13.638786169  
2020 11 17  16 23  0.00     2.3667113849      13.638773545  
2020 11 17  16 24  0.00     2.3667093415      13.638760911  
2020 11 17  16 25  0.00     2.3667072986      13.638748268  
2020 11 17  16 26  0.00     2.3667052562      13.638735615  
2020 11 17  16 27  0.00     2.3667032141      13.638722952  
2020 11 17  16 28  0.00     2.3667011726      13.638710280  
2020 11 17  16 29  0.00     2.3666991315      13.638697598  
2020 11 17  16 30  0.00     2.3666970908      13.638684907  
2020 11 17  16 31  0.00     2.3666950506      13.638672206  
2020 11 17  16 32  0.00     2.3666930108      13.638659495  
2020 11 17  16 33  0.00     2.3666909715      13.638646775  
2020 11 17  16 34  0.00     2.3666889327      13.638634046  
2020 11 17  16 35  0.00     2.3666868943      13.638621307  
2020 11 17  16 36  0.00     2.3666848564      13.638608558  
2020 11 17  16 37  0.00     2.3666828190      13.638595800  
2020 11 17  16 38  0.00     2.3666807820      13.638583033  
2020 11 17  16 39  0.00     2.3666787454      13.638570255  
2020 11 17  16 40  0.00     2.3666767094      13.638557469  
2020 11 17  16 41  0.00     2.3666746738      13.638544673  
2020 11 17  16 42  0.00     2.3666726387      13.638531868  
2020 11 17  16 43  0.00     2.3666706040      13.638519053  
2020 11 17  16 44  0.00     2.3666685698      13.638506229  
2020 11 17  16 45  0.00     2.3666665361      13.638493395  
2020 11 17  16 46  0.00     2.3666645029      13.638480552  
2020 11 17  16 47  0.00     2.3666624702      13.638467700  
2020 11 17  16 48  0.00     2.3666604379      13.638454838  
2020 11 17  16 49  0.00     2.3666584061      13.638441967  
2020 11 17  16 50  0.00     2.3666563748      13.638429087  
2020 11 17  16 51  0.00     2.3666543440      13.638416197  
2020 11 17  16 52  0.00     2.3666523136      13.638403299  
2020 11 17  16 53  0.00     2.3666502838      13.638390390  
2020 11 17  16 54  0.00     2.3666482544      13.638377473  
2020 11 17  16 55  0.00     2.3666462255      13.638364546  
2020 11 17  16 56  0.00     2.3666441971      13.638351610  
2020 11 17  16 57  0.00     2.3666421692      13.638338665  
2020 11 17  16 58  0.00     2.3666401418      13.638325711  
2020 11 17  16 59  0.00     2.3666381149      13.638312747  
2020 11 17  17  0  0.00     2.3666360884      13.638299775  
2020 11 17  17  1  0.00     2.3666340625      13.638286793  
2020 11 17  17  2  0.00     2.3666320371      13.638273802  
2020 11 17  17  3  0.00     2.3666300122      13.638260801  
2020 11 17  17  4  0.00     2.3666279877      13.638247792  
2020 11 17  17  5  0.00     2.3666259638      13.638234774  
2020 11 17  17  6  0.00     2.3666239404      13.638221746  
2020 11 17  17  7  0.00     2.3666219175      13.638208709  
2020 11 17  17  8  0.00     2.3666198950      13.638195664  
2020 11 17  17  9  0.00     2.3666178731      13.638182609  
2020 11 17  17 10  0.00     2.3666158517      13.638169545  
2020 11 17  17 11  0.00     2.3666138308      13.638156472  
2020 11 17  17 12  0.00     2.3666118105      13.638143391  
2020 11 17  17 13  0.00     2.3666097906      13.638130300  
2020 11 17  17 14  0.00     2.3666077713      13.638117200  
2020 11 17  17 15  0.00     2.3666057524      13.638104091  
2020 11 17  17 16  0.00     2.3666037341      13.638090974  
2020 11 17  17 17  0.00     2.3666017163      13.638077847  
2020 11 17  17 18  0.00     2.3665996990      13.638064711  
2020 11 17  17 19  0.00     2.3665976823      13.638051567  
2020 11 17  17 20  0.00     2.3665956660      13.638038413  
2020 11 17  17 21  0.00     2.3665936503      13.638025251  
2020 11 17  17 22  0.00     2.3665916351      13.638012080  
2020 11 17  17 23  0.00     2.3665896205      13.637998900  
2020 11 17  17 24  0.00     2.3665876063      13.637985711  
2020 11 17  17 25  0.00     2.3665855927      13.637972514  
2020 11 17  17 26  0.00     2.3665835796      13.637959307  
2020 11 17  17 27  0.00     2.3665815671      13.637946092  
2020 11 17  17 28  0.00     2.3665795551      13.637932868  
2020 11 17  17 29  0.00     2.3665775436      13.637919635  
2020 11 17  17 30  0.00     2.3665755327      13.637906394  
2020 11 17  17 31  0.00     2.3665735223      13.637893144  
2020 11 17  17 32  0.00     2.3665715124      13.637879885  
2020 11 17  17 33  0.00     2.3665695031      13.637866617  
2020 11 17  17 34  0.00     2.3665674943      13.637853341  
2020 11 17  17 35  0.00     2.3665654860      13.637840056  
2020 11 17  17 36  0.00     2.3665634783      13.637826762  
2020 11 17  17 37  0.00     2.3665614712      13.637813460  
2020 11 17  17 38  0.00     2.3665594646      13.637800149  
2020 11 17  17 39  0.00     2.3665574585      13.637786829  
2020 11 17  17 40  0.00     2.3665554530      13.637773501  
2020 11 17  17 41  0.00     2.3665534480      13.637760164  
2020 11 17  17 42  0.00     2.3665514436      13.637746819  
2020 11 17  17 43  0.00     2.3665494397      13.637733465  
2020 11 17  17 44  0.00     2.3665474364      13.637720103  
2020 11 17  17 45  0.00     2.3665454337      13.637706732  
2020 11 17  17 46  0.00     2.3665434315      13.637693353  
2020 11 17  17 47  0.00     2.3665414298      13.637679965  
2020 11 17  17 48  0.00     2.3665394288      13.637666568  
2020 11 17  17 49  0.00     2.3665374282      13.637653164  
2020 11 17  17 50  0.00     2.3665354283      13.637639750  
2020 11 17  17 51  0.00     2.3665334289      13.637626329  
2020 11 17  17 52  0.00     2.3665314300      13.637612899  
2020 11 17  17 53  0.00     2.3665294318      13.637599460  
2020 11 17  17 54  0.00     2.3665274340      13.637586013  
2020 11 17  17 55  0.00     2.3665254369      13.637572558  
2020 11 17  17 56  0.00     2.3665234403      13.637559095  
2020 11 17  17 57  0.00     2.3665214443      13.637545623  
2020 11 17  17 58  0.00     2.3665194489      13.637532143  
2020 11 17  17 59  0.00     2.3665174541      13.637518654  
2020 11 17  18  0  0.00     2.3665154598      13.637505158  
2020 11 17  18  1  0.00     2.3665134661      13.637491653  
2020 11 17  18  2  0.00     2.3665114729      13.637478139  
2020 11 17  18  3  0.00     2.3665094804      13.637464618  
2020 11 17  18  4  0.00     2.3665074884      13.637451088  
2020 11 17  18  5  0.00     2.3665054970      13.637437550  
2020 11 17  18  6  0.00     2.3665035062      13.637424004  
2020 11 17  18  7  0.00     2.3665015159      13.637410450  
2020 11 17  18  8  0.00     2.3664995263      13.637396888  
2020 11 17  18  9  0.00     2.3664975372      13.637383317  
2020 11 17  18 10  0.00     2.3664955487      13.637369739  
2020 11 17  18 11  0.00     2.3664935608      13.637356152  
2020 11 17  18 12  0.00     2.3664915735      13.637342557  
2020 11 17  18 13  0.00     2.3664895868      13.637328954  
2020 11 17  18 14  0.00     2.3664876007      13.637315343  
2020 11 17  18 15  0.00     2.3664856151      13.637301724  
2020 11 17  18 16  0.00     2.3664836302      13.637288097  
2020 11 17  18 17  0.00     2.3664816459      13.637274462  
2020 11 17  18 18  0.00     2.3664796621      13.637260819  
2020 11 17  18 19  0.00     2.3664776789      13.637247168  
2020 11 17  18 20  0.00     2.3664756964      13.637233509  
2020 11 17  18 21  0.00     2.3664737144      13.637219843  
2020 11 17  18 22  0.00     2.3664717330      13.637206168  
2020 11 17  18 23  0.00     2.3664697523      13.637192485  
2020 11 17  18 24  0.00     2.3664677721      13.637178795  
2020 11 17  18 25  0.00     2.3664657926      13.637165096  
2020 11 17  18 26  0.00     2.3664638136      13.637151390  
2020 11 17  18 27  0.00     2.3664618352      13.637137676  
2020 11 17  18 28  0.00     2.3664598575      13.637123954  
2020 11 17  18 29  0.00     2.3664578804      13.637110224  
2020 11 17  18 30  0.00     2.3664559038      13.637096487  
2020 11 17  18 31  0.00     2.3664539279      13.637082742  
2020 11 17  18 32  0.00     2.3664519526      13.637068989  
2020 11 17  18 33  0.00     2.3664499779      13.637055228  
2020 11 17  18 34  0.00     2.3664480038      13.637041459  
2020 11 17  18 35  0.00     2.3664460304      13.637027683  
2020 11 17  18 36  0.00     2.3664440575      13.637013899  
2020 11 17  18 37  0.00     2.3664420853      13.637000108  
2020 11 17  18 38  0.00     2.3664401137      13.636986309  
2020 11 17  18 39  0.00     2.3664381427      13.636972502  
2020 11 17  18 40  0.00     2.3664361723      13.636958688  
2020 11 17  18 41  0.00     2.3664342025      13.636944866  
2020 11 17  18 42  0.00     2.3664322334      13.636931036  
2020 11 17  18 43  0.00     2.3664302649      13.636917199  
2020 11 17  18 44  0.00     2.3664282970      13.636903354  
2020 11 17  18 45  0.00     2.3664263297      13.636889502  
2020 11 17  18 46  0.00     2.3664243631      13.636875642  
2020 11 17  18 47  0.00     2.3664223971      13.636861775  
2020 11 17  18 48  0.00     2.3664204317      13.636847900  
2020 11 17  18 49  0.00     2.3664184669      13.636834018  
2020 11 17  18 50  0.00     2.3664165028      13.636820129  
2020 11 17  18 51  0.00     2.3664145393      13.636806232  
2020 11 17  18 52  0.00     2.3664125765      13.636792327  
2020 11 17  18 53  0.00     2.3664106142      13.636778416  
2020 11 17  18 54  0.00     2.3664086526      13.636764496  
2020 11 17  18 55  0.00     2.3664066917      13.636750570  
2020 11 17  18 56  0.00     2.3664047314      13.636736636  
2020 11 17  18 57  0.00     2.3664027717      13.636722695  
2020 11 17  18 58  0.00     2.3664008126      13.636708747  
2020 11 17  18 59  0.00     2.3663988542      13.636694791  
2020 11 17  19  0  0.00     2.3663968965      13.636680828  
2020 11 17  19  1  0.00     2.3663949394      13.636666858  
2020 11 17  19  2  0.00     2.3663929829      13.636652880  
2020 11 17  19  3  0.00     2.3663910271      13.636638896  
2020 11 17  19  4  0.00     2.3663890719      13.636624904  
2020 11 17  19  5  0.00     2.3663871173      13.636610905  
2020 11 17  19  6  0.00     2.3663851634      13.636596899  
2020 11 17  19  7  0.00     2.3663832102      13.636582885  
2020 11 17  19  8  0.00     2.3663812576      13.636568865  
2020 11 17  19  9  0.00     2.3663793056      13.636554837  
2020 11 17  19 10  0.00     2.3663773543      13.636540803  
2020 11 17  19 11  0.00     2.3663754037      13.636526761  
2020 11 17  19 12  0.00     2.3663734537      13.636512712  
2020 11 17  19 13  0.00     2.3663715044      13.636498657  
2020 11 17  19 14  0.00     2.3663695557      13.636484594  
2020 11 17  19 15  0.00     2.3663676076      13.636470524  
2020 11 17  19 16  0.00     2.3663656603      13.636456447  
2020 11 17  19 17  0.00     2.3663637135      13.636442364  
2020 11 17  19 18  0.00     2.3663617675      13.636428273  
2020 11 17  19 19  0.00     2.3663598221      13.636414176  
2020 11 17  19 20  0.00     2.3663578774      13.636400071  
2020 11 17  19 21  0.00     2.3663559333      13.636385960  
2020 11 17  19 22  0.00     2.3663539899      13.636371842  
2020 11 17  19 23  0.00     2.3663520471      13.636357717  
2020 11 17  19 24  0.00     2.3663501050      13.636343585  
2020 11 17  19 25  0.00     2.3663481636      13.636329446  
2020 11 17  19 26  0.00     2.3663462228      13.636315301  
2020 11 17  19 27  0.00     2.3663442828      13.636301149  
2020 11 17  19 28  0.00     2.3663423433      13.636286990  
2020 11 17  19 29  0.00     2.3663404046      13.636272824  
2020 11 17  19 30  0.00     2.3663384665      13.636258651  
2020 11 17  19 31  0.00     2.3663365291      13.636244472  
2020 11 17  19 32  0.00     2.3663345923      13.636230287  
2020 11 17  19 33  0.00     2.3663326563      13.636216094  
2020 11 17  19 34  0.00     2.3663307209      13.636201895  
2020 11 17  19 35  0.00     2.3663287862      13.636187689  
2020 11 17  19 36  0.00     2.3663268521      13.636173477  
2020 11 17  19 37  0.00     2.3663249187      13.636159258  
2020 11 17  19 38  0.00     2.3663229860      13.636145033  
2020 11 17  19 39  0.00     2.3663210540      13.636130801  
2020 11 17  19 40  0.00     2.3663191227      13.636116562  
2020 11 17  19 41  0.00     2.3663171920      13.636102317  
2020 11 17  19 42  0.00     2.3663152620      13.636088066  
2020 11 17  19 43  0.00     2.3663133327      13.636073808  
2020 11 17  19 44  0.00     2.3663114041      13.636059543  
2020 11 17  19 45  0.00     2.3663094762      13.636045273  
2020 11 17  19 46  0.00     2.3663075489      13.636030995  
2020 11 17  19 47  0.00     2.3663056224      13.636016712  
2020 11 17  19 48  0.00     2.3663036965      13.636002422  
2020 11 17  19 49  0.00     2.3663017713      13.635988125  
2020 11 17  19 50  0.00     2.3662998468      13.635973822  
2020 11 17  19 51  0.00     2.3662979229      13.635959513  
2020 11 17  19 52  0.00     2.3662959998      13.635945198  
2020 11 17  19 53  0.00     2.3662940774      13.635930876  
2020 11 17  19 54  0.00     2.3662921556      13.635916549  
2020 11 17  19 55  0.00     2.3662902345      13.635902214  
2020 11 17  19 56  0.00     2.3662883142      13.635887874  
2020 11 17  19 57  0.00     2.3662863945      13.635873527  
2020 11 17  19 58  0.00     2.3662844755      13.635859175  
2020 11 17  19 59  0.00     2.3662825572      13.635844816  
2020 11 17  20  0  0.00     2.3662806396      13.635830451  
2020 11 17  20  1  0.00     2.3662787227      13.635816080  
2020 11 17  20  2  0.00     2.3662768065      13.635801702  
2020 11 17  20  3  0.00     2.3662748910      13.635787319  
2020 11 17  20  4  0.00     2.3662729762      13.635772930  
2020 11 17  20  5  0.00     2.3662710621      13.635758534  
2020 11 17  20  6  0.00     2.3662691486      13.635744133  
2020 11 17  20  7  0.00     2.3662672359      13.635729725  
2020 11 17  20  8  0.00     2.3662653239      13.635715312  
2020 11 17  20  9  0.00     2.3662634126      13.635700892  
2020 11 17  20 10  0.00     2.3662615020      13.635686467  
2020 11 17  20 11  0.00     2.3662595921      13.635672035  
2020 11 17  20 12  0.00     2.3662576829      13.635657598  
2020 11 17  20 13  0.00     2.3662557744      13.635643155  
2020 11 17  20 14  0.00     2.3662538666      13.635628706  
2020 11 17  20 15  0.00     2.3662519595      13.635614251  
2020 11 17  20 16  0.00     2.3662500531      13.635599790  
2020 11 17  20 17  0.00     2.3662481474      13.635585324  
2020 11 17  20 18  0.00     2.3662462424      13.635570851  
2020 11 17  20 19  0.00     2.3662443382      13.635556373  
2020 11 17  20 20  0.00     2.3662424346      13.635541889  
2020 11 17  20 21  0.00     2.3662405318      13.635527400  
2020 11 17  20 22  0.00     2.3662386296      13.635512905  
2020 11 17  20 23  0.00     2.3662367282      13.635498404  
2020 11 17  20 24  0.00     2.3662348275      13.635483897  
2020 11 17  20 25  0.00     2.3662329275      13.635469385  
2020 11 17  20 26  0.00     2.3662310282      13.635454867  
2020 11 17  20 27  0.00     2.3662291297      13.635440343  
2020 11 17  20 28  0.00     2.3662272318      13.635425814  
2020 11 17  20 29  0.00     2.3662253347      13.635411279  
2020 11 17  20 30  0.00     2.3662234383      13.635396739  
2020 11 17  20 31  0.00     2.3662215425      13.635382193  
2020 11 17  20 32  0.00     2.3662196476      13.635367642  
2020 11 17  20 33  0.00     2.3662177533      13.635353085  
2020 11 17  20 34  0.00     2.3662158597      13.635338523  
2020 11 17  20 35  0.00     2.3662139669      13.635323955  
2020 11 17  20 36  0.00     2.3662120748      13.635309382  
2020 11 17  20 37  0.00     2.3662101834      13.635294803  
2020 11 17  20 38  0.00     2.3662082927      13.635280219  
---
2020 11 18  10 44  0.00     2.3648417019      13.623104399  
2020 11 18  10 45  0.00     2.3648402663      13.623092399  
2020 11 18  10 46  0.00     2.3648388309      13.623080409  
2020 11 18  10 47  0.00     2.3648373956      13.623068428  
2020 11 18  10 48  0.00     2.3648359604      13.623056457  
2020 11 18  10 49  0.00     2.3648345254      13.623044496  
2020 11 18  10 50  0.00     2.3648330906      13.623032544  
2020 11 18  10 51  0.00     2.3648316559      13.623020602  
2020 11 18  10 52  0.00     2.3648302213      13.623008669  
2020 11 18  10 53  0.00     2.3648287870      13.622996747  
2020 11 18  10 54  0.00     2.3648273527      13.622984834  
2020 11 18  10 55  0.00     2.3648259186      13.622972930  
2020 11 18  10 56  0.00     2.3648244847      13.622961037  
2020 11 18  10 57  0.00     2.3648230509      13.622949153  
2020 11 18  10 58  0.00     2.3648216173      13.622937279  
2020 11 18  10 59  0.00     2.3648201838      13.622925414  
2020 11 18  11  0  0.00     2.3648187504      13.622913560  
2020 11 18  11  1  0.00     2.3648173172      13.622901715  
2020 11 18  11  2  0.00     2.3648158842      13.622889879  
2020 11 18  11  3  0.00     2.3648144513      13.622878054  
2020 11 18  11  4  0.00     2.3648130185      13.622866238  
2020 11 18  11  5  0.00     2.3648115859      13.622854433  
2020 11 18  11  6  0.00     2.3648101534      13.622842637  
2020 11 18  11  7  0.00     2.3648087211      13.622830850  
2020 11 18  11  8  0.00     2.3648072889      13.622819074  
2020 11 18  11  9  0.00     2.3648058568      13.622807307  
2020 11 18  11 10  0.00     2.3648044249      13.622795550  
2020 11 18  11 11  0.00     2.3648029931      13.622783803  
2020 11 18  11 12  0.00     2.3648015614      13.622772066  
2020 11 18  11 13  0.00     2.3648001299      13.622760339  
2020 11 18  11 14  0.00     2.3647986986      13.622748622  
2020 11 18  11 15  0.00     2.3647972673      13.622736914  
2020 11 18  11 16  0.00     2.3647958362      13.622725216  
2020 11 18  11 17  0.00     2.3647944053      13.622713528  
2020 11 18  11 18  0.00     2.3647929744      13.622701851  
2020 11 18  11 19  0.00     2.3647915437      13.622690182  
2020 11 18  11 20  0.00     2.3647901132      13.622678524  
2020 11 18  11 21  0.00     2.3647886827      13.622666876  
2020 11 18  11 22  0.00     2.3647872524      13.622655238  
2020 11 18  11 23  0.00     2.3647858223      13.622643609  
2020 11 18  11 24  0.00     2.3647843922      13.622631991  
2020 11 18  11 25  0.00     2.3647829623      13.622620382  
2020 11 18  11 26  0.00     2.3647815325      13.622608784  
2020 11 18  11 27  0.00     2.3647801029      13.622597195  
2020 11 18  11 28  0.00     2.3647786733      13.622585617  
2020 11 18  11 29  0.00     2.3647772439      13.622574048  
2020 11 18  11 30  0.00     2.3647758146      13.622562489  
2020 11 18  11 31  0.00     2.3647743855      13.622550941  
2020 11 18  11 32  0.00     2.3647729565      13.622539402  
2020 11 18  11 33  0.00     2.3647715276      13.622527873  
2020 11 18  11 34  0.00     2.3647700988      13.622516355  
2020 11 18  11 35  0.00     2.3647686701      13.622504846  
2020 11 18  11 36  0.00     2.3647672416      13.622493347  
2020 11 18  11 37  0.00     2.3647658132      13.622481859  
2020 11 18  11 38  0.00     2.3647643849      13.622470380  
2020 11 18  11 39  0.00     2.3647629567      13.622458912  
2020 11 18  11 40  0.00     2.3647615286      13.622447453  
2020 11 18  11 41  0.00     2.3647601007      13.622436005  
2020 11 18  11 42  0.00     2.3647586729      13.622424566  
2020 11 18  11 43  0.00     2.3647572452      13.622413138  
2020 11 18  11 44  0.00     2.3647558176      13.622401720  
2020 11 18  11 45  0.00     2.3647543901      13.622390312  
2020 11 18  11 46  0.00     2.3647529628      13.622378914  
2020 11 18  11 47  0.00     2.3647515356      13.622367526  
2020 11 18  11 48  0.00     2.3647501084      13.622356148  
2020 11 18  11 49  0.00     2.3647486814      13.622344781  
2020 11 18  11 50  0.00     2.3647472545      13.622333423  
2020 11 18  11 51  0.00     2.3647458277      13.622322076  
2020 11 18  11 52  0.00     2.3647444011      13.622310738  
2020 11 18  11 53  0.00     2.3647429745      13.622299411  
2020 11 18  11 54  0.00     2.3647415481      13.622288094  
2020 11 18  11 55  0.00     2.3647401217      13.622276787  
2020 11 18  11 56  0.00     2.3647386955      13.622265491  
2020 11 18  11 57  0.00     2.3647372694      13.622254204  
2020 11 18  11 58  0.00     2.3647358434      13.622242928  
2020 11 18  11 59  0.00     2.3647344175      13.622231662  
2020 11 18  12  0  0.00     2.3647329917      13.622220406  
2020 11 18  12  1  0.00     2.3647315660      13.622209160  
2020 11 18  12  2  0.00     2.3647301404      13.622197925  
2020 11 18  12  3  0.00     2.3647287149      13.622186700  
2020 11 18  12  4  0.00     2.3647272895      13.622175485  
2020 11 18  12  5  0.00     2.3647258643      13.622164280  
2020 11 18  12  6  0.00     2.3647244391      13.622153085  
2020 11 18  12  7  0.00     2.3647230140      13.622141901  
2020 11 18  12  8  0.00     2.3647215891      13.622130727  
2020 11 18  12  9  0.00     2.3647201642      13.622119563  
2020 11 18  12 10  0.00     2.3647187394      13.622108409  
2020 11 18  12 11  0.00     2.3647173148      13.622097266  
2020 11 18  12 12  0.00     2.3647158902      13.622086133  
2020 11 18  12 13  0.00     2.3647144658      13.622075010  
2020 11 18  12 14  0.00     2.3647130414      13.622063898  
2020 11 18  12 15  0.00     2.3647116171      13.622052796  
2020 11 18  12 16  0.00     2.3647101930      13.622041704  
2020 11 18  12 17  0.00     2.3647087689      13.622030622  
2020 11 18  12 18  0.00     2.3647073449      13.622019551  
2020 11 18  12 19  0.00     2.3647059211      13.622008490  
2020 11 18  12 20  0.00     2.3647044973      13.621997439  
2020 11 18  12 21  0.00     2.3647030736      13.621986399  
2020 11 18  12 22  0.00     2.3647016500      13.621975369  
2020 11 18  12 23  0.00     2.3647002265      13.621964349  
2020 11 18  12 24  0.00     2.3646988031      13.621953340  
2020 11 18  12 25  0.00     2.3646973798      13.621942341  
2020 11 18  12 26  0.00     2.3646959566      13.621931353  
2020 11 18  12 27  0.00     2.3646945335      13.621920375  
2020 11 18  12 28  0.00     2.3646931104      13.621909407  
2020 11 18  12 29  0.00     2.3646916875      13.621898449  
2020 11 18  12 30  0.00     2.3646902646      13.621887502  
2020 11 18  12 31  0.00     2.3646888419      13.621876566  
2020 11 18  12 32  0.00     2.3646874192      13.621865640  
2020 11 18  12 33  0.00     2.3646859966      13.621854724  
2020 11 18  12 34  0.00     2.3646845741      13.621843818  
2020 11 18  12 35  0.00     2.3646831517      13.621832923  
2020 11 18  12 36  0.00     2.3646817294      13.621822039  
2020 11 18  12 37  0.00     2.3646803071      13.621811165  
2020 11 18  12 38  0.00     2.3646788850      13.621800301  
2020 11 18  12 39  0.00     2.3646774629      13.621789448  
2020 11 18  12 40  0.00     2.3646760409      13.621778605  
2020 11 18  12 41  0.00     2.3646746190      13.621767772  
2020 11 18  12 42  0.00     2.3646731972      13.621756950  
2020 11 18  12 43  0.00     2.3646717754      13.621746139  
2020 11 18  12 44  0.00     2.3646703538      13.621735338  
2020 11 18  12 45  0.00     2.3646689322      13.621724547  
2020 11 18  12 46  0.00     2.3646675107      13.621713767  
2020 11 18  12 47  0.00     2.3646660893      13.621702998  
2020 11 18  12 48  0.00     2.3646646680      13.621692239  
2020 11 18  12 49  0.00     2.3646632467      13.621681490  
2020 11 18  12 50  0.00     2.3646618256      13.621670752  
2020 11 18  12 51  0.00     2.3646604045      13.621660025  
2020 11 18  12 52  0.00     2.3646589835      13.621649308  
2020 11 18  12 53  0.00     2.3646575625      13.621638601  
2020 11 18  12 54  0.00     2.3646561417      13.621627905  
2020 11 18  12 55  0.00     2.3646547209      13.621617220  
2020 11 18  12 56  0.00     2.3646533002      13.621606545  
2020 11 18  12 57  0.00     2.3646518795      13.621595880  
2020 11 18  12 58  0.00     2.3646504590      13.621585226  
2020 11 18  12 59  0.00     2.3646490385      13.621574583  
2020 11 18  13  0  0.00     2.3646476181      13.621563950  
2020 11 18  13  1  0.00     2.3646461978      13.621553328  
2020 11 18  13  2  0.00     2.3646447775      13.621542717  
2020 11 18  13  3  0.00     2.3646433573      13.621532115  
2020 11 18  13  4  0.00     2.3646419372      13.621521525  
2020 11 18  13  5  0.00     2.3646405172      13.621510945  
2020 11 18  13  6  0.00     2.3646390972      13.621500376  
2020 11 18  13  7  0.00     2.3646376773      13.621489817  
2020 11 18  13  8  0.00     2.3646362575      13.621479269  
2020 11 18  13  9  0.00     2.3646348377      13.621468731  
2020 11 18  13 10  0.00     2.3646334180      13.621458205  
2020 11 18  13 11  0.00     2.3646319984      13.621447688  
2020 11 18  13 12  0.00     2.3646305788      13.621437183  
2020 11 18  13 13  0.00     2.3646291593      13.621426688  
2020 11 18  13 14  0.00     2.3646277399      13.621416203  
2020 11 18  13 15  0.00     2.3646263206      13.621405729  
2020 11 18  13 16  0.00     2.3646249013      13.621395266  
2020 11 18  13 17  0.00     2.3646234821      13.621384814  
2020 11 18  13 18  0.00     2.3646220629      13.621374372  
2020 11 18  13 19  0.00     2.3646206438      13.621363940  
2020 11 18  13 20  0.00     2.3646192248      13.621353520  
2020 11 18  13 21  0.00     2.3646178058      13.621343110  
2020 11 18  13 22  0.00     2.3646163869      13.621332711  
2020 11 18  13 23  0.00     2.3646149681      13.621322322  
2020 11 18  13 24  0.00     2.3646135493      13.621311944  
2020 11 18  13 25  0.00     2.3646121306      13.621301577  
2020 11 18  13 26  0.00     2.3646107119      13.621291221  
2020 11 18  13 27  0.00     2.3646092934      13.621280875  
2020 11 18  13 28  0.00     2.3646078748      13.621270540  
2020 11 18  13 29  0.00     2.3646064564      13.621260215  
2020 11 18  13 30  0.00     2.3646050379      13.621249901  
2020 11 18  13 31  0.00     2.3646036196      13.621239598  
2020 11 18  13 32  0.00     2.3646022013      13.621229306  
2020 11 18  13 33  0.00     2.3646007831      13.621219024  
2020 11 18  13 34  0.00     2.3645993649      13.621208753  
2020 11 18  13 35  0.00     2.3645979468      13.621198493  
2020 11 18  13 36  0.00     2.3645965287      13.621188244  
2020 11 18  13 37  0.00     2.3645951107      13.621178005  
2020 11 18  13 38  0.00     2.3645936928      13.621167777  
2020 11 18  13 39  0.00     2.3645922749      13.621157560  
2020 11 18  13 40  0.00     2.3645908570      13.621147353  
2020 11 18  13 41  0.00     2.3645894392      13.621137158  
2020 11 18  13 42  0.00     2.3645880215      13.621126973  
2020 11 18  13 43  0.00     2.3645866038      13.621116799  
2020 11 18  13 44  0.00     2.3645851862      13.621106635  
2020 11 18  13 45  0.00     2.3645837686      13.621096482  
2020 11 18  13 46  0.00     2.3645823511      13.621086340  
2020 11 18  13 47  0.00     2.3645809337      13.621076209  
2020 11 18  13 48  0.00     2.3645795162      13.621066089  
2020 11 18  13 49  0.00     2.3645780989      13.621055979  
2020 11 18  13 50  0.00     2.3645766816      13.621045881  
2020 11 18  13 51  0.00     2.3645752643      13.621035793  
2020 11 18  13 52  0.00     2.3645738471      13.621025715  
2020 11 18  13 53  0.00     2.3645724299      13.621015649  
2020 11 18  13 54  0.00     2.3645710128      13.621005593  
2020 11 18  13 55  0.00     2.3645695958      13.620995549  
2020 11 18  13 56  0.00     2.3645681787      13.620985515  
2020 11 18  13 57  0.00     2.3645667618      13.620975492  
2020 11 18  13 58  0.00     2.3645653448      13.620965479  
2020 11 18  13 59  0.00     2.3645639280      13.620955478  
2020 11 18  14  0  0.00     2.3645625111      13.620945487  
2020 11 18  14  1  0.00     2.3645610944      13.620935507  
2020 11 18  14  2  0.00     2.3645596776      13.620925538  
2020 11 18  14  3  0.00     2.3645582609      13.620915580  
2020 11 18  14  4  0.00     2.3645568443      13.620905633  
2020 11 18  14  5  0.00     2.3645554277      13.620895696  
2020 11 18  14  6  0.00     2.3645540111      13.620885770  
2020 11 18  14  7  0.00     2.3645525946      13.620875856  
2020 11 18  14  8  0.00     2.3645511781      13.620865952  
2020 11 18  14  9  0.00     2.3645497617      13.620856059  
2020 11 18  14 10  0.00     2.3645483453      13.620846176  
2020 11 18  14 11  0.00     2.3645469289      13.620836305  
2020 11 18  14 12  0.00     2.3645455126      13.620826444  
2020 11 18  14 13  0.00     2.3645440964      13.620816595  
2020 11 18  14 14  0.00     2.3645426801      13.620806756  
2020 11 18  14 15  0.00     2.3645412640      13.620796928  
2020 11 18  14 16  0.00     2.3645398478      13.620787111  
2020 11 18  14 17  0.00     2.3645384317      13.620777305  
2020 11 18  14 18  0.00     2.3645370156      13.620767510  
2020 11 18  14 19  0.00     2.3645355996      13.620757726  
2020 11 18  14 20  0.00     2.3645341836      13.620747952  
2020 11 18  14 21  0.00     2.3645327676      13.620738190  
2020 11 18  14 22  0.00     2.3645313517      13.620728438  
2020 11 18  14 23  0.00     2.3645299358      13.620718698  
2020 11 18  14 24  0.00     2.3645285200      13.620708968  
2020 11 18  14 25  0.00     2.3645271042      13.620699249  
2020 11 18  14 26  0.00     2.3645256884      13.620689541  
2020 11 18  14 27  0.00     2.3645242727      13.620679844  
2020 11 18  14 28  0.00     2.3645228570      13.620670158  
2020 11 18  14 29  0.00     2.3645214413      13.620660483  
2020 11 18  14 30  0.00     2.3645200256      13.620650818  
2020 11 18  14 31  0.00     2.3645186100      13.620641165  
2020 11 18  14 32  0.00     2.3645171945      13.620631523  
2020 11 18  14 33  0.00     2.3645157789      13.620621891  
2020 11 18  14 34  0.00     2.3645143634      13.620612271  
2020 11 18  14 35  0.00     2.3645129479      13.620602661  
2020 11 18  14 36  0.00     2.3645115325      13.620593063  
2020 11 18  14 37  0.00     2.3645101171      13.620583475  
2020 11 18  14 38  0.00     2.3645087017      13.620573898  
2020 11 18  14 39  0.00     2.3645072864      13.620564333  
2020 11 18  14 40  0.00     2.3645058710      13.620554778  
2020 11 18  14 41  0.00     2.3645044557      13.620545234  
2020 11 18  14 42  0.00     2.3645030405      13.620535701  
2020 11 18  14 43  0.00     2.3645016252      13.620526179  
2020 11 18  14 44  0.00     2.3645002100      13.620516668  
2020 11 18  14 45  0.00     2.3644987948      13.620507168  
2020 11 18  14 46  0.00     2.3644973797      13.620497679  
2020 11 18  14 47  0.00     2.3644959646      13.620488201  
2020 11 18  14 48  0.00     2.3644945495      13.620478734  
2020 11 18  14 49  0.00     2.3644931344      13.620469278  
2020 11 18  14 50  0.00     2.3644917193      13.620459833  
2020 11 18  14 51  0.00     2.3644903043      13.620450399  
2020 11 18  14 52  0.00     2.3644888893      13.620440976  
2020 11 18  14 53  0.00     2.3644874743      13.620431564  
2020 11 18  14 54  0.00     2.3644860594      13.620422163  
2020 11 18  14 55  0.00     2.3644846445      13.620412773  
2020 11 18  14 56  0.00     2.3644832296      13.620403394  
2020 11 18  14 57  0.00     2.3644818147      13.620394026  
2020 11 18  14 58  0.00     2.3644803998      13.620384669  
2020 11 18  14 59  0.00     2.3644789850      13.620375323  
2020 11 18  15  0  0.00     2.3644775702      13.620365987  
2020 11 18  15  1  0.00     2.3644761554      13.620356663  
2020 11 18  15  2  0.00     2.3644747406      13.620347350  
2020 11 18  15  3  0.00     2.3644733259      13.620338048  
2020 11 18  15  4  0.00     2.3644719111      13.620328757  
2020 11 18  15  5  0.00     2.3644704964      13.620319477  
2020 11 18  15  6  0.00     2.3644690817      13.620310208  
2020 11 18  15  7  0.00     2.3644676671      13.620300951  
2020 11 18  15  8  0.00     2.3644662524      13.620291704  
2020 11 18  15  9  0.00     2.3644648378      13.620282468  
2020 11 18  15 10  0.00     2.3644634232      13.620273243  
2020 11 18  15 11  0.00     2.3644620086      13.620264029  
2020 11 18  15 12  0.00     2.3644605940      13.620254826  
2020 11 18  15 13  0.00     2.3644591794      13.620245635  
2020 11 18  15 14  0.00     2.3644577649      13.620236454  
2020 11 18  15 15  0.00     2.3644563503      13.620227284  
2020 11 18  15 16  0.00     2.3644549358      13.620218126  
2020 11 18  15 17  0.00     2.3644535213      13.620208978  
2020 11 18  15 18  0.00     2.3644521068      13.620199842  
2020 11 18  15 19  0.00     2.3644506924      13.620190716  
2020 11 18  15 20  0.00     2.3644492779      13.620181602  
2020 11 18  15 21  0.00     2.3644478635      13.620172498  
2020 11 18  15 22  0.00     2.3644464490      13.620163406  
2020 11 18  15 23  0.00     2.3644450346      13.620154325  
2020 11 18  15 24  0.00     2.3644436202      13.620145255  
2020 11 18  15 25  0.00     2.3644422058      13.620136195  
2020 11 18  15 26  0.00     2.3644407914      13.620127147  
2020 11 18  15 27  0.00     2.3644393771      13.620118110  
2020 11 18  15 28  0.00     2.3644379627      13.620109084  
2020 11 18  15 29  0.00     2.3644365484      13.620100070  
2020 11 18  15 30  0.00     2.3644351340      13.620091066  
2020 11 18  15 31  0.00     2.3644337197      13.620082073  
2020 11 18  15 32  0.00     2.3644323054      13.620073091  
2020 11 18  15 33  0.00     2.3644308911      13.620064121  
2020 11 18  15 34  0.00     2.3644294768      13.620055161  
2020 11 18  15 35  0.00     2.3644280625      13.620046213  
2020 11 18  15 36  0.00     2.3644266482      13.620037275  
2020 11 18  15 37  0.00     2.3644252339      13.620028349  
2020 11 18  15 38  0.00     2.3644238196      13.620019434  
2020 11 18  15 39  0.00     2.3644224054      13.620010530  
2020 11 18  15 40  0.00     2.3644209911      13.620001637  
2020 11 18  15 41  0.00     2.3644195769      13.619992755  
2020 11 18  15 42  0.00     2.3644181626      13.619983884  
2020 11 18  15 43  0.00     2.3644167484      13.619975024  
2020 11 18  15 44  0.00     2.3644153341      13.619966175  
2020 11 18  15 45  0.00     2.3644139199      13.619957338  
2020 11 18  15 46  0.00     2.3644125057      13.619948511  
2020 11 18  15 47  0.00     2.3644110915      13.619939696  
2020 11 18  15 48  0.00     2.3644096772      13.619930892  
2020 11 18  15 49  0.00     2.3644082630      13.619922098  
2020 11 18  15 50  0.00     2.3644068488      13.619913316  
2020 11 18  15 51  0.00     2.3644054346      13.619904545  
2020 11 18  15 52  0.00     2.3644040204      13.619895785  
2020 11 18  15 53  0.00     2.3644026062      13.619887036  
2020 11 18  15 54  0.00     2.3644011920      13.619878299  
2020 11 18  15 55  0.00     2.3643997778      13.619869572  
2020 11 18  15 56  0.00     2.3643983636      13.619860856  
2020 11 18  15 57  0.00     2.3643969494      13.619852152  
2020 11 18  15 58  0.00     2.3643955352      13.619843459  
2020 11 18  15 59  0.00     2.3643941209      13.619834776  
2020 11 18  16  0  0.00     2.3643927067      13.619826105  
2020 11 18  16  1  0.00     2.3643912925      13.619817445  
2020 11 18  16  2  0.00     2.3643898783      13.619808796  
2020 11 18  16  3  0.00     2.3643884641      13.619800158  
2020 11 18  16  4  0.00     2.3643870499      13.619791532  
2020 11 18  16  5  0.00     2.3643856357      13.619782916  
2020 11 18  16  6  0.00     2.3643842214      13.619774312  
2020 11 18  16  7  0.00     2.3643828072      13.619765718  
2020 11 18  16  8  0.00     2.3643813930      13.619757136  
2020 11 18  16  9  0.00     2.3643799787      13.619748565  
2020 11 18  16 10  0.00     2.3643785645      13.619740005  
2020 11 18  16 11  0.00     2.3643771503      13.619731456  
2020 11 18  16 12  0.00     2.3643757360      13.619722918  
2020 11 18  16 13  0.00     2.3643743217      13.619714391  
2020 11 18  16 14  0.00     2.3643729075      13.619705876  
2020 11 18  16 15  0.00     2.3643714932      13.619697371  
2020 11 18  16 16  0.00     2.3643700789      13.619688878  
2020 11 18  16 17  0.00     2.3643686646      13.619680396  
2020 11 18  16 18  0.00     2.3643672503      13.619671924  
2020 11 18  16 19  0.00     2.3643658360      13.619663464  
2020 11 18  16 20  0.00     2.3643644217      13.619655015  
2020 11 18  16 21  0.00     2.3643630074      13.619646578  
2020 11 18  16 22  0.00     2.3643615931      13.619638151  
2020 11 18  16 23  0.00     2.3643601787      13.619629735  
2020 11 18  16 24  0.00     2.3643587644      13.619621331  
2020 11 18  16 25  0.00     2.3643573500      13.619612938  
2020 11 18  16 26  0.00     2.3643559356      13.619604556  
2020 11 18  16 27  0.00     2.3643545212      13.619596184  
2020 11 18  16 28  0.00     2.3643531068      13.619587825  
2020 11 18  16 29  0.00     2.3643516924      13.619579476  
2020 11 18  16 30  0.00     2.3643502780      13.619571138  
2020 11 18  16 31  0.00     2.3643488636      13.619562811  
2020 11 18  16 32  0.00     2.3643474491      13.619554496  
2020 11 18  16 33  0.00     2.3643460347      13.619546192  
2020 11 18  16 34  0.00     2.3643446202      13.619537898  
2020 11 18  16 35  0.00     2.3643432057      13.619529616  
2020 11 18  16 36  0.00     2.3643417912      13.619521345  
2020 11 18  16 37  0.00     2.3643403767      13.619513085  
2020 11 18  16 38  0.00     2.3643389621      13.619504837  
2020 11 18  16 39  0.00     2.3643375476      13.619496599  
2020 11 18  16 40  0.00     2.3643361330      13.619488372  
2020 11 18  16 41  0.00     2.3643347184      13.619480157  
2020 11 18  16 42  0.00     2.3643333038      13.619471953  
2020 11 18  16 43  0.00     2.3643318892      13.619463760  
2020 11 18  16 44  0.00     2.3643304745      13.619455578  
2020 11 18  16 45  0.00     2.3643290598      13.619447407  
2020 11 18  16 46  0.00     2.3643276452      13.619439247  
2020 11 18  16 47  0.00     2.3643262305      13.619431098  
2020 11 18  16 48  0.00     2.3643248157      13.619422960  
2020 11 18  16 49  0.00     2.3643234010      13.619414834  
2020 11 18  16 50  0.00     2.3643219862      13.619406719  
2020 11 18  16 51  0.00     2.3643205714      13.619398614  
2020 11 18  16 52  0.00     2.3643191566      13.619390521  
2020 11 18  16 53  0.00     2.3643177418      13.619382439  
2020 11 18  16 54  0.00     2.3643163270      13.619374368  
2020 11 18  16 55  0.00     2.3643149121      13.619366309  
2020 11 18  16 56  0.00     2.3643134972      13.619358260  
2020 11 18  16 57  0.00     2.3643120823      13.619350223  
2020 11 18  16 58  0.00     2.3643106673      13.619342196  
2020 11 18  16 59  0.00     2.3643092524      13.619334181  
2020 11 18  17  0  0.00     2.3643078374      13.619326177  
2020 11 18  17  1  0.00     2.3643064223      13.619318183  
2020 11 18  17  2  0.00     2.3643050073      13.619310201  
2020 11 18  17  3  0.00     2.3643035922      13.619302231  
2020 11 18  17  4  0.00     2.3643021771      13.619294271  
2020 11 18  17  5  0.00     2.3643007620      13.619286322  
2020 11 18  17  6  0.00     2.3642993469      13.619278385  
2020 11 18  17  7  0.00     2.3642979317      13.619270458  
2020 11 18  17  8  0.00     2.3642965165      13.619262543  
2020 11 18  17  9  0.00     2.3642951012      13.619254639  
2020 11 18  17 10  0.00     2.3642936860      13.619246745  
2020 11 18  17 11  0.00     2.3642922707      13.619238863  
2020 11 18  17 12  0.00     2.3642908554      13.619230993  
2020 11 18  17 13  0.00     2.3642894400      13.619223133  
2020 11 18  17 14  0.00     2.3642880246      13.619215284  
2020 11 18  17 15  0.00     2.3642866092      13.619207446  
2020 11 18  17 16  0.00     2.3642851938      13.619199620  
2020 11 18  17 17  0.00     2.3642837783      13.619191804  
2020 11 18  17 18  0.00     2.3642823628      13.619184000  
2020 11 18  17 19  0.00     2.3642809472      13.619176207  
2020 11 18  17 20  0.00     2.3642795316      13.619168425  
2020 11 18  17 21  0.00     2.3642781160      13.619160654  
2020 11 18  17 22  0.00     2.3642767004      13.619152894  
2020 11 18  17 23  0.00     2.3642752847      13.619145145  
2020 11 18  17 24  0.00     2.3642738690      13.619137407  
2020 11 18  17 25  0.00     2.3642724532      13.619129680  
2020 11 18  17 26  0.00     2.3642710374      13.619121965  
2020 11 18  17 27  0.00     2.3642696216      13.619114260  
2020 11 18  17 28  0.00     2.3642682058      13.619106567  
2020 11 18  17 29  0.00     2.3642667899      13.619098884  
2020 11 18  17 30  0.00     2.3642653739      13.619091213  
2020 11 18  17 31  0.00     2.3642639580      13.619083553  
2020 11 18  17 32  0.00     2.3642625420      13.619075904  
2020 11 18  17 33  0.00     2.3642611259      13.619068266  
2020 11 18  17 34  0.00     2.3642597098      13.619060639  
2020 11 18  17 35  0.00     2.3642582937      13.619053023  
2020 11 18  17 36  0.00     2.3642568775      13.619045418  
2020 11 18  17 37  0.00     2.3642554613      13.619037824  
2020 11 18  17 38  0.00     2.3642540451      13.619030242  
2020 11 18  17 39  0.00     2.3642526288      13.619022670  
2020 11 18  17 40  0.00     2.3642512124      13.619015109  
2020 11 18  17 41  0.00     2.3642497961      13.619007560  
2020 11 18  17 42  0.00     2.3642483796      13.619000021  
2020 11 18  17 43  0.00     2.3642469632      13.618992494  
2020 11 18  17 44  0.00     2.3642455467      13.618984978  
2020 11 18  17 45  0.00     2.3642441301      13.618977472  
2020 11 18  17 46  0.00     2.3642427135      13.618969978  
2020 11 18  17 47  0.00     2.3642412969      13.618962495  
2020 11 18  17 48  0.00     2.3642398802      13.618955023  
2020 11 18  17 49  0.00     2.3642384635      13.618947562  
2020 11 18  17 50  0.00     2.3642370467      13.618940112  
2020 11 18  17 51  0.00     2.3642356299      13.618932673  
2020 11 18  17 52  0.00     2.3642342130      13.618925245  
2020 11 18  17 53  0.00     2.3642327961      13.618917828  
2020 11 18  17 54  0.00     2.3642313791      13.618910422  
2020 11 18  17 55  0.00     2.3642299621      13.618903028  
2020 11 18  17 56  0.00     2.3642285450      13.618895644  
2020 11 18  17 57  0.00     2.3642271279      13.618888271  
2020 11 18  17 58  0.00     2.3642257107      13.618880910  
2020 11 18  17 59  0.00     2.3642242935      13.618873559  
2020 11 18  18  0  0.00     2.3642228762      13.618866219  
2020 11 18  18  1  0.00     2.3642214589      13.618858891  
2020 11 18  18  2  0.00     2.3642200416      13.618851573  
2020 11 18  18  3  0.00     2.3642186241      13.618844267  
2020 11 18  18  4  0.00     2.3642172067      13.618836971  
2020 11 18  18  5  0.00     2.3642157891      13.618829686  
2020 11 18  18  6  0.00     2.3642143715      13.618822413  
2020 11 18  18  7  0.00     2.3642129539      13.618815150  
2020 11 18  18  8  0.00     2.3642115362      13.618807899  
2020 11 18  18  9  0.00     2.3642101185      13.618800659  
2020 11 18  18 10  0.00     2.3642087006      13.618793429  
2020 11 18  18 11  0.00     2.3642072828      13.618786211  
2020 11 18  18 12  0.00     2.3642058649      13.618779003  
2020 11 18  18 13  0.00     2.3642044469      13.618771807  
2020 11 18  18 14  0.00     2.3642030289      13.618764621  
2020 11 18  18 15  0.00     2.3642016108      13.618757447  
2020 11 18  18 16  0.00     2.3642001926      13.618750283  
2020 11 18  18 17  0.00     2.3641987744      13.618743131  
2020 11 18  18 18  0.00     2.3641973561      13.618735989  
2020 11 18  18 19  0.00     2.3641959378      13.618728859  
2020 11 18  18 20  0.00     2.3641945194      13.618721739  
2020 11 18  18 21  0.00     2.3641931009      13.618714630  
2020 11 18  18 22  0.00     2.3641916824      13.618707533  
2020 11 18  18 23  0.00     2.3641902639      13.618700446  
2020 11 18  18 24  0.00     2.3641888452      13.618693370  
2020 11 18  18 25  0.00     2.3641874265      13.618686306  
2020 11 18  18 26  0.00     2.3641860077      13.618679252  
2020 11 18  18 27  0.00     2.3641845889      13.618672209  
2020 11 18  18 28  0.00     2.3641831700      13.618665177  
2020 11 18  18 29  0.00     2.3641817510      13.618658157  
2020 11 18  18 30  0.00     2.3641803320      13.618651147  
2020 11 18  18 31  0.00     2.3641789129      13.618644148  
2020 11 18  18 32  0.00     2.3641774938      13.618637160  
2020 11 18  18 33  0.00     2.3641760745      13.618630182  
2020 11 18  18 34  0.00     2.3641746552      13.618623216  
2020 11 18  18 35  0.00     2.3641732359      13.618616261  
2020 11 18  18 36  0.00     2.3641718164      13.618609317  
2020 11 18  18 37  0.00     2.3641703969      13.618602383  
2020 11 18  18 38  0.00     2.3641689774      13.618595461  
2020 11 18  18 39  0.00     2.3641675577      13.618588550  
2020 11 18  18 40  0.00     2.3641661380      13.618581649  
2020 11 18  18 41  0.00     2.3641647182      13.618574759  
2020 11 18  18 42  0.00     2.3641632984      13.618567880  
2020 11 18  18 43  0.00     2.3641618784      13.618561013  
2020 11 18  18 44  0.00     2.3641604584      13.618554156  
2020 11 18  18 45  0.00     2.3641590383      13.618547310  
2020 11 18  18 46  0.00     2.3641576182      13.618540475  
2020 11 18  18 47  0.00     2.3641561980      13.618533650  
2020 11 18  18 48  0.00     2.3641547777      13.618526837  
2020 11 18  18 49  0.00     2.3641533573      13.618520034  
2020 11 18  18 50  0.00     2.3641519368      13.618513243  
2020 11 18  18 51  0.00     2.3641505163      13.618506462  
2020 11 18  18 52  0.00     2.3641490957      13.618499692  
2020 11 18  18 53  0.00     2.3641476750      13.618492934  
2020 11 18  18 54  0.00     2.3641462542      13.618486185  
2020 11 18  18 55  0.00     2.3641448334      13.618479448  
2020 11 18  18 56  0.00     2.3641434125      13.618472722  
2020 11 18  18 57  0.00     2.3641419915      13.618466006  
2020 11 18  18 58  0.00     2.3641405704      13.618459302  
2020 11 18  18 59  0.00     2.3641391492      13.618452608  
2020 11 18  19  0  0.00     2.3641377280      13.618445925  
2020 11 18  19  1  0.00     2.3641363066      13.618439253  
2020 11 18  19  2  0.00     2.3641348852      13.618432592  
2020 11 18  19  3  0.00     2.3641334637      13.618425942  
2020 11 18  19  4  0.00     2.3641320421      13.618419302  
2020 11 18  19  5  0.00     2.3641306205      13.618412673  
2020 11 18  19  6  0.00     2.3641291987      13.618406055  
2020 11 18  19  7  0.00     2.3641277769      13.618399448  
2020 11 18  19  8  0.00     2.3641263550      13.618392852  
2020 11 18  19  9  0.00     2.3641249329      13.618386267  
2020 11 18  19 10  0.00     2.3641235108      13.618379692  
2020 11 18  19 11  0.00     2.3641220887      13.618373128  
2020 11 18  19 12  0.00     2.3641206664      13.618366575  
2020 11 18  19 13  0.00     2.3641192440      13.618360033  
2020 11 18  19 14  0.00     2.3641178216      13.618353502  
2020 11 18  19 15  0.00     2.3641163990      13.618346981  
2020 11 18  19 16  0.00     2.3641149764      13.618340471  
2020 11 18  19 17  0.00     2.3641135537      13.618333972  
2020 11 18  19 18  0.00     2.3641121308      13.618327484  
2020 11 18  19 19  0.00     2.3641107079      13.618321007  
2020 11 18  19 20  0.00     2.3641092849      13.618314540  
2020 11 18  19 21  0.00     2.3641078618      13.618308084  
2020 11 18  19 22  0.00     2.3641064386      13.618301639  
2020 11 18  19 23  0.00     2.3641050153      13.618295204  
2020 11 18  19 24  0.00     2.3641035919      13.618288781  
2020 11 18  19 25  0.00     2.3641021685      13.618282368  
2020 11 18  19 26  0.00     2.3641007449      13.618275966  
2020 11 18  19 27  0.00     2.3640993212      13.618269574  
2020 11 18  19 28  0.00     2.3640978974      13.618263193  
2020 11 18  19 29  0.00     2.3640964736      13.618256823  
2020 11 18  19 30  0.00     2.3640950496      13.618250464  
2020 11 18  19 31  0.00     2.3640936255      13.618244116  
2020 11 18  19 32  0.00     2.3640922013      13.618237778  
2020 11 18  19 33  0.00     2.3640907771      13.618231451  
2020 11 18  19 34  0.00     2.3640893527      13.618225134  
2020 11 18  19 35  0.00     2.3640879282      13.618218829  
2020 11 18  19 36  0.00     2.3640865036      13.618212534  
2020 11 18  19 37  0.00     2.3640850789      13.618206249  
2020 11 18  19 38  0.00     2.3640836542      13.618199976  
2020 11 18  19 39  0.00     2.3640822293      13.618193713  
2020 11 18  19 40  0.00     2.3640808043      13.618187461  
2020 11 18  19 41  0.00     2.3640793791      13.618181219  
2020 11 18  19 42  0.00     2.3640779539      13.618174988  
2020 11 18  19 43  0.00     2.3640765286      13.618168768  
2020 11 18  19 44  0.00     2.3640751032      13.618162558  
2020 11 18  19 45  0.00     2.3640736776      13.618156359  
2020 11 18  19 46  0.00     2.3640722520      13.618150171  
2020 11 18  19 47  0.00     2.3640708262      13.618143993  
2020 11 18  19 48  0.00     2.3640694004      13.618137826  
2020 11 18  19 49  0.00     2.3640679744      13.618131670  
2020 11 18  19 50  0.00     2.3640665483      13.618125524  
2020 11 18  19 51  0.00     2.3640651221      13.618119389  
2020 11 18  19 52  0.00     2.3640636958      13.618113265  
2020 11 18  19 53  0.00     2.3640622694      13.618107151  
2020 11 18  19 54  0.00     2.3640608428      13.618101048  
2020 11 18  19 55  0.00     2.3640594162      13.618094955  
2020 11 18  19 56  0.00     2.3640579894      13.618088873  
2020 11 18  19 57  0.00     2.3640565625      13.618082802  
2020 11 18  19 58  0.00     2.3640551355      13.618076741  
2020 11 18  19 59  0.00     2.3640537083      13.618070690  
2020 11 18  20  0  0.00     2.3640522811      13.618064651  
2020 11 18  20  1  0.00     2.3640508537      13.618058622  
2020 11 18  20  2  0.00     2.3640494263      13.618052603  
2020 11 18  20  3  0.00     2.3640479986      13.618046595  
2020 11 18  20  4  0.00     2.3640465709      13.618040597  
2020 11 18  20  5  0.00     2.3640451431      13.618034611  
2020 11 18  20  6  0.00     2.3640437151      13.618028634  
2020 11 18  20  7  0.00     2.3640422870      13.618022668  
2020 11 18  20  8  0.00     2.3640408588      13.618016713  
2020 11 18  20  9  0.00     2.3640394304      13.618010768  
2020 11 18  20 10  0.00     2.3640380020      13.618004834  
2020 11 18  20 11  0.00     2.3640365734      13.617998910  
2020 11 18  20 12  0.00     2.3640351447      13.617992997  
2020 11 18  20 13  0.00     2.3640337158      13.617987094  
2020 11 18  20 14  0.00     2.3640322868      13.617981202  
2020 11 18  20 15  0.00     2.3640308577      13.617975320  
2020 11 18  20 16  0.00     2.3640294285      13.617969449  
2020 11 18  20 17  0.00     2.3640279991      13.617963588  
2020 11 18  20 18  0.00     2.3640265697      13.617957738  
2020 11 18  20 19  0.00     2.3640251400      13.617951898  
2020 11 18  20 20  0.00     2.3640237103      13.617946069  
2020 11 18  20 21  0.00     2.3640222804      13.617940250  
2020 11 18  20 22  0.00     2.3640208504      13.617934442  
2020 11 18  20 23  0.00     2.3640194202      13.617928644  
2020 11 18  20 24  0.00     2.3640179899      13.617922856  
2020 11 18  20 25  0.00     2.3640165595      13.617917079  
2020 11 18  20 26  0.00     2.3640151289      13.617911312  
2020 11 18  20 27  0.00     2.3640136982      13.617905556  
2020 11 18  20 28  0.00     2.3640122674      13.617899810  
2020 11 18  20 29  0.00     2.3640108364      13.617894075  
2020 11 18  20 30  0.00     2.3640094053      13.617888350  
2020 11 18  20 31  0.00     2.3640079740      13.617882635  
2020 11 18  20 32  0.00     2.3640065426      13.617876931  
2020 11 18  20 33  0.00     2.3640051111      13.617871237  
2020 11 18  20 34  0.00     2.3640036794      13.617865553  
---
2020 11 19  10 40  0.00     2.3626467903      13.615521144  
2020 11 19  10 41  0.00     2.3626449202      13.615519187  
2020 11 19  10 42  0.00     2.3626430493      13.615517226  
2020 11 19  10 43  0.00     2.3626411777      13.615515260  
2020 11 19  10 44  0.00     2.3626393054      13.615513291  
2020 11 19  10 45  0.00     2.3626374325      13.615511317  
2020 11 19  10 46  0.00     2.3626355588      13.615509340  
2020 11 19  10 47  0.00     2.3626336844      13.615507359  
2020 11 19  10 48  0.00     2.3626318094      13.615505373  
2020 11 19  10 49  0.00     2.3626299337      13.615503383  
2020 11 19  10 50  0.00     2.3626280572      13.615501390  
2020 11 19  10 51  0.00     2.3626261801      13.615499392  
2020 11 19  10 52  0.00     2.3626243023      13.615497390  
2020 11 19  10 53  0.00     2.3626224238      13.615495384  
2020 11 19  10 54  0.00     2.3626205446      13.615493373  
2020 11 19  10 55  0.00     2.3626186647      13.615491359  
2020 11 19  10 56  0.00     2.3626167841      13.615489340  
2020 11 19  10 57  0.00     2.3626149029      13.615487317  
2020 11 19  10 58  0.00     2.3626130210      13.615485289  
2020 11 19  10 59  0.00     2.3626111383      13.615483258  
2020 11 19  11  0  0.00     2.3626092550      13.615481222  
2020 11 19  11  1  0.00     2.3626073710      13.615479181  
2020 11 19  11  2  0.00     2.3626054864      13.615477137  
2020 11 19  11  3  0.00     2.3626036010      13.615475087  
2020 11 19  11  4  0.00     2.3626017150      13.615473034  
2020 11 19  11  5  0.00     2.3625998282      13.615470976  
2020 11 19  11  6  0.00     2.3625979408      13.615468914  
2020 11 19  11  7  0.00     2.3625960527      13.615466847  
2020 11 19  11  8  0.00     2.3625941640      13.615464776  
2020 11 19  11  9  0.00     2.3625922745      13.615462700  
2020 11 19  11 10  0.00     2.3625903844      13.615460619  
2020 11 19  11 11  0.00     2.3625884936      13.615458534  
2020 11 19  11 12  0.00     2.3625866022      13.615456445  
2020 11 19  11 13  0.00     2.3625847100      13.615454351  
2020 11 19  11 14  0.00     2.3625828172      13.615452252  
2020 11 19  11 15  0.00     2.3625809237      13.615450149  
2020 11 19  11 16  0.00     2.3625790295      13.615448041  
2020 11 19  11 17  0.00     2.3625771347      13.615445928  
2020 11 19  11 18  0.00     2.3625752392      13.615443811  
2020 11 19  11 19  0.00     2.3625733430      13.615441689  
2020 11 19  11 20  0.00     2.3625714462      13.615439562  
2020 11 19  11 21  0.00     2.3625695486      13.615437430  
2020 11 19  11 22  0.00     2.3625676504      13.615435294  
2020 11 19  11 23  0.00     2.3625657516      13.615433153  
2020 11 19  11 24  0.00     2.3625638521      13.615431007  
2020 11 19  11 25  0.00     2.3625619519      13.615428856  
2020 11 19  11 26  0.00     2.3625600510      13.615426701  
2020 11 19  11 27  0.00     2.3625581495      13.615424540  
2020 11 19  11 28  0.00     2.3625562473      13.615422375  
2020 11 19  11 29  0.00     2.3625543445      13.615420204  
2020 11 19  11 30  0.00     2.3625524410      13.615418029  
2020 11 19  11 31  0.00     2.3625505368      13.615415849  
2020 11 19  11 32  0.00     2.3625486320      13.615413663  
2020 11 19  11 33  0.00     2.3625467265      13.615411473  
2020 11 19  11 34  0.00     2.3625448203      13.615409278  
2020 11 19  11 35  0.00     2.3625429135      13.615407078  
2020 11 19  11 36  0.00     2.3625410060      13.615404872  
2020 11 19  11 37  0.00     2.3625390979      13.615402662  
2020 11 19  11 38  0.00     2.3625371892      13.615400446  
2020 11 19  11 39  0.00     2.3625352797      13.615398226  
2020 11 19  11 40  0.00     2.3625333696      13.615396000  
2020 11 19  11 41  0.00     2.3625314589      13.615393769  
2020 11 19  11 42  0.00     2.3625295475      13.615391533  
2020 11 19  11 43  0.00     2.3625276355      13.615389291  
2020 11 19  11 44  0.00     2.3625257228      13.615387045  
2020 11 19  11 45  0.00     2.3625238095      13.615384793  
2020 11 19  11 46  0.00     2.3625218955      13.615382536  
2020 11 19  11 47  0.00     2.3625199808      13.615380274  
2020 11 19  11 48  0.00     2.3625180656      13.615378006  
2020 11 19  11 49  0.00     2.3625161496      13.615375733  
2020 11 19  11 50  0.00     2.3625142331      13.615373455  
2020 11 19  11 51  0.00     2.3625123159      13.615371171  
2020 11 19  11 52  0.00     2.3625103980      13.615368882  
2020 11 19  11 53  0.00     2.3625084795      13.615366587  
2020 11 19  11 54  0.00     2.3625065604      13.615364288  
2020 11 19  11 55  0.00     2.3625046406      13.615361982  
2020 11 19  11 56  0.00     2.3625027202      13.615359671  
2020 11 19  11 57  0.00     2.3625007991      13.615357355  
2020 11 19  11 58  0.00     2.3624988774      13.615355033  
2020 11 19  11 59  0.00     2.3624969551      13.615352706  
2020 11 19  12  0  0.00     2.3624950321      13.615350373  
2020 11 19  12  1  0.00     2.3624931085      13.615348035  
2020 11 19  12  2  0.00     2.3624911843      13.615345691  
2020 11 19  12  3  0.00     2.3624892594      13.615343341  
2020 11 19  12  4  0.00     2.3624873339      13.615340986  
2020 11 19  12  5  0.00     2.3624854078      13.615338625  
2020 11 19  12  6  0.00     2.3624834810      13.615336259  
2020 11 19  12  7  0.00     2.3624815536      13.615333886  
2020 11 19  12  8  0.00     2.3624796256      13.615331509  
2020 11 19  12  9  0.00     2.3624776970      13.615329125  
2020 11 19  12 10  0.00     2.3624757677      13.615326736  
2020 11 19  12 11  0.00     2.3624738378      13.615324341  
2020 11 19  12 12  0.00     2.3624719073      13.615321940  
2020 11 19  12 13  0.00     2.3624699761      13.615319533  
2020 11 19  12 14  0.00     2.3624680444      13.615317121  
2020 11 19  12 15  0.00     2.3624661120      13.615314702  
2020 11 19  12 16  0.00     2.3624641790      13.615312278  
2020 11 19  12 17  0.00     2.3624622454      13.615309848  
2020 11 19  12 18  0.00     2.3624603111      13.615307412  
2020 11 19  12 19  0.00     2.3624583763      13.615304970  
2020 11 19  12 20  0.00     2.3624564408      13.615302522  
2020 11 19  12 21  0.00     2.3624545047      13.615300069  
2020 11 19  12 22  0.00     2.3624525680      13.615297609  
2020 11 19  12 23  0.00     2.3624506307      13.615295143  
2020 11 19  12 24  0.00     2.3624486928      13.615292672  
2020 11 19  12 25  0.00     2.3624467542      13.615290194  
2020 11 19  12 26  0.00     2.3624448151      13.615287710  
2020 11 19  12 27  0.00     2.3624428753      13.615285220  
2020 11 19  12 28  0.00     2.3624409350      13.615282725  
2020 11 19  12 29  0.00     2.3624389940      13.615280223  
2020 11 19  12 30  0.00     2.3624370524      13.615277714  
2020 11 19  12 31  0.00     2.3624351103      13.615275200  
2020 11 19  12 32  0.00     2.3624331675      13.615272680  
2020 11 19  12 33  0.00     2.3624312241      13.615270153  
2020 11 19  12 34  0.00     2.3624292801      13.615267620  
2020 11 19  12 35  0.00     2.3624273355      13.615265081  
2020 11 19  12 36  0.00     2.3624253903      13.615262536  
2020 11 19  12 37  0.00     2.3624234446      13.615259984  
2020 11 19  12 38  0.00     2.3624214982      13.615257427  
2020 11 19  12 39  0.00     2.3624195512      13.615254863  
2020 11 19  12 40  0.00     2.3624176036      13.615252292  
2020 11 19  12 41  0.00     2.3624156555      13.615249715  
2020 11 19  12 42  0.00     2.3624137067      13.615247132  
2020 11 19  12 43  0.00     2.3624117574      13.615244543  
2020 11 19  12 44  0.00     2.3624098074      13.615241947  
2020 11 19  12 45  0.00     2.3624078569      13.615239345  
2020 11 19  12 46  0.00     2.3624059058      13.615236736  
2020 11 19  12 47  0.00     2.3624039541      13.615234121  
2020 11 19  12 48  0.00     2.3624020018      13.615231500  
2020 11 19  12 49  0.00     2.3624000489      13.615228872  
2020 11 19  12 50  0.00     2.3623980955      13.615226237  
2020 11 19  12 51  0.00     2.3623961414      13.615223596  
2020 11 19  12 52  0.00     2.3623941868      13.615220948  
2020 11 19  12 53  0.00     2.3623922316      13.615218294  
2020 11 19  12 54  0.00     2.3623902758      13.615215634  
2020 11 19  12 55  0.00     2.3623883195      13.615212966  
2020 11 19  12 56  0.00     2.3623863626      13.615210292  
2020 11 19  12 57  0.00     2.3623844051      13.615207612  
2020 11 19  12 58  0.00     2.3623824470      13.615204925  
2020 11 19  12 59  0.00     2.3623804883      13.615202231  
2020 11 19  13  0  0.00     2.3623785291      13.615199530  
2020 11 19  13  1  0.00     2.3623765693      13.615196823  
2020 11 19  13  2  0.00     2.3623746089      13.615194109  
2020 11 19  13  3  0.00     2.3623726480      13.615191388  
2020 11 19  13  4  0.00     2.3623706865      13.615188661  
2020 11 19  13  5  0.00     2.3623687244      13.615185927  
2020 11 19  13  6  0.00     2.3623667618      13.615183186  
2020 11 19  13  7  0.00     2.3623647986      13.615180438  
2020 11 19  13  8  0.00     2.3623628348      13.615177683  
2020 11 19  13  9  0.00     2.3623608705      13.615174922  
2020 11 19  13 10  0.00     2.3623589056      13.615172154  
2020 11 19  13 11  0.00     2.3623569402      13.615169378  
2020 11 19  13 12  0.00     2.3623549742      13.615166596  
2020 11 19  13 13  0.00     2.3623530076      13.615163807  
2020 11 19  13 14  0.00     2.3623510405      13.615161011  
2020 11 19  13 15  0.00     2.3623490728      13.615158208  
2020 11 19  13 16  0.00     2.3623471046      13.615155399  
2020 11 19  13 17  0.00     2.3623451358      13.615152582  
2020 11 19  13 18  0.00     2.3623431665      13.615149758  
2020 11 19  13 19  0.00     2.3623411966      13.615146927  
2020 11 19  13 20  0.00     2.3623392262      13.615144089  
2020 11 19  13 21  0.00     2.3623372553      13.615141244  
2020 11 19  13 22  0.00     2.3623352837      13.615138392  
2020 11 19  13 23  0.00     2.3623333117      13.615135533  
2020 11 19  13 24  0.00     2.3623313391      13.615132666  
2020 11 19  13 25  0.00     2.3623293659      13.615129793  
2020 11 19  13 26  0.00     2.3623273923      13.615126912  
2020 11 19  13 27  0.00     2.3623254180      13.615124025  
2020 11 19  13 28  0.00     2.3623234433      13.615121130  
2020 11 19  13 29  0.00     2.3623214680      13.615118228  
2020 11 19  13 30  0.00     2.3623194922      13.615115318  
2020 11 19  13 31  0.00     2.3623175158      13.615112402  
2020 11 19  13 32  0.00     2.3623155389      13.615109478  
2020 11 19  13 33  0.00     2.3623135615      13.615106547  
2020 11 19  13 34  0.00     2.3623115835      13.615103609  
2020 11 19  13 35  0.00     2.3623096050      13.615100663  
2020 11 19  13 36  0.00     2.3623076260      13.615097710  
2020 11 19  13 37  0.00     2.3623056464      13.615094750  
2020 11 19  13 38  0.00     2.3623036664      13.615091782  
2020 11 19  13 39  0.00     2.3623016858      13.615088807  
2020 11 19  13 40  0.00     2.3622997046      13.615085825  
2020 11 19  13 41  0.00     2.3622977230      13.615082835  
2020 11 19  13 42  0.00     2.3622957408      13.615079838  
2020 11 19  13 43  0.00     2.3622937582      13.615076833  
2020 11 19  13 44  0.00     2.3622917750      13.615073821  
2020 11 19  13 45  0.00     2.3622897912      13.615070801  
2020 11 19  13 46  0.00     2.3622878070      13.615067774  
2020 11 19  13 47  0.00     2.3622858223      13.615064739  
2020 11 19  13 48  0.00     2.3622838370      13.615061697  
2020 11 19  13 49  0.00     2.3622818512      13.615058647  
2020 11 19  13 50  0.00     2.3622798650      13.615055590  
2020 11 19  13 51  0.00     2.3622778782      13.615052525  
2020 11 19  13 52  0.00     2.3622758909      13.615049453  
2020 11 19  13 53  0.00     2.3622739031      13.615046373  
2020 11 19  13 54  0.00     2.3622719148      13.615043285  
2020 11 19  13 55  0.00     2.3622699260      13.615040190  
2020 11 19  13 56  0.00     2.3622679366      13.615037087  
2020 11 19  13 57  0.00     2.3622659468      13.615033976  
2020 11 19  13 58  0.00     2.3622639565      13.615030858  
2020 11 19  13 59  0.00     2.3622619657      13.615027732  
2020 11 19  14  0  0.00     2.3622599744      13.615024598  
2020 11 19  14  1  0.00     2.3622579826      13.615021457  
2020 11 19  14  2  0.00     2.3622559903      13.615018307  
2020 11 19  14  3  0.00     2.3622539975      13.615015150  
2020 11 19  14  4  0.00     2.3622520042      13.615011986  
2020 11 19  14  5  0.00     2.3622500105      13.615008813  
2020 11 19  14  6  0.00     2.3622480162      13.615005633  
2020 11 19  14  7  0.00     2.3622460215      13.615002444  
2020 11 19  14  8  0.00     2.3622440262      13.614999248  
2020 11 19  14  9  0.00     2.3622420305      13.614996044  
2020 11 19  14 10  0.00     2.3622400343      13.614992832  
2020 11 19  14 11  0.00     2.3622380376      13.614989612  
2020 11 19  14 12  0.00     2.3622360405      13.614986385  
2020 11 19  14 13  0.00     2.3622340428      13.614983149  
2020 11 19  14 14  0.00     2.3622320447      13.614979905  
2020 11 19  14 15  0.00     2.3622300461      13.614976654  
2020 11 19  14 16  0.00     2.3622280471      13.614973394  
2020 11 19  14 17  0.00     2.3622260475      13.614970126  
2020 11 19  14 18  0.00     2.3622240475      13.614966851  
2020 11 19  14 19  0.00     2.3622220470      13.614963567  
2020 11 19  14 20  0.00     2.3622200461      13.614960276  
2020 11 19  14 21  0.00     2.3622180446      13.614956976  
2020 11 19  14 22  0.00     2.3622160427      13.614953668  
2020 11 19  14 23  0.00     2.3622140404      13.614950352  
2020 11 19  14 24  0.00     2.3622120376      13.614947028  
2020 11 19  14 25  0.00     2.3622100343      13.614943696  
2020 11 19  14 26  0.00     2.3622080305      13.614940356  
2020 11 19  14 27  0.00     2.3622060263      13.614937007  
2020 11 19  14 28  0.00     2.3622040217      13.614933650  
2020 11 19  14 29  0.00     2.3622020166      13.614930286  
2020 11 19  14 30  0.00     2.3622000110      13.614926913  
2020 11 19  14 31  0.00     2.3621980050      13.614923531  
2020 11 19  14 32  0.00     2.3621959985      13.614920142  
2020 11 19  14 33  0.00     2.3621939916      13.614916744  
2020 11 19  14 34  0.00     2.3621919842      13.614913338  
2020 11 19  14 35  0.00     2.3621899763      13.614909924  
2020 11 19  14 36  0.00     2.3621879681      13.614906501  
2020 11 19  14 37  0.00     2.3621859593      13.614903070  
2020 11 19  14 38  0.00     2.3621839502      13.614899631  
2020 11 19  14 39  0.00     2.3621819406      13.614896183  
2020 11 19  14 40  0.00     2.3621799305      13.614892727  
2020 11 19  14 41  0.00     2.3621779200      13.614889263  
2020 11 19  14 42  0.00     2.3621759091      13.614885790  
2020 11 19  14 43  0.00     2.3621738977      13.614882309  
2020 11 19  14 44  0.00     2.3621718859      13.614878820  
2020 11 19  14 45  0.00     2.3621698737      13.614875322  
2020 11 19  14 46  0.00     2.3621678610      13.614871815  
2020 11 19  14 47  0.00     2.3621658479      13.614868300  
2020 11 19  14 48  0.00     2.3621638344      13.614864777  
2020 11 19  14 49  0.00     2.3621618205      13.614861245  
2020 11 19  14 50  0.00     2.3621598061      13.614857705  
2020 11 19  14 51  0.00     2.3621577913      13.614854156  
2020 11 19  14 52  0.00     2.3621557760      13.614850598  
2020 11 19  14 53  0.00     2.3621537604      13.614847032  
2020 11 19  14 54  0.00     2.3621517443      13.614843458  
2020 11 19  14 55  0.00     2.3621497278      13.614839875  
2020 11 19  14 56  0.00     2.3621477109      13.614836283  
2020 11 19  14 57  0.00     2.3621456936      13.614832682  
2020 11 19  14 58  0.00     2.3621436758      13.614829073  
2020 11 19  14 59  0.00     2.3621416576      13.614825456  
2020 11 19  15  0  0.00     2.3621396391      13.614821830  
2020 11 19  15  1  0.00     2.3621376201      13.614818195  
2020 11 19  15  2  0.00     2.3621356007      13.614814551  
2020 11 19  15  3  0.00     2.3621335809      13.614810899  
2020 11 19  15  4  0.00     2.3621315607      13.614807237  
2020 11 19  15  5  0.00     2.3621295401      13.614803568  
2020 11 19  15  6  0.00     2.3621275191      13.614799889  
2020 11 19  15  7  0.00     2.3621254977      13.614796202  
2020 11 19  15  8  0.00     2.3621234758      13.614792506  
2020 11 19  15  9  0.00     2.3621214536      13.614788801  
2020 11 19  15 10  0.00     2.3621194310      13.614785087  
2020 11 19  15 11  0.00     2.3621174080      13.614781365  
2020 11 19  15 12  0.00     2.3621153846      13.614777633  
2020 11 19  15 13  0.00     2.3621133608      13.614773893  
2020 11 19  15 14  0.00     2.3621113366      13.614770144  
2020 11 19  15 15  0.00     2.3621093120      13.614766386  
2020 11 19  15 16  0.00     2.3621072871      13.614762620  
2020 11 19  15 17  0.00     2.3621052617      13.614758844  
2020 11 19  15 18  0.00     2.3621032360      13.614755059  
2020 11 19  15 19  0.00     2.3621012098      13.614751266  
2020 11 19  15 20  0.00     2.3620991833      13.614747463  
2020 11 19  15 21  0.00     2.3620971564      13.614743652  
2020 11 19  15 22  0.00     2.3620951292      13.614739832  
2020 11 19  15 23  0.00     2.3620931015      13.614736002  
2020 11 19  15 24  0.00     2.3620910735      13.614732164  
2020 11 19  15 25  0.00     2.3620890451      13.614728317  
2020 11 19  15 26  0.00     2.3620870163      13.614724460  
2020 11 19  15 27  0.00     2.3620849872      13.614720595  
2020 11 19  15 28  0.00     2.3620829577      13.614716720  
2020 11 19  15 29  0.00     2.3620809278      13.614712837  
2020 11 19  15 30  0.00     2.3620788975      13.614708944  
2020 11 19  15 31  0.00     2.3620768669      13.614705042  
2020 11 19  15 32  0.00     2.3620748359      13.614701132  
2020 11 19  15 33  0.00     2.3620728046      13.614697212  
2020 11 19  15 34  0.00     2.3620707729      13.614693283  
2020 11 19  15 35  0.00     2.3620687408      13.614689344  
2020 11 19  15 36  0.00     2.3620667084      13.614685397  
2020 11 19  15 37  0.00     2.3620646756      13.614681441  
2020 11 19  15 38  0.00     2.3620626425      13.614677475  
2020 11 19  15 39  0.00     2.3620606090      13.614673500  
2020 11 19  15 40  0.00     2.3620585751      13.614669516  
2020 11 19  15 41  0.00     2.3620565409      13.614665523  
2020 11 19  15 42  0.00     2.3620545064      13.614661520  
2020 11 19  15 43  0.00     2.3620524715      13.614657508  
2020 11 19  15 44  0.00     2.3620504363      13.614653487  
2020 11 19  15 45  0.00     2.3620484007      13.614649457  
2020 11 19  15 46  0.00     2.3620463647      13.614645417  
2020 11 19  15 47  0.00     2.3620443285      13.614641368  
2020 11 19  15 48  0.00     2.3620422919      13.614637310  
2020 11 19  15 49  0.00     2.3620402549      13.614633242  
2020 11 19  15 50  0.00     2.3620382176      13.614629165  
2020 11 19  15 51  0.00     2.3620361800      13.614625079  
2020 11 19  15 52  0.00     2.3620341421      13.614620983  
2020 11 19  15 53  0.00     2.3620321038      13.614616878  
2020 11 19  15 54  0.00     2.3620300651      13.614612764  
2020 11 19  15 55  0.00     2.3620280262      13.614608640  
2020 11 19  15 56  0.00     2.3620259869      13.614604507  
2020 11 19  15 57  0.00     2.3620239473      13.614600364  
2020 11 19  15 58  0.00     2.3620219074      13.614596212  
2020 11 19  15 59  0.00     2.3620198671      13.614592050  
2020 11 19  16  0  0.00     2.3620178266      13.614587879  
2020 11 19  16  1  0.00     2.3620157857      13.614583699  
2020 11 19  16  2  0.00     2.3620137445      13.614579509  
2020 11 19  16  3  0.00     2.3620117029      13.614575309  
2020 11 19  16  4  0.00     2.3620096611      13.614571100  
2020 11 19  16  5  0.00     2.3620076189      13.614566882  
2020 11 19  16  6  0.00     2.3620055764      13.614562654  
2020 11 19  16  7  0.00     2.3620035337      13.614558416  
2020 11 19  16  8  0.00     2.3620014906      13.614554169  
2020 11 19  16  9  0.00     2.3619994472      13.614549912  
2020 11 19  16 10  0.00     2.3619974035      13.614545646  
2020 11 19  16 11  0.00     2.3619953594      13.614541370  
2020 11 19  16 12  0.00     2.3619933151      13.614537084  
2020 11 19  16 13  0.00     2.3619912705      13.614532789  
2020 11 19  16 14  0.00     2.3619892256      13.614528484  
2020 11 19  16 15  0.00     2.3619871804      13.614524170  
2020 11 19  16 16  0.00     2.3619851349      13.614519846  
2020 11 19  16 17  0.00     2.3619830891      13.614515512  
2020 11 19  16 18  0.00     2.3619810430      13.614511168  
2020 11 19  16 19  0.00     2.3619789966      13.614506815  
2020 11 19  16 20  0.00     2.3619769499      13.614502452  
2020 11 19  16 21  0.00     2.3619749029      13.614498080  
2020 11 19  16 22  0.00     2.3619728556      13.614493697  
2020 11 19  16 23  0.00     2.3619708081      13.614489305  
2020 11 19  16 24  0.00     2.3619687602      13.614484903  
2020 11 19  16 25  0.00     2.3619667121      13.614480492  
2020 11 19  16 26  0.00     2.3619646637      13.614476070  
2020 11 19  16 27  0.00     2.3619626150      13.614471639  
2020 11 19  16 28  0.00     2.3619605661      13.614467198  
2020 11 19  16 29  0.00     2.3619585168      13.614462748  
2020 11 19  16 30  0.00     2.3619564673      13.614458287  
2020 11 19  16 31  0.00     2.3619544175      13.614453817  
2020 11 19  16 32  0.00     2.3619523675      13.614449336  
2020 11 19  16 33  0.00     2.3619503172      13.614444846  
2020 11 19  16 34  0.00     2.3619482666      13.614440346  
2020 11 19  16 35  0.00     2.3619462157      13.614435837  
2020 11 19  16 36  0.00     2.3619441646      13.614431317  
2020 11 19  16 37  0.00     2.3619421132      13.614426787  
2020 11 19  16 38  0.00     2.3619400615      13.614422248  
2020 11 19  16 39  0.00     2.3619380096      13.614417698  
2020 11 19  16 40  0.00     2.3619359574      13.614413139  
2020 11 19  16 41  0.00     2.3619339050      13.614408570  
2020 11 19  16 42  0.00     2.3619318523      13.614403990  
2020 11 19  16 43  0.00     2.3619297993      13.614399401  
2020 11 19  16 44  0.00     2.3619277461      13.614394802  
2020 11 19  16 45  0.00     2.3619256926      13.614390193  
2020 11 19  16 46  0.00     2.3619236389      13.614385573  
2020 11 19  16 47  0.00     2.3619215850      13.614380944  
2020 11 19  16 48  0.00     2.3619195308      13.614376305  
2020 11 19  16 49  0.00     2.3619174763      13.614371656  
2020 11 19  16 50  0.00     2.3619154216      13.614366996  
2020 11 19  16 51  0.00     2.3619133667      13.614362327  
2020 11 19  16 52  0.00     2.3619113115      13.614357648  
2020 11 19  16 53  0.00     2.3619092561      13.614352958  
2020 11 19  16 54  0.00     2.3619072004      13.614348259  
2020 11 19  16 55  0.00     2.3619051445      13.614343549  
2020 11 19  16 56  0.00     2.3619030884      13.614338829  
2020 11 19  16 57  0.00     2.3619010320      13.614334100  
2020 11 19  16 58  0.00     2.3618989754      13.614329360  
2020 11 19  16 59  0.00     2.3618969186      13.614324610  
2020 11 19  17  0  0.00     2.3618948616      13.614319849  
2020 11 19  17  1  0.00     2.3618928043      13.614315079  
2020 11 19  17  2  0.00     2.3618907468      13.614310298  
2020 11 19  17  3  0.00     2.3618886890      13.614305508  
2020 11 19  17  4  0.00     2.3618866311      13.614300707  
2020 11 19  17  5  0.00     2.3618845729      13.614295896  
2020 11 19  17  6  0.00     2.3618825145      13.614291075  
2020 11 19  17  7  0.00     2.3618804559      13.614286243  
2020 11 19  17  8  0.00     2.3618783971      13.614281401  
2020 11 19  17  9  0.00     2.3618763380      13.614276549  
2020 11 19  17 10  0.00     2.3618742788      13.614271687  
2020 11 19  17 11  0.00     2.3618722193      13.614266815  
2020 11 19  17 12  0.00     2.3618701596      13.614261932  
2020 11 19  17 13  0.00     2.3618680997      13.614257039  
2020 11 19  17 14  0.00     2.3618660397      13.614252136  
2020 11 19  17 15  0.00     2.3618639794      13.614247223  
2020 11 19  17 16  0.00     2.3618619188      13.614242299  
2020 11 19  17 17  0.00     2.3618598581      13.614237365  
2020 11 19  17 18  0.00     2.3618577972      13.614232420  
2020 11 19  17 19  0.00     2.3618557361      13.614227465  
2020 11 19  17 20  0.00     2.3618536748      13.614222500  
2020 11 19  17 21  0.00     2.3618516133      13.614217525  
2020 11 19  17 22  0.00     2.3618495516      13.614212539  
2020 11 19  17 23  0.00     2.3618474897      13.614207543  
2020 11 19  17 24  0.00     2.3618454277      13.614202536  
2020 11 19  17 25  0.00     2.3618433654      13.614197520  
2020 11 19  17 26  0.00     2.3618413029      13.614192492  
2020 11 19  17 27  0.00     2.3618392403      13.614187455  
2020 11 19  17 28  0.00     2.3618371774      13.614182406  
2020 11 19  17 29  0.00     2.3618351144      13.614177348  
2020 11 19  17 30  0.00     2.3618330512      13.614172279  
2020 11 19  17 31  0.00     2.3618309879      13.614167200  
2020 11 19  17 32  0.00     2.3618289243      13.614162110  
2020 11 19  17 33  0.00     2.3618268606      13.614157009  
2020 11 19  17 34  0.00     2.3618247967      13.614151899  
2020 11 19  17 35  0.00     2.3618227326      13.614146778  
2020 11 19  17 36  0.00     2.3618206683      13.614141646  
2020 11 19  17 37  0.00     2.3618186039      13.614136504  
2020 11 19  17 38  0.00     2.3618165393      13.614131351  
2020 11 19  17 39  0.00     2.3618144745      13.614126188  
2020 11 19  17 40  0.00     2.3618124096      13.614121014  
2020 11 19  17 41  0.00     2.3618103445      13.614115830  
2020 11 19  17 42  0.00     2.3618082792      13.614110635  
2020 11 19  17 43  0.00     2.3618062138      13.614105430  
2020 11 19  17 44  0.00     2.3618041482      13.614100214  
2020 11 19  17 45  0.00     2.3618020824      13.614094988  
2020 11 19  17 46  0.00     2.3618000165      13.614089751  
2020 11 19  17 47  0.00     2.3617979505      13.614084503  
2020 11 19  17 48  0.00     2.3617958842      13.614079245  
2020 11 19  17 49  0.00     2.3617938179      13.614073976  
2020 11 19  17 50  0.00     2.3617917514      13.614068697  
2020 11 19  17 51  0.00     2.3617896847      13.614063407  
2020 11 19  17 52  0.00     2.3617876179      13.614058107  
2020 11 19  17 53  0.00     2.3617855509      13.614052796  
2020 11 19  17 54  0.00     2.3617834838      13.614047474  
2020 11 19  17 55  0.00     2.3617814165      13.614042141  
2020 11 19  17 56  0.00     2.3617793491      13.614036798  
2020 11 19  17 57  0.00     2.3617772816      13.614031445  
2020 11 19  17 58  0.00     2.3617752139      13.614026080  
2020 11 19  17 59  0.00     2.3617731461      13.614020705  
2020 11 19  18  0  0.00     2.3617710781      13.614015320  
2020 11 19  18  1  0.00     2.3617690100      13.614009923  
2020 11 19  18  2  0.00     2.3617669418      13.614004516  
2020 11 19  18  3  0.00     2.3617648735      13.613999098  
2020 11 19  18  4  0.00     2.3617628050      13.613993670  
2020 11 19  18  5  0.00     2.3617607364      13.613988231  
2020 11 19  18  6  0.00     2.3617586676      13.613982781  
2020 11 19  18  7  0.00     2.3617565988      13.613977320  
2020 11 19  18  8  0.00     2.3617545298      13.613971849  
2020 11 19  18  9  0.00     2.3617524607      13.613966367  
2020 11 19  18 10  0.00     2.3617503914      13.613960874  
2020 11 19  18 11  0.00     2.3617483221      13.613955370  
2020 11 19  18 12  0.00     2.3617462526      13.613949856  
2020 11 19  18 13  0.00     2.3617441830      13.613944330  
2020 11 19  18 14  0.00     2.3617421133      13.613938794  
2020 11 19  18 15  0.00     2.3617400435      13.613933248  
2020 11 19  18 16  0.00     2.3617379735      13.613927690  
2020 11 19  18 17  0.00     2.3617359035      13.613922122  
2020 11 19  18 18  0.00     2.3617338334      13.613916543  
2020 11 19  18 19  0.00     2.3617317631      13.613910953  
2020 11 19  18 20  0.00     2.3617296927      13.613905352  
2020 11 19  18 21  0.00     2.3617276223      13.613899740  
2020 11 19  18 22  0.00     2.3617255517      13.613894118  
2020 11 19  18 23  0.00     2.3617234810      13.613888484  
2020 11 19  18 24  0.00     2.3617214102      13.613882840  
2020 11 19  18 25  0.00     2.3617193394      13.613877185  
2020 11 19  18 26  0.00     2.3617172684      13.613871519  
2020 11 19  18 27  0.00     2.3617151973      13.613865842  
2020 11 19  18 28  0.00     2.3617131262      13.613860155  
2020 11 19  18 29  0.00     2.3617110549      13.613854456  
2020 11 19  18 30  0.00     2.3617089836      13.613848747  
2020 11 19  18 31  0.00     2.3617069121      13.613843026  
2020 11 19  18 32  0.00     2.3617048406      13.613837295  
2020 11 19  18 33  0.00     2.3617027690      13.613831553  
2020 11 19  18 34  0.00     2.3617006973      13.613825800  
2020 11 19  18 35  0.00     2.3616986255      13.613820036  
2020 11 19  18 36  0.00     2.3616965536      13.613814261  
2020 11 19  18 37  0.00     2.3616944817      13.613808475  
2020 11 19  18 38  0.00     2.3616924097      13.613802678  
2020 11 19  18 39  0.00     2.3616903376      13.613796871  
2020 11 19  18 40  0.00     2.3616882654      13.613791052  
2020 11 19  18 41  0.00     2.3616861931      13.613785222  
2020 11 19  18 42  0.00     2.3616841208      13.613779382  
2020 11 19  18 43  0.00     2.3616820484      13.613773530  
2020 11 19  18 44  0.00     2.3616799759      13.613767667  
2020 11 19  18 45  0.00     2.3616779034      13.613761794  
2020 11 19  18 46  0.00     2.3616758308      13.613755909  
2020 11 19  18 47  0.00     2.3616737581      13.613750014  
2020 11 19  18 48  0.00     2.3616716854      13.613744107  
2020 11 19  18 49  0.00     2.3616696126      13.613738189  
2020 11 19  18 50  0.00     2.3616675397      13.613732261  
2020 11 19  18 51  0.00     2.3616654668      13.613726321  
2020 11 19  18 52  0.00     2.3616633938      13.613720370  
2020 11 19  18 53  0.00     2.3616613208      13.613714409  
2020 11 19  18 54  0.00     2.3616592477      13.613708436  
2020 11 19  18 55  0.00     2.3616571745      13.613702452  
2020 11 19  18 56  0.00     2.3616551013      13.613696457  
2020 11 19  18 57  0.00     2.3616530280      13.613690451  
2020 11 19  18 58  0.00     2.3616509547      13.613684434  
2020 11 19  18 59  0.00     2.3616488814      13.613678406  
2020 11 19  19  0  0.00     2.3616468080      13.613672367  
2020 11 19  19  1  0.00     2.3616447345      13.613666317  
2020 11 19  19  2  0.00     2.3616426610      13.613660256  
2020 11 19  19  3  0.00     2.3616405875      13.613654184  
2020 11 19  19  4  0.00     2.3616385139      13.613648100  
2020 11 19  19  5  0.00     2.3616364403      13.613642006  
2020 11 19  19  6  0.00     2.3616343666      13.613635900  
2020 11 19  19  7  0.00     2.3616322929      13.613629783  
2020 11 19  19  8  0.00     2.3616302192      13.613623655  
2020 11 19  19  9  0.00     2.3616281454      13.613617516  
2020 11 19  19 10  0.00     2.3616260716      13.613611366  
2020 11 19  19 11  0.00     2.3616239978      13.613605205  
2020 11 19  19 12  0.00     2.3616219239      13.613599032  
2020 11 19  19 13  0.00     2.3616198500      13.613592849  
2020 11 19  19 14  0.00     2.3616177761      13.613586654  
2020 11 19  19 15  0.00     2.3616157021      13.613580448  
2020 11 19  19 16  0.00     2.3616136281      13.613574231  
2020 11 19  19 17  0.00     2.3616115541      13.613568003  
2020 11 19  19 18  0.00     2.3616094801      13.613561764  
2020 11 19  19 19  0.00     2.3616074061      13.613555514  
2020 11 19  19 20  0.00     2.3616053320      13.613549252  
2020 11 19  19 21  0.00     2.3616032579      13.613542979  
2020 11 19  19 22  0.00     2.3616011838      13.613536695  
2020 11 19  19 23  0.00     2.3615991097      13.613530400  
2020 11 19  19 24  0.00     2.3615970356      13.613524093  
2020 11 19  19 25  0.00     2.3615949615      13.613517776  
2020 11 19  19 26  0.00     2.3615928873      13.613511447  
2020 11 19  19 27  0.00     2.3615908132      13.613505107  
2020 11 19  19 28  0.00     2.3615887390      13.613498756  
2020 11 19  19 29  0.00     2.3615866648      13.613492393  
2020 11 19  19 30  0.00     2.3615845906      13.613486020  
2020 11 19  19 31  0.00     2.3615825165      13.613479635  
2020 11 19  19 32  0.00     2.3615804423      13.613473239  
2020 11 19  19 33  0.00     2.3615783681      13.613466831  
2020 11 19  19 34  0.00     2.3615762939      13.613460413  
2020 11 19  19 35  0.00     2.3615742197      13.613453983  
2020 11 19  19 36  0.00     2.3615721455      13.613447542  
2020 11 19  19 37  0.00     2.3615700714      13.613441090  
2020 11 19  19 38  0.00     2.3615679972      13.613434626  
2020 11 19  19 39  0.00     2.3615659230      13.613428151  
2020 11 19  19 40  0.00     2.3615638489      13.613421665  
2020 11 19  19 41  0.00     2.3615617747      13.613415168  
2020 11 19  19 42  0.00     2.3615597006      13.613408659  
2020 11 19  19 43  0.00     2.3615576265      13.613402140  
2020 11 19  19 44  0.00     2.3615555523      13.613395608  
2020 11 19  19 45  0.00     2.3615534783      13.613389066  
2020 11 19  19 46  0.00     2.3615514042      13.613382512  
2020 11 19  19 47  0.00     2.3615493301      13.613375947  
2020 11 19  19 48  0.00     2.3615472561      13.613369371  
2020 11 19  19 49  0.00     2.3615451820      13.613362783  
2020 11 19  19 50  0.00     2.3615431080      13.613356185  
2020 11 19  19 51  0.00     2.3615410341      13.613349574  
2020 11 19  19 52  0.00     2.3615389601      13.613342953  
2020 11 19  19 53  0.00     2.3615368862      13.613336320  
2020 11 19  19 54  0.00     2.3615348123      13.613329676  
2020 11 19  19 55  0.00     2.3615327384      13.613323021  
2020 11 19  19 56  0.00     2.3615306646      13.613316354  
2020 11 19  19 57  0.00     2.3615285907      13.613309676  
2020 11 19  19 58  0.00     2.3615265170      13.613302987  
2020 11 19  19 59  0.00     2.3615244432      13.613296286  
2020 11 19  20  0  0.00     2.3615223695      13.613289574  
2020 11 19  20  1  0.00     2.3615202958      13.613282850  
2020 11 19  20  2  0.00     2.3615182222      13.613276116  
2020 11 19  20  3  0.00     2.3615161486      13.613269370  
2020 11 19  20  4  0.00     2.3615140750      13.613262612  
2020 11 19  20  5  0.00     2.3615120015      13.613255844  
2020 11 19  20  6  0.00     2.3615099280      13.613249064  
2020 11 19  20  7  0.00     2.3615078546      13.613242272  
2020 11 19  20  8  0.00     2.3615057812      13.613235469  
2020 11 19  20  9  0.00     2.3615037079      13.613228655  
2020 11 19  20 10  0.00     2.3615016346      13.613221830  
2020 11 19  20 11  0.00     2.3614995613      13.613214993  
2020 11 19  20 12  0.00     2.3614974881      13.613208145  
2020 11 19  20 13  0.00     2.3614954150      13.613201285  
2020 11 19  20 14  0.00     2.3614933419      13.613194414  
2020 11 19  20 15  0.00     2.3614912689      13.613187532  
2020 11 19  20 16  0.00     2.3614891959      13.613180638  
2020 11 19  20 17  0.00     2.3614871230      13.613173733  
2020 11 19  20 18  0.00     2.3614850501      13.613166816  
2020 11 19  20 19  0.00     2.3614829773      13.613159889  
2020 11 19  20 20  0.00     2.3614809046      13.613152949  
2020 11 19  20 21  0.00     2.3614788319      13.613145999  
2020 11 19  20 22  0.00     2.3614767592      13.613139037  
2020 11 19  20 23  0.00     2.3614746867      13.613132063  
2020 11 19  20 24  0.00     2.3614726142      13.613125078  
2020 11 19  20 25  0.00     2.3614705418      13.613118082  
2020 11 19  20 26  0.00     2.3614684694      13.613111075  
2020 11 19  20 27  0.00     2.3614663971      13.613104056  
2020 11 19  20 28  0.00     2.3614643249      13.613097025  
2020 11 19  20 29  0.00     2.3614622528      13.613089983  
2020 11 19  20 30  0.00     2.3614601807      13.613082930  
---
2020 11 20  10 36  0.00     2.3598043396      13.603468411  
2020 11 20  10 37  0.00     2.3598025402      13.603453862  
2020 11 20  10 38  0.00     2.3598007414      13.603439310  
2020 11 20  10 39  0.00     2.3597989430      13.603424753 