v5.22.02i     Planet: Uranus  (DE441)
        Satellite: U3 Titania  ( Lainey et al. (2015))
                               - ephemerides on 1847/01/00.5-2145/12/03.2
    Observatory N: 286 - Yunnan Observatory
        Timescale: UTC
Mean equator and equinox of J2000.  ICRF. 
Coordinates astrometric 
Year  M  D   H  M  S       alpha (h)          delta (?)  Precision,"
2020 11 13  12  0  0.00     2.3773660449      13.696304086  
2020 11 13  12  1  0.00     2.3773640117      13.696294154  
2020 11 13  12  2  0.00     2.3773619785      13.696284220  
2020 11 13  12  3  0.00     2.3773599451      13.696274283  
2020 11 13  12  4  0.00     2.3773579117      13.696264344  
2020 11 13  12  5  0.00     2.3773558782      13.696254403  
2020 11 13  12  6  0.00     2.3773538446      13.696244459  
2020 11 13  12  7  0.00     2.3773518109      13.696234513  
2020 11 13  12  8  0.00     2.3773497772      13.696224564  
2020 11 13  12  9  0.00     2.3773477433      13.696214614  
2020 11 13  12 10  0.00     2.3773457094      13.696204660  
2020 11 13  12 11  0.00     2.3773436754      13.696194705  
2020 11 13  12 12  0.00     2.3773416413      13.696184747  
2020 11 13  12 13  0.00     2.3773396071      13.696174786  
2020 11 13  12 14  0.00     2.3773375729      13.696164824  
2020 11 13  12 15  0.00     2.3773355385      13.696154859  
2020 11 13  12 16  0.00     2.3773335041      13.696144891  
2020 11 13  12 17  0.00     2.3773314696      13.696134921  
2020 11 13  12 18  0.00     2.3773294351      13.696124949  
2020 11 13  12 19  0.00     2.3773274004      13.696114975  
2020 11 13  12 20  0.00     2.3773253657      13.696104998  
2020 11 13  12 21  0.00     2.3773233309      13.696095018  
2020 11 13  12 22  0.00     2.3773212960      13.696085036  
2020 11 13  12 23  0.00     2.3773192611      13.696075052  
2020 11 13  12 24  0.00     2.3773172261      13.696065066  
2020 11 13  12 25  0.00     2.3773151910      13.696055077  
2020 11 13  12 26  0.00     2.3773131558      13.696045085  
2020 11 13  12 27  0.00     2.3773111205      13.696035092  
2020 11 13  12 28  0.00     2.3773090852      13.696025095  
2020 11 13  12 29  0.00     2.3773070498      13.696015097  
2020 11 13  12 30  0.00     2.3773050143      13.696005096  
2020 11 13  12 31  0.00     2.3773029788      13.695995093  
2020 11 13  12 32  0.00     2.3773009432      13.695985087  
2020 11 13  12 33  0.00     2.3772989075      13.695975079  
2020 11 13  12 34  0.00     2.3772968717      13.695965068  
2020 11 13  12 35  0.00     2.3772948359      13.695955055  
2020 11 13  12 36  0.00     2.3772928000      13.695945040  
2020 11 13  12 37  0.00     2.3772907640      13.695935022  
2020 11 13  12 38  0.00     2.3772887280      13.695925002  
2020 11 13  12 39  0.00     2.3772866919      13.695914979  
2020 11 13  12 40  0.00     2.3772846557      13.695904954  
2020 11 13  12 41  0.00     2.3772826194      13.695894926  
2020 11 13  12 42  0.00     2.3772805831      13.695884896  
2020 11 13  12 43  0.00     2.3772785467      13.695874864  
2020 11 13  12 44  0.00     2.3772765103      13.695864829  
2020 11 13  12 45  0.00     2.3772744738      13.695854792  
2020 11 13  12 46  0.00     2.3772724372      13.695844753  
2020 11 13  12 47  0.00     2.3772704006      13.695834711  
2020 11 13  12 48  0.00     2.3772683639      13.695824666  
2020 11 13  12 49  0.00     2.3772663271      13.695814619  
2020 11 13  12 50  0.00     2.3772642902      13.695804570  
2020 11 13  12 51  0.00     2.3772622533      13.695794518  
2020 11 13  12 52  0.00     2.3772602164      13.695784464  
2020 11 13  12 53  0.00     2.3772581794      13.695774407  
2020 11 13  12 54  0.00     2.3772561423      13.695764348  
2020 11 13  12 55  0.00     2.3772541051      13.695754287  
2020 11 13  12 56  0.00     2.3772520679      13.695744223  
2020 11 13  12 57  0.00     2.3772500307      13.695734156  
2020 11 13  12 58  0.00     2.3772479933      13.695724088  
2020 11 13  12 59  0.00     2.3772459560      13.695714016  
2020 11 13  13  0  0.00     2.3772439185      13.695703943  
2020 11 13  13  1  0.00     2.3772418810      13.695693866  
2020 11 13  13  2  0.00     2.3772398435      13.695683788  
2020 11 13  13  3  0.00     2.3772378059      13.695673707  
2020 11 13  13  4  0.00     2.3772357682      13.695663623  
2020 11 13  13  5  0.00     2.3772337305      13.695653537  
2020 11 13  13  6  0.00     2.3772316927      13.695643449  
2020 11 13  13  7  0.00     2.3772296549      13.695633358  
2020 11 13  13  8  0.00     2.3772276170      13.695623265  
2020 11 13  13  9  0.00     2.3772255790      13.695613169  
2020 11 13  13 10  0.00     2.3772235410      13.695603071  
2020 11 13  13 11  0.00     2.3772215030      13.695592970  
2020 11 13  13 12  0.00     2.3772194649      13.695582867  
2020 11 13  13 13  0.00     2.3772174267      13.695572761  
2020 11 13  13 14  0.00     2.3772153885      13.695562653  
2020 11 13  13 15  0.00     2.3772133503      13.695552542  
2020 11 13  13 16  0.00     2.3772113120      13.695542429  
2020 11 13  13 17  0.00     2.3772092737      13.695532314  
2020 11 13  13 18  0.00     2.3772072353      13.695522196  
2020 11 13  13 19  0.00     2.3772051968      13.695512075  
2020 11 13  13 20  0.00     2.3772031583      13.695501953  
2020 11 13  13 21  0.00     2.3772011198      13.695491827  
2020 11 13  13 22  0.00     2.3771990812      13.695481699  
2020 11 13  13 23  0.00     2.3771970426      13.695471569  
2020 11 13  13 24  0.00     2.3771950039      13.695461436  
2020 11 13  13 25  0.00     2.3771929652      13.695451301  
2020 11 13  13 26  0.00     2.3771909264      13.695441163  
2020 11 13  13 27  0.00     2.3771888876      13.695431023  
2020 11 13  13 28  0.00     2.3771868488      13.695420880  
2020 11 13  13 29  0.00     2.3771848099      13.695410735  
2020 11 13  13 30  0.00     2.3771827710      13.695400587  
2020 11 13  13 31  0.00     2.3771807320      13.695390437  
2020 11 13  13 32  0.00     2.3771786930      13.695380285  
2020 11 13  13 33  0.00     2.3771766539      13.695370130  
2020 11 13  13 34  0.00     2.3771746148      13.695359972  
2020 11 13  13 35  0.00     2.3771725757      13.695349812  
2020 11 13  13 36  0.00     2.3771705365      13.695339649  
2020 11 13  13 37  0.00     2.3771684973      13.695329484  
2020 11 13  13 38  0.00     2.3771664581      13.695319317  
2020 11 13  13 39  0.00     2.3771644188      13.695309147  
2020 11 13  13 40  0.00     2.3771623795      13.695298974  
2020 11 13  13 41  0.00     2.3771603402      13.695288799  
2020 11 13  13 42  0.00     2.3771583008      13.695278622  
2020 11 13  13 43  0.00     2.3771562614      13.695268442  
2020 11 13  13 44  0.00     2.3771542219      13.695258259  
2020 11 13  13 45  0.00     2.3771521825      13.695248074  
2020 11 13  13 46  0.00     2.3771501429      13.695237887  
2020 11 13  13 47  0.00     2.3771481034      13.695227697  
2020 11 13  13 48  0.00     2.3771460638      13.695217504  
2020 11 13  13 49  0.00     2.3771440242      13.695207309  
2020 11 13  13 50  0.00     2.3771419846      13.695197112  
2020 11 13  13 51  0.00     2.3771399449      13.695186912  
2020 11 13  13 52  0.00     2.3771379053      13.695176709  
2020 11 13  13 53  0.00     2.3771358655      13.695166504  
2020 11 13  13 54  0.00     2.3771338258      13.695156296  
2020 11 13  13 55  0.00     2.3771317860      13.695146086  
2020 11 13  13 56  0.00     2.3771297462      13.695135874  
2020 11 13  13 57  0.00     2.3771277064      13.695125659  
2020 11 13  13 58  0.00     2.3771256666      13.695115441  
2020 11 13  13 59  0.00     2.3771236267      13.695105221  
2020 11 13  14  0  0.00     2.3771215868      13.695094999  
2020 11 13  14  1  0.00     2.3771195469      13.695084774  
2020 11 13  14  2  0.00     2.3771175070      13.695074546  
2020 11 13  14  3  0.00     2.3771154670      13.695064316  
2020 11 13  14  4  0.00     2.3771134270      13.695054083  
2020 11 13  14  5  0.00     2.3771113871      13.695043848  
2020 11 13  14  6  0.00     2.3771093470      13.695033611  
2020 11 13  14  7  0.00     2.3771073070      13.695023370  
2020 11 13  14  8  0.00     2.3771052670      13.695013128  
2020 11 13  14  9  0.00     2.3771032269      13.695002883  
2020 11 13  14 10  0.00     2.3771011868      13.694992635  
2020 11 13  14 11  0.00     2.3770991467      13.694982385  
2020 11 13  14 12  0.00     2.3770971066      13.694972132  
2020 11 13  14 13  0.00     2.3770950665      13.694961877  
2020 11 13  14 14  0.00     2.3770930263      13.694951619  
2020 11 13  14 15  0.00     2.3770909862      13.694941359  
2020 11 13  14 16  0.00     2.3770889460      13.694931096  
2020 11 13  14 17  0.00     2.3770869058      13.694920830  
2020 11 13  14 18  0.00     2.3770848656      13.694910563  
2020 11 13  14 19  0.00     2.3770828254      13.694900292  
2020 11 13  14 20  0.00     2.3770807852      13.694890019  
2020 11 13  14 21  0.00     2.3770787450      13.694879744  
2020 11 13  14 22  0.00     2.3770767048      13.694869466  
2020 11 13  14 23  0.00     2.3770746645      13.694859185  
2020 11 13  14 24  0.00     2.3770726243      13.694848902  
2020 11 13  14 25  0.00     2.3770705841      13.694838617  
2020 11 13  14 26  0.00     2.3770685438      13.694828329  
2020 11 13  14 27  0.00     2.3770665035      13.694818038  
2020 11 13  14 28  0.00     2.3770644633      13.694807745  
2020 11 13  14 29  0.00     2.3770624230      13.694797450  
2020 11 13  14 30  0.00     2.3770603827      13.694787151  
2020 11 13  14 31  0.00     2.3770583425      13.694776851  
2020 11 13  14 32  0.00     2.3770563022      13.694766547  
2020 11 13  14 33  0.00     2.3770542619      13.694756242  
2020 11 13  14 34  0.00     2.3770522216      13.694745933  
2020 11 13  14 35  0.00     2.3770501813      13.694735623  
2020 11 13  14 36  0.00     2.3770481411      13.694725309  
2020 11 13  14 37  0.00     2.3770461008      13.694714993  
2020 11 13  14 38  0.00     2.3770440605      13.694704675  
2020 11 13  14 39  0.00     2.3770420202      13.694694354  
2020 11 13  14 40  0.00     2.3770399800      13.694684030  
2020 11 13  14 41  0.00     2.3770379397      13.694673704  
2020 11 13  14 42  0.00     2.3770358995      13.694663376  
2020 11 13  14 43  0.00     2.3770338592      13.694653045  
2020 11 13  14 44  0.00     2.3770318190      13.694642711  
2020 11 13  14 45  0.00     2.3770297787      13.694632375  
2020 11 13  14 46  0.00     2.3770277385      13.694622036  
2020 11 13  14 47  0.00     2.3770256983      13.694611695  
2020 11 13  14 48  0.00     2.3770236581      13.694601351  
2020 11 13  14 49  0.00     2.3770216179      13.694591005  
2020 11 13  14 50  0.00     2.3770195777      13.694580656  
2020 11 13  14 51  0.00     2.3770175375      13.694570305  
2020 11 13  14 52  0.00     2.3770154973      13.694559951  
2020 11 13  14 53  0.00     2.3770134572      13.694549594  
2020 11 13  14 54  0.00     2.3770114170      13.694539235  
2020 11 13  14 55  0.00     2.3770093769      13.694528874  
2020 11 13  14 56  0.00     2.3770073368      13.694518510  
2020 11 13  14 57  0.00     2.3770052967      13.694508143  
2020 11 13  14 58  0.00     2.3770032566      13.694497774  
2020 11 13  14 59  0.00     2.3770012165      13.694487402  
2020 11 13  15  0  0.00     2.3769991765      13.694477028  
2020 11 13  15  1  0.00     2.3769971365      13.694466651  
2020 11 13  15  2  0.00     2.3769950965      13.694456272  
2020 11 13  15  3  0.00     2.3769930565      13.694445890  
2020 11 13  15  4  0.00     2.3769910165      13.694435506  
2020 11 13  15  5  0.00     2.3769889765      13.694425119  
2020 11 13  15  6  0.00     2.3769869366      13.694414729  
2020 11 13  15  7  0.00     2.3769848967      13.694404337  
2020 11 13  15  8  0.00     2.3769828568      13.694393943  
2020 11 13  15  9  0.00     2.3769808170      13.694383546  
2020 11 13  15 10  0.00     2.3769787771      13.694373146  
2020 11 13  15 11  0.00     2.3769767373      13.694362744  
2020 11 13  15 12  0.00     2.3769746976      13.694352339  
2020 11 13  15 13  0.00     2.3769726578      13.694341932  
2020 11 13  15 14  0.00     2.3769706181      13.694331522  
2020 11 13  15 15  0.00     2.3769685784      13.694321110  
2020 11 13  15 16  0.00     2.3769665387      13.694310695  
2020 11 13  15 17  0.00     2.3769644991      13.694300278  
2020 11 13  15 18  0.00     2.3769624595      13.694289858  
2020 11 13  15 19  0.00     2.3769604199      13.694279435  
2020 11 13  15 20  0.00     2.3769583804      13.694269010  
2020 11 13  15 21  0.00     2.3769563408      13.694258583  
2020 11 13  15 22  0.00     2.3769543014      13.694248152  
2020 11 13  15 23  0.00     2.3769522619      13.694237720  
2020 11 13  15 24  0.00     2.3769502225      13.694227285  
2020 11 13  15 25  0.00     2.3769481831      13.694216847  
2020 11 13  15 26  0.00     2.3769461438      13.694206406  
2020 11 13  15 27  0.00     2.3769441045      13.694195964  
2020 11 13  15 28  0.00     2.3769420652      13.694185518  
2020 11 13  15 29  0.00     2.3769400260      13.694175070  
2020 11 13  15 30  0.00     2.3769379868      13.694164620  
2020 11 13  15 31  0.00     2.3769359477      13.694154167  
2020 11 13  15 32  0.00     2.3769339086      13.694143711  
2020 11 13  15 33  0.00     2.3769318695      13.694133253  
2020 11 13  15 34  0.00     2.3769298305      13.694122793  
2020 11 13  15 35  0.00     2.3769277915      13.694112330  
2020 11 13  15 36  0.00     2.3769257526      13.694101864  
2020 11 13  15 37  0.00     2.3769237137      13.694091396  
2020 11 13  15 38  0.00     2.3769216748      13.694080925  
2020 11 13  15 39  0.00     2.3769196360      13.694070452  
2020 11 13  15 40  0.00     2.3769175973      13.694059976  
2020 11 13  15 41  0.00     2.3769155586      13.694049497  
2020 11 13  15 42  0.00     2.3769135199      13.694039016  
2020 11 13  15 43  0.00     2.3769114813      13.694028533  
2020 11 13  15 44  0.00     2.3769094427      13.694018047  
2020 11 13  15 45  0.00     2.3769074042      13.694007558  
2020 11 13  15 46  0.00     2.3769053658      13.693997067  
2020 11 13  15 47  0.00     2.3769033274      13.693986574  
2020 11 13  15 48  0.00     2.3769012890      13.693976077  
2020 11 13  15 49  0.00     2.3768992507      13.693965579  
2020 11 13  15 50  0.00     2.3768972124      13.693955078  
2020 11 13  15 51  0.00     2.3768951742      13.693944574  
2020 11 13  15 52  0.00     2.3768931361      13.693934068  
2020 11 13  15 53  0.00     2.3768910980      13.693923559  
2020 11 13  15 54  0.00     2.3768890600      13.693913047  
2020 11 13  15 55  0.00     2.3768870220      13.693902533  
2020 11 13  15 56  0.00     2.3768849841      13.693892017  
2020 11 13  15 57  0.00     2.3768829462      13.693881498  
2020 11 13  15 58  0.00     2.3768809084      13.693870977  
2020 11 13  15 59  0.00     2.3768788707      13.693860452  
2020 11 13  16  0  0.00     2.3768768330      13.693849926  
2020 11 13  16  1  0.00     2.3768747954      13.693839397  
2020 11 13  16  2  0.00     2.3768727579      13.693828865  
2020 11 13  16  3  0.00     2.3768707204      13.693818331  
2020 11 13  16  4  0.00     2.3768686830      13.693807794  
2020 11 13  16  5  0.00     2.3768666456      13.693797255  
2020 11 13  16  6  0.00     2.3768646083      13.693786713  
2020 11 13  16  7  0.00     2.3768625711      13.693776169  
2020 11 13  16  8  0.00     2.3768605339      13.693765622  
2020 11 13  16  9  0.00     2.3768584968      13.693755073  
2020 11 13  16 10  0.00     2.3768564598      13.693744521  
2020 11 13  16 11  0.00     2.3768544229      13.693733967  
2020 11 13  16 12  0.00     2.3768523860      13.693723410  
2020 11 13  16 13  0.00     2.3768503492      13.693712850  
2020 11 13  16 14  0.00     2.3768483124      13.693702288  
2020 11 13  16 15  0.00     2.3768462757      13.693691724  
2020 11 13  16 16  0.00     2.3768442391      13.693681157  
2020 11 13  16 17  0.00     2.3768422026      13.693670587  
2020 11 13  16 18  0.00     2.3768401662      13.693660015  
2020 11 13  16 19  0.00     2.3768381298      13.693649441  
2020 11 13  16 20  0.00     2.3768360935      13.693638864  
2020 11 13  16 21  0.00     2.3768340572      13.693628284  
2020 11 13  16 22  0.00     2.3768320211      13.693617702  
2020 11 13  16 23  0.00     2.3768299850      13.693607117  
2020 11 13  16 24  0.00     2.3768279490      13.693596530  
2020 11 13  16 25  0.00     2.3768259131      13.693585940  
2020 11 13  16 26  0.00     2.3768238773      13.693575348  
2020 11 13  16 27  0.00     2.3768218415      13.693564753  
2020 11 13  16 28  0.00     2.3768198059      13.693554156  
2020 11 13  16 29  0.00     2.3768177703      13.693543556  
2020 11 13  16 30  0.00     2.3768157348      13.693532954  
2020 11 13  16 31  0.00     2.3768136993      13.693522349  
2020 11 13  16 32  0.00     2.3768116640      13.693511742  
2020 11 13  16 33  0.00     2.3768096287      13.693501132  
2020 11 13  16 34  0.00     2.3768075936      13.693490520  
2020 11 13  16 35  0.00     2.3768055585      13.693479905  
2020 11 13  16 36  0.00     2.3768035235      13.693469288  
2020 11 13  16 37  0.00     2.3768014886      13.693458668  
2020 11 13  16 38  0.00     2.3767994538      13.693448046  
2020 11 13  16 39  0.00     2.3767974190      13.693437421  
2020 11 13  16 40  0.00     2.3767953844      13.693426793  
2020 11 13  16 41  0.00     2.3767933499      13.693416163  
2020 11 13  16 42  0.00     2.3767913154      13.693405531  
2020 11 13  16 43  0.00     2.3767892810      13.693394896  
2020 11 13  16 44  0.00     2.3767872468      13.693384259  
2020 11 13  16 45  0.00     2.3767852126      13.693373619  
2020 11 13  16 46  0.00     2.3767831785      13.693362977  
2020 11 13  16 47  0.00     2.3767811445      13.693352332  
2020 11 13  16 48  0.00     2.3767791106      13.693341684  
2020 11 13  16 49  0.00     2.3767770768      13.693331034  
2020 11 13  16 50  0.00     2.3767750431      13.693320382  
2020 11 13  16 51  0.00     2.3767730095      13.693309727  
2020 11 13  16 52  0.00     2.3767709760      13.693299070  
2020 11 13  16 53  0.00     2.3767689426      13.693288410  
2020 11 13  16 54  0.00     2.3767669093      13.693277748  
2020 11 13  16 55  0.00     2.3767648761      13.693267083  
2020 11 13  16 56  0.00     2.3767628430      13.693256415  
2020 11 13  16 57  0.00     2.3767608100      13.693245746  
2020 11 13  16 58  0.00     2.3767587771      13.693235073  
2020 11 13  16 59  0.00     2.3767567443      13.693224399  
2020 11 13  17  0  0.00     2.3767547116      13.693213721  
2020 11 13  17  1  0.00     2.3767526790      13.693203041  
2020 11 13  17  2  0.00     2.3767506465      13.693192359  
2020 11 13  17  3  0.00     2.3767486142      13.693181674  
2020 11 13  17  4  0.00     2.3767465819      13.693170987  
2020 11 13  17  5  0.00     2.3767445497      13.693160298  
2020 11 13  17  6  0.00     2.3767425177      13.693149605  
2020 11 13  17  7  0.00     2.3767404857      13.693138911  
2020 11 13  17  8  0.00     2.3767384539      13.693128214  
2020 11 13  17  9  0.00     2.3767364222      13.693117514  
2020 11 13  17 10  0.00     2.3767343906      13.693106812  
2020 11 13  17 11  0.00     2.3767323591      13.693096107  
2020 11 13  17 12  0.00     2.3767303277      13.693085400  
2020 11 13  17 13  0.00     2.3767282964      13.693074691  
2020 11 13  17 14  0.00     2.3767262653      13.693063979  
2020 11 13  17 15  0.00     2.3767242342      13.693053264  
2020 11 13  17 16  0.00     2.3767222033      13.693042548  
2020 11 13  17 17  0.00     2.3767201725      13.693031828  
2020 11 13  17 18  0.00     2.3767181418      13.693021106  
2020 11 13  17 19  0.00     2.3767161112      13.693010382  
2020 11 13  17 20  0.00     2.3767140807      13.692999655  
2020 11 13  17 21  0.00     2.3767120504      13.692988926  
2020 11 13  17 22  0.00     2.3767100202      13.692978194  
2020 11 13  17 23  0.00     2.3767079901      13.692967460  
2020 11 13  17 24  0.00     2.3767059601      13.692956724  
2020 11 13  17 25  0.00     2.3767039302      13.692945985  
2020 11 13  17 26  0.00     2.3767019005      13.692935243  
2020 11 13  17 27  0.00     2.3766998709      13.692924499  
2020 11 13  17 28  0.00     2.3766978414      13.692913753  
2020 11 13  17 29  0.00     2.3766958120      13.692903004  
2020 11 13  17 30  0.00     2.3766937828      13.692892253  
2020 11 13  17 31  0.00     2.3766917537      13.692881499  
2020 11 13  17 32  0.00     2.3766897247      13.692870743  
2020 11 13  17 33  0.00     2.3766876958      13.692859984  
2020 11 13  17 34  0.00     2.3766856671      13.692849223  
2020 11 13  17 35  0.00     2.3766836385      13.692838459  
2020 11 13  17 36  0.00     2.3766816100      13.692827693  
2020 11 13  17 37  0.00     2.3766795817      13.692816925  
2020 11 13  17 38  0.00     2.3766775535      13.692806154  
2020 11 13  17 39  0.00     2.3766755254      13.692795381  
2020 11 13  17 40  0.00     2.3766734974      13.692784605  
2020 11 13  17 41  0.00     2.3766714696      13.692773827  
2020 11 13  17 42  0.00     2.3766694419      13.692763046  
2020 11 13  17 43  0.00     2.3766674144      13.692752263  
2020 11 13  17 44  0.00     2.3766653869      13.692741478  
2020 11 13  17 45  0.00     2.3766633597      13.692730690  
2020 11 13  17 46  0.00     2.3766613325      13.692719900  
2020 11 13  17 47  0.00     2.3766593055      13.692709107  
2020 11 13  17 48  0.00     2.3766572786      13.692698312  
2020 11 13  17 49  0.00     2.3766552519      13.692687514  
2020 11 13  17 50  0.00     2.3766532253      13.692676714  
2020 11 13  17 51  0.00     2.3766511988      13.692665912  
2020 11 13  17 52  0.00     2.3766491725      13.692655107  
2020 11 13  17 53  0.00     2.3766471463      13.692644300  
2020 11 13  17 54  0.00     2.3766451203      13.692633490  
2020 11 13  17 55  0.00     2.3766430944      13.692622678  
2020 11 13  17 56  0.00     2.3766410686      13.692611864  
2020 11 13  17 57  0.00     2.3766390430      13.692601047  
2020 11 13  17 58  0.00     2.3766370175      13.692590227  
2020 11 13  17 59  0.00     2.3766349922      13.692579406  
2020 11 13  18  0  0.00     2.3766329670      13.692568582  
2020 11 13  18  1  0.00     2.3766309420      13.692557755  
2020 11 13  18  2  0.00     2.3766289171      13.692546926  
2020 11 13  18  3  0.00     2.3766268924      13.692536095  
2020 11 13  18  4  0.00     2.3766248678      13.692525261  
2020 11 13  18  5  0.00     2.3766228433      13.692514425  
2020 11 13  18  6  0.00     2.3766208190      13.692503587  
2020 11 13  18  7  0.00     2.3766187949      13.692492746  
2020 11 13  18  8  0.00     2.3766167709      13.692481903  
2020 11 13  18  9  0.00     2.3766147470      13.692471057  
2020 11 13  18 10  0.00     2.3766127233      13.692460209  
2020 11 13  18 11  0.00     2.3766106998      13.692449359  
2020 11 13  18 12  0.00     2.3766086764      13.692438506  
2020 11 13  18 13  0.00     2.3766066531      13.692427651  
2020 11 13  18 14  0.00     2.3766046300      13.692416793  
2020 11 13  18 15  0.00     2.3766026071      13.692405933  
2020 11 13  18 16  0.00     2.3766005843      13.692395071  
2020 11 13  18 17  0.00     2.3765985617      13.692384206  
2020 11 13  18 18  0.00     2.3765965392      13.692373339  
2020 11 13  18 19  0.00     2.3765945169      13.692362470  
2020 11 13  18 20  0.00     2.3765924948      13.692351598  
2020 11 13  18 21  0.00     2.3765904728      13.692340724  
2020 11 13  18 22  0.00     2.3765884509      13.692329847  
2020 11 13  18 23  0.00     2.3765864292      13.692318969  
2020 11 13  18 24  0.00     2.3765844077      13.692308087  
2020 11 13  18 25  0.00     2.3765823864      13.692297204  
2020 11 13  18 26  0.00     2.3765803652      13.692286318  
2020 11 13  18 27  0.00     2.3765783441      13.692275430  
2020 11 13  18 28  0.00     2.3765763232      13.692264539  
2020 11 13  18 29  0.00     2.3765743025      13.692253646  
2020 11 13  18 30  0.00     2.3765722820      13.692242751  
2020 11 13  18 31  0.00     2.3765702616      13.692231853  
2020 11 13  18 32  0.00     2.3765682414      13.692220953  
2020 11 13  18 33  0.00     2.3765662213      13.692210050  
2020 11 13  18 34  0.00     2.3765642014      13.692199146  
2020 11 13  18 35  0.00     2.3765621817      13.692188239  
2020 11 13  18 36  0.00     2.3765601621      13.692177329  
2020 11 13  18 37  0.00     2.3765581427      13.692166418  
2020 11 13  18 38  0.00     2.3765561235      13.692155504  
2020 11 13  18 39  0.00     2.3765541045      13.692144587  
2020 11 13  18 40  0.00     2.3765520856      13.692133668  
2020 11 13  18 41  0.00     2.3765500669      13.692122747  
2020 11 13  18 42  0.00     2.3765480483      13.692111824  
2020 11 13  18 43  0.00     2.3765460299      13.692100898  
2020 11 13  18 44  0.00     2.3765440117      13.692089970  
2020 11 13  18 45  0.00     2.3765419937      13.692079040  
2020 11 13  18 46  0.00     2.3765399758      13.692068107  
2020 11 13  18 47  0.00     2.3765379581      13.692057172  
2020 11 13  18 48  0.00     2.3765359406      13.692046235  
2020 11 13  18 49  0.00     2.3765339233      13.692035296  
2020 11 13  18 50  0.00     2.3765319061      13.692024354  
2020 11 13  18 51  0.00     2.3765298891      13.692013410  
2020 11 13  18 52  0.00     2.3765278723      13.692002463  
2020 11 13  18 53  0.00     2.3765258557      13.691991514  
2020 11 13  18 54  0.00     2.3765238392      13.691980563  
2020 11 13  18 55  0.00     2.3765218229      13.691969610  
2020 11 13  18 56  0.00     2.3765198068      13.691958654  
2020 11 13  18 57  0.00     2.3765177909      13.691947696  
2020 11 13  18 58  0.00     2.3765157751      13.691936736  
2020 11 13  18 59  0.00     2.3765137595      13.691925773  
2020 11 13  19  0  0.00     2.3765117441      13.691914808  
2020 11 13  19  1  0.00     2.3765097289      13.691903841  
2020 11 13  19  2  0.00     2.3765077139      13.691892872  
2020 11 13  19  3  0.00     2.3765056990      13.691881900  
2020 11 13  19  4  0.00     2.3765036844      13.691870926  
2020 11 13  19  5  0.00     2.3765016699      13.691859950  
2020 11 13  19  6  0.00     2.3764996556      13.691848972  
2020 11 13  19  7  0.00     2.3764976415      13.691837991  
2020 11 13  19  8  0.00     2.3764956275      13.691827008  
2020 11 13  19  9  0.00     2.3764936138      13.691816022  
2020 11 13  19 10  0.00     2.3764916002      13.691805035  
2020 11 13  19 11  0.00     2.3764895868      13.691794045  
2020 11 13  19 12  0.00     2.3764875736      13.691783053  
2020 11 13  19 13  0.00     2.3764855606      13.691772059  
2020 11 13  19 14  0.00     2.3764835478      13.691761062  
2020 11 13  19 15  0.00     2.3764815352      13.691750063  
2020 11 13  19 16  0.00     2.3764795227      13.691739062  
2020 11 13  19 17  0.00     2.3764775105      13.691728059  
2020 11 13  19 18  0.00     2.3764754984      13.691717053  
2020 11 13  19 19  0.00     2.3764734865      13.691706045  
2020 11 13  19 20  0.00     2.3764714748      13.691695035  
2020 11 13  19 21  0.00     2.3764694633      13.691684023  
2020 11 13  19 22  0.00     2.3764674520      13.691673008  
2020 11 13  19 23  0.00     2.3764654409      13.691661991  
2020 11 13  19 24  0.00     2.3764634300      13.691650972  
2020 11 13  19 25  0.00     2.3764614193      13.691639951  
2020 11 13  19 26  0.00     2.3764594087      13.691628928  
2020 11 13  19 27  0.00     2.3764573984      13.691617902  
2020 11 13  19 28  0.00     2.3764553882      13.691606874  
2020 11 13  19 29  0.00     2.3764533783      13.691595844  
2020 11 13  19 30  0.00     2.3764513685      13.691584812  
2020 11 13  19 31  0.00     2.3764493589      13.691573777  
2020 11 13  19 32  0.00     2.3764473496      13.691562740  
2020 11 13  19 33  0.00     2.3764453404      13.691551701  
2020 11 13  19 34  0.00     2.3764433314      13.691540660  
2020 11 13  19 35  0.00     2.3764413226      13.691529617  
2020 11 13  19 36  0.00     2.3764393141      13.691518571  
2020 11 13  19 37  0.00     2.3764373057      13.691507523  
2020 11 13  19 38  0.00     2.3764352975      13.691496473  
2020 11 13  19 39  0.00     2.3764332895      13.691485421  
2020 11 13  19 40  0.00     2.3764312817      13.691474367  
2020 11 13  19 41  0.00     2.3764292741      13.691463310  
2020 11 13  19 42  0.00     2.3764272667      13.691452251  
2020 11 13  19 43  0.00     2.3764252595      13.691441190  
2020 11 13  19 44  0.00     2.3764232526      13.691430127  
2020 11 13  19 45  0.00     2.3764212458      13.691419062  
2020 11 13  19 46  0.00     2.3764192392      13.691407995  
2020 11 13  19 47  0.00     2.3764172328      13.691396925  
2020 11 13  19 48  0.00     2.3764152266      13.691385853  
2020 11 13  19 49  0.00     2.3764132206      13.691374779  
2020 11 13  19 50  0.00     2.3764112149      13.691363703  
2020 11 13  19 51  0.00     2.3764092093      13.691352625  
2020 11 13  19 52  0.00     2.3764072039      13.691341544  
2020 11 13  19 53  0.00     2.3764051988      13.691330461  
2020 11 13  19 54  0.00     2.3764031938      13.691319377  
2020 11 13  19 55  0.00     2.3764011891      13.691308290  
2020 11 13  19 56  0.00     2.3763991845      13.691297200  
2020 11 13  19 57  0.00     2.3763971802      13.691286109  
2020 11 13  19 58  0.00     2.3763951761      13.691275016  
2020 11 13  19 59  0.00     2.3763931721      13.691263920  
2020 11 13  20  0  0.00     2.3763911684      13.691252823  
2020 11 13  20  1  0.00     2.3763891649      13.691241723  
2020 11 13  20  2  0.00     2.3763871616      13.691230621  
2020 11 13  20  3  0.00     2.3763851585      13.691219517  
2020 11 13  20  4  0.00     2.3763831556      13.691208410  
2020 11 13  20  5  0.00     2.3763811530      13.691197302  
2020 11 13  20  6  0.00     2.3763791505      13.691186192  
2020 11 13  20  7  0.00     2.3763771482      13.691175079  
2020 11 13  20  8  0.00     2.3763751462      13.691163964  
2020 11 13  20  9  0.00     2.3763731444      13.691152847  
2020 11 13  20 10  0.00     2.3763711427      13.691141728  
2020 11 13  20 11  0.00     2.3763691413      13.691130607  
2020 11 13  20 12  0.00     2.3763671401      13.691119484  
2020 11 13  20 13  0.00     2.3763651391      13.691108359  
2020 11 13  20 14  0.00     2.3763631384      13.691097231  
2020 11 13  20 15  0.00     2.3763611378      13.691086102  
2020 11 13  20 16  0.00     2.3763591375      13.691074970  
2020 11 13  20 17  0.00     2.3763571373      13.691063837  
2020 11 13  20 18  0.00     2.3763551374      13.691052701  
2020 11 13  20 19  0.00     2.3763531377      13.691041563  
2020 11 13  20 20  0.00     2.3763511382      13.691030423  
2020 11 13  20 21  0.00     2.3763491389      13.691019281  
2020 11 13  20 22  0.00     2.3763471399      13.691008137  
2020 11 13  20 23  0.00     2.3763451410      13.690996991  
2020 11 13  20 24  0.00     2.3763431424      13.690985842  
2020 11 13  20 25  0.00     2.3763411440      13.690974692  
2020 11 13  20 26  0.00     2.3763391458      13.690963539  
2020 11 13  20 27  0.00     2.3763371478      13.690952385  
2020 11 13  20 28  0.00     2.3763351501      13.690941228  
2020 11 13  20 29  0.00     2.3763331525      13.690930070  
2020 11 13  20 30  0.00     2.3763311552      13.690918909  
2020 11 13  20 31  0.00     2.3763291581      13.690907746  
2020 11 13  20 32  0.00     2.3763271612      13.690896581  
2020 11 13  20 33  0.00     2.3763251645      13.690885415  
2020 11 13  20 34  0.00     2.3763231681      13.690874246  
2020 11 13  20 35  0.00     2.3763211719      13.690863075  
2020 11 13  20 36  0.00     2.3763191759      13.690851902  
2020 11 13  20 37  0.00     2.3763171801      13.690840727  
2020 11 13  20 38  0.00     2.3763151845      13.690829550  
2020 11 13  20 39  0.00     2.3763131891      13.690818370  
2020 11 13  20 40  0.00     2.3763111940      13.690807189  
2020 11 13  20 41  0.00     2.3763091991      13.690796006  
2020 11 13  20 42  0.00     2.3763072044      13.690784821  
2020 11 13  20 43  0.00     2.3763052099      13.690773634  
2020 11 13  20 44  0.00     2.3763032157      13.690762444  
2020 11 13  20 45  0.00     2.3763012217      13.690751253  
2020 11 13  20 46  0.00     2.3762992279      13.690740060  
2020 11 13  20 47  0.00     2.3762972343      13.690728865  
2020 11 13  20 48  0.00     2.3762952410      13.690717667  
2020 11 13  20 49  0.00     2.3762932478      13.690706468  
2020 11 13  20 50  0.00     2.3762912549      13.690695267  
2020 11 13  20 51  0.00     2.3762892622      13.690684063  
2020 11 13  20 52  0.00     2.3762872698      13.690672858  
2020 11 13  20 53  0.00     2.3762852775      13.690661651  
2020 11 13  20 54  0.00     2.3762832855      13.690650441  
2020 11 13  20 55  0.00     2.3762812937      13.690639230  
---
2020 11 14  11  1  0.00     2.3746517633      13.680662639  
2020 11 14  11  2  0.00     2.3746498511      13.680650355  
2020 11 14  11  3  0.00     2.3746479389      13.680638070  
2020 11 14  11  4  0.00     2.3746460266      13.680625783  
2020 11 14  11  5  0.00     2.3746441143      13.680613495  
2020 11 14  11  6  0.00     2.3746422019      13.680601206  
2020 11 14  11  7  0.00     2.3746402895      13.680588915  
2020 11 14  11  8  0.00     2.3746383771      13.680576623  
2020 11 14  11  9  0.00     2.3746364646      13.680564330  
2020 11 14  11 10  0.00     2.3746345521      13.680552035  
2020 11 14  11 11  0.00     2.3746326396      13.680539739  
2020 11 14  11 12  0.00     2.3746307270      13.680527441  
2020 11 14  11 13  0.00     2.3746288144      13.680515142  
2020 11 14  11 14  0.00     2.3746269017      13.680502842  
2020 11 14  11 15  0.00     2.3746249890      13.680490541  
2020 11 14  11 16  0.00     2.3746230763      13.680478238  
2020 11 14  11 17  0.00     2.3746211635      13.680465933  
2020 11 14  11 18  0.00     2.3746192507      13.680453628  
2020 11 14  11 19  0.00     2.3746173379      13.680441321  
2020 11 14  11 20  0.00     2.3746154250      13.680429012  
2020 11 14  11 21  0.00     2.3746135121      13.680416702  
2020 11 14  11 22  0.00     2.3746115992      13.680404391  
2020 11 14  11 23  0.00     2.3746096862      13.680392079  
2020 11 14  11 24  0.00     2.3746077732      13.680379765  
2020 11 14  11 25  0.00     2.3746058601      13.680367449  
2020 11 14  11 26  0.00     2.3746039471      13.680355133  
2020 11 14  11 27  0.00     2.3746020340      13.680342814  
2020 11 14  11 28  0.00     2.3746001208      13.680330495  
2020 11 14  11 29  0.00     2.3745982077      13.680318174  
2020 11 14  11 30  0.00     2.3745962945      13.680305852  
2020 11 14  11 31  0.00     2.3745943812      13.680293528  
2020 11 14  11 32  0.00     2.3745924680      13.680281203  
2020 11 14  11 33  0.00     2.3745905547      13.680268877  
2020 11 14  11 34  0.00     2.3745886413      13.680256549  
2020 11 14  11 35  0.00     2.3745867280      13.680244220  
2020 11 14  11 36  0.00     2.3745848146      13.680231889  
2020 11 14  11 37  0.00     2.3745829012      13.680219557  
2020 11 14  11 38  0.00     2.3745809877      13.680207224  
2020 11 14  11 39  0.00     2.3745790743      13.680194889  
2020 11 14  11 40  0.00     2.3745771608      13.680182553  
2020 11 14  11 41  0.00     2.3745752472      13.680170215  
2020 11 14  11 42  0.00     2.3745733337      13.680157876  
2020 11 14  11 43  0.00     2.3745714201      13.680145536  
2020 11 14  11 44  0.00     2.3745695065      13.680133194  
2020 11 14  11 45  0.00     2.3745675928      13.680120851  
2020 11 14  11 46  0.00     2.3745656792      13.680108506  
2020 11 14  11 47  0.00     2.3745637655      13.680096160  
2020 11 14  11 48  0.00     2.3745618517      13.680083813  
2020 11 14  11 49  0.00     2.3745599380      13.680071464  
2020 11 14  11 50  0.00     2.3745580242      13.680059114  
2020 11 14  11 51  0.00     2.3745561104      13.680046762  
2020 11 14  11 52  0.00     2.3745541966      13.680034409  
2020 11 14  11 53  0.00     2.3745522828      13.680022055  
2020 11 14  11 54  0.00     2.3745503689      13.680009699  
2020 11 14  11 55  0.00     2.3745484550      13.679997342  
2020 11 14  11 56  0.00     2.3745465411      13.679984983  
2020 11 14  11 57  0.00     2.3745446271      13.679972623  
2020 11 14  11 58  0.00     2.3745427132      13.679960261  
2020 11 14  11 59  0.00     2.3745407992      13.679947898  
2020 11 14  12  0  0.00     2.3745388852      13.679935534  
2020 11 14  12  1  0.00     2.3745369712      13.679923168  
2020 11 14  12  2  0.00     2.3745350571      13.679910801  
2020 11 14  12  3  0.00     2.3745331430      13.679898432  
2020 11 14  12  4  0.00     2.3745312289      13.679886062  
2020 11 14  12  5  0.00     2.3745293148      13.679873691  
2020 11 14  12  6  0.00     2.3745274007      13.679861318  
2020 11 14  12  7  0.00     2.3745254866      13.679848943  
2020 11 14  12  8  0.00     2.3745235724      13.679836568  
2020 11 14  12  9  0.00     2.3745216582      13.679824190  
2020 11 14  12 10  0.00     2.3745197440      13.679811812  
2020 11 14  12 11  0.00     2.3745178298      13.679799432  
2020 11 14  12 12  0.00     2.3745159155      13.679787050  
2020 11 14  12 13  0.00     2.3745140013      13.679774667  
2020 11 14  12 14  0.00     2.3745120870      13.679762283  
2020 11 14  12 15  0.00     2.3745101727      13.679749897  
2020 11 14  12 16  0.00     2.3745082584      13.679737510  
2020 11 14  12 17  0.00     2.3745063441      13.679725121  
2020 11 14  12 18  0.00     2.3745044298      13.679712731  
2020 11 14  12 19  0.00     2.3745025154      13.679700339  
2020 11 14  12 20  0.00     2.3745006011      13.679687946  
2020 11 14  12 21  0.00     2.3744986867      13.679675552  
2020 11 14  12 22  0.00     2.3744967723      13.679663156  
2020 11 14  12 23  0.00     2.3744948579      13.679650759  
2020 11 14  12 24  0.00     2.3744929435      13.679638360  
2020 11 14  12 25  0.00     2.3744910291      13.679625960  
2020 11 14  12 26  0.00     2.3744891146      13.679613558  
2020 11 14  12 27  0.00     2.3744872002      13.679601155  
2020 11 14  12 28  0.00     2.3744852857      13.679588750  
2020 11 14  12 29  0.00     2.3744833713      13.679576344  
2020 11 14  12 30  0.00     2.3744814568      13.679563937  
2020 11 14  12 31  0.00     2.3744795423      13.679551528  
2020 11 14  12 32  0.00     2.3744776278      13.679539117  
2020 11 14  12 33  0.00     2.3744757133      13.679526706  
2020 11 14  12 34  0.00     2.3744737988      13.679514292  
2020 11 14  12 35  0.00     2.3744718843      13.679501878  
2020 11 14  12 36  0.00     2.3744699698      13.679489461  
2020 11 14  12 37  0.00     2.3744680552      13.679477044  
2020 11 14  12 38  0.00     2.3744661407      13.679464625  
2020 11 14  12 39  0.00     2.3744642262      13.679452204  
2020 11 14  12 40  0.00     2.3744623116      13.679439782  
2020 11 14  12 41  0.00     2.3744603971      13.679427358  
2020 11 14  12 42  0.00     2.3744584825      13.679414934  
2020 11 14  12 43  0.00     2.3744565680      13.679402507  
2020 11 14  12 44  0.00     2.3744546534      13.679390079  
2020 11 14  12 45  0.00     2.3744527388      13.679377650  
2020 11 14  12 46  0.00     2.3744508243      13.679365219  
2020 11 14  12 47  0.00     2.3744489097      13.679352787  
2020 11 14  12 48  0.00     2.3744469951      13.679340353  
2020 11 14  12 49  0.00     2.3744450806      13.679327918  
2020 11 14  12 50  0.00     2.3744431660      13.679315481  
2020 11 14  12 51  0.00     2.3744412514      13.679303043  
2020 11 14  12 52  0.00     2.3744393369      13.679290603  
2020 11 14  12 53  0.00     2.3744374223      13.679278162  
2020 11 14  12 54  0.00     2.3744355077      13.679265720  
2020 11 14  12 55  0.00     2.3744335932      13.679253276  
2020 11 14  12 56  0.00     2.3744316786      13.679240830  
2020 11 14  12 57  0.00     2.3744297641      13.679228383  
2020 11 14  12 58  0.00     2.3744278495      13.679215935  
2020 11 14  12 59  0.00     2.3744259350      13.679203485  
2020 11 14  13  0  0.00     2.3744240204      13.679191034  
2020 11 14  13  1  0.00     2.3744221059      13.679178581  
2020 11 14  13  2  0.00     2.3744201914      13.679166127  
2020 11 14  13  3  0.00     2.3744182768      13.679153671  
2020 11 14  13  4  0.00     2.3744163623      13.679141213  
2020 11 14  13  5  0.00     2.3744144478      13.679128755  
2020 11 14  13  6  0.00     2.3744125333      13.679116294  
2020 11 14  13  7  0.00     2.3744106188      13.679103833  
2020 11 14  13  8  0.00     2.3744087043      13.679091370  
2020 11 14  13  9  0.00     2.3744067899      13.679078905  
2020 11 14  13 10  0.00     2.3744048754      13.679066439  
2020 11 14  13 11  0.00     2.3744029609      13.679053971  
2020 11 14  13 12  0.00     2.3744010465      13.679041502  
2020 11 14  13 13  0.00     2.3743991321      13.679029031  
2020 11 14  13 14  0.00     2.3743972176      13.679016559  
2020 11 14  13 15  0.00     2.3743953032      13.679004086  
2020 11 14  13 16  0.00     2.3743933888      13.678991611  
2020 11 14  13 17  0.00     2.3743914745      13.678979134  
2020 11 14  13 18  0.00     2.3743895601      13.678966656  
2020 11 14  13 19  0.00     2.3743876458      13.678954177  
2020 11 14  13 20  0.00     2.3743857314      13.678941696  
2020 11 14  13 21  0.00     2.3743838171      13.678929213  
2020 11 14  13 22  0.00     2.3743819028      13.678916729  
2020 11 14  13 23  0.00     2.3743799885      13.678904244  
2020 11 14  13 24  0.00     2.3743780743      13.678891757  
2020 11 14  13 25  0.00     2.3743761600      13.678879268  
2020 11 14  13 26  0.00     2.3743742458      13.678866778  
2020 11 14  13 27  0.00     2.3743723316      13.678854287  
2020 11 14  13 28  0.00     2.3743704174      13.678841794  
2020 11 14  13 29  0.00     2.3743685032      13.678829300  
2020 11 14  13 30  0.00     2.3743665891      13.678816804  
2020 11 14  13 31  0.00     2.3743646749      13.678804307  
2020 11 14  13 32  0.00     2.3743627608      13.678791808  
2020 11 14  13 33  0.00     2.3743608467      13.678779307  
2020 11 14  13 34  0.00     2.3743589327      13.678766806  
2020 11 14  13 35  0.00     2.3743570187      13.678754302  
2020 11 14  13 36  0.00     2.3743551046      13.678741797  
2020 11 14  13 37  0.00     2.3743531907      13.678729291  
2020 11 14  13 38  0.00     2.3743512767      13.678716783  
2020 11 14  13 39  0.00     2.3743493628      13.678704274  
2020 11 14  13 40  0.00     2.3743474489      13.678691763  
2020 11 14  13 41  0.00     2.3743455350      13.678679251  
2020 11 14  13 42  0.00     2.3743436211      13.678666737  
2020 11 14  13 43  0.00     2.3743417073      13.678654222  
2020 11 14  13 44  0.00     2.3743397935      13.678641705  
2020 11 14  13 45  0.00     2.3743378798      13.678629187  
2020 11 14  13 46  0.00     2.3743359660      13.678616667  
2020 11 14  13 47  0.00     2.3743340523      13.678604146  
2020 11 14  13 48  0.00     2.3743321387      13.678591623  
2020 11 14  13 49  0.00     2.3743302250      13.678579099  
2020 11 14  13 50  0.00     2.3743283114      13.678566573  
2020 11 14  13 51  0.00     2.3743263979      13.678554046  
2020 11 14  13 52  0.00     2.3743244843      13.678541517  
2020 11 14  13 53  0.00     2.3743225708      13.678528987  
2020 11 14  13 54  0.00     2.3743206574      13.678516455  
2020 11 14  13 55  0.00     2.3743187439      13.678503922  
2020 11 14  13 56  0.00     2.3743168305      13.678491387  
2020 11 14  13 57  0.00     2.3743149172      13.678478851  
2020 11 14  13 58  0.00     2.3743130039      13.678466313  
2020 11 14  13 59  0.00     2.3743110906      13.678453774  
2020 11 14  14  0  0.00     2.3743091773      13.678441233  
2020 11 14  14  1  0.00     2.3743072641      13.678428691  
2020 11 14  14  2  0.00     2.3743053510      13.678416147  
2020 11 14  14  3  0.00     2.3743034378      13.678403602  
2020 11 14  14  4  0.00     2.3743015248      13.678391055  
2020 11 14  14  5  0.00     2.3742996117      13.678378507  
2020 11 14  14  6  0.00     2.3742976987      13.678365957  
2020 11 14  14  7  0.00     2.3742957858      13.678353406  
2020 11 14  14  8  0.00     2.3742938729      13.678340853  
2020 11 14  14  9  0.00     2.3742919600      13.678328299  
2020 11 14  14 10  0.00     2.3742900472      13.678315743  
2020 11 14  14 11  0.00     2.3742881344      13.678303186  
2020 11 14  14 12  0.00     2.3742862217      13.678290627  
2020 11 14  14 13  0.00     2.3742843090      13.678278067  
2020 11 14  14 14  0.00     2.3742823964      13.678265505  
2020 11 14  14 15  0.00     2.3742804838      13.678252942  
2020 11 14  14 16  0.00     2.3742785713      13.678240377  
2020 11 14  14 17  0.00     2.3742766588      13.678227811  
2020 11 14  14 18  0.00     2.3742747463      13.678215243  
2020 11 14  14 19  0.00     2.3742728340      13.678202673  
2020 11 14  14 20  0.00     2.3742709216      13.678190103  
2020 11 14  14 21  0.00     2.3742690093      13.678177530  
2020 11 14  14 22  0.00     2.3742670971      13.678164957  
2020 11 14  14 23  0.00     2.3742651849      13.678152381  
2020 11 14  14 24  0.00     2.3742632728      13.678139805  
2020 11 14  14 25  0.00     2.3742613608      13.678127226  
2020 11 14  14 26  0.00     2.3742594487      13.678114647  
2020 11 14  14 27  0.00     2.3742575368      13.678102065  
2020 11 14  14 28  0.00     2.3742556249      13.678089483  
2020 11 14  14 29  0.00     2.3742537131      13.678076898  
2020 11 14  14 30  0.00     2.3742518013      13.678064313  
2020 11 14  14 31  0.00     2.3742498895      13.678051725  
2020 11 14  14 32  0.00     2.3742479779      13.678039137  
2020 11 14  14 33  0.00     2.3742460663      13.678026546  
2020 11 14  14 34  0.00     2.3742441547      13.678013954  
2020 11 14  14 35  0.00     2.3742422433      13.678001361  
2020 11 14  14 36  0.00     2.3742403318      13.677988766  
2020 11 14  14 37  0.00     2.3742384205      13.677976170  
2020 11 14  14 38  0.00     2.3742365092      13.677963572  
2020 11 14  14 39  0.00     2.3742345979      13.677950973  
2020 11 14  14 40  0.00     2.3742326868      13.677938372  
2020 11 14  14 41  0.00     2.3742307757      13.677925770  
2020 11 14  14 42  0.00     2.3742288646      13.677913166  
2020 11 14  14 43  0.00     2.3742269537      13.677900561  
2020 11 14  14 44  0.00     2.3742250428      13.677887954  
2020 11 14  14 45  0.00     2.3742231319      13.677875346  
2020 11 14  14 46  0.00     2.3742212212      13.677862736  
2020 11 14  14 47  0.00     2.3742193105      13.677850125  
2020 11 14  14 48  0.00     2.3742173999      13.677837512  
2020 11 14  14 49  0.00     2.3742154893      13.677824898  
2020 11 14  14 50  0.00     2.3742135788      13.677812282  
2020 11 14  14 51  0.00     2.3742116684      13.677799665  
2020 11 14  14 52  0.00     2.3742097581      13.677787046  
2020 11 14  14 53  0.00     2.3742078478      13.677774426  
2020 11 14  14 54  0.00     2.3742059376      13.677761805  
2020 11 14  14 55  0.00     2.3742040275      13.677749181  
2020 11 14  14 56  0.00     2.3742021174      13.677736557  
2020 11 14  14 57  0.00     2.3742002075      13.677723930  
2020 11 14  14 58  0.00     2.3741982976      13.677711303  
2020 11 14  14 59  0.00     2.3741963878      13.677698674  
2020 11 14  15  0  0.00     2.3741944780      13.677686043  
2020 11 14  15  1  0.00     2.3741925684      13.677673411  
2020 11 14  15  2  0.00     2.3741906588      13.677660777  
2020 11 14  15  3  0.00     2.3741887493      13.677648142  
2020 11 14  15  4  0.00     2.3741868399      13.677635505  
2020 11 14  15  5  0.00     2.3741849306      13.677622867  
2020 11 14  15  6  0.00     2.3741830213      13.677610228  
2020 11 14  15  7  0.00     2.3741811121      13.677597586  
2020 11 14  15  8  0.00     2.3741792031      13.677584944  
2020 11 14  15  9  0.00     2.3741772940      13.677572300  
2020 11 14  15 10  0.00     2.3741753851      13.677559654  
2020 11 14  15 11  0.00     2.3741734763      13.677547007  
2020 11 14  15 12  0.00     2.3741715676      13.677534359  
2020 11 14  15 13  0.00     2.3741696589      13.677521709  
2020 11 14  15 14  0.00     2.3741677503      13.677509057  
2020 11 14  15 15  0.00     2.3741658418      13.677496404  
2020 11 14  15 16  0.00     2.3741639334      13.677483750  
2020 11 14  15 17  0.00     2.3741620251      13.677471094  
2020 11 14  15 18  0.00     2.3741601169      13.677458436  
2020 11 14  15 19  0.00     2.3741582088      13.677445777  
2020 11 14  15 20  0.00     2.3741563008      13.677433117  
2020 11 14  15 21  0.00     2.3741543928      13.677420455  
2020 11 14  15 22  0.00     2.3741524850      13.677407792  
2020 11 14  15 23  0.00     2.3741505772      13.677395127  
2020 11 14  15 24  0.00     2.3741486696      13.677382461  
2020 11 14  15 25  0.00     2.3741467620      13.677369793  
2020 11 14  15 26  0.00     2.3741448545      13.677357123  
2020 11 14  15 27  0.00     2.3741429472      13.677344453  
2020 11 14  15 28  0.00     2.3741410399      13.677331780  
2020 11 14  15 29  0.00     2.3741391327      13.677319107  
2020 11 14  15 30  0.00     2.3741372257      13.677306432  
2020 11 14  15 31  0.00     2.3741353187      13.677293755  
2020 11 14  15 32  0.00     2.3741334118      13.677281077  
2020 11 14  15 33  0.00     2.3741315050      13.677268397  
2020 11 14  15 34  0.00     2.3741295983      13.677255716  
2020 11 14  15 35  0.00     2.3741276918      13.677243034  
2020 11 14  15 36  0.00     2.3741257853      13.677230350  
2020 11 14  15 37  0.00     2.3741238789      13.677217664  
2020 11 14  15 38  0.00     2.3741219727      13.677204977  
2020 11 14  15 39  0.00     2.3741200665      13.677192289  
2020 11 14  15 40  0.00     2.3741181605      13.677179599  
2020 11 14  15 41  0.00     2.3741162545      13.677166908  
2020 11 14  15 42  0.00     2.3741143487      13.677154215  
2020 11 14  15 43  0.00     2.3741124430      13.677141520  
2020 11 14  15 44  0.00     2.3741105373      13.677128825  
2020 11 14  15 45  0.00     2.3741086318      13.677116127  
2020 11 14  15 46  0.00     2.3741067264      13.677103429  
2020 11 14  15 47  0.00     2.3741048211      13.677090729  
2020 11 14  15 48  0.00     2.3741029159      13.677078027  
2020 11 14  15 49  0.00     2.3741010109      13.677065324  
2020 11 14  15 50  0.00     2.3740991059      13.677052620  
2020 11 14  15 51  0.00     2.3740972011      13.677039914  
2020 11 14  15 52  0.00     2.3740952963      13.677027206  
2020 11 14  15 53  0.00     2.3740933917      13.677014497  
2020 11 14  15 54  0.00     2.3740914872      13.677001787  
2020 11 14  15 55  0.00     2.3740895828      13.676989075  
2020 11 14  15 56  0.00     2.3740876786      13.676976362  
2020 11 14  15 57  0.00     2.3740857744      13.676963647  
2020 11 14  15 58  0.00     2.3740838704      13.676950931  
2020 11 14  15 59  0.00     2.3740819665      13.676938214  
2020 11 14  16  0  0.00     2.3740800627      13.676925495  
2020 11 14  16  1  0.00     2.3740781590      13.676912774  
2020 11 14  16  2  0.00     2.3740762555      13.676900052  
2020 11 14  16  3  0.00     2.3740743520      13.676887329  
2020 11 14  16  4  0.00     2.3740724487      13.676874604  
2020 11 14  16  5  0.00     2.3740705455      13.676861878  
2020 11 14  16  6  0.00     2.3740686425      13.676849150  
2020 11 14  16  7  0.00     2.3740667395      13.676836421  
2020 11 14  16  8  0.00     2.3740648367      13.676823690  
2020 11 14  16  9  0.00     2.3740629340      13.676810958  
2020 11 14  16 10  0.00     2.3740610315      13.676798225  
2020 11 14  16 11  0.00     2.3740591291      13.676785490  
2020 11 14  16 12  0.00     2.3740572267      13.676772754  
2020 11 14  16 13  0.00     2.3740553246      13.676760016  
2020 11 14  16 14  0.00     2.3740534225      13.676747277  
2020 11 14  16 15  0.00     2.3740515206      13.676734536  
2020 11 14  16 16  0.00     2.3740496188      13.676721794  
2020 11 14  16 17  0.00     2.3740477172      13.676709051  
2020 11 14  16 18  0.00     2.3740458156      13.676696306  
2020 11 14  16 19  0.00     2.3740439143      13.676683560  
2020 11 14  16 20  0.00     2.3740420130      13.676670812  
2020 11 14  16 21  0.00     2.3740401119      13.676658063  
2020 11 14  16 22  0.00     2.3740382109      13.676645312  
2020 11 14  16 23  0.00     2.3740363100      13.676632560  
2020 11 14  16 24  0.00     2.3740344093      13.676619807  
2020 11 14  16 25  0.00     2.3740325088      13.676607052  
2020 11 14  16 26  0.00     2.3740306083      13.676594296  
2020 11 14  16 27  0.00     2.3740287080      13.676581538  
2020 11 14  16 28  0.00     2.3740268078      13.676568779  
2020 11 14  16 29  0.00     2.3740249078      13.676556018  
2020 11 14  16 30  0.00     2.3740230079      13.676543256  
2020 11 14  16 31  0.00     2.3740211082      13.676530493  
2020 11 14  16 32  0.00     2.3740192086      13.676517728  
2020 11 14  16 33  0.00     2.3740173091      13.676504962  
2020 11 14  16 34  0.00     2.3740154098      13.676492195  
2020 11 14  16 35  0.00     2.3740135107      13.676479426  
2020 11 14  16 36  0.00     2.3740116116      13.676466655  
2020 11 14  16 37  0.00     2.3740097128      13.676453884  
2020 11 14  16 38  0.00     2.3740078140      13.676441110  
2020 11 14  16 39  0.00     2.3740059154      13.676428336  
2020 11 14  16 40  0.00     2.3740040170      13.676415560  
2020 11 14  16 41  0.00     2.3740021187      13.676402782  
2020 11 14  16 42  0.00     2.3740002206      13.676390004  
2020 11 14  16 43  0.00     2.3739983226      13.676377224  
2020 11 14  16 44  0.00     2.3739964247      13.676364442  
2020 11 14  16 45  0.00     2.3739945270      13.676351659  
2020 11 14  16 46  0.00     2.3739926295      13.676338875  
2020 11 14  16 47  0.00     2.3739907321      13.676326089  
2020 11 14  16 48  0.00     2.3739888349      13.676313302  
2020 11 14  16 49  0.00     2.3739869378      13.676300514  
2020 11 14  16 50  0.00     2.3739850408      13.676287724  
2020 11 14  16 51  0.00     2.3739831441      13.676274933  
2020 11 14  16 52  0.00     2.3739812475      13.676262140  
2020 11 14  16 53  0.00     2.3739793510      13.676249346  
2020 11 14  16 54  0.00     2.3739774547      13.676236551  
2020 11 14  16 55  0.00     2.3739755585      13.676223754  
2020 11 14  16 56  0.00     2.3739736625      13.676210956  
2020 11 14  16 57  0.00     2.3739717667      13.676198156  
2020 11 14  16 58  0.00     2.3739698710      13.676185356  
2020 11 14  16 59  0.00     2.3739679755      13.676172553  
2020 11 14  17  0  0.00     2.3739660802      13.676159750  
2020 11 14  17  1  0.00     2.3739641850      13.676146945  
2020 11 14  17  2  0.00     2.3739622900      13.676134138  
2020 11 14  17  3  0.00     2.3739603951      13.676121331  
2020 11 14  17  4  0.00     2.3739585004      13.676108522  
2020 11 14  17  5  0.00     2.3739566059      13.676095711  
2020 11 14  17  6  0.00     2.3739547115      13.676082900  
2020 11 14  17  7  0.00     2.3739528173      13.676070087  
2020 11 14  17  8  0.00     2.3739509232      13.676057272  
2020 11 14  17  9  0.00     2.3739490294      13.676044456  
2020 11 14  17 10  0.00     2.3739471357      13.676031639  
2020 11 14  17 11  0.00     2.3739452421      13.676018821  
2020 11 14  17 12  0.00     2.3739433488      13.676006001  
2020 11 14  17 13  0.00     2.3739414556      13.675993180  
2020 11 14  17 14  0.00     2.3739395625      13.675980357  
2020 11 14  17 15  0.00     2.3739376697      13.675967533  
2020 11 14  17 16  0.00     2.3739357770      13.675954708  
2020 11 14  17 17  0.00     2.3739338845      13.675941882  
2020 11 14  17 18  0.00     2.3739319921      13.675929054  
2020 11 14  17 19  0.00     2.3739301000      13.675916225  
2020 11 14  17 20  0.00     2.3739282080      13.675903394  
2020 11 14  17 21  0.00     2.3739263161      13.675890562  
2020 11 14  17 22  0.00     2.3739244245      13.675877729  
2020 11 14  17 23  0.00     2.3739225330      13.675864895  
2020 11 14  17 24  0.00     2.3739206417      13.675852059  
2020 11 14  17 25  0.00     2.3739187506      13.675839222  
2020 11 14  17 26  0.00     2.3739168597      13.675826383  
2020 11 14  17 27  0.00     2.3739149689      13.675813543  
2020 11 14  17 28  0.00     2.3739130784      13.675800702  
2020 11 14  17 29  0.00     2.3739111880      13.675787860  
2020 11 14  17 30  0.00     2.3739092977      13.675775016  
2020 11 14  17 31  0.00     2.3739074077      13.675762171  
2020 11 14  17 32  0.00     2.3739055179      13.675749325  
2020 11 14  17 33  0.00     2.3739036282      13.675736477  
2020 11 14  17 34  0.00     2.3739017387      13.675723628  
2020 11 14  17 35  0.00     2.3738998494      13.675710778  
2020 11 14  17 36  0.00     2.3738979603      13.675697926  
2020 11 14  17 37  0.00     2.3738960713      13.675685074  
2020 11 14  17 38  0.00     2.3738941826      13.675672219  
2020 11 14  17 39  0.00     2.3738922940      13.675659364  
2020 11 14  17 40  0.00     2.3738904056      13.675646507  
2020 11 14  17 41  0.00     2.3738885175      13.675633649  
2020 11 14  17 42  0.00     2.3738866295      13.675620790  
2020 11 14  17 43  0.00     2.3738847416      13.675607929  
2020 11 14  17 44  0.00     2.3738828540      13.675595068  
2020 11 14  17 45  0.00     2.3738809666      13.675582204  
2020 11 14  17 46  0.00     2.3738790794      13.675569340  
2020 11 14  17 47  0.00     2.3738771923      13.675556474  
2020 11 14  17 48  0.00     2.3738753054      13.675543607  
2020 11 14  17 49  0.00     2.3738734188      13.675530739  
2020 11 14  17 50  0.00     2.3738715323      13.675517870  
2020 11 14  17 51  0.00     2.3738696460      13.675504999  
2020 11 14  17 52  0.00     2.3738677599      13.675492127  
2020 11 14  17 53  0.00     2.3738658740      13.675479253  
2020 11 14  17 54  0.00     2.3738639884      13.675466379  
2020 11 14  17 55  0.00     2.3738621029      13.675453503  
2020 11 14  17 56  0.00     2.3738602176      13.675440626  
2020 11 14  17 57  0.00     2.3738583324      13.675427748  
2020 11 14  17 58  0.00     2.3738564475      13.675414868  
2020 11 14  17 59  0.00     2.3738545628      13.675401987  
2020 11 14  18  0  0.00     2.3738526783      13.675389105  
2020 11 14  18  1  0.00     2.3738507940      13.675376222  
2020 11 14  18  2  0.00     2.3738489099      13.675363337  
2020 11 14  18  3  0.00     2.3738470260      13.675350451  
2020 11 14  18  4  0.00     2.3738451423      13.675337564  
2020 11 14  18  5  0.00     2.3738432588      13.675324676  
2020 11 14  18  6  0.00     2.3738413755      13.675311786  
2020 11 14  18  7  0.00     2.3738394924      13.675298896  
2020 11 14  18  8  0.00     2.3738376095      13.675286004  
2020 11 14  18  9  0.00     2.3738357268      13.675273110  
2020 11 14  18 10  0.00     2.3738338443      13.675260216  
2020 11 14  18 11  0.00     2.3738319621      13.675247320  
2020 11 14  18 12  0.00     2.3738300800      13.675234423  
2020 11 14  18 13  0.00     2.3738281981      13.675221525  
2020 11 14  18 14  0.00     2.3738263165      13.675208626  
2020 11 14  18 15  0.00     2.3738244350      13.675195725  
2020 11 14  18 16  0.00     2.3738225538      13.675182824  
2020 11 14  18 17  0.00     2.3738206727      13.675169921  
2020 11 14  18 18  0.00     2.3738187919      13.675157017  
2020 11 14  18 19  0.00     2.3738169113      13.675144111  
2020 11 14  18 20  0.00     2.3738150309      13.675131205  
2020 11 14  18 21  0.00     2.3738131507      13.675118297  
2020 11 14  18 22  0.00     2.3738112707      13.675105388  
2020 11 14  18 23  0.00     2.3738093910      13.675092478  
2020 11 14  18 24  0.00     2.3738075114      13.675079566  
2020 11 14  18 25  0.00     2.3738056321      13.675066654  
2020 11 14  18 26  0.00     2.3738037529      13.675053740  
2020 11 14  18 27  0.00     2.3738018740      13.675040825  
2020 11 14  18 28  0.00     2.3737999953      13.675027909  
2020 11 14  18 29  0.00     2.3737981169      13.675014992  
2020 11 14  18 30  0.00     2.3737962386      13.675002074  
2020 11 14  18 31  0.00     2.3737943606      13.674989154  
2020 11 14  18 32  0.00     2.3737924827      13.674976233  
2020 11 14  18 33  0.00     2.3737906051      13.674963311  
2020 11 14  18 34  0.00     2.3737887277      13.674950388  
2020 11 14  18 35  0.00     2.3737868506      13.674937464  
2020 11 14  18 36  0.00     2.3737849736      13.674924538  
2020 11 14  18 37  0.00     2.3737830969      13.674911612  
2020 11 14  18 38  0.00     2.3737812204      13.674898684  
2020 11 14  18 39  0.00     2.3737793441      13.674885755  
2020 11 14  18 40  0.00     2.3737774680      13.674872825  
2020 11 14  18 41  0.00     2.3737755922      13.674859894  
2020 11 14  18 42  0.00     2.3737737165      13.674846962  
2020 11 14  18 43  0.00     2.3737718411      13.674834028  
2020 11 14  18 44  0.00     2.3737699660      13.674821093  
2020 11 14  18 45  0.00     2.3737680910      13.674808158  
2020 11 14  18 46  0.00     2.3737662163      13.674795221  
2020 11 14  18 47  0.00     2.3737643418      13.674782283  
2020 11 14  18 48  0.00     2.3737624675      13.674769343  
2020 11 14  18 49  0.00     2.3737605935      13.674756403  
2020 11 14  18 50  0.00     2.3737587196      13.674743462  
2020 11 14  18 51  0.00     2.3737568460      13.674730519  
2020 11 14  18 52  0.00     2.3737549727      13.674717576  
2020 11 14  18 53  0.00     2.3737530995      13.674704631  
2020 11 14  18 54  0.00     2.3737512266      13.674691685  
2020 11 14  18 55  0.00     2.3737493539      13.674678738  
2020 11 14  18 56  0.00     2.3737474815      13.674665790  
2020 11 14  18 57  0.00     2.3737456093      13.674652841  
2020 11 14  18 58  0.00     2.3737437373      13.674639890  
2020 11 14  18 59  0.00     2.3737418655      13.674626939  
2020 11 14  19  0  0.00     2.3737399940      13.674613986  
2020 11 14  19  1  0.00     2.3737381227      13.674601033  
2020 11 14  19  2  0.00     2.3737362517      13.674588078  
2020 11 14  19  3  0.00     2.3737343808      13.674575122  
2020 11 14  19  4  0.00     2.3737325102      13.674562165  
2020 11 14  19  5  0.00     2.3737306399      13.674549207  
2020 11 14  19  6  0.00     2.3737287698      13.674536248  
2020 11 14  19  7  0.00     2.3737268999      13.674523288  
2020 11 14  19  8  0.00     2.3737250302      13.674510327  
2020 11 14  19  9  0.00     2.3737231608      13.674497365  
2020 11 14  19 10  0.00     2.3737212916      13.674484401  
2020 11 14  19 11  0.00     2.3737194227      13.674471437  
2020 11 14  19 12  0.00     2.3737175540      13.674458471  
2020 11 14  19 13  0.00     2.3737156855      13.674445505  
2020 11 14  19 14  0.00     2.3737138173      13.674432537  
2020 11 14  19 15  0.00     2.3737119493      13.674419569  
2020 11 14  19 16  0.00     2.3737100815      13.674406599  
2020 11 14  19 17  0.00     2.3737082140      13.674393628  
2020 11 14  19 18  0.00     2.3737063468      13.674380656  
2020 11 14  19 19  0.00     2.3737044797      13.674367684  
2020 11 14  19 20  0.00     2.3737026130      13.674354710  
2020 11 14  19 21  0.00     2.3737007464      13.674341735  
2020 11 14  19 22  0.00     2.3736988801      13.674328759  
2020 11 14  19 23  0.00     2.3736970140      13.674315782  
2020 11 14  19 24  0.00     2.3736951482      13.674302804  
2020 11 14  19 25  0.00     2.3736932827      13.674289825  
2020 11 14  19 26  0.00     2.3736914173      13.674276845  
2020 11 14  19 27  0.00     2.3736895522      13.674263864  
2020 11 14  19 28  0.00     2.3736876874      13.674250881  
2020 11 14  19 29  0.00     2.3736858228      13.674237898  
2020 11 14  19 30  0.00     2.3736839584      13.674224914  
2020 11 14  19 31  0.00     2.3736820943      13.674211929  
2020 11 14  19 32  0.00     2.3736802305      13.674198943  
2020 11 14  19 33  0.00     2.3736783669      13.674185956  
2020 11 14  19 34  0.00     2.3736765035      13.674172968  
2020 11 14  19 35  0.00     2.3736746404      13.674159978  
2020 11 14  19 36  0.00     2.3736727775      13.674146988  
2020 11 14  19 37  0.00     2.3736709149      13.674133997  
2020 11 14  19 38  0.00     2.3736690525      13.674121005  
2020 11 14  19 39  0.00     2.3736671904      13.674108012  
2020 11 14  19 40  0.00     2.3736653285      13.674095018  
2020 11 14  19 41  0.00     2.3736634669      13.674082023  
2020 11 14  19 42  0.00     2.3736616055      13.674069027  
2020 11 14  19 43  0.00     2.3736597444      13.674056030  
2020 11 14  19 44  0.00     2.3736578835      13.674043032  
2020 11 14  19 45  0.00     2.3736560229      13.674030033  
2020 11 14  19 46  0.00     2.3736541626      13.674017033  
2020 11 14  19 47  0.00     2.3736523024      13.674004032  
2020 11 14  19 48  0.00     2.3736504426      13.673991030  
2020 11 14  19 49  0.00     2.3736485830      13.673978027  
2020 11 14  19 50  0.00     2.3736467236      13.673965023  
2020 11 14  19 51  0.00     2.3736448645      13.673952019  
2020 11 14  19 52  0.00     2.3736430057      13.673939013  
2020 11 14  19 53  0.00     2.3736411471      13.673926006  
2020 11 14  19 54  0.00     2.3736392887      13.673912999  
2020 11 14  19 55  0.00     2.3736374307      13.673899990  
2020 11 14  19 56  0.00     2.3736355728      13.673886981  
2020 11 14  19 57  0.00     2.3736337153      13.673873971  
2020 11 14  19 58  0.00     2.3736318579      13.673860959  
2020 11 14  19 59  0.00     2.3736300009      13.673847947  
2020 11 14  20  0  0.00     2.3736281441      13.673834934  
2020 11 14  20  1  0.00     2.3736262875      13.673821920  
2020 11 14  20  2  0.00     2.3736244312      13.673808905  
2020 11 14  20  3  0.00     2.3736225752      13.673795889  
2020 11 14  20  4  0.00     2.3736207194      13.673782873  
2020 11 14  20  5  0.00     2.3736188639      13.673769855  
2020 11 14  20  6  0.00     2.3736170087      13.673756836  
2020 11 14  20  7  0.00     2.3736151537      13.673743817  
2020 11 14  20  8  0.00     2.3736132990      13.673730797  
2020 11 14  20  9  0.00     2.3736114445      13.673717775  
2020 11 14  20 10  0.00     2.3736095903      13.673704753  
2020 11 14  20 11  0.00     2.3736077363      13.673691730  
2020 11 14  20 12  0.00     2.3736058826      13.673678706  
2020 11 14  20 13  0.00     2.3736040292      13.673665681  
2020 11 14  20 14  0.00     2.3736021760      13.673652656  
2020 11 14  20 15  0.00     2.3736003231      13.673639629  
2020 11 14  20 16  0.00     2.3735984705      13.673626602  
2020 11 14  20 17  0.00     2.3735966181      13.673613573  
2020 11 14  20 18  0.00     2.3735947660      13.673600544  
2020 11 14  20 19  0.00     2.3735929141      13.673587514  
2020 11 14  20 20  0.00     2.3735910625      13.673574483  
2020 11 14  20 21  0.00     2.3735892112      13.673561452  
2020 11 14  20 22  0.00     2.3735873601      13.673548419  
2020 11 14  20 23  0.00     2.3735855093      13.673535386  
2020 11 14  20 24  0.00     2.3735836588      13.673522351  
2020 11 14  20 25  0.00     2.3735818085      13.673509316  
2020 11 14  20 26  0.00     2.3735799585      13.673496280  
2020 11 14  20 27  0.00     2.3735781087      13.673483244  
2020 11 14  20 28  0.00     2.3735762593      13.673470206  
2020 11 14  20 29  0.00     2.3735744101      13.673457168  
2020 11 14  20 30  0.00     2.3735725611      13.673444128  
2020 11 14  20 31  0.00     2.3735707124      13.673431088  
2020 11 14  20 32  0.00     2.3735688640      13.673418047  
2020 11 14  20 33  0.00     2.3735670159      13.673405006  
2020 11 14  20 34  0.00     2.3735651680      13.673391963  
2020 11 14  20 35  0.00     2.3735633204      13.673378920  
2020 11 14  20 36  0.00     2.3735614730      13.673365876  
2020 11 14  20 37  0.00     2.3735596260      13.673352831  
2020 11 14  20 38  0.00     2.3735577791      13.673339785  
2020 11 14  20 39  0.00     2.3735559326      13.673326738  
2020 11 14  20 40  0.00     2.3735540863      13.673313691  
2020 11 14  20 41  0.00     2.3735522403      13.673300643  
2020 11 14  20 42  0.00     2.3735503946      13.673287594  
2020 11 14  20 43  0.00     2.3735485491      13.673274544  
2020 11 14  20 44  0.00     2.3735467039      13.673261494  
2020 11 14  20 45  0.00     2.3735448590      13.673248442  
2020 11 14  20 46  0.00     2.3735430144      13.673235390  
2020 11 14  20 47  0.00     2.3735411700      13.673222338  
2020 11 14  20 48  0.00     2.3735393259      13.673209284  
2020 11 14  20 49  0.00     2.3735374820      13.673196230  
2020 11 14  20 50  0.00     2.3735356384      13.673183175  
2020 11 14  20 51  0.00     2.3735337951      13.673170119  
---
2020 11 15  10 57  0.00     2.3720427652      13.662116919  
2020 11 15  10 58  0.00     2.3720410274      13.662103975  
2020 11 15  10 59  0.00     2.3720392896      13.662091032  
2020 11 15  11  0  0.00     2.3720375517      13.662078088  
2020 11 15  11  1  0.00     2.3720358139      13.662065145  
2020 11 15  11  2  0.00     2.3720340760      13.662052202  
2020 11 15  11  3  0.00     2.3720323380      13.662039260  
2020 11 15  11  4  0.00     2.3720306001      13.662026317  
2020 11 15  11  5  0.00     2.3720288621      13.662013375  
2020 11 15  11  6  0.00     2.3720271241      13.662000432  
2020 11 15  11  7  0.00     2.3720253861      13.661987490  
2020 11 15  11  8  0.00     2.3720236481      13.661974548  
2020 11 15  11  9  0.00     2.3720219100      13.661961606  
2020 11 15  11 10  0.00     2.3720201719      13.661948665  
2020 11 15  11 11  0.00     2.3720184338      13.661935723  
2020 11 15  11 12  0.00     2.3720166957      13.661922782  
2020 11 15  11 13  0.00     2.3720149575      13.661909841  
2020 11 15  11 14  0.00     2.3720132194      13.661896900  
2020 11 15  11 15  0.00     2.3720114812      13.661883959  
2020 11 15  11 16  0.00     2.3720097430      13.661871018  
2020 11 15  11 17  0.00     2.3720080047      13.661858077  
2020 11 15  11 18  0.00     2.3720062665      13.661845137  
2020 11 15  11 19  0.00     2.3720045282      13.661832197  
2020 11 15  11 20  0.00     2.3720027899      13.661819257  
2020 11 15  11 21  0.00     2.3720010516      13.661806317  
2020 11 15  11 22  0.00     2.3719993132      13.661793377  
2020 11 15  11 23  0.00     2.3719975749      13.661780437  
2020 11 15  11 24  0.00     2.3719958365      13.661767498  
2020 11 15  11 25  0.00     2.3719940981      13.661754558  
2020 11 15  11 26  0.00     2.3719923597      13.661741619  
2020 11 15  11 27  0.00     2.3719906213      13.661728680  
2020 11 15  11 28  0.00     2.3719888828      13.661715741  
2020 11 15  11 29  0.00     2.3719871443      13.661702802  
2020 11 15  11 30  0.00     2.3719854058      13.661689863  
2020 11 15  11 31  0.00     2.3719836673      13.661676925  
2020 11 15  11 32  0.00     2.3719819288      13.661663986  
2020 11 15  11 33  0.00     2.3719801903      13.661651048  
2020 11 15  11 34  0.00     2.3719784517      13.661638110  
2020 11 15  11 35  0.00     2.3719767132      13.661625172  
2020 11 15  11 36  0.00     2.3719749746      13.661612234  
2020 11 15  11 37  0.00     2.3719732360      13.661599296  
2020 11 15  11 38  0.00     2.3719714973      13.661586359  
2020 11 15  11 39  0.00     2.3719697587      13.661573421  
2020 11 15  11 40  0.00     2.3719680201      13.661560484  
2020 11 15  11 41  0.00     2.3719662814      13.661547547  
2020 11 15  11 42  0.00     2.3719645427      13.661534609  
2020 11 15  11 43  0.00     2.3719628040      13.661521672  
2020 11 15  11 44  0.00     2.3719610653      13.661508736  
2020 11 15  11 45  0.00     2.3719593266      13.661495799  
2020 11 15  11 46  0.00     2.3719575879      13.661482862  
2020 11 15  11 47  0.00     2.3719558491      13.661469926  
2020 11 15  11 48  0.00     2.3719541103      13.661456989  
2020 11 15  11 49  0.00     2.3719523716      13.661444053  
2020 11 15  11 50  0.00     2.3719506328      13.661431117  
2020 11 15  11 51  0.00     2.3719488940      13.661418181  
2020 11 15  11 52  0.00     2.3719471552      13.661405245  
2020 11 15  11 53  0.00     2.3719454164      13.661392309  
2020 11 15  11 54  0.00     2.3719436775      13.661379374  
2020 11 15  11 55  0.00     2.3719419387      13.661366438  
2020 11 15  11 56  0.00     2.3719401999      13.661353503  
2020 11 15  11 57  0.00     2.3719384610      13.661340567  
2020 11 15  11 58  0.00     2.3719367221      13.661327632  
2020 11 15  11 59  0.00     2.3719349833      13.661314697  
2020 11 15  12  0  0.00     2.3719332444      13.661301762  
2020 11 15  12  1  0.00     2.3719315055      13.661288827  
2020 11 15  12  2  0.00     2.3719297666      13.661275892  
2020 11 15  12  3  0.00     2.3719280277      13.661262957  
2020 11 15  12  4  0.00     2.3719262887      13.661250023  
2020 11 15  12  5  0.00     2.3719245498      13.661237088  
2020 11 15  12  6  0.00     2.3719228109      13.661224154  
2020 11 15  12  7  0.00     2.3719210720      13.661211220  
2020 11 15  12  8  0.00     2.3719193330      13.661198286  
2020 11 15  12  9  0.00     2.3719175941      13.661185352  
2020 11 15  12 10  0.00     2.3719158551      13.661172418  
2020 11 15  12 11  0.00     2.3719141162      13.661159484  
2020 11 15  12 12  0.00     2.3719123772      13.661146550  
2020 11 15  12 13  0.00     2.3719106382      13.661133616  
2020 11 15  12 14  0.00     2.3719088993      13.661120683  
2020 11 15  12 15  0.00     2.3719071603      13.661107749  
2020 11 15  12 16  0.00     2.3719054213      13.661094816  
2020 11 15  12 17  0.00     2.3719036823      13.661081883  
2020 11 15  12 18  0.00     2.3719019434      13.661068949  
2020 11 15  12 19  0.00     2.3719002044      13.661056016  
2020 11 15  12 20  0.00     2.3718984654      13.661043083  
2020 11 15  12 21  0.00     2.3718967264      13.661030150  
2020 11 15  12 22  0.00     2.3718949874      13.661017218  
2020 11 15  12 23  0.00     2.3718932484      13.661004285  
2020 11 15  12 24  0.00     2.3718915095      13.660991352  
2020 11 15  12 25  0.00     2.3718897705      13.660978420  
2020 11 15  12 26  0.00     2.3718880315      13.660965487  
2020 11 15  12 27  0.00     2.3718862925      13.660952555  
2020 11 15  12 28  0.00     2.3718845535      13.660939623  
2020 11 15  12 29  0.00     2.3718828146      13.660926690  
2020 11 15  12 30  0.00     2.3718810756      13.660913758  
2020 11 15  12 31  0.00     2.3718793366      13.660900826  
2020 11 15  12 32  0.00     2.3718775976      13.660887894  
2020 11 15  12 33  0.00     2.3718758587      13.660874962  
2020 11 15  12 34  0.00     2.3718741197      13.660862031  
2020 11 15  12 35  0.00     2.3718723808      13.660849099  
2020 11 15  12 36  0.00     2.3718706418      13.660836167  
2020 11 15  12 37  0.00     2.3718689029      13.660823236  
2020 11 15  12 38  0.00     2.3718671639      13.660810304  
2020 11 15  12 39  0.00     2.3718654250      13.660797373  
2020 11 15  12 40  0.00     2.3718636861      13.660784442  
2020 11 15  12 41  0.00     2.3718619472      13.660771510  
2020 11 15  12 42  0.00     2.3718602083      13.660758579  
2020 11 15  12 43  0.00     2.3718584694      13.660745648  
2020 11 15  12 44  0.00     2.3718567305      13.660732717  
2020 11 15  12 45  0.00     2.3718549916      13.660719786  
2020 11 15  12 46  0.00     2.3718532527      13.660706855  
2020 11 15  12 47  0.00     2.3718515139      13.660693925  
2020 11 15  12 48  0.00     2.3718497750      13.660680994  
2020 11 15  12 49  0.00     2.3718480362      13.660668063  
2020 11 15  12 50  0.00     2.3718462973      13.660655133  
2020 11 15  12 51  0.00     2.3718445585      13.660642202  
2020 11 15  12 52  0.00     2.3718428197      13.660629272  
2020 11 15  12 53  0.00     2.3718410809      13.660616342  
2020 11 15  12 54  0.00     2.3718393422      13.660603411  
2020 11 15  12 55  0.00     2.3718376034      13.660590481  
2020 11 15  12 56  0.00     2.3718358646      13.660577551  
2020 11 15  12 57  0.00     2.3718341259      13.660564621  
2020 11 15  12 58  0.00     2.3718323872      13.660551691  
2020 11 15  12 59  0.00     2.3718306485      13.660538761  
2020 11 15  13  0  0.00     2.3718289098      13.660525831  
2020 11 15  13  1  0.00     2.3718271711      13.660512902  
2020 11 15  13  2  0.00     2.3718254325      13.660499972  
2020 11 15  13  3  0.00     2.3718236938      13.660487042  
2020 11 15  13  4  0.00     2.3718219552      13.660474113  
2020 11 15  13  5  0.00     2.3718202166      13.660461183  
2020 11 15  13  6  0.00     2.3718184780      13.660448254  
2020 11 15  13  7  0.00     2.3718167395      13.660435324  
2020 11 15  13  8  0.00     2.3718150009      13.660422395  
2020 11 15  13  9  0.00     2.3718132624      13.660409466  
2020 11 15  13 10  0.00     2.3718115239      13.660396536  
2020 11 15  13 11  0.00     2.3718097854      13.660383607  
2020 11 15  13 12  0.00     2.3718080470      13.660370678  
2020 11 15  13 13  0.00     2.3718063085      13.660357749  
2020 11 15  13 14  0.00     2.3718045701      13.660344820  
2020 11 15  13 15  0.00     2.3718028317      13.660331891  
2020 11 15  13 16  0.00     2.3718010934      13.660318963  
2020 11 15  13 17  0.00     2.3717993550      13.660306034  
2020 11 15  13 18  0.00     2.3717976167      13.660293105  
2020 11 15  13 19  0.00     2.3717958784      13.660280176  
2020 11 15  13 20  0.00     2.3717941402      13.660267248  
2020 11 15  13 21  0.00     2.3717924019      13.660254319  
2020 11 15  13 22  0.00     2.3717906637      13.660241391  
2020 11 15  13 23  0.00     2.3717889255      13.660228462  
2020 11 15  13 24  0.00     2.3717871874      13.660215534  
2020 11 15  13 25  0.00     2.3717854493      13.660202606  
2020 11 15  13 26  0.00     2.3717837112      13.660189677  
2020 11 15  13 27  0.00     2.3717819731      13.660176749  
2020 11 15  13 28  0.00     2.3717802351      13.660163821  
2020 11 15  13 29  0.00     2.3717784971      13.660150893  
2020 11 15  13 30  0.00     2.3717767591      13.660137965  
2020 11 15  13 31  0.00     2.3717750211      13.660125037  
2020 11 15  13 32  0.00     2.3717732832      13.660112109  
2020 11 15  13 33  0.00     2.3717715454      13.660099181  
2020 11 15  13 34  0.00     2.3717698075      13.660086254  
2020 11 15  13 35  0.00     2.3717680697      13.660073326  
2020 11 15  13 36  0.00     2.3717663319      13.660060398  
2020 11 15  13 37  0.00     2.3717645942      13.660047470  
2020 11 15  13 38  0.00     2.3717628565      13.660034543  
2020 11 15  13 39  0.00     2.3717611188      13.660021615  
2020 11 15  13 40  0.00     2.3717593812      13.660008688  
2020 11 15  13 41  0.00     2.3717576436      13.659995760  
2020 11 15  13 42  0.00     2.3717559061      13.659982833  
2020 11 15  13 43  0.00     2.3717541685      13.659969906  
2020 11 15  13 44  0.00     2.3717524311      13.659956979  
2020 11 15  13 45  0.00     2.3717506936      13.659944051  
2020 11 15  13 46  0.00     2.3717489562      13.659931124  
2020 11 15  13 47  0.00     2.3717472189      13.659918197  
2020 11 15  13 48  0.00     2.3717454816      13.659905270  
2020 11 15  13 49  0.00     2.3717437443      13.659892343  
2020 11 15  13 50  0.00     2.3717420071      13.659879416  
2020 11 15  13 51  0.00     2.3717402699      13.659866489  
2020 11 15  13 52  0.00     2.3717385327      13.659853562  
2020 11 15  13 53  0.00     2.3717367956      13.659840636  
2020 11 15  13 54  0.00     2.3717350586      13.659827709  
2020 11 15  13 55  0.00     2.3717333216      13.659814782  
2020 11 15  13 56  0.00     2.3717315846      13.659801856  
2020 11 15  13 57  0.00     2.3717298477      13.659788929  
2020 11 15  13 58  0.00     2.3717281108      13.659776002  
2020 11 15  13 59  0.00     2.3717263740      13.659763076  
2020 11 15  14  0  0.00     2.3717246372      13.659750150  
2020 11 15  14  1  0.00     2.3717229005      13.659737223  
2020 11 15  14  2  0.00     2.3717211638      13.659724297  
2020 11 15  14  3  0.00     2.3717194272      13.659711371  
2020 11 15  14  4  0.00     2.3717176906      13.659698444  
2020 11 15  14  5  0.00     2.3717159541      13.659685518  
2020 11 15  14  6  0.00     2.3717142176      13.659672592  
2020 11 15  14  7  0.00     2.3717124812      13.659659666  
2020 11 15  14  8  0.00     2.3717107448      13.659646740  
2020 11 15  14  9  0.00     2.3717090085      13.659633814  
2020 11 15  14 10  0.00     2.3717072722      13.659620888  
2020 11 15  14 11  0.00     2.3717055360      13.659607962  
2020 11 15  14 12  0.00     2.3717037999      13.659595037  
2020 11 15  14 13  0.00     2.3717020638      13.659582111  
2020 11 15  14 14  0.00     2.3717003277      13.659569185  
2020 11 15  14 15  0.00     2.3716985917      13.659556259  
2020 11 15  14 16  0.00     2.3716968558      13.659543334  
2020 11 15  14 17  0.00     2.3716951199      13.659530408  
2020 11 15  14 18  0.00     2.3716933841      13.659517483  
2020 11 15  14 19  0.00     2.3716916484      13.659504557  
2020 11 15  14 20  0.00     2.3716899127      13.659491632  
2020 11 15  14 21  0.00     2.3716881770      13.659478707  
2020 11 15  14 22  0.00     2.3716864415      13.659465782  
2020 11 15  14 23  0.00     2.3716847060      13.659452856  
2020 11 15  14 24  0.00     2.3716829705      13.659439931  
2020 11 15  14 25  0.00     2.3716812351      13.659427006  
2020 11 15  14 26  0.00     2.3716794998      13.659414081  
2020 11 15  14 27  0.00     2.3716777646      13.659401156  
2020 11 15  14 28  0.00     2.3716760294      13.659388231  
2020 11 15  14 29  0.00     2.3716742943      13.659375306  
2020 11 15  14 30  0.00     2.3716725592      13.659362381  
2020 11 15  14 31  0.00     2.3716708242      13.659349457  
2020 11 15  14 32  0.00     2.3716690893      13.659336532  
2020 11 15  14 33  0.00     2.3716673544      13.659323607  
2020 11 15  14 34  0.00     2.3716656196      13.659310683  
2020 11 15  14 35  0.00     2.3716638849      13.659297758  
2020 11 15  14 36  0.00     2.3716621503      13.659284834  
2020 11 15  14 37  0.00     2.3716604157      13.659271909  
2020 11 15  14 38  0.00     2.3716586812      13.659258985  
2020 11 15  14 39  0.00     2.3716569468      13.659246061  
2020 11 15  14 40  0.00     2.3716552124      13.659233136  
2020 11 15  14 41  0.00     2.3716534781      13.659220212  
2020 11 15  14 42  0.00     2.3716517439      13.659207288  
2020 11 15  14 43  0.00     2.3716500097      13.659194364  
2020 11 15  14 44  0.00     2.3716482757      13.659181440  
2020 11 15  14 45  0.00     2.3716465417      13.659168516  
2020 11 15  14 46  0.00     2.3716448078      13.659155592  
2020 11 15  14 47  0.00     2.3716430739      13.659142668  
2020 11 15  14 48  0.00     2.3716413402      13.659129745  
2020 11 15  14 49  0.00     2.3716396065      13.659116821  
2020 11 15  14 50  0.00     2.3716378729      13.659103897  
2020 11 15  14 51  0.00     2.3716361393      13.659090974  
2020 11 15  14 52  0.00     2.3716344059      13.659078050  
2020 11 15  14 53  0.00     2.3716326725      13.659065127  
2020 11 15  14 54  0.00     2.3716309392      13.659052203  
2020 11 15  14 55  0.00     2.3716292060      13.659039280  
2020 11 15  14 56  0.00     2.3716274729      13.659026357  
2020 11 15  14 57  0.00     2.3716257399      13.659013434  
2020 11 15  14 58  0.00     2.3716240069      13.659000511  
2020 11 15  14 59  0.00     2.3716222741      13.658987588  
2020 11 15  15  0  0.00     2.3716205413      13.658974665  
2020 11 15  15  1  0.00     2.3716188086      13.658961742  
2020 11 15  15  2  0.00     2.3716170760      13.658948819  
2020 11 15  15  3  0.00     2.3716153434      13.658935896  
2020 11 15  15  4  0.00     2.3716136110      13.658922973  
2020 11 15  15  5  0.00     2.3716118786      13.658910051  
2020 11 15  15  6  0.00     2.3716101464      13.658897128  
2020 11 15  15  7  0.00     2.3716084142      13.658884206  
2020 11 15  15  8  0.00     2.3716066821      13.658871283  
2020 11 15  15  9  0.00     2.3716049501      13.658858361  
2020 11 15  15 10  0.00     2.3716032182      13.658845439  
2020 11 15  15 11  0.00     2.3716014864      13.658832517  
2020 11 15  15 12  0.00     2.3715997547      13.658819595  
2020 11 15  15 13  0.00     2.3715980231      13.658806673  
2020 11 15  15 14  0.00     2.3715962915      13.658793751  
2020 11 15  15 15  0.00     2.3715945601      13.658780829  
2020 11 15  15 16  0.00     2.3715928288      13.658767907  
2020 11 15  15 17  0.00     2.3715910975      13.658754985  
2020 11 15  15 18  0.00     2.3715893664      13.658742064  
2020 11 15  15 19  0.00     2.3715876353      13.658729142  
2020 11 15  15 20  0.00     2.3715859044      13.658716221  
2020 11 15  15 21  0.00     2.3715841735      13.658703299  
2020 11 15  15 22  0.00     2.3715824428      13.658690378  
2020 11 15  15 23  0.00     2.3715807121      13.658677457  
2020 11 15  15 24  0.00     2.3715789816      13.658664536  
2020 11 15  15 25  0.00     2.3715772511      13.658651615  
2020 11 15  15 26  0.00     2.3715755208      13.658638694  
2020 11 15  15 27  0.00     2.3715737905      13.658625773  
2020 11 15  15 28  0.00     2.3715720604      13.658612852  
2020 11 15  15 29  0.00     2.3715703303      13.658599931  
2020 11 15  15 30  0.00     2.3715686004      13.658587011  
2020 11 15  15 31  0.00     2.3715668706      13.658574090  
2020 11 15  15 32  0.00     2.3715651408      13.658561170  
2020 11 15  15 33  0.00     2.3715634112      13.658548250  
2020 11 15  15 34  0.00     2.3715616817      13.658535329  
2020 11 15  15 35  0.00     2.3715599523      13.658522409  
2020 11 15  15 36  0.00     2.3715582230      13.658509489  
2020 11 15  15 37  0.00     2.3715564938      13.658496569  
2020 11 15  15 38  0.00     2.3715547647      13.658483649  
2020 11 15  15 39  0.00     2.3715530357      13.658470730  
2020 11 15  15 40  0.00     2.3715513069      13.658457810  
2020 11 15  15 41  0.00     2.3715495781      13.658444890  
2020 11 15  15 42  0.00     2.3715478495      13.658431971  
2020 11 15  15 43  0.00     2.3715461210      13.658419052  
2020 11 15  15 44  0.00     2.3715443926      13.658406132  
2020 11 15  15 45  0.00     2.3715426643      13.658393213  
2020 11 15  15 46  0.00     2.3715409361      13.658380294  
2020 11 15  15 47  0.00     2.3715392080      13.658367375  
2020 11 15  15 48  0.00     2.3715374801      13.658354456  
2020 11 15  15 49  0.00     2.3715357523      13.658341538  
2020 11 15  15 50  0.00     2.3715340246      13.658328619  
2020 11 15  15 51  0.00     2.3715322970      13.658315701  
2020 11 15  15 52  0.00     2.3715305695      13.658302782  
2020 11 15  15 53  0.00     2.3715288421      13.658289864  
2020 11 15  15 54  0.00     2.3715271149      13.658276946  
2020 11 15  15 55  0.00     2.3715253878      13.658264028  
2020 11 15  15 56  0.00     2.3715236608      13.658251110  
2020 11 15  15 57  0.00     2.3715219339      13.658238192  
2020 11 15  15 58  0.00     2.3715202072      13.658225274  
2020 11 15  15 59  0.00     2.3715184805      13.658212357  
2020 11 15  16  0  0.00     2.3715167540      13.658199439  
2020 11 15  16  1  0.00     2.3715150277      13.658186522  
2020 11 15  16  2  0.00     2.3715133014      13.658173605  
2020 11 15  16  3  0.00     2.3715115753      13.658160688  
2020 11 15  16  4  0.00     2.3715098493      13.658147771  
2020 11 15  16  5  0.00     2.3715081234      13.658134854  
2020 11 15  16  6  0.00     2.3715063977      13.658121937  
2020 11 15  16  7  0.00     2.3715046721      13.658109021  
2020 11 15  16  8  0.00     2.3715029466      13.658096104  
2020 11 15  16  9  0.00     2.3715012212      13.658083188  
2020 11 15  16 10  0.00     2.3714994960      13.658070272  
2020 11 15  16 11  0.00     2.3714977709      13.658057356  
2020 11 15  16 12  0.00     2.3714960459      13.658044440  
2020 11 15  16 13  0.00     2.3714943211      13.658031524  
2020 11 15  16 14  0.00     2.3714925964      13.658018609  
2020 11 15  16 15  0.00     2.3714908719      13.658005693  
2020 11 15  16 16  0.00     2.3714891474      13.657992778  
2020 11 15  16 17  0.00     2.3714874231      13.657979863  
2020 11 15  16 18  0.00     2.3714856990      13.657966948  
2020 11 15  16 19  0.00     2.3714839750      13.657954033  
2020 11 15  16 20  0.00     2.3714822511      13.657941118  
2020 11 15  16 21  0.00     2.3714805273      13.657928203  
2020 11 15  16 22  0.00     2.3714788037      13.657915289  
2020 11 15  16 23  0.00     2.3714770803      13.657902374  
2020 11 15  16 24  0.00     2.3714753569      13.657889460  
2020 11 15  16 25  0.00     2.3714736337      13.657876546  
2020 11 15  16 26  0.00     2.3714719107      13.657863632  
2020 11 15  16 27  0.00     2.3714701878      13.657850719  
2020 11 15  16 28  0.00     2.3714684650      13.657837805  
2020 11 15  16 29  0.00     2.3714667424      13.657824892  
2020 11 15  16 30  0.00     2.3714650199      13.657811979  
2020 11 15  16 31  0.00     2.3714632976      13.657799065  
2020 11 15  16 32  0.00     2.3714615754      13.657786153  
2020 11 15  16 33  0.00     2.3714598534      13.657773240  
2020 11 15  16 34  0.00     2.3714581315      13.657760327  
2020 11 15  16 35  0.00     2.3714564097      13.657747415  
2020 11 15  16 36  0.00     2.3714546881      13.657734503  
2020 11 15  16 37  0.00     2.3714529667      13.657721591  
2020 11 15  16 38  0.00     2.3714512454      13.657708679  
2020 11 15  16 39  0.00     2.3714495242      13.657695767  
2020 11 15  16 40  0.00     2.3714478032      13.657682855  
2020 11 15  16 41  0.00     2.3714460824      13.657669944  
2020 11 15  16 42  0.00     2.3714443617      13.657657033  
2020 11 15  16 43  0.00     2.3714426411      13.657644122  
2020 11 15  16 44  0.00     2.3714409207      13.657631211  
2020 11 15  16 45  0.00     2.3714392005      13.657618300  
2020 11 15  16 46  0.00     2.3714374804      13.657605390  
2020 11 15  16 47  0.00     2.3714357605      13.657592480  
2020 11 15  16 48  0.00     2.3714340407      13.657579569  
2020 11 15  16 49  0.00     2.3714323211      13.657566660  
2020 11 15  16 50  0.00     2.3714306016      13.657553750  
2020 11 15  16 51  0.00     2.3714288823      13.657540840  
2020 11 15  16 52  0.00     2.3714271631      13.657527931  
2020 11 15  16 53  0.00     2.3714254441      13.657515022  
2020 11 15  16 54  0.00     2.3714237253      13.657502113  
2020 11 15  16 55  0.00     2.3714220066      13.657489204  
2020 11 15  16 56  0.00     2.3714202881      13.657476296  
2020 11 15  16 57  0.00     2.3714185698      13.657463387  
2020 11 15  16 58  0.00     2.3714168516      13.657450479  
2020 11 15  16 59  0.00     2.3714151335      13.657437571  
2020 11 15  17  0  0.00     2.3714134157      13.657424664  
2020 11 15  17  1  0.00     2.3714116980      13.657411756  
2020 11 15  17  2  0.00     2.3714099804      13.657398849  
2020 11 15  17  3  0.00     2.3714082630      13.657385942  
2020 11 15  17  4  0.00     2.3714065458      13.657373035  
2020 11 15  17  5  0.00     2.3714048288      13.657360129  
2020 11 15  17  6  0.00     2.3714031119      13.657347222  
2020 11 15  17  7  0.00     2.3714013952      13.657334316  
2020 11 15  17  8  0.00     2.3713996787      13.657321410  
2020 11 15  17  9  0.00     2.3713979623      13.657308504  
2020 11 15  17 10  0.00     2.3713962461      13.657295599  
2020 11 15  17 11  0.00     2.3713945300      13.657282693  
2020 11 15  17 12  0.00     2.3713928142      13.657269788  
2020 11 15  17 13  0.00     2.3713910985      13.657256884  
2020 11 15  17 14  0.00     2.3713893830      13.657243979  
2020 11 15  17 15  0.00     2.3713876676      13.657231075  
2020 11 15  17 16  0.00     2.3713859524      13.657218171  
2020 11 15  17 17  0.00     2.3713842374      13.657205267  
2020 11 15  17 18  0.00     2.3713825226      13.657192363  
2020 11 15  17 19  0.00     2.3713808079      13.657179460  
2020 11 15  17 20  0.00     2.3713790934      13.657166557  
2020 11 15  17 21  0.00     2.3713773791      13.657153654  
2020 11 15  17 22  0.00     2.3713756650      13.657140751  
2020 11 15  17 23  0.00     2.3713739511      13.657127849  
2020 11 15  17 24  0.00     2.3713722373      13.657114947  
2020 11 15  17 25  0.00     2.3713705237      13.657102045  
2020 11 15  17 26  0.00     2.3713688103      13.657089143  
2020 11 15  17 27  0.00     2.3713670970      13.657076242  
2020 11 15  17 28  0.00     2.3713653840      13.657063341  
2020 11 15  17 29  0.00     2.3713636711      13.657050440  
2020 11 15  17 30  0.00     2.3713619584      13.657037539  
2020 11 15  17 31  0.00     2.3713602459      13.657024639  
2020 11 15  17 32  0.00     2.3713585335      13.657011739  
2020 11 15  17 33  0.00     2.3713568214      13.656998839  
2020 11 15  17 34  0.00     2.3713551094      13.656985940  
2020 11 15  17 35  0.00     2.3713533976      13.656973040  
2020 11 15  17 36  0.00     2.3713516860      13.656960141  
2020 11 15  17 37  0.00     2.3713499746      13.656947243  
2020 11 15  17 38  0.00     2.3713482634      13.656934344  
2020 11 15  17 39  0.00     2.3713465523      13.656921446  
2020 11 15  17 40  0.00     2.3713448415      13.656908549  
2020 11 15  17 41  0.00     2.3713431308      13.656895651  
2020 11 15  17 42  0.00     2.3713414203      13.656882754  
2020 11 15  17 43  0.00     2.3713397100      13.656869857  
2020 11 15  17 44  0.00     2.3713379999      13.656856960  
2020 11 15  17 45  0.00     2.3713362900      13.656844064  
2020 11 15  17 46  0.00     2.3713345803      13.656831168  
2020 11 15  17 47  0.00     2.3713328708      13.656818272  
2020 11 15  17 48  0.00     2.3713311614      13.656805377  
2020 11 15  17 49  0.00     2.3713294523      13.656792482  
2020 11 15  17 50  0.00     2.3713277433      13.656779587  
2020 11 15  17 51  0.00     2.3713260346      13.656766692  
2020 11 15  17 52  0.00     2.3713243260      13.656753798  
2020 11 15  17 53  0.00     2.3713226176      13.656740904  
2020 11 15  17 54  0.00     2.3713209094      13.656728011  
2020 11 15  17 55  0.00     2.3713192015      13.656715118  
2020 11 15  17 56  0.00     2.3713174937      13.656702225  
2020 11 15  17 57  0.00     2.3713157861      13.656689332  
2020 11 15  17 58  0.00     2.3713140787      13.656676440  
2020 11 15  17 59  0.00     2.3713123715      13.656663548  
2020 11 15  18  0  0.00     2.3713106645      13.656650656  
2020 11 15  18  1  0.00     2.3713089577      13.656637765  
2020 11 15  18  2  0.00     2.3713072511      13.656624874  
2020 11 15  18  3  0.00     2.3713055447      13.656611984  
2020 11 15  18  4  0.00     2.3713038385      13.656599093  
2020 11 15  18  5  0.00     2.3713021325      13.656586204  
2020 11 15  18  6  0.00     2.3713004267      13.656573314  
2020 11 15  18  7  0.00     2.3712987211      13.656560425  
2020 11 15  18  8  0.00     2.3712970157      13.656547536  
2020 11 15  18  9  0.00     2.3712953105      13.656534647  
2020 11 15  18 10  0.00     2.3712936056      13.656521759  
2020 11 15  18 11  0.00     2.3712919008      13.656508871  
2020 11 15  18 12  0.00     2.3712901962      13.656495984  
2020 11 15  18 13  0.00     2.3712884918      13.656483097  
2020 11 15  18 14  0.00     2.3712867877      13.656470210  
2020 11 15  18 15  0.00     2.3712850837      13.656457324  
2020 11 15  18 16  0.00     2.3712833799      13.656444438  
2020 11 15  18 17  0.00     2.3712816764      13.656431552  
2020 11 15  18 18  0.00     2.3712799731      13.656418667  
2020 11 15  18 19  0.00     2.3712782699      13.656405782  
2020 11 15  18 20  0.00     2.3712765670      13.656392898  
2020 11 15  18 21  0.00     2.3712748643      13.656380014  
2020 11 15  18 22  0.00     2.3712731618      13.656367130  
2020 11 15  18 23  0.00     2.3712714595      13.656354247  
2020 11 15  18 24  0.00     2.3712697574      13.656341364  
2020 11 15  18 25  0.00     2.3712680556      13.656328481  
2020 11 15  18 26  0.00     2.3712663539      13.656315599  
2020 11 15  18 27  0.00     2.3712646525      13.656302717  
2020 11 15  18 28  0.00     2.3712629513      13.656289836  
2020 11 15  18 29  0.00     2.3712612502      13.656276955  
2020 11 15  18 30  0.00     2.3712595494      13.656264075  
2020 11 15  18 31  0.00     2.3712578489      13.656251194  
2020 11 15  18 32  0.00     2.3712561485      13.656238315  
2020 11 15  18 33  0.00     2.3712544483      13.656225435  
2020 11 15  18 34  0.00     2.3712527484      13.656212557  
2020 11 15  18 35  0.00     2.3712510487      13.656199678  
2020 11 15  18 36  0.00     2.3712493492      13.656186800  
2020 11 15  18 37  0.00     2.3712476499      13.656173922  
2020 11 15  18 38  0.00     2.3712459508      13.656161045  
2020 11 15  18 39  0.00     2.3712442519      13.656148168  
2020 11 15  18 40  0.00     2.3712425533      13.656135292  
2020 11 15  18 41  0.00     2.3712408549      13.656122416  
2020 11 15  18 42  0.00     2.3712391567      13.656109541  
2020 11 15  18 43  0.00     2.3712374587      13.656096666  
2020 11 15  18 44  0.00     2.3712357610      13.656083791  
2020 11 15  18 45  0.00     2.3712340634      13.656070917  
2020 11 15  18 46  0.00     2.3712323661      13.656058043  
2020 11 15  18 47  0.00     2.3712306690      13.656045170  
2020 11 15  18 48  0.00     2.3712289722      13.656032297  
2020 11 15  18 49  0.00     2.3712272755      13.656019425  
2020 11 15  18 50  0.00     2.3712255791      13.656006553  
2020 11 15  18 51  0.00     2.3712238829      13.655993681  
2020 11 15  18 52  0.00     2.3712221869      13.655980810  
2020 11 15  18 53  0.00     2.3712204912      13.655967940  
2020 11 15  18 54  0.00     2.3712187957      13.655955070  
2020 11 15  18 55  0.00     2.3712171004      13.655942200  
2020 11 15  18 56  0.00     2.3712154053      13.655929331  
2020 11 15  18 57  0.00     2.3712137105      13.655916463  
2020 11 15  18 58  0.00     2.3712120159      13.655903594  
2020 11 15  18 59  0.00     2.3712103215      13.655890727  
2020 11 15  19  0  0.00     2.3712086273      13.655877860  
2020 11 15  19  1  0.00     2.3712069334      13.655864993  
2020 11 15  19  2  0.00     2.3712052397      13.655852127  
2020 11 15  19  3  0.00     2.3712035462      13.655839261  
2020 11 15  19  4  0.00     2.3712018530      13.655826396  
2020 11 15  19  5  0.00     2.3712001599      13.655813531  
2020 11 15  19  6  0.00     2.3711984672      13.655800667  
2020 11 15  19  7  0.00     2.3711967746      13.655787803  
2020 11 15  19  8  0.00     2.3711950823      13.655774940  
2020 11 15  19  9  0.00     2.3711933902      13.655762077  
2020 11 15  19 10  0.00     2.3711916984      13.655749215  
2020 11 15  19 11  0.00     2.3711900067      13.655736353  
2020 11 15  19 12  0.00     2.3711883153      13.655723492  
2020 11 15  19 13  0.00     2.3711866242      13.655710632  
2020 11 15  19 14  0.00     2.3711849333      13.655697771  
2020 11 15  19 15  0.00     2.3711832426      13.655684912  
2020 11 15  19 16  0.00     2.3711815521      13.655672053  
2020 11 15  19 17  0.00     2.3711798619      13.655659194  
2020 11 15  19 18  0.00     2.3711781719      13.655646336  
2020 11 15  19 19  0.00     2.3711764822      13.655633479  
2020 11 15  19 20  0.00     2.3711747927      13.655620622  
2020 11 15  19 21  0.00     2.3711731034      13.655607766  
2020 11 15  19 22  0.00     2.3711714144      13.655594910  
2020 11 15  19 23  0.00     2.3711697256      13.655582055  
2020 11 15  19 24  0.00     2.3711680370      13.655569200  
2020 11 15  19 25  0.00     2.3711663487      13.655556346  
2020 11 15  19 26  0.00     2.3711646606      13.655543492  
2020 11 15  19 27  0.00     2.3711629728      13.655530639  
2020 11 15  19 28  0.00     2.3711612852      13.655517787  
2020 11 15  19 29  0.00     2.3711595978      13.655504935  
2020 11 15  19 30  0.00     2.3711579107      13.655492083  
2020 11 15  19 31  0.00     2.3711562238      13.655479233  
2020 11 15  19 32  0.00     2.3711545371      13.655466382  
2020 11 15  19 33  0.00     2.3711528507      13.655453533  
2020 11 15  19 34  0.00     2.3711511646      13.655440684  
2020 11 15  19 35  0.00     2.3711494786      13.655427835  
2020 11 15  19 36  0.00     2.3711477930      13.655414988  
2020 11 15  19 37  0.00     2.3711461075      13.655402140  
2020 11 15  19 38  0.00     2.3711444223      13.655389294  
2020 11 15  19 39  0.00     2.3711427374      13.655376448  
2020 11 15  19 40  0.00     2.3711410527      13.655363602  
2020 11 15  19 41  0.00     2.3711393682      13.655350757  
2020 11 15  19 42  0.00     2.3711376840      13.655337913  
2020 11 15  19 43  0.00     2.3711360000      13.655325069  
2020 11 15  19 44  0.00     2.3711343163      13.655312226  
2020 11 15  19 45  0.00     2.3711326328      13.655299384  
2020 11 15  19 46  0.00     2.3711309496      13.655286542  
2020 11 15  19 47  0.00     2.3711292666      13.655273701  
2020 11 15  19 48  0.00     2.3711275839      13.655260860  
2020 11 15  19 49  0.00     2.3711259014      13.655248020  
2020 11 15  19 50  0.00     2.3711242191      13.655235181  
2020 11 15  19 51  0.00     2.3711225371      13.655222343  
2020 11 15  19 52  0.00     2.3711208554      13.655209504  
2020 11 15  19 53  0.00     2.3711191739      13.655196667  
2020 11 15  19 54  0.00     2.3711174926      13.655183830  
2020 11 15  19 55  0.00     2.3711158116      13.655170994  
2020 11 15  19 56  0.00     2.3711141308      13.655158159  
2020 11 15  19 57  0.00     2.3711124503      13.655145324  
2020 11 15  19 58  0.00     2.3711107701      13.655132490  
2020 11 15  19 59  0.00     2.3711090900      13.655119656  
2020 11 15  20  0  0.00     2.3711074103      13.655106824  
2020 11 15  20  1  0.00     2.3711057308      13.655093991  
2020 11 15  20  2  0.00     2.3711040515      13.655081160  
2020 11 15  20  3  0.00     2.3711023725      13.655068329  
2020 11 15  20  4  0.00     2.3711006937      13.655055499  
2020 11 15  20  5  0.00     2.3710990152      13.655042670  
2020 11 15  20  6  0.00     2.3710973370      13.655029841  
2020 11 15  20  7  0.00     2.3710956590      13.655017013  
2020 11 15  20  8  0.00     2.3710939812      13.655004185  
2020 11 15  20  9  0.00     2.3710923037      13.654991359  
2020 11 15  20 10  0.00     2.3710906265      13.654978533  
2020 11 15  20 11  0.00     2.3710889495      13.654965707  
2020 11 15  20 12  0.00     2.3710872727      13.654952883  
2020 11 15  20 13  0.00     2.3710855962      13.654940059  
2020 11 15  20 14  0.00     2.3710839200      13.654927235  
2020 11 15  20 15  0.00     2.3710822440      13.654914413  
2020 11 15  20 16  0.00     2.3710805683      13.654901591  
2020 11 15  20 17  0.00     2.3710788928      13.654888770  
2020 11 15  20 18  0.00     2.3710772176      13.654875950  
2020 11 15  20 19  0.00     2.3710755427      13.654863130  
2020 11 15  20 20  0.00     2.3710738679      13.654850311  
2020 11 15  20 21  0.00     2.3710721935      13.654837493  
2020 11 15  20 22  0.00     2.3710705193      13.654824675  
2020 11 15  20 23  0.00     2.3710688454      13.654811859  
2020 11 15  20 24  0.00     2.3710671717      13.654799043  
2020 11 15  20 25  0.00     2.3710654983      13.654786227  
2020 11 15  20 26  0.00     2.3710638251      13.654773413  
2020 11 15  20 27  0.00     2.3710621522      13.654760599  
2020 11 15  20 28  0.00     2.3710604795      13.654747786  
2020 11 15  20 29  0.00     2.3710588071      13.654734974  
2020 11 15  20 30  0.00     2.3710571350      13.654722162  
2020 11 15  20 31  0.00     2.3710554631      13.654709352  
2020 11 15  20 32  0.00     2.3710537915      13.654696542  
2020 11 15  20 33  0.00     2.3710521201      13.654683732  
2020 11 15  20 34  0.00     2.3710504490      13.654670924  
2020 11 15  20 35  0.00     2.3710487781      13.654658116  
2020 11 15  20 36  0.00     2.3710471075      13.654645309  
2020 11 15  20 37  0.00     2.3710454372      13.654632503  
2020 11 15  20 38  0.00     2.3710437671      13.654619698  
2020 11 15  20 39  0.00     2.3710420973      13.654606893  
2020 11 15  20 40  0.00     2.3710404278      13.654594090  
2020 11 15  20 41  0.00     2.3710387585      13.654581287  
2020 11 15  20 42  0.00     2.3710370894      13.654568484  
2020 11 15  20 43  0.00     2.3710354207      13.654555683  
2020 11 15  20 44  0.00     2.3710337521      13.654542883  
2020 11 15  20 45  0.00     2.3710320839      13.654530083  
2020 11 15  20 46  0.00     2.3710304159      13.654517284  
---
2020 11 16  10 53  0.00     2.3696784641      13.644218651  
2020 11 16  10 54  0.00     2.3696768788      13.644207239  
2020 11 16  10 55  0.00     2.3696752934      13.644195829  
2020 11 16  10 56  0.00     2.3696737079      13.644184420  
2020 11 16  10 57  0.00     2.3696721224      13.644173013  
2020 11 16  10 58  0.00     2.3696705368      13.644161607  
2020 11 16  10 59  0.00     2.3696689512      13.644150203  
2020 11 16  11  0  0.00     2.3696673655      13.644138801  
2020 11 16  11  1  0.00     2.3696657797      13.644127400  
2020 11 16  11  2  0.00     2.3696641938      13.644116001  
2020 11 16  11  3  0.00     2.3696626079      13.644104603  
2020 11 16  11  4  0.00     2.3696610219      13.644093207  
2020 11 16  11  5  0.00     2.3696594358      13.644081812  
2020 11 16  11  6  0.00     2.3696578497      13.644070419  
2020 11 16  11  7  0.00     2.3696562635      13.644059027  
2020 11 16  11  8  0.00     2.3696546773      13.644047637  
2020 11 16  11  9  0.00     2.3696530910      13.644036249  
2020 11 16  11 10  0.00     2.3696515046      13.644024862  
2020 11 16  11 11  0.00     2.3696499181      13.644013476  
2020 11 16  11 12  0.00     2.3696483316      13.644002093  
2020 11 16  11 13  0.00     2.3696467450      13.643990710  
2020 11 16  11 14  0.00     2.3696451584      13.643979330  
2020 11 16  11 15  0.00     2.3696435717      13.643967950  
2020 11 16  11 16  0.00     2.3696419849      13.643956573  
2020 11 16  11 17  0.00     2.3696403981      13.643945196  
2020 11 16  11 18  0.00     2.3696388112      13.643933822  
2020 11 16  11 19  0.00     2.3696372242      13.643922449  
2020 11 16  11 20  0.00     2.3696356372      13.643911077  
2020 11 16  11 21  0.00     2.3696340501      13.643899707  
2020 11 16  11 22  0.00     2.3696324629      13.643888339  
2020 11 16  11 23  0.00     2.3696308757      13.643876972  
2020 11 16  11 24  0.00     2.3696292884      13.643865606  
2020 11 16  11 25  0.00     2.3696277011      13.643854242  
2020 11 16  11 26  0.00     2.3696261136      13.643842880  
2020 11 16  11 27  0.00     2.3696245262      13.643831519  
2020 11 16  11 28  0.00     2.3696229386      13.643820160  
2020 11 16  11 29  0.00     2.3696213511      13.643808802  
2020 11 16  11 30  0.00     2.3696197634      13.643797445  
2020 11 16  11 31  0.00     2.3696181757      13.643786091  
2020 11 16  11 32  0.00     2.3696165879      13.643774737  
2020 11 16  11 33  0.00     2.3696150001      13.643763385  
2020 11 16  11 34  0.00     2.3696134122      13.643752035  
2020 11 16  11 35  0.00     2.3696118242      13.643740686  
2020 11 16  11 36  0.00     2.3696102362      13.643729339  
2020 11 16  11 37  0.00     2.3696086481      13.643717993  
2020 11 16  11 38  0.00     2.3696070600      13.643706649  
2020 11 16  11 39  0.00     2.3696054718      13.643695306  
2020 11 16  11 40  0.00     2.3696038835      13.643683965  
2020 11 16  11 41  0.00     2.3696022952      13.643672625  
2020 11 16  11 42  0.00     2.3696007069      13.643661287  
2020 11 16  11 43  0.00     2.3695991184      13.643649950  
2020 11 16  11 44  0.00     2.3695975299      13.643638615  
2020 11 16  11 45  0.00     2.3695959414      13.643627281  
2020 11 16  11 46  0.00     2.3695943528      13.643615949  
2020 11 16  11 47  0.00     2.3695927641      13.643604618  
2020 11 16  11 48  0.00     2.3695911754      13.643593289  
2020 11 16  11 49  0.00     2.3695895867      13.643581961  
2020 11 16  11 50  0.00     2.3695879978      13.643570635  
2020 11 16  11 51  0.00     2.3695864090      13.643559310  
2020 11 16  11 52  0.00     2.3695848200      13.643547987  
2020 11 16  11 53  0.00     2.3695832310      13.643536665  
2020 11 16  11 54  0.00     2.3695816420      13.643525344  
2020 11 16  11 55  0.00     2.3695800529      13.643514026  
2020 11 16  11 56  0.00     2.3695784637      13.643502708  
2020 11 16  11 57  0.00     2.3695768745      13.643491392  
2020 11 16  11 58  0.00     2.3695752853      13.643480078  
2020 11 16  11 59  0.00     2.3695736959      13.643468765  
2020 11 16  12  0  0.00     2.3695721066      13.643457453  
2020 11 16  12  1  0.00     2.3695705171      13.643446143  
2020 11 16  12  2  0.00     2.3695689277      13.643434835  
2020 11 16  12  3  0.00     2.3695673381      13.643423528  
2020 11 16  12  4  0.00     2.3695657486      13.643412222  
2020 11 16  12  5  0.00     2.3695641589      13.643400918  
2020 11 16  12  6  0.00     2.3695625693      13.643389615  
2020 11 16  12  7  0.00     2.3695609795      13.643378314  
2020 11 16  12  8  0.00     2.3695593898      13.643367015  
2020 11 16  12  9  0.00     2.3695577999      13.643355716  
2020 11 16  12 10  0.00     2.3695562100      13.643344419  
2020 11 16  12 11  0.00     2.3695546201      13.643333124  
2020 11 16  12 12  0.00     2.3695530301      13.643321830  
2020 11 16  12 13  0.00     2.3695514401      13.643310538  
2020 11 16  12 14  0.00     2.3695498500      13.643299247  
2020 11 16  12 15  0.00     2.3695482599      13.643287957  
2020 11 16  12 16  0.00     2.3695466697      13.643276669  
2020 11 16  12 17  0.00     2.3695450795      13.643265383  
2020 11 16  12 18  0.00     2.3695434893      13.643254098  
2020 11 16  12 19  0.00     2.3695418990      13.643242814  
2020 11 16  12 20  0.00     2.3695403086      13.643231532  
2020 11 16  12 21  0.00     2.3695387182      13.643220251  
2020 11 16  12 22  0.00     2.3695371277      13.643208972  
2020 11 16  12 23  0.00     2.3695355373      13.643197694  
2020 11 16  12 24  0.00     2.3695339467      13.643186418  
2020 11 16  12 25  0.00     2.3695323561      13.643175143  
2020 11 16  12 26  0.00     2.3695307655      13.643163869  
2020 11 16  12 27  0.00     2.3695291748      13.643152597  
2020 11 16  12 28  0.00     2.3695275841      13.643141326  
2020 11 16  12 29  0.00     2.3695259934      13.643130057  
2020 11 16  12 30  0.00     2.3695244026      13.643118790  
2020 11 16  12 31  0.00     2.3695228117      13.643107523  
2020 11 16  12 32  0.00     2.3695212209      13.643096258  
2020 11 16  12 33  0.00     2.3695196299      13.643084995  
2020 11 16  12 34  0.00     2.3695180390      13.643073733  
2020 11 16  12 35  0.00     2.3695164480      13.643062472  
2020 11 16  12 36  0.00     2.3695148569      13.643051213  
2020 11 16  12 37  0.00     2.3695132659      13.643039956  
2020 11 16  12 38  0.00     2.3695116747      13.643028699  
2020 11 16  12 39  0.00     2.3695100836      13.643017445  
2020 11 16  12 40  0.00     2.3695084924      13.643006191  
2020 11 16  12 41  0.00     2.3695069011      13.642994939  
2020 11 16  12 42  0.00     2.3695053099      13.642983689  
2020 11 16  12 43  0.00     2.3695037186      13.642972440  
2020 11 16  12 44  0.00     2.3695021272      13.642961192  
2020 11 16  12 45  0.00     2.3695005358      13.642949946  
2020 11 16  12 46  0.00     2.3694989444      13.642938701  
2020 11 16  12 47  0.00     2.3694973530      13.642927458  
2020 11 16  12 48  0.00     2.3694957615      13.642916216  
2020 11 16  12 49  0.00     2.3694941700      13.642904975  
2020 11 16  12 50  0.00     2.3694925784      13.642893736  
2020 11 16  12 51  0.00     2.3694909868      13.642882498  
2020 11 16  12 52  0.00     2.3694893952      13.642871262  
2020 11 16  12 53  0.00     2.3694878035      13.642860027  
2020 11 16  12 54  0.00     2.3694862118      13.642848794  
2020 11 16  12 55  0.00     2.3694846201      13.642837562  
2020 11 16  12 56  0.00     2.3694830284      13.642826331  
2020 11 16  12 57  0.00     2.3694814366      13.642815102  
2020 11 16  12 58  0.00     2.3694798448      13.642803874  
2020 11 16  12 59  0.00     2.3694782529      13.642792648  
2020 11 16  13  0  0.00     2.3694766611      13.642781423  
2020 11 16  13  1  0.00     2.3694750691      13.642770199  
2020 11 16  13  2  0.00     2.3694734772      13.642758977  
2020 11 16  13  3  0.00     2.3694718853      13.642747756  
2020 11 16  13  4  0.00     2.3694702933      13.642736537  
2020 11 16  13  5  0.00     2.3694687013      13.642725319  
2020 11 16  13  6  0.00     2.3694671092      13.642714103  
2020 11 16  13  7  0.00     2.3694655171      13.642702888  
2020 11 16  13  8  0.00     2.3694639250      13.642691674  
2020 11 16  13  9  0.00     2.3694623329      13.642680462  
2020 11 16  13 10  0.00     2.3694607408      13.642669251  
2020 11 16  13 11  0.00     2.3694591486      13.642658041  
2020 11 16  13 12  0.00     2.3694575564      13.642646833  
2020 11 16  13 13  0.00     2.3694559642      13.642635627  
2020 11 16  13 14  0.00     2.3694543720      13.642624421  
2020 11 16  13 15  0.00     2.3694527797      13.642613217  
2020 11 16  13 16  0.00     2.3694511874      13.642602015  
2020 11 16  13 17  0.00     2.3694495951      13.642590814  
2020 11 16  13 18  0.00     2.3694480028      13.642579614  
2020 11 16  13 19  0.00     2.3694464104      13.642568416  
2020 11 16  13 20  0.00     2.3694448181      13.642557219  
2020 11 16  13 21  0.00     2.3694432257      13.642546024  
2020 11 16  13 22  0.00     2.3694416333      13.642534830  
2020 11 16  13 23  0.00     2.3694400408      13.642523637  
2020 11 16  13 24  0.00     2.3694384484      13.642512446  
2020 11 16  13 25  0.00     2.3694368559      13.642501256  
2020 11 16  13 26  0.00     2.3694352635      13.642490067  
2020 11 16  13 27  0.00     2.3694336710      13.642478880  
2020 11 16  13 28  0.00     2.3694320784      13.642467694  
2020 11 16  13 29  0.00     2.3694304859      13.642456510  
2020 11 16  13 30  0.00     2.3694288934      13.642445327  
2020 11 16  13 31  0.00     2.3694273008      13.642434146  
2020 11 16  13 32  0.00     2.3694257082      13.642422965  
2020 11 16  13 33  0.00     2.3694241157      13.642411787  
2020 11 16  13 34  0.00     2.3694225231      13.642400609  
2020 11 16  13 35  0.00     2.3694209304      13.642389433  
2020 11 16  13 36  0.00     2.3694193378      13.642378259  
2020 11 16  13 37  0.00     2.3694177452      13.642367085  
2020 11 16  13 38  0.00     2.3694161525      13.642355913  
2020 11 16  13 39  0.00     2.3694145599      13.642344743  
2020 11 16  13 40  0.00     2.3694129672      13.642333574  
2020 11 16  13 41  0.00     2.3694113745      13.642322406  
2020 11 16  13 42  0.00     2.3694097818      13.642311240  
2020 11 16  13 43  0.00     2.3694081891      13.642300075  
2020 11 16  13 44  0.00     2.3694065964      13.642288911  
2020 11 16  13 45  0.00     2.3694050037      13.642277749  
2020 11 16  13 46  0.00     2.3694034110      13.642266588  
2020 11 16  13 47  0.00     2.3694018183      13.642255429  
2020 11 16  13 48  0.00     2.3694002256      13.642244271  
2020 11 16  13 49  0.00     2.3693986328      13.642233114  
2020 11 16  13 50  0.00     2.3693970401      13.642221959  
2020 11 16  13 51  0.00     2.3693954473      13.642210805  
2020 11 16  13 52  0.00     2.3693938546      13.642199653  
2020 11 16  13 53  0.00     2.3693922618      13.642188502  
2020 11 16  13 54  0.00     2.3693906691      13.642177352  
2020 11 16  13 55  0.00     2.3693890763      13.642166203  
2020 11 16  13 56  0.00     2.3693874836      13.642155056  
2020 11 16  13 57  0.00     2.3693858908      13.642143911  
2020 11 16  13 58  0.00     2.3693842981      13.642132766  
2020 11 16  13 59  0.00     2.3693827053      13.642121624  
2020 11 16  14  0  0.00     2.3693811125      13.642110482  
2020 11 16  14  1  0.00     2.3693795198      13.642099342  
2020 11 16  14  2  0.00     2.3693779270      13.642088203  
2020 11 16  14  3  0.00     2.3693763343      13.642077066  
2020 11 16  14  4  0.00     2.3693747415      13.642065930  
2020 11 16  14  5  0.00     2.3693731488      13.642054795  
2020 11 16  14  6  0.00     2.3693715560      13.642043662  
2020 11 16  14  7  0.00     2.3693699633      13.642032530  
2020 11 16  14  8  0.00     2.3693683706      13.642021399  
2020 11 16  14  9  0.00     2.3693667778      13.642010270  
2020 11 16  14 10  0.00     2.3693651851      13.641999142  
2020 11 16  14 11  0.00     2.3693635924      13.641988016  
2020 11 16  14 12  0.00     2.3693619997      13.641976891  
2020 11 16  14 13  0.00     2.3693604070      13.641965767  
2020 11 16  14 14  0.00     2.3693588143      13.641954645  
2020 11 16  14 15  0.00     2.3693572216      13.641943524  
2020 11 16  14 16  0.00     2.3693556290      13.641932404  
2020 11 16  14 17  0.00     2.3693540363      13.641921286  
2020 11 16  14 18  0.00     2.3693524436      13.641910169  
2020 11 16  14 19  0.00     2.3693508510      13.641899054  
2020 11 16  14 20  0.00     2.3693492584      13.641887940  
2020 11 16  14 21  0.00     2.3693476658      13.641876827  
2020 11 16  14 22  0.00     2.3693460732      13.641865716  
2020 11 16  14 23  0.00     2.3693444806      13.641854606  
2020 11 16  14 24  0.00     2.3693428880      13.641843497  
2020 11 16  14 25  0.00     2.3693412954      13.641832390  
2020 11 16  14 26  0.00     2.3693397029      13.641821284  
2020 11 16  14 27  0.00     2.3693381104      13.641810179  
2020 11 16  14 28  0.00     2.3693365179      13.641799076  
2020 11 16  14 29  0.00     2.3693349254      13.641787974  
2020 11 16  14 30  0.00     2.3693333329      13.641776874  
2020 11 16  14 31  0.00     2.3693317404      13.641765775  
2020 11 16  14 32  0.00     2.3693301480      13.641754677  
2020 11 16  14 33  0.00     2.3693285556      13.641743581  
2020 11 16  14 34  0.00     2.3693269632      13.641732486  
2020 11 16  14 35  0.00     2.3693253708      13.641721392  
2020 11 16  14 36  0.00     2.3693237784      13.641710300  
2020 11 16  14 37  0.00     2.3693221861      13.641699209  
2020 11 16  14 38  0.00     2.3693205938      13.641688120  
2020 11 16  14 39  0.00     2.3693190015      13.641677032  
2020 11 16  14 40  0.00     2.3693174092      13.641665945  
2020 11 16  14 41  0.00     2.3693158170      13.641654859  
2020 11 16  14 42  0.00     2.3693142248      13.641643775  
2020 11 16  14 43  0.00     2.3693126326      13.641632693  
2020 11 16  14 44  0.00     2.3693110404      13.641621611  
2020 11 16  14 45  0.00     2.3693094483      13.641610531  
2020 11 16  14 46  0.00     2.3693078562      13.641599453  
2020 11 16  14 47  0.00     2.3693062641      13.641588376  
2020 11 16  14 48  0.00     2.3693046720      13.641577300  
2020 11 16  14 49  0.00     2.3693030800      13.641566225  
2020 11 16  14 50  0.00     2.3693014880      13.641555152  
2020 11 16  14 51  0.00     2.3692998960      13.641544080  
2020 11 16  14 52  0.00     2.3692983041      13.641533010  
2020 11 16  14 53  0.00     2.3692967122      13.641521941  
2020 11 16  14 54  0.00     2.3692951203      13.641510873  
2020 11 16  14 55  0.00     2.3692935285      13.641499807  
2020 11 16  14 56  0.00     2.3692919367      13.641488742  
2020 11 16  14 57  0.00     2.3692903449      13.641477679  
2020 11 16  14 58  0.00     2.3692887532      13.641466616  
2020 11 16  14 59  0.00     2.3692871615      13.641455556  
2020 11 16  15  0  0.00     2.3692855698      13.641444496  
2020 11 16  15  1  0.00     2.3692839782      13.641433438  
2020 11 16  15  2  0.00     2.3692823866      13.641422381  
2020 11 16  15  3  0.00     2.3692807950      13.641411326  
2020 11 16  15  4  0.00     2.3692792035      13.641400272  
2020 11 16  15  5  0.00     2.3692776120      13.641389219  
2020 11 16  15  6  0.00     2.3692760206      13.641378168  
2020 11 16  15  7  0.00     2.3692744292      13.641367118  
2020 11 16  15  8  0.00     2.3692728378      13.641356070  
2020 11 16  15  9  0.00     2.3692712465      13.641345023  
2020 11 16  15 10  0.00     2.3692696552      13.641333977  
2020 11 16  15 11  0.00     2.3692680640      13.641322932  
2020 11 16  15 12  0.00     2.3692664728      13.641311889  
2020 11 16  15 13  0.00     2.3692648817      13.641300848  
2020 11 16  15 14  0.00     2.3692632906      13.641289807  
2020 11 16  15 15  0.00     2.3692616995      13.641278769  
2020 11 16  15 16  0.00     2.3692601085      13.641267731  
2020 11 16  15 17  0.00     2.3692585175      13.641256695  
2020 11 16  15 18  0.00     2.3692569266      13.641245660  
2020 11 16  15 19  0.00     2.3692553357      13.641234627  
2020 11 16  15 20  0.00     2.3692537449      13.641223594  
2020 11 16  15 21  0.00     2.3692521541      13.641212564  
2020 11 16  15 22  0.00     2.3692505634      13.641201534  
2020 11 16  15 23  0.00     2.3692489727      13.641190506  
2020 11 16  15 24  0.00     2.3692473821      13.641179480  
2020 11 16  15 25  0.00     2.3692457915      13.641168455  
2020 11 16  15 26  0.00     2.3692442010      13.641157431  
2020 11 16  15 27  0.00     2.3692426106      13.641146408  
2020 11 16  15 28  0.00     2.3692410201      13.641135387  
2020 11 16  15 29  0.00     2.3692394298      13.641124368  
2020 11 16  15 30  0.00     2.3692378395      13.641113349  
2020 11 16  15 31  0.00     2.3692362492      13.641102332  
2020 11 16  15 32  0.00     2.3692346590      13.641091317  
2020 11 16  15 33  0.00     2.3692330689      13.641080303  
2020 11 16  15 34  0.00     2.3692314788      13.641069290  
2020 11 16  15 35  0.00     2.3692298888      13.641058278  
2020 11 16  15 36  0.00     2.3692282988      13.641047268  
2020 11 16  15 37  0.00     2.3692267089      13.641036259  
2020 11 16  15 38  0.00     2.3692251190      13.641025252  
2020 11 16  15 39  0.00     2.3692235292      13.641014246  
2020 11 16  15 40  0.00     2.3692219395      13.641003242  
2020 11 16  15 41  0.00     2.3692203498      13.640992239  
2020 11 16  15 42  0.00     2.3692187602      13.640981237  
2020 11 16  15 43  0.00     2.3692171707      13.640970236  
2020 11 16  15 44  0.00     2.3692155812      13.640959237  
2020 11 16  15 45  0.00     2.3692139918      13.640948240  
2020 11 16  15 46  0.00     2.3692124024      13.640937243  
2020 11 16  15 47  0.00     2.3692108131      13.640926249  
2020 11 16  15 48  0.00     2.3692092239      13.640915255  
2020 11 16  15 49  0.00     2.3692076347      13.640904263  
2020 11 16  15 50  0.00     2.3692060457      13.640893272  
2020 11 16  15 51  0.00     2.3692044566      13.640882283  
2020 11 16  15 52  0.00     2.3692028677      13.640871295  
2020 11 16  15 53  0.00     2.3692012788      13.640860308  
2020 11 16  15 54  0.00     2.3691996900      13.640849323  
2020 11 16  15 55  0.00     2.3691981012      13.640838340  
2020 11 16  15 56  0.00     2.3691965125      13.640827357  
2020 11 16  15 57  0.00     2.3691949239      13.640816376  
2020 11 16  15 58  0.00     2.3691933354      13.640805397  
2020 11 16  15 59  0.00     2.3691917469      13.640794418  
2020 11 16  16  0  0.00     2.3691901585      13.640783442  
2020 11 16  16  1  0.00     2.3691885702      13.640772466  
2020 11 16  16  2  0.00     2.3691869820      13.640761492  
2020 11 16  16  3  0.00     2.3691853938      13.640750520  
2020 11 16  16  4  0.00     2.3691838057      13.640739548  
2020 11 16  16  5  0.00     2.3691822177      13.640728579  
2020 11 16  16  6  0.00     2.3691806298      13.640717610  
2020 11 16  16  7  0.00     2.3691790419      13.640706643  
2020 11 16  16  8  0.00     2.3691774541      13.640695677  
2020 11 16  16  9  0.00     2.3691758664      13.640684713  
2020 11 16  16 10  0.00     2.3691742788      13.640673750  
2020 11 16  16 11  0.00     2.3691726912      13.640662789  
2020 11 16  16 12  0.00     2.3691711038      13.640651829  
2020 11 16  16 13  0.00     2.3691695164      13.640640870  
2020 11 16  16 14  0.00     2.3691679291      13.640629913  
2020 11 16  16 15  0.00     2.3691663419      13.640618957  
2020 11 16  16 16  0.00     2.3691647547      13.640608003  
2020 11 16  16 17  0.00     2.3691631677      13.640597050  
2020 11 16  16 18  0.00     2.3691615807      13.640586098  
2020 11 16  16 19  0.00     2.3691599938      13.640575148  
2020 11 16  16 20  0.00     2.3691584070      13.640564199  
2020 11 16  16 21  0.00     2.3691568203      13.640553252  
2020 11 16  16 22  0.00     2.3691552337      13.640542306  
2020 11 16  16 23  0.00     2.3691536471      13.640531362  
2020 11 16  16 24  0.00     2.3691520607      13.640520419  
2020 11 16  16 25  0.00     2.3691504743      13.640509477  
2020 11 16  16 26  0.00     2.3691488880      13.640498537  
2020 11 16  16 27  0.00     2.3691473019      13.640487598  
2020 11 16  16 28  0.00     2.3691457158      13.640476660  
2020 11 16  16 29  0.00     2.3691441298      13.640465724  
2020 11 16  16 30  0.00     2.3691425438      13.640454790  
2020 11 16  16 31  0.00     2.3691409580      13.640443856  
2020 11 16  16 32  0.00     2.3691393723      13.640432925  
2020 11 16  16 33  0.00     2.3691377867      13.640421994  
2020 11 16  16 34  0.00     2.3691362011      13.640411065  
2020 11 16  16 35  0.00     2.3691346157      13.640400138  
2020 11 16  16 36  0.00     2.3691330303      13.640389212  
2020 11 16  16 37  0.00     2.3691314451      13.640378287  
2020 11 16  16 38  0.00     2.3691298599      13.640367364  
2020 11 16  16 39  0.00     2.3691282748      13.640356442  
2020 11 16  16 40  0.00     2.3691266899      13.640345522  
2020 11 16  16 41  0.00     2.3691251050      13.640334603  
2020 11 16  16 42  0.00     2.3691235203      13.640323686  
2020 11 16  16 43  0.00     2.3691219356      13.640312769  
2020 11 16  16 44  0.00     2.3691203510      13.640301855  
2020 11 16  16 45  0.00     2.3691187666      13.640290942  
2020 11 16  16 46  0.00     2.3691171822      13.640280030  
2020 11 16  16 47  0.00     2.3691155979      13.640269120  
2020 11 16  16 48  0.00     2.3691140138      13.640258211  
2020 11 16  16 49  0.00     2.3691124297      13.640247303  
2020 11 16  16 50  0.00     2.3691108458      13.640236397  
2020 11 16  16 51  0.00     2.3691092619      13.640225493  
2020 11 16  16 52  0.00     2.3691076782      13.640214590  
2020 11 16  16 53  0.00     2.3691060945      13.640203688  
2020 11 16  16 54  0.00     2.3691045110      13.640192788  
2020 11 16  16 55  0.00     2.3691029276      13.640181889  
2020 11 16  16 56  0.00     2.3691013442      13.640170992  
2020 11 16  16 57  0.00     2.3690997610      13.640160096  
2020 11 16  16 58  0.00     2.3690981779      13.640149202  
2020 11 16  16 59  0.00     2.3690965949      13.640138309  
2020 11 16  17  0  0.00     2.3690950121      13.640127417  
2020 11 16  17  1  0.00     2.3690934293      13.640116527  
2020 11 16  17  2  0.00     2.3690918466      13.640105639  
2020 11 16  17  3  0.00     2.3690902641      13.640094752  
2020 11 16  17  4  0.00     2.3690886816      13.640083866  
2020 11 16  17  5  0.00     2.3690870993      13.640072982  
2020 11 16  17  6  0.00     2.3690855171      13.640062099  
2020 11 16  17  7  0.00     2.3690839350      13.640051218  
2020 11 16  17  8  0.00     2.3690823530      13.640040338  
2020 11 16  17  9  0.00     2.3690807711      13.640029460  
2020 11 16  17 10  0.00     2.3690791894      13.640018583  
2020 11 16  17 11  0.00     2.3690776077      13.640007708  
2020 11 16  17 12  0.00     2.3690760262      13.639996834  
2020 11 16  17 13  0.00     2.3690744448      13.639985961  
2020 11 16  17 14  0.00     2.3690728635      13.639975090  
2020 11 16  17 15  0.00     2.3690712823      13.639964221  
2020 11 16  17 16  0.00     2.3690697013      13.639953353  
2020 11 16  17 17  0.00     2.3690681204      13.639942486  
2020 11 16  17 18  0.00     2.3690665396      13.639931621  
2020 11 16  17 19  0.00     2.3690649589      13.639920758  
2020 11 16  17 20  0.00     2.3690633783      13.639909896  
2020 11 16  17 21  0.00     2.3690617978      13.639899035  
2020 11 16  17 22  0.00     2.3690602175      13.639888176  
2020 11 16  17 23  0.00     2.3690586373      13.639877318  
2020 11 16  17 24  0.00     2.3690570572      13.639866462  
2020 11 16  17 25  0.00     2.3690554773      13.639855607  
2020 11 16  17 26  0.00     2.3690538975      13.639844754  
2020 11 16  17 27  0.00     2.3690523178      13.639833903  
2020 11 16  17 28  0.00     2.3690507382      13.639823053  
2020 11 16  17 29  0.00     2.3690491587      13.639812204  
2020 11 16  17 30  0.00     2.3690475794      13.639801357  
2020 11 16  17 31  0.00     2.3690460002      13.639790511  
2020 11 16  17 32  0.00     2.3690444211      13.639779667  
2020 11 16  17 33  0.00     2.3690428422      13.639768824  
2020 11 16  17 34  0.00     2.3690412634      13.639757983  
2020 11 16  17 35  0.00     2.3690396847      13.639747143  
2020 11 16  17 36  0.00     2.3690381061      13.639736305  
2020 11 16  17 37  0.00     2.3690365277      13.639725469  
2020 11 16  17 38  0.00     2.3690349494      13.639714634  
2020 11 16  17 39  0.00     2.3690333713      13.639703800  
2020 11 16  17 40  0.00     2.3690317933      13.639692968  
2020 11 16  17 41  0.00     2.3690302154      13.639682137  
2020 11 16  17 42  0.00     2.3690286376      13.639671308  
2020 11 16  17 43  0.00     2.3690270600      13.639660481  
2020 11 16  17 44  0.00     2.3690254825      13.639649655  
2020 11 16  17 45  0.00     2.3690239051      13.639638830  
2020 11 16  17 46  0.00     2.3690223279      13.639628007  
2020 11 16  17 47  0.00     2.3690207508      13.639617186  
2020 11 16  17 48  0.00     2.3690191739      13.639606366  
2020 11 16  17 49  0.00     2.3690175971      13.639595548  
2020 11 16  17 50  0.00     2.3690160204      13.639584731  
2020 11 16  17 51  0.00     2.3690144439      13.639573915  
2020 11 16  17 52  0.00     2.3690128675      13.639563102  
2020 11 16  17 53  0.00     2.3690112912      13.639552289  
2020 11 16  17 54  0.00     2.3690097151      13.639541479  
2020 11 16  17 55  0.00     2.3690081391      13.639530670  
2020 11 16  17 56  0.00     2.3690065633      13.639519862  
2020 11 16  17 57  0.00     2.3690049876      13.639509056  
2020 11 16  17 58  0.00     2.3690034120      13.639498251  
2020 11 16  17 59  0.00     2.3690018366      13.639487448  
2020 11 16  18  0  0.00     2.3690002614      13.639476647  
2020 11 16  18  1  0.00     2.3689986862      13.639465847  
2020 11 16  18  2  0.00     2.3689971113      13.639455049  
2020 11 16  18  3  0.00     2.3689955364      13.639444252  
2020 11 16  18  4  0.00     2.3689939617      13.639433457  
2020 11 16  18  5  0.00     2.3689923872      13.639422663  
2020 11 16  18  6  0.00     2.3689908128      13.639411871  
2020 11 16  18  7  0.00     2.3689892385      13.639401081  
2020 11 16  18  8  0.00     2.3689876644      13.639390292  
2020 11 16  18  9  0.00     2.3689860905      13.639379504  
2020 11 16  18 10  0.00     2.3689845167      13.639368718  
2020 11 16  18 11  0.00     2.3689829430      13.639357934  
2020 11 16  18 12  0.00     2.3689813695      13.639347152  
2020 11 16  18 13  0.00     2.3689797961      13.639336370  
2020 11 16  18 14  0.00     2.3689782229      13.639325591  
2020 11 16  18 15  0.00     2.3689766499      13.639314813  
2020 11 16  18 16  0.00     2.3689750770      13.639304037  
2020 11 16  18 17  0.00     2.3689735042      13.639293262  
2020 11 16  18 18  0.00     2.3689719316      13.639282489  
2020 11 16  18 19  0.00     2.3689703591      13.639271717  
2020 11 16  18 20  0.00     2.3689687868      13.639260947  
2020 11 16  18 21  0.00     2.3689672147      13.639250179  
2020 11 16  18 22  0.00     2.3689656427      13.639239412  
2020 11 16  18 23  0.00     2.3689640709      13.639228647  
2020 11 16  18 24  0.00     2.3689624992      13.639217883  
2020 11 16  18 25  0.00     2.3689609276      13.639207121  
2020 11 16  18 26  0.00     2.3689593563      13.639196360  
2020 11 16  18 27  0.00     2.3689577851      13.639185602  
2020 11 16  18 28  0.00     2.3689562140      13.639174844  
2020 11 16  18 29  0.00     2.3689546431      13.639164089  
2020 11 16  18 30  0.00     2.3689530723      13.639153335  
2020 11 16  18 31  0.00     2.3689515018      13.639142582  
2020 11 16  18 32  0.00     2.3689499313      13.639131831  
2020 11 16  18 33  0.00     2.3689483611      13.639121082  
2020 11 16  18 34  0.00     2.3689467909      13.639110335  
2020 11 16  18 35  0.00     2.3689452210      13.639099589  
2020 11 16  18 36  0.00     2.3689436512      13.639088844  
2020 11 16  18 37  0.00     2.3689420816      13.639078102  
2020 11 16  18 38  0.00     2.3689405121      13.639067361  
2020 11 16  18 39  0.00     2.3689389428      13.639056621  
2020 11 16  18 40  0.00     2.3689373737      13.639045883  
2020 11 16  18 41  0.00     2.3689358047      13.639035147  
2020 11 16  18 42  0.00     2.3689342358      13.639024413  
2020 11 16  18 43  0.00     2.3689326672      13.639013680  
2020 11 16  18 44  0.00     2.3689310987      13.639002948  
2020 11 16  18 45  0.00     2.3689295304      13.638992219  
2020 11 16  18 46  0.00     2.3689279622      13.638981491  
2020 11 16  18 47  0.00     2.3689263942      13.638970764  
2020 11 16  18 48  0.00     2.3689248264      13.638960040  
2020 11 16  18 49  0.00     2.3689232587      13.638949317  
2020 11 16  18 50  0.00     2.3689216912      13.638938595  
2020 11 16  18 51  0.00     2.3689201239      13.638927875  
2020 11 16  18 52  0.00     2.3689185567      13.638917157  
2020 11 16  18 53  0.00     2.3689169897      13.638906441  
2020 11 16  18 54  0.00     2.3689154229      13.638895726  
2020 11 16  18 55  0.00     2.3689138562      13.638885013  
2020 11 16  18 56  0.00     2.3689122897      13.638874302  
2020 11 16  18 57  0.00     2.3689107234      13.638863592  
2020 11 16  18 58  0.00     2.3689091572      13.638852884  
2020 11 16  18 59  0.00     2.3689075913      13.638842177  
2020 11 16  19  0  0.00     2.3689060254      13.638831472  
2020 11 16  19  1  0.00     2.3689044598      13.638820769  
2020 11 16  19  2  0.00     2.3689028943      13.638810068  
2020 11 16  19  3  0.00     2.3689013290      13.638799368  
2020 11 16  19  4  0.00     2.3688997639      13.638788670  
2020 11 16  19  5  0.00     2.3688981990      13.638777974  
2020 11 16  19  6  0.00     2.3688966342      13.638767279  
2020 11 16  19  7  0.00     2.3688950696      13.638756586  
2020 11 16  19  8  0.00     2.3688935051      13.638745895  
2020 11 16  19  9  0.00     2.3688919409      13.638735205  
2020 11 16  19 10  0.00     2.3688903768      13.638724517  
2020 11 16  19 11  0.00     2.3688888129      13.638713831  
2020 11 16  19 12  0.00     2.3688872491      13.638703147  
2020 11 16  19 13  0.00     2.3688856856      13.638692464  
2020 11 16  19 14  0.00     2.3688841222      13.638681783  
2020 11 16  19 15  0.00     2.3688825590      13.638671103  
2020 11 16  19 16  0.00     2.3688809959      13.638660426  
2020 11 16  19 17  0.00     2.3688794331      13.638649750  
2020 11 16  19 18  0.00     2.3688778704      13.638639075  
2020 11 16  19 19  0.00     2.3688763079      13.638628403  
2020 11 16  19 20  0.00     2.3688747456      13.638617732  
2020 11 16  19 21  0.00     2.3688731834      13.638607063  
2020 11 16  19 22  0.00     2.3688716215      13.638596396  
2020 11 16  19 23  0.00     2.3688700597      13.638585730  
2020 11 16  19 24  0.00     2.3688684981      13.638575066  
2020 11 16  19 25  0.00     2.3688669366      13.638564404  
2020 11 16  19 26  0.00     2.3688653754      13.638553743  
2020 11 16  19 27  0.00     2.3688638143      13.638543085  
2020 11 16  19 28  0.00     2.3688622534      13.638532428  
2020 11 16  19 29  0.00     2.3688606927      13.638521773  
2020 11 16  19 30  0.00     2.3688591322      13.638511119  
2020 11 16  19 31  0.00     2.3688575719      13.638500467  
2020 11 16  19 32  0.00     2.3688560117      13.638489817  
2020 11 16  19 33  0.00     2.3688544517      13.638479169  
2020 11 16  19 34  0.00     2.3688528919      13.638468523  
2020 11 16  19 35  0.00     2.3688513323      13.638457878  
2020 11 16  19 36  0.00     2.3688497729      13.638447235  
2020 11 16  19 37  0.00     2.3688482136      13.638436594  
2020 11 16  19 38  0.00     2.3688466546      13.638425954  
2020 11 16  19 39  0.00     2.3688450957      13.638415317  
2020 11 16  19 40  0.00     2.3688435370      13.638404681  
2020 11 16  19 41  0.00     2.3688419785      13.638394047  
2020 11 16  19 42  0.00     2.3688404202      13.638383414  
2020 11 16  19 43  0.00     2.3688388620      13.638372784  
2020 11 16  19 44  0.00     2.3688373041      13.638362155  
2020 11 16  19 45  0.00     2.3688357463      13.638351528  
2020 11 16  19 46  0.00     2.3688341887      13.638340903  
2020 11 16  19 47  0.00     2.3688326314      13.638330279  
2020 11 16  19 48  0.00     2.3688310741      13.638319658  
2020 11 16  19 49  0.00     2.3688295171      13.638309038  
2020 11 16  19 50  0.00     2.3688279603      13.638298420  
2020 11 16  19 51  0.00     2.3688264037      13.638287804  
2020 11 16  19 52  0.00     2.3688248472      13.638277189  
2020 11 16  19 53  0.00     2.3688232909      13.638266576  
2020 11 16  19 54  0.00     2.3688217348      13.638255966  
2020 11 16  19 55  0.00     2.3688201790      13.638245356  
2020 11 16  19 56  0.00     2.3688186233      13.638234749  
2020 11 16  19 57  0.00     2.3688170677      13.638224144  
2020 11 16  19 58  0.00     2.3688155124      13.638213540  
2020 11 16  19 59  0.00     2.3688139573      13.638202938  
2020 11 16  20  0  0.00     2.3688124024      13.638192338  
2020 11 16  20  1  0.00     2.3688108476      13.638181740  
2020 11 16  20  2  0.00     2.3688092930      13.638171144  
2020 11 16  20  3  0.00     2.3688077387      13.638160549  
2020 11 16  20  4  0.00     2.3688061845      13.638149957  
2020 11 16  20  5  0.00     2.3688046305      13.638139366  
2020 11 16  20  6  0.00     2.3688030767      13.638128777  
2020 11 16  20  7  0.00     2.3688015231      13.638118190  
2020 11 16  20  8  0.00     2.3687999697      13.638107604  
2020 11 16  20  9  0.00     2.3687984165      13.638097021  
2020 11 16  20 10  0.00     2.3687968634      13.638086439  
2020 11 16  20 11  0.00     2.3687953106      13.638075859  
2020 11 16  20 12  0.00     2.3687937580      13.638065282  
2020 11 16  20 13  0.00     2.3687922055      13.638054705  
2020 11 16  20 14  0.00     2.3687906533      13.638044131  
2020 11 16  20 15  0.00     2.3687891012      13.638033559  
2020 11 16  20 16  0.00     2.3687875493      13.638022988  
2020 11 16  20 17  0.00     2.3687859977      13.638012420  
2020 11 16  20 18  0.00     2.3687844462      13.638001853  
2020 11 16  20 19  0.00     2.3687828949      13.637991288  
2020 11 16  20 20  0.00     2.3687813438      13.637980725  
2020 11 16  20 21  0.00     2.3687797929      13.637970164  
2020 11 16  20 22  0.00     2.3687782422      13.637959604  
2020 11 16  20 23  0.00     2.3687766917      13.637949047  
2020 11 16  20 24  0.00     2.3687751414      13.637938492  
2020 11 16  20 25  0.00     2.3687735913      13.637927938  
2020 11 16  20 26  0.00     2.3687720413      13.637917386  
2020 11 16  20 27  0.00     2.3687704916      13.637906836  
2020 11 16  20 28  0.00     2.3687689421      13.637896288  
2020 11 16  20 29  0.00     2.3687673928      13.637885742  
2020 11 16  20 30  0.00     2.3687658436      13.637875198  
2020 11 16  20 31  0.00     2.3687642947      13.637864656  
2020 11 16  20 32  0.00     2.3687627459      13.637854116  
2020 11 16  20 33  0.00     2.3687611974      13.637843577  
2020 11 16  20 34  0.00     2.3687596491      13.637833041  
2020 11 16  20 35  0.00     2.3687581009      13.637822506  
2020 11 16  20 36  0.00     2.3687565529      13.637811973  
2020 11 16  20 37  0.00     2.3687550052      13.637801442  
2020 11 16  20 38  0.00     2.3687534576      13.637790914  
2020 11 16  20 39  0.00     2.3687519103      13.637780387  
2020 11 16  20 40  0.00     2.3687503631      13.637769862  
2020 11 16  20 41  0.00     2.3687488161      13.637759338  
2020 11 16  20 42  0.00     2.3687472694      13.637748817  
---
2020 11 17  10 48  0.00     2.3674747175      13.629728395  
2020 11 17  10 49  0.00     2.3674731926      13.629719983  
2020 11 17  10 50  0.00     2.3674716675      13.629711573  
2020 11 17  10 51  0.00     2.3674701423      13.629703165  
2020 11 17  10 52  0.00     2.3674686169      13.629694760  
2020 11 17  10 53  0.00     2.3674670914      13.629686356  
2020 11 17  10 54  0.00     2.3674655657      13.629677955  
2020 11 17  10 55  0.00     2.3674640399      13.629669556  
2020 11 17  10 56  0.00     2.3674625139      13.629661159  
2020 11 17  10 57  0.00     2.3674609878      13.629652764  
2020 11 17  10 58  0.00     2.3674594616      13.629644371  
2020 11 17  10 59  0.00     2.3674579352      13.629635980  
2020 11 17  11  0  0.00     2.3674564086      13.629627591  
2020 11 17  11  1  0.00     2.3674548819      13.629619205  
2020 11 17  11  2  0.00     2.3674533551      13.629610820  
2020 11 17  11  3  0.00     2.3674518281      13.629602438  
2020 11 17  11  4  0.00     2.3674503010      13.629594058  
2020 11 17  11  5  0.00     2.3674487737      13.629585680  
2020 11 17  11  6  0.00     2.3674472463      13.629577304  
2020 11 17  11  7  0.00     2.3674457187      13.629568930  
2020 11 17  11  8  0.00     2.3674441910      13.629560558  
2020 11 17  11  9  0.00     2.3674426631      13.629552188  
2020 11 17  11 10  0.00     2.3674411351      13.629543820  
2020 11 17  11 11  0.00     2.3674396070      13.629535455  
2020 11 17  11 12  0.00     2.3674380787      13.629527091  
2020 11 17  11 13  0.00     2.3674365503      13.629518730  
2020 11 17  11 14  0.00     2.3674350217      13.629510370  
2020 11 17  11 15  0.00     2.3674334930      13.629502013  
2020 11 17  11 16  0.00     2.3674319641      13.629493658  
2020 11 17  11 17  0.00     2.3674304351      13.629485304  
2020 11 17  11 18  0.00     2.3674289060      13.629476953  
2020 11 17  11 19  0.00     2.3674273767      13.629468604  
2020 11 17  11 20  0.00     2.3674258472      13.629460257  
2020 11 17  11 21  0.00     2.3674243177      13.629451912  
2020 11 17  11 22  0.00     2.3674227879      13.629443569  
2020 11 17  11 23  0.00     2.3674212581      13.629435229  
2020 11 17  11 24  0.00     2.3674197281      13.629426890  
2020 11 17  11 25  0.00     2.3674181979      13.629418553  
2020 11 17  11 26  0.00     2.3674166677      13.629410218  
2020 11 17  11 27  0.00     2.3674151372      13.629401886  
2020 11 17  11 28  0.00     2.3674136067      13.629393555  
2020 11 17  11 29  0.00     2.3674120760      13.629385227  
2020 11 17  11 30  0.00     2.3674105451      13.629376900  
2020 11 17  11 31  0.00     2.3674090141      13.629368576  
2020 11 17  11 32  0.00     2.3674074830      13.629360253  
2020 11 17  11 33  0.00     2.3674059518      13.629351933  
2020 11 17  11 34  0.00     2.3674044204      13.629343615  
2020 11 17  11 35  0.00     2.3674028888      13.629335298  
2020 11 17  11 36  0.00     2.3674013571      13.629326984  
2020 11 17  11 37  0.00     2.3673998253      13.629318672  
2020 11 17  11 38  0.00     2.3673982934      13.629310362  
2020 11 17  11 39  0.00     2.3673967613      13.629302053  
2020 11 17  11 40  0.00     2.3673952290      13.629293747  
2020 11 17  11 41  0.00     2.3673936967      13.629285443  
2020 11 17  11 42  0.00     2.3673921642      13.629277141  
2020 11 17  11 43  0.00     2.3673906315      13.629268841  
2020 11 17  11 44  0.00     2.3673890987      13.629260543  
2020 11 17  11 45  0.00     2.3673875658      13.629252246  
2020 11 17  11 46  0.00     2.3673860328      13.629243952  
2020 11 17  11 47  0.00     2.3673844996      13.629235660  
2020 11 17  11 48  0.00     2.3673829663      13.629227370  
2020 11 17  11 49  0.00     2.3673814328      13.629219082  
2020 11 17  11 50  0.00     2.3673798992      13.629210796  
2020 11 17  11 51  0.00     2.3673783655      13.629202512  
2020 11 17  11 52  0.00     2.3673768316      13.629194230  
2020 11 17  11 53  0.00     2.3673752976      13.629185950  
2020 11 17  11 54  0.00     2.3673737635      13.629177671  
2020 11 17  11 55  0.00     2.3673722292      13.629169395  
2020 11 17  11 56  0.00     2.3673706949      13.629161121  
2020 11 17  11 57  0.00     2.3673691603      13.629152849  
2020 11 17  11 58  0.00     2.3673676257      13.629144579  
2020 11 17  11 59  0.00     2.3673660909      13.629136311  
2020 11 17  12  0  0.00     2.3673645560      13.629128044  
2020 11 17  12  1  0.00     2.3673630209      13.629119780  
2020 11 17  12  2  0.00     2.3673614857      13.629111518  
2020 11 17  12  3  0.00     2.3673599504      13.629103258  
2020 11 17  12  4  0.00     2.3673584150      13.629094999  
2020 11 17  12  5  0.00     2.3673568794      13.629086743  
2020 11 17  12  6  0.00     2.3673553437      13.629078489  
2020 11 17  12  7  0.00     2.3673538078      13.629070236  
2020 11 17  12  8  0.00     2.3673522719      13.629061986  
2020 11 17  12  9  0.00     2.3673507358      13.629053737  
2020 11 17  12 10  0.00     2.3673491996      13.629045491  
2020 11 17  12 11  0.00     2.3673476632      13.629037246  
2020 11 17  12 12  0.00     2.3673461267      13.629029003  
2020 11 17  12 13  0.00     2.3673445901      13.629020763  
2020 11 17  12 14  0.00     2.3673430534      13.629012524  
2020 11 17  12 15  0.00     2.3673415165      13.629004287  
2020 11 17  12 16  0.00     2.3673399795      13.628996052  
2020 11 17  12 17  0.00     2.3673384424      13.628987820  
2020 11 17  12 18  0.00     2.3673369052      13.628979589  
2020 11 17  12 19  0.00     2.3673353678      13.628971360  
2020 11 17  12 20  0.00     2.3673338304      13.628963133  
2020 11 17  12 21  0.00     2.3673322927      13.628954908  
2020 11 17  12 22  0.00     2.3673307550      13.628946684  
2020 11 17  12 23  0.00     2.3673292171      13.628938463  
2020 11 17  12 24  0.00     2.3673276792      13.628930244  
2020 11 17  12 25  0.00     2.3673261411      13.628922027  
2020 11 17  12 26  0.00     2.3673246028      13.628913811  
2020 11 17  12 27  0.00     2.3673230645      13.628905598  
2020 11 17  12 28  0.00     2.3673215260      13.628897386  
2020 11 17  12 29  0.00     2.3673199874      13.628889176  
2020 11 17  12 30  0.00     2.3673184487      13.628880969  
2020 11 17  12 31  0.00     2.3673169099      13.628872763  
2020 11 17  12 32  0.00     2.3673153709      13.628864559  
2020 11 17  12 33  0.00     2.3673138318      13.628856357  
2020 11 17  12 34  0.00     2.3673122926      13.628848157  
2020 11 17  12 35  0.00     2.3673107533      13.628839959  
2020 11 17  12 36  0.00     2.3673092139      13.628831763  
2020 11 17  12 37  0.00     2.3673076743      13.628823568  
2020 11 17  12 38  0.00     2.3673061347      13.628815376  
2020 11 17  12 39  0.00     2.3673045949      13.628807185  
2020 11 17  12 40  0.00     2.3673030550      13.628798997  
2020 11 17  12 41  0.00     2.3673015150      13.628790810  
2020 11 17  12 42  0.00     2.3672999748      13.628782625  
2020 11 17  12 43  0.00     2.3672984346      13.628774442  
2020 11 17  12 44  0.00     2.3672968942      13.628766261  
2020 11 17  12 45  0.00     2.3672953537      13.628758082  
2020 11 17  12 46  0.00     2.3672938131      13.628749905  
2020 11 17  12 47  0.00     2.3672922724      13.628741730  
2020 11 17  12 48  0.00     2.3672907316      13.628733556  
2020 11 17  12 49  0.00     2.3672891906      13.628725385  
2020 11 17  12 50  0.00     2.3672876496      13.628717215  
2020 11 17  12 51  0.00     2.3672861084      13.628709047  
2020 11 17  12 52  0.00     2.3672845671      13.628700882  
2020 11 17  12 53  0.00     2.3672830257      13.628692718  
2020 11 17  12 54  0.00     2.3672814842      13.628684555  
2020 11 17  12 55  0.00     2.3672799426      13.628676395  
2020 11 17  12 56  0.00     2.3672784009      13.628668237  
2020 11 17  12 57  0.00     2.3672768591      13.628660080  
2020 11 17  12 58  0.00     2.3672753171      13.628651926  
2020 11 17  12 59  0.00     2.3672737751      13.628643773  
2020 11 17  13  0  0.00     2.3672722329      13.628635622  
2020 11 17  13  1  0.00     2.3672706907      13.628627473  
2020 11 17  13  2  0.00     2.3672691483      13.628619326  
2020 11 17  13  3  0.00     2.3672676058      13.628611181  
2020 11 17  13  4  0.00     2.3672660632      13.628603037  
2020 11 17  13  5  0.00     2.3672645205      13.628594896  
2020 11 17  13  6  0.00     2.3672629777      13.628586756  
2020 11 17  13  7  0.00     2.3672614348      13.628578618  
2020 11 17  13  8  0.00     2.3672598918      13.628570483  
2020 11 17  13  9  0.00     2.3672583487      13.628562348  
2020 11 17  13 10  0.00     2.3672568055      13.628554216  
2020 11 17  13 11  0.00     2.3672552622      13.628546086  
2020 11 17  13 12  0.00     2.3672537187      13.628537957  
2020 11 17  13 13  0.00     2.3672521752      13.628529831  
2020 11 17  13 14  0.00     2.3672506316      13.628521706  
2020 11 17  13 15  0.00     2.3672490879      13.628513583  
2020 11 17  13 16  0.00     2.3672475440      13.628505462  
2020 11 17  13 17  0.00     2.3672460001      13.628497342  
2020 11 17  13 18  0.00     2.3672444561      13.628489225  
2020 11 17  13 19  0.00     2.3672429119      13.628481109  
2020 11 17  13 20  0.00     2.3672413677      13.628472996  
2020 11 17  13 21  0.00     2.3672398234      13.628464884  
2020 11 17  13 22  0.00     2.3672382789      13.628456774  
2020 11 17  13 23  0.00     2.3672367344      13.628448665  
2020 11 17  13 24  0.00     2.3672351898      13.628440559  
2020 11 17  13 25  0.00     2.3672336451      13.628432454  
2020 11 17  13 26  0.00     2.3672321003      13.628424352  
2020 11 17  13 27  0.00     2.3672305553      13.628416251  
2020 11 17  13 28  0.00     2.3672290103      13.628408152  
2020 11 17  13 29  0.00     2.3672274652      13.628400055  
2020 11 17  13 30  0.00     2.3672259200      13.628391959  
2020 11 17  13 31  0.00     2.3672243748      13.628383866  
2020 11 17  13 32  0.00     2.3672228294      13.628375774  
2020 11 17  13 33  0.00     2.3672212839      13.628367684  
2020 11 17  13 34  0.00     2.3672197383      13.628359596  
2020 11 17  13 35  0.00     2.3672181927      13.628351509  
2020 11 17  13 36  0.00     2.3672166469      13.628343425  
2020 11 17  13 37  0.00     2.3672151011      13.628335342  
2020 11 17  13 38  0.00     2.3672135552      13.628327261  
2020 11 17  13 39  0.00     2.3672120091      13.628319182  
2020 11 17  13 40  0.00     2.3672104630      13.628311105  
2020 11 17  13 41  0.00     2.3672089168      13.628303030  
2020 11 17  13 42  0.00     2.3672073705      13.628294956  
2020 11 17  13 43  0.00     2.3672058242      13.628286884  
2020 11 17  13 44  0.00     2.3672042777      13.628278814  
2020 11 17  13 45  0.00     2.3672027312      13.628270746  
2020 11 17  13 46  0.00     2.3672011845      13.628262680  
2020 11 17  13 47  0.00     2.3671996378      13.628254615  
2020 11 17  13 48  0.00     2.3671980910      13.628246552  
2020 11 17  13 49  0.00     2.3671965441      13.628238491  
2020 11 17  13 50  0.00     2.3671949972      13.628230432  
2020 11 17  13 51  0.00     2.3671934501      13.628222375  
2020 11 17  13 52  0.00     2.3671919030      13.628214319  
2020 11 17  13 53  0.00     2.3671903557      13.628206266  
2020 11 17  13 54  0.00     2.3671888084      13.628198214  
2020 11 17  13 55  0.00     2.3671872611      13.628190163  
2020 11 17  13 56  0.00     2.3671857136      13.628182115  
2020 11 17  13 57  0.00     2.3671841661      13.628174068  
2020 11 17  13 58  0.00     2.3671826184      13.628166024  
2020 11 17  13 59  0.00     2.3671810707      13.628157981  
2020 11 17  14  0  0.00     2.3671795230      13.628149939  
2020 11 17  14  1  0.00     2.3671779751      13.628141900  
2020 11 17  14  2  0.00     2.3671764272      13.628133862  
2020 11 17  14  3  0.00     2.3671748792      13.628125826  
2020 11 17  14  4  0.00     2.3671733311      13.628117792  
2020 11 17  14  5  0.00     2.3671717829      13.628109760  
2020 11 17  14  6  0.00     2.3671702347      13.628101729  
2020 11 17  14  7  0.00     2.3671686864      13.628093701  
2020 11 17  14  8  0.00     2.3671671380      13.628085674  
2020 11 17  14  9  0.00     2.3671655895      13.628077649  
2020 11 17  14 10  0.00     2.3671640410      13.628069625  
2020 11 17  14 11  0.00     2.3671624924      13.628061604  
2020 11 17  14 12  0.00     2.3671609437      13.628053584  
2020 11 17  14 13  0.00     2.3671593950      13.628045566  
2020 11 17  14 14  0.00     2.3671578461      13.628037549  
2020 11 17  14 15  0.00     2.3671562973      13.628029535  
2020 11 17  14 16  0.00     2.3671547483      13.628021522  
2020 11 17  14 17  0.00     2.3671531993      13.628013511  
2020 11 17  14 18  0.00     2.3671516502      13.628005502  
2020 11 17  14 19  0.00     2.3671501010      13.627997495  
2020 11 17  14 20  0.00     2.3671485518      13.627989489  
2020 11 17  14 21  0.00     2.3671470025      13.627981485  
2020 11 17  14 22  0.00     2.3671454531      13.627973483  
2020 11 17  14 23  0.00     2.3671439037      13.627965482  
2020 11 17  14 24  0.00     2.3671423542      13.627957484  
2020 11 17  14 25  0.00     2.3671408047      13.627949487  
2020 11 17  14 26  0.00     2.3671392550      13.627941492  
2020 11 17  14 27  0.00     2.3671377054      13.627933499  
2020 11 17  14 28  0.00     2.3671361556      13.627925507  
2020 11 17  14 29  0.00     2.3671346058      13.627917517  
2020 11 17  14 30  0.00     2.3671330559      13.627909529  
2020 11 17  14 31  0.00     2.3671315060      13.627901543  
2020 11 17  14 32  0.00     2.3671299560      13.627893558  
2020 11 17  14 33  0.00     2.3671284060      13.627885576  
2020 11 17  14 34  0.00     2.3671268559      13.627877595  
2020 11 17  14 35  0.00     2.3671253057      13.627869615  
2020 11 17  14 36  0.00     2.3671237555      13.627861638  
2020 11 17  14 37  0.00     2.3671222052      13.627853662  
2020 11 17  14 38  0.00     2.3671206549      13.627845688  
2020 11 17  14 39  0.00     2.3671191045      13.627837716  
2020 11 17  14 40  0.00     2.3671175540      13.627829745  
2020 11 17  14 41  0.00     2.3671160035      13.627821777  
2020 11 17  14 42  0.00     2.3671144529      13.627813810  
2020 11 17  14 43  0.00     2.3671129023      13.627805844  
2020 11 17  14 44  0.00     2.3671113517      13.627797881  
2020 11 17  14 45  0.00     2.3671098010      13.627789919  
2020 11 17  14 46  0.00     2.3671082502      13.627781959  
2020 11 17  14 47  0.00     2.3671066994      13.627774001  
2020 11 17  14 48  0.00     2.3671051485      13.627766044  
2020 11 17  14 49  0.00     2.3671035976      13.627758090  
2020 11 17  14 50  0.00     2.3671020466      13.627750137  
2020 11 17  14 51  0.00     2.3671004956      13.627742185  
2020 11 17  14 52  0.00     2.3670989445      13.627734236  
2020 11 17  14 53  0.00     2.3670973934      13.627726288  
2020 11 17  14 54  0.00     2.3670958422      13.627718342  
2020 11 17  14 55  0.00     2.3670942910      13.627710398  
2020 11 17  14 56  0.00     2.3670927398      13.627702455  
2020 11 17  14 57  0.00     2.3670911885      13.627694514  
2020 11 17  14 58  0.00     2.3670896371      13.627686575  
2020 11 17  14 59  0.00     2.3670880857      13.627678638  
2020 11 17  15  0  0.00     2.3670865343      13.627670702  
2020 11 17  15  1  0.00     2.3670849828      13.627662768  
2020 11 17  15  2  0.00     2.3670834313      13.627654836  
2020 11 17  15  3  0.00     2.3670818797      13.627646906  
2020 11 17  15  4  0.00     2.3670803281      13.627638977  
2020 11 17  15  5  0.00     2.3670787765      13.627631050  
2020 11 17  15  6  0.00     2.3670772248      13.627623125  
2020 11 17  15  7  0.00     2.3670756731      13.627615201  
2020 11 17  15  8  0.00     2.3670741213      13.627607280  
2020 11 17  15  9  0.00     2.3670725695      13.627599360  
2020 11 17  15 10  0.00     2.3670710177      13.627591441  
2020 11 17  15 11  0.00     2.3670694658      13.627583525  
2020 11 17  15 12  0.00     2.3670679139      13.627575610  
2020 11 17  15 13  0.00     2.3670663620      13.627567697  
2020 11 17  15 14  0.00     2.3670648100      13.627559786  
2020 11 17  15 15  0.00     2.3670632580      13.627551876  
2020 11 17  15 16  0.00     2.3670617059      13.627543968  
2020 11 17  15 17  0.00     2.3670601538      13.627536062  
2020 11 17  15 18  0.00     2.3670586017      13.627528158  
2020 11 17  15 19  0.00     2.3670570496      13.627520255  
2020 11 17  15 20  0.00     2.3670554974      13.627512354  
2020 11 17  15 21  0.00     2.3670539452      13.627504455  
2020 11 17  15 22  0.00     2.3670523930      13.627496557  
2020 11 17  15 23  0.00     2.3670508407      13.627488661  
2020 11 17  15 24  0.00     2.3670492884      13.627480767  
2020 11 17  15 25  0.00     2.3670477361      13.627472875  
2020 11 17  15 26  0.00     2.3670461837      13.627464984  
2020 11 17  15 27  0.00     2.3670446314      13.627457095  
2020 11 17  15 28  0.00     2.3670430790      13.627449208  
2020 11 17  15 29  0.00     2.3670415265      13.627441323  
2020 11 17  15 30  0.00     2.3670399741      13.627433439  
2020 11 17  15 31  0.00     2.3670384216      13.627425557  
2020 11 17  15 32  0.00     2.3670368691      13.627417677  
2020 11 17  15 33  0.00     2.3670353166      13.627409798  
2020 11 17  15 34  0.00     2.3670337640      13.627401921  
2020 11 17  15 35  0.00     2.3670322114      13.627394046  
2020 11 17  15 36  0.00     2.3670306589      13.627386173  
2020 11 17  15 37  0.00     2.3670291062      13.627378301  
2020 11 17  15 38  0.00     2.3670275536      13.627370431  
2020 11 17  15 39  0.00     2.3670260010      13.627362563  
2020 11 17  15 40  0.00     2.3670244483      13.627354697  
2020 11 17  15 41  0.00     2.3670228956      13.627346832  
2020 11 17  15 42  0.00     2.3670213429      13.627338969  
2020 11 17  15 43  0.00     2.3670197902      13.627331108  
2020 11 17  15 44  0.00     2.3670182374      13.627323248  
2020 11 17  15 45  0.00     2.3670166847      13.627315390  
2020 11 17  15 46  0.00     2.3670151319      13.627307534  
2020 11 17  15 47  0.00     2.3670135791      13.627299679  
2020 11 17  15 48  0.00     2.3670120263      13.627291827  
2020 11 17  15 49  0.00     2.3670104735      13.627283976  
2020 11 17  15 50  0.00     2.3670089207      13.627276126  
2020 11 17  15 51  0.00     2.3670073678      13.627268279  
2020 11 17  15 52  0.00     2.3670058150      13.627260433  
2020 11 17  15 53  0.00     2.3670042621      13.627252589  
2020 11 17  15 54  0.00     2.3670027092      13.627244746  
2020 11 17  15 55  0.00     2.3670011563      13.627236906  
2020 11 17  15 56  0.00     2.3669996035      13.627229067  
2020 11 17  15 57  0.00     2.3669980506      13.627221230  
2020 11 17  15 58  0.00     2.3669964976      13.627213394  
2020 11 17  15 59  0.00     2.3669949447      13.627205560  
2020 11 17  16  0  0.00     2.3669933918      13.627197728  
2020 11 17  16  1  0.00     2.3669918389      13.627189898  
2020 11 17  16  2  0.00     2.3669902860      13.627182069  
2020 11 17  16  3  0.00     2.3669887330      13.627174242  
2020 11 17  16  4  0.00     2.3669871801      13.627166417  
2020 11 17  16  5  0.00     2.3669856271      13.627158594  
2020 11 17  16  6  0.00     2.3669840742      13.627150772  
2020 11 17  16  7  0.00     2.3669825212      13.627142952  
2020 11 17  16  8  0.00     2.3669809683      13.627135133  
2020 11 17  16  9  0.00     2.3669794153      13.627127317  
2020 11 17  16 10  0.00     2.3669778624      13.627119502  
2020 11 17  16 11  0.00     2.3669763094      13.627111689  
2020 11 17  16 12  0.00     2.3669747565      13.627103877  
2020 11 17  16 13  0.00     2.3669732035      13.627096068  
2020 11 17  16 14  0.00     2.3669716506      13.627088260  
2020 11 17  16 15  0.00     2.3669700976      13.627080453  
2020 11 17  16 16  0.00     2.3669685447      13.627072649  
2020 11 17  16 17  0.00     2.3669669917      13.627064846  
2020 11 17  16 18  0.00     2.3669654388      13.627057045  
2020 11 17  16 19  0.00     2.3669638859      13.627049246  
2020 11 17  16 20  0.00     2.3669623330      13.627041448  
2020 11 17  16 21  0.00     2.3669607800      13.627033652  
2020 11 17  16 22  0.00     2.3669592271      13.627025858  
2020 11 17  16 23  0.00     2.3669576742      13.627018065  
2020 11 17  16 24  0.00     2.3669561213      13.627010274  
2020 11 17  16 25  0.00     2.3669545684      13.627002485  
2020 11 17  16 26  0.00     2.3669530156      13.626994698  
2020 11 17  16 27  0.00     2.3669514627      13.626986912  
2020 11 17  16 28  0.00     2.3669499098      13.626979129  
2020 11 17  16 29  0.00     2.3669483570      13.626971346  
2020 11 17  16 30  0.00     2.3669468042      13.626963566  
2020 11 17  16 31  0.00     2.3669452513      13.626955787  
2020 11 17  16 32  0.00     2.3669436985      13.626948010  
2020 11 17  16 33  0.00     2.3669421457      13.626940235  
2020 11 17  16 34  0.00     2.3669405930      13.626932461  
2020 11 17  16 35  0.00     2.3669390402      13.626924690  
2020 11 17  16 36  0.00     2.3669374874      13.626916919  
2020 11 17  16 37  0.00     2.3669359347      13.626909151  
2020 11 17  16 38  0.00     2.3669343820      13.626901384  
2020 11 17  16 39  0.00     2.3669328293      13.626893620  
2020 11 17  16 40  0.00     2.3669312766      13.626885856  
2020 11 17  16 41  0.00     2.3669297240      13.626878095  
2020 11 17  16 42  0.00     2.3669281713      13.626870335  
2020 11 17  16 43  0.00     2.3669266187      13.626862577  
2020 11 17  16 44  0.00     2.3669250661      13.626854821  
2020 11 17  16 45  0.00     2.3669235135      13.626847066  
2020 11 17  16 46  0.00     2.3669219609      13.626839314  
2020 11 17  16 47  0.00     2.3669204084      13.626831563  
2020 11 17  16 48  0.00     2.3669188559      13.626823813  
2020 11 17  16 49  0.00     2.3669173034      13.626816066  
2020 11 17  16 50  0.00     2.3669157509      13.626808320  
2020 11 17  16 51  0.00     2.3669141985      13.626800576  
2020 11 17  16 52  0.00     2.3669126460      13.626792833  
2020 11 17  16 53  0.00     2.3669110936      13.626785092  
2020 11 17  16 54  0.00     2.3669095413      13.626777353  
2020 11 17  16 55  0.00     2.3669079889      13.626769616  
2020 11 17  16 56  0.00     2.3669064366      13.626761881  
2020 11 17  16 57  0.00     2.3669048843      13.626754147  
2020 11 17  16 58  0.00     2.3669033321      13.626746415  
2020 11 17  16 59  0.00     2.3669017798      13.626738685  
2020 11 17  17  0  0.00     2.3669002276      13.626730956  
2020 11 17  17  1  0.00     2.3668986755      13.626723229  
2020 11 17  17  2  0.00     2.3668971233      13.626715504  
2020 11 17  17  3  0.00     2.3668955712      13.626707781  
2020 11 17  17  4  0.00     2.3668940191      13.626700059  
2020 11 17  17  5  0.00     2.3668924671      13.626692340  
2020 11 17  17  6  0.00     2.3668909151      13.626684621  
2020 11 17  17  7  0.00     2.3668893631      13.626676905  
2020 11 17  17  8  0.00     2.3668878112      13.626669190  
2020 11 17  17  9  0.00     2.3668862592      13.626661478  
2020 11 17  17 10  0.00     2.3668847074      13.626653766  
2020 11 17  17 11  0.00     2.3668831555      13.626646057  
2020 11 17  17 12  0.00     2.3668816037      13.626638349  
2020 11 17  17 13  0.00     2.3668800520      13.626630643  
2020 11 17  17 14  0.00     2.3668785002      13.626622939  
2020 11 17  17 15  0.00     2.3668769486      13.626615237  
2020 11 17  17 16  0.00     2.3668753969      13.626607536  
2020 11 17  17 17  0.00     2.3668738453      13.626599837  
2020 11 17  17 18  0.00     2.3668722937      13.626592140  
2020 11 17  17 19  0.00     2.3668707422      13.626584445  
2020 11 17  17 20  0.00     2.3668691907      13.626576751  
2020 11 17  17 21  0.00     2.3668676393      13.626569059  
2020 11 17  17 22  0.00     2.3668660879      13.626561369  
2020 11 17  17 23  0.00     2.3668645365      13.626553680  
2020 11 17  17 24  0.00     2.3668629852      13.626545994  
2020 11 17  17 25  0.00     2.3668614339      13.626538309  
2020 11 17  17 26  0.00     2.3668598827      13.626530626  
2020 11 17  17 27  0.00     2.3668583315      13.626522944  
2020 11 17  17 28  0.00     2.3668567804      13.626515265  
2020 11 17  17 29  0.00     2.3668552293      13.626507587  
2020 11 17  17 30  0.00     2.3668536782      13.626499911  
2020 11 17  17 31  0.00     2.3668521272      13.626492236  
2020 11 17  17 32  0.00     2.3668505763      13.626484564  
2020 11 17  17 33  0.00     2.3668490254      13.626476893  
2020 11 17  17 34  0.00     2.3668474745      13.626469224  
2020 11 17  17 35  0.00     2.3668459237      13.626461556  
2020 11 17  17 36  0.00     2.3668443729      13.626453891  
2020 11 17  17 37  0.00     2.3668428222      13.626446227  
2020 11 17  17 38  0.00     2.3668412716      13.626438565  
2020 11 17  17 39  0.00     2.3668397210      13.626430905  
2020 11 17  17 40  0.00     2.3668381704      13.626423246  
2020 11 17  17 41  0.00     2.3668366199      13.626415589  
2020 11 17  17 42  0.00     2.3668350695      13.626407934  
2020 11 17  17 43  0.00     2.3668335191      13.626400281  
2020 11 17  17 44  0.00     2.3668319688      13.626392630  
2020 11 17  17 45  0.00     2.3668304185      13.626384980  
2020 11 17  17 46  0.00     2.3668288682      13.626377332  
2020 11 17  17 47  0.00     2.3668273181      13.626369686  
2020 11 17  17 48  0.00     2.3668257680      13.626362042  
2020 11 17  17 49  0.00     2.3668242179      13.626354399  
2020 11 17  17 50  0.00     2.3668226679      13.626346758  
2020 11 17  17 51  0.00     2.3668211180      13.626339119  
2020 11 17  17 52  0.00     2.3668195681      13.626331482  
2020 11 17  17 53  0.00     2.3668180182      13.626323847  
2020 11 17  17 54  0.00     2.3668164685      13.626316213  
2020 11 17  17 55  0.00     2.3668149188      13.626308581  
2020 11 17  17 56  0.00     2.3668133691      13.626300951  
2020 11 17  17 57  0.00     2.3668118195      13.626293323  
2020 11 17  17 58  0.00     2.3668102700      13.626285696  
2020 11 17  17 59  0.00     2.3668087206      13.626278071  
2020 11 17  18  0  0.00     2.3668071712      13.626270448  
2020 11 17  18  1  0.00     2.3668056218      13.626262827  
2020 11 17  18  2  0.00     2.3668040725      13.626255208  
2020 11 17  18  3  0.00     2.3668025233      13.626247590  
2020 11 17  18  4  0.00     2.3668009742      13.626239974  
2020 11 17  18  5  0.00     2.3667994251      13.626232360  
2020 11 17  18  6  0.00     2.3667978761      13.626224748  
2020 11 17  18  7  0.00     2.3667963271      13.626217138  
2020 11 17  18  8  0.00     2.3667947783      13.626209529  
2020 11 17  18  9  0.00     2.3667932294      13.626201922  
2020 11 17  18 10  0.00     2.3667916807      13.626194317  
2020 11 17  18 11  0.00     2.3667901320      13.626186714  
2020 11 17  18 12  0.00     2.3667885834      13.626179112  
2020 11 17  18 13  0.00     2.3667870349      13.626171513  
2020 11 17  18 14  0.00     2.3667854864      13.626163915  
2020 11 17  18 15  0.00     2.3667839380      13.626156319  
2020 11 17  18 16  0.00     2.3667823897      13.626148724  
2020 11 17  18 17  0.00     2.3667808414      13.626141132  
2020 11 17  18 18  0.00     2.3667792932      13.626133541  
2020 11 17  18 19  0.00     2.3667777451      13.626125953  
2020 11 17  18 20  0.00     2.3667761970      13.626118366  
2020 11 17  18 21  0.00     2.3667746491      13.626110780  
2020 11 17  18 22  0.00     2.3667731012      13.626103197  
2020 11 17  18 23  0.00     2.3667715533      13.626095615  
2020 11 17  18 24  0.00     2.3667700056      13.626088036  
2020 11 17  18 25  0.00     2.3667684579      13.626080458  
2020 11 17  18 26  0.00     2.3667669103      13.626072881  
2020 11 17  18 27  0.00     2.3667653628      13.626065307  
2020 11 17  18 28  0.00     2.3667638153      13.626057735  
2020 11 17  18 29  0.00     2.3667622679      13.626050164  
2020 11 17  18 30  0.00     2.3667607206      13.626042595  
2020 11 17  18 31  0.00     2.3667591734      13.626035028  
2020 11 17  18 32  0.00     2.3667576263      13.626027463  
2020 11 17  18 33  0.00     2.3667560792      13.626019899  
2020 11 17  18 34  0.00     2.3667545322      13.626012338  
2020 11 17  18 35  0.00     2.3667529853      13.626004778  
2020 11 17  18 36  0.00     2.3667514384      13.625997220  
2020 11 17  18 37  0.00     2.3667498917      13.625989664  
2020 11 17  18 38  0.00     2.3667483450      13.625982110  
2020 11 17  18 39  0.00     2.3667467984      13.625974558  
2020 11 17  18 40  0.00     2.3667452519      13.625967007  
2020 11 17  18 41  0.00     2.3667437055      13.625959458  
2020 11 17  18 42  0.00     2.3667421592      13.625951911  
2020 11 17  18 43  0.00     2.3667406129      13.625944366  
2020 11 17  18 44  0.00     2.3667390667      13.625936823  
2020 11 17  18 45  0.00     2.3667375206      13.625929282  
2020 11 17  18 46  0.00     2.3667359746      13.625921742  
2020 11 17  18 47  0.00     2.3667344287      13.625914205  
2020 11 17  18 48  0.00     2.3667328828      13.625906669  
2020 11 17  18 49  0.00     2.3667313371      13.625899135  
2020 11 17  18 50  0.00     2.3667297914      13.625891603  
2020 11 17  18 51  0.00     2.3667282458      13.625884072  
2020 11 17  18 52  0.00     2.3667267003      13.625876544  
2020 11 17  18 53  0.00     2.3667251549      13.625869017  
2020 11 17  18 54  0.00     2.3667236096      13.625861493  
2020 11 17  18 55  0.00     2.3667220643      13.625853970  
2020 11 17  18 56  0.00     2.3667205192      13.625846449  
2020 11 17  18 57  0.00     2.3667189741      13.625838929  
2020 11 17  18 58  0.00     2.3667174291      13.625831412  
2020 11 17  18 59  0.00     2.3667158842      13.625823897  
2020 11 17  19  0  0.00     2.3667143394      13.625816383  
2020 11 17  19  1  0.00     2.3667127947      13.625808871  
2020 11 17  19  2  0.00     2.3667112501      13.625801362  
2020 11 17  19  3  0.00     2.3667097056      13.625793854  
2020 11 17  19  4  0.00     2.3667081611      13.625786348  
2020 11 17  19  5  0.00     2.3667066168      13.625778843  
2020 11 17  19  6  0.00     2.3667050725      13.625771341  
2020 11 17  19  7  0.00     2.3667035284      13.625763841  
2020 11 17  19  8  0.00     2.3667019843      13.625756342  
2020 11 17  19  9  0.00     2.3667004403      13.625748845  
2020 11 17  19 10  0.00     2.3666988964      13.625741350  
2020 11 17  19 11  0.00     2.3666973526      13.625733857  
2020 11 17  19 12  0.00     2.3666958089      13.625726366  
2020 11 17  19 13  0.00     2.3666942653      13.625718877  
2020 11 17  19 14  0.00     2.3666927218      13.625711390  
2020 11 17  19 15  0.00     2.3666911784      13.625703904  
2020 11 17  19 16  0.00     2.3666896351      13.625696421  
2020 11 17  19 17  0.00     2.3666880919      13.625688939  
2020 11 17  19 18  0.00     2.3666865488      13.625681459  
2020 11 17  19 19  0.00     2.3666850057      13.625673982  
2020 11 17  19 20  0.00     2.3666834628      13.625666506  
2020 11 17  19 21  0.00     2.3666819199      13.625659032  
2020 11 17  19 22  0.00     2.3666803772      13.625651559  
2020 11 17  19 23  0.00     2.3666788346      13.625644089  
2020 11 17  19 24  0.00     2.3666772920      13.625636621  
2020 11 17  19 25  0.00     2.3666757496      13.625629154  
2020 11 17  19 26  0.00     2.3666742072      13.625621690  
2020 11 17  19 27  0.00     2.3666726650      13.625614227  
2020 11 17  19 28  0.00     2.3666711228      13.625606766  
2020 11 17  19 29  0.00     2.3666695808      13.625599307  
2020 11 17  19 30  0.00     2.3666680388      13.625591851  
2020 11 17  19 31  0.00     2.3666664970      13.625584396  
2020 11 17  19 32  0.00     2.3666649552      13.625576942  
2020 11 17  19 33  0.00     2.3666634136      13.625569491  
2020 11 17  19 34  0.00     2.3666618720      13.625562042  
2020 11 17  19 35  0.00     2.3666603306      13.625554595  
2020 11 17  19 36  0.00     2.3666587892      13.625547149  
2020 11 17  19 37  0.00     2.3666572480      13.625539706  
2020 11 17  19 38  0.00     2.3666557069      13.625532264  
2020 11 17  19 39  0.00     2.3666541658      13.625524824  
2020 11 17  19 40  0.00     2.3666526249      13.625517387  
2020 11 17  19 41  0.00     2.3666510841      13.625509951  
2020 11 17  19 42  0.00     2.3666495433      13.625502517  
2020 11 17  19 43  0.00     2.3666480027      13.625495085  
2020 11 17  19 44  0.00     2.3666464622      13.625487655  
2020 11 17  19 45  0.00     2.3666449218      13.625480227  
2020 11 17  19 46  0.00     2.3666433815      13.625472801  
2020 11 17  19 47  0.00     2.3666418413      13.625465377  
2020 11 17  19 48  0.00     2.3666403012      13.625457955  
2020 11 17  19 49  0.00     2.3666387612      13.625450534  
2020 11 17  19 50  0.00     2.3666372213      13.625443116  
2020 11 17  19 51  0.00     2.3666356815      13.625435700  
2020 11 17  19 52  0.00     2.3666341418      13.625428285  
2020 11 17  19 53  0.00     2.3666326022      13.625420873  
2020 11 17  19 54  0.00     2.3666310628      13.625413462  
2020 11 17  19 55  0.00     2.3666295234      13.625406053  
2020 11 17  19 56  0.00     2.3666279842      13.625398647  
2020 11 17  19 57  0.00     2.3666264450      13.625391242  
2020 11 17  19 58  0.00     2.3666249060      13.625383839  
2020 11 17  19 59  0.00     2.3666233671      13.625376439  
2020 11 17  20  0  0.00     2.3666218283      13.625369040  
2020 11 17  20  1  0.00     2.3666202895      13.625361643  
2020 11 17  20  2  0.00     2.3666187509      13.625354248  
2020 11 17  20  3  0.00     2.3666172125      13.625346855  
2020 11 17  20  4  0.00     2.3666156741      13.625339464  
2020 11 17  20  5  0.00     2.3666141358      13.625332075  
2020 11 17  20  6  0.00     2.3666125976      13.625324689  
2020 11 17  20  7  0.00     2.3666110596      13.625317304  
2020 11 17  20  8  0.00     2.3666095216      13.625309921  
2020 11 17  20  9  0.00     2.3666079838      13.625302539  
2020 11 17  20 10  0.00     2.3666064461      13.625295160  
2020 11 17  20 11  0.00     2.3666049085      13.625287783  
2020 11 17  20 12  0.00     2.3666033710      13.625280408  
2020 11 17  20 13  0.00     2.3666018336      13.625273035  
2020 11 17  20 14  0.00     2.3666002963      13.625265664  
2020 11 17  20 15  0.00     2.3665987591      13.625258295  
2020 11 17  20 16  0.00     2.3665972221      13.625250928  
2020 11 17  20 17  0.00     2.3665956851      13.625243563  
2020 11 17  20 18  0.00     2.3665941483      13.625236200  
2020 11 17  20 19  0.00     2.3665926116      13.625228838  
2020 11 17  20 20  0.00     2.3665910750      13.625221479  
2020 11 17  20 21  0.00     2.3665895385      13.625214122  
2020 11 17  20 22  0.00     2.3665880021      13.625206767  
2020 11 17  20 23  0.00     2.3665864658      13.625199414  
2020 11 17  20 24  0.00     2.3665849297      13.625192063  
2020 11 17  20 25  0.00     2.3665833936      13.625184714  
2020 11 17  20 26  0.00     2.3665818577      13.625177367  
2020 11 17  20 27  0.00     2.3665803219      13.625170021  
2020 11 17  20 28  0.00     2.3665787862      13.625162678  
2020 11 17  20 29  0.00     2.3665772506      13.625155337  
2020 11 17  20 30  0.00     2.3665757151      13.625147998  
2020 11 17  20 31  0.00     2.3665741798      13.625140661  
2020 11 17  20 32  0.00     2.3665726445      13.625133326  
2020 11 17  20 33  0.00     2.3665711094      13.625125993  
2020 11 17  20 34  0.00     2.3665695744      13.625118662  
2020 11 17  20 35  0.00     2.3665680395      13.625111333  
2020 11 17  20 36  0.00     2.3665665047      13.625104007  
2020 11 17  20 37  0.00     2.3665649701      13.625096682  
2020 11 17  20 38  0.00     2.3665634355      13.625089359  
---
2020 11 18  10 44  0.00     2.3652720443      13.619730801  
2020 11 18  10 45  0.00     2.3652704638      13.619725389  
2020 11 18  10 46  0.00     2.3652688830      13.619719979  
2020 11 18  10 47  0.00     2.3652673020      13.619714571  
2020 11 18  10 48  0.00     2.3652657208      13.619709164  
2020 11 18  10 49  0.00     2.3652641394      13.619703759  
2020 11 18  10 50  0.00     2.3652625577      13.619698355  
2020 11 18  10 51  0.00     2.3652609759      13.619692953  
2020 11 18  10 52  0.00     2.3652593938      13.619687552  
2020 11 18  10 53  0.00     2.3652578115      13.619682153  
2020 11 18  10 54  0.00     2.3652562289      13.619676755  
2020 11 18  10 55  0.00     2.3652546462      13.619671359  
2020 11 18  10 56  0.00     2.3652530632      13.619665965  
2020 11 18  10 57  0.00     2.3652514800      13.619660572  
2020 11 18  10 58  0.00     2.3652498966      13.619655180  
2020 11 18  10 59  0.00     2.3652483130      13.619649790  
2020 11 18  11  0  0.00     2.3652467291      13.619644402  
2020 11 18  11  1  0.00     2.3652451450      13.619639015  
2020 11 18  11  2  0.00     2.3652435608      13.619633630  
2020 11 18  11  3  0.00     2.3652419762      13.619628246  
2020 11 18  11  4  0.00     2.3652403915      13.619622864  
2020 11 18  11  5  0.00     2.3652388066      13.619617483  
2020 11 18  11  6  0.00     2.3652372214      13.619612103  
2020 11 18  11  7  0.00     2.3652356360      13.619606726  
2020 11 18  11  8  0.00     2.3652340504      13.619601349  
2020 11 18  11  9  0.00     2.3652324646      13.619595975  
2020 11 18  11 10  0.00     2.3652308785      13.619590601  
2020 11 18  11 11  0.00     2.3652292923      13.619585229  
2020 11 18  11 12  0.00     2.3652277058      13.619579859  
2020 11 18  11 13  0.00     2.3652261191      13.619574490  
2020 11 18  11 14  0.00     2.3652245322      13.619569123  
2020 11 18  11 15  0.00     2.3652229451      13.619563757  
2020 11 18  11 16  0.00     2.3652213577      13.619558393  
2020 11 18  11 17  0.00     2.3652197702      13.619553030  
2020 11 18  11 18  0.00     2.3652181824      13.619547668  
2020 11 18  11 19  0.00     2.3652165944      13.619542308  
2020 11 18  11 20  0.00     2.3652150062      13.619536950  
2020 11 18  11 21  0.00     2.3652134178      13.619531593  
2020 11 18  11 22  0.00     2.3652118291      13.619526237  
2020 11 18  11 23  0.00     2.3652102403      13.619520883  
2020 11 18  11 24  0.00     2.3652086512      13.619515531  
2020 11 18  11 25  0.00     2.3652070619      13.619510179  
2020 11 18  11 26  0.00     2.3652054724      13.619504830  
2020 11 18  11 27  0.00     2.3652038827      13.619499481  
2020 11 18  11 28  0.00     2.3652022928      13.619494134  
2020 11 18  11 29  0.00     2.3652007026      13.619488789  
2020 11 18  11 30  0.00     2.3651991123      13.619483445  
2020 11 18  11 31  0.00     2.3651975217      13.619478102  
2020 11 18  11 32  0.00     2.3651959310      13.619472761  
2020 11 18  11 33  0.00     2.3651943400      13.619467422  
2020 11 18  11 34  0.00     2.3651927488      13.619462083  
2020 11 18  11 35  0.00     2.3651911574      13.619456747  
2020 11 18  11 36  0.00     2.3651895657      13.619451411  
2020 11 18  11 37  0.00     2.3651879739      13.619446077  
2020 11 18  11 38  0.00     2.3651863819      13.619440745  
2020 11 18  11 39  0.00     2.3651847896      13.619435413  
2020 11 18  11 40  0.00     2.3651831971      13.619430084  
2020 11 18  11 41  0.00     2.3651816045      13.619424755  
2020 11 18  11 42  0.00     2.3651800116      13.619419428  
2020 11 18  11 43  0.00     2.3651784185      13.619414103  
2020 11 18  11 44  0.00     2.3651768252      13.619408779  
2020 11 18  11 45  0.00     2.3651752317      13.619403456  
2020 11 18  11 46  0.00     2.3651736379      13.619398135  
2020 11 18  11 47  0.00     2.3651720440      13.619392815  
2020 11 18  11 48  0.00     2.3651704499      13.619387496  
2020 11 18  11 49  0.00     2.3651688555      13.619382179  
2020 11 18  11 50  0.00     2.3651672610      13.619376863  
2020 11 18  11 51  0.00     2.3651656662      13.619371549  
2020 11 18  11 52  0.00     2.3651640713      13.619366236  
2020 11 18  11 53  0.00     2.3651624761      13.619360924  
2020 11 18  11 54  0.00     2.3651608807      13.619355614  
2020 11 18  11 55  0.00     2.3651592851      13.619350305  
2020 11 18  11 56  0.00     2.3651576894      13.619344997  
2020 11 18  11 57  0.00     2.3651560934      13.619339691  
2020 11 18  11 58  0.00     2.3651544972      13.619334386  
2020 11 18  11 59  0.00     2.3651529008      13.619329083  
2020 11 18  12  0  0.00     2.3651513042      13.619323780  
2020 11 18  12  1  0.00     2.3651497074      13.619318480  
2020 11 18  12  2  0.00     2.3651481104      13.619313180  
2020 11 18  12  3  0.00     2.3651465131      13.619307882  
2020 11 18  12  4  0.00     2.3651449157      13.619302585  
2020 11 18  12  5  0.00     2.3651433181      13.619297290  
2020 11 18  12  6  0.00     2.3651417203      13.619291996  
2020 11 18  12  7  0.00     2.3651401223      13.619286703  
2020 11 18  12  8  0.00     2.3651385241      13.619281412  
2020 11 18  12  9  0.00     2.3651369256      13.619276122  
2020 11 18  12 10  0.00     2.3651353270      13.619270833  
2020 11 18  12 11  0.00     2.3651337282      13.619265546  
2020 11 18  12 12  0.00     2.3651321292      13.619260260  
2020 11 18  12 13  0.00     2.3651305299      13.619254975  
2020 11 18  12 14  0.00     2.3651289305      13.619249691  
2020 11 18  12 15  0.00     2.3651273309      13.619244409  
2020 11 18  12 16  0.00     2.3651257311      13.619239129  
2020 11 18  12 17  0.00     2.3651241311      13.619233849  
2020 11 18  12 18  0.00     2.3651225309      13.619228571  
2020 11 18  12 19  0.00     2.3651209305      13.619223294  
2020 11 18  12 20  0.00     2.3651193299      13.619218018  
2020 11 18  12 21  0.00     2.3651177291      13.619212744  
2020 11 18  12 22  0.00     2.3651161281      13.619207471  
2020 11 18  12 23  0.00     2.3651145269      13.619202199  
2020 11 18  12 24  0.00     2.3651129255      13.619196929  
2020 11 18  12 25  0.00     2.3651113239      13.619191660  
2020 11 18  12 26  0.00     2.3651097222      13.619186392  
2020 11 18  12 27  0.00     2.3651081202      13.619181126  
2020 11 18  12 28  0.00     2.3651065180      13.619175860  
2020 11 18  12 29  0.00     2.3651049157      13.619170596  
2020 11 18  12 30  0.00     2.3651033131      13.619165334  
2020 11 18  12 31  0.00     2.3651017104      13.619160072  
2020 11 18  12 32  0.00     2.3651001075      13.619154812  
2020 11 18  12 33  0.00     2.3650985044      13.619149553  
2020 11 18  12 34  0.00     2.3650969011      13.619144296  
2020 11 18  12 35  0.00     2.3650952976      13.619139039  
2020 11 18  12 36  0.00     2.3650936939      13.619133784  
2020 11 18  12 37  0.00     2.3650920900      13.619128531  
2020 11 18  12 38  0.00     2.3650904859      13.619123278  
2020 11 18  12 39  0.00     2.3650888817      13.619118027  
2020 11 18  12 40  0.00     2.3650872772      13.619112777  
2020 11 18  12 41  0.00     2.3650856726      13.619107528  
2020 11 18  12 42  0.00     2.3650840678      13.619102280  
2020 11 18  12 43  0.00     2.3650824628      13.619097034  
2020 11 18  12 44  0.00     2.3650808576      13.619091789  
2020 11 18  12 45  0.00     2.3650792522      13.619086545  
2020 11 18  12 46  0.00     2.3650776466      13.619081303  
2020 11 18  12 47  0.00     2.3650760409      13.619076061  
2020 11 18  12 48  0.00     2.3650744350      13.619070821  
2020 11 18  12 49  0.00     2.3650728289      13.619065582  
2020 11 18  12 50  0.00     2.3650712226      13.619060345  
2020 11 18  12 51  0.00     2.3650696161      13.619055108  
2020 11 18  12 52  0.00     2.3650680094      13.619049873  
2020 11 18  12 53  0.00     2.3650664026      13.619044639  
2020 11 18  12 54  0.00     2.3650647955      13.619039406  
2020 11 18  12 55  0.00     2.3650631883      13.619034175  
2020 11 18  12 56  0.00     2.3650615809      13.619028944  
2020 11 18  12 57  0.00     2.3650599734      13.619023715  
2020 11 18  12 58  0.00     2.3650583656      13.619018487  
2020 11 18  12 59  0.00     2.3650567577      13.619013261  
2020 11 18  13  0  0.00     2.3650551496      13.619008035  
2020 11 18  13  1  0.00     2.3650535413      13.619002811  
2020 11 18  13  2  0.00     2.3650519328      13.618997588  
2020 11 18  13  3  0.00     2.3650503242      13.618992366  
2020 11 18  13  4  0.00     2.3650487154      13.618987145  
2020 11 18  13  5  0.00     2.3650471064      13.618981926  
2020 11 18  13  6  0.00     2.3650454972      13.618976707  
2020 11 18  13  7  0.00     2.3650438878      13.618971490  
2020 11 18  13  8  0.00     2.3650422783      13.618966274  
2020 11 18  13  9  0.00     2.3650406686      13.618961060  
2020 11 18  13 10  0.00     2.3650390588      13.618955846  
2020 11 18  13 11  0.00     2.3650374487      13.618950634  
2020 11 18  13 12  0.00     2.3650358385      13.618945422  
2020 11 18  13 13  0.00     2.3650342281      13.618940212  
2020 11 18  13 14  0.00     2.3650326176      13.618935003  
2020 11 18  13 15  0.00     2.3650310068      13.618929796  
2020 11 18  13 16  0.00     2.3650293959      13.618924589  
2020 11 18  13 17  0.00     2.3650277848      13.618919384  
2020 11 18  13 18  0.00     2.3650261736      13.618914180  
2020 11 18  13 19  0.00     2.3650245622      13.618908977  
2020 11 18  13 20  0.00     2.3650229506      13.618903775  
2020 11 18  13 21  0.00     2.3650213389      13.618898574  
2020 11 18  13 22  0.00     2.3650197269      13.618893375  
2020 11 18  13 23  0.00     2.3650181148      13.618888176  
2020 11 18  13 24  0.00     2.3650165026      13.618882979  
2020 11 18  13 25  0.00     2.3650148902      13.618877783  
2020 11 18  13 26  0.00     2.3650132776      13.618872588  
2020 11 18  13 27  0.00     2.3650116648      13.618867394  
2020 11 18  13 28  0.00     2.3650100519      13.618862202  
2020 11 18  13 29  0.00     2.3650084389      13.618857010  
2020 11 18  13 30  0.00     2.3650068256      13.618851820  
2020 11 18  13 31  0.00     2.3650052122      13.618846631  
2020 11 18  13 32  0.00     2.3650035986      13.618841442  
2020 11 18  13 33  0.00     2.3650019849      13.618836255  
2020 11 18  13 34  0.00     2.3650003710      13.618831070  
2020 11 18  13 35  0.00     2.3649987570      13.618825885  
2020 11 18  13 36  0.00     2.3649971427      13.618820701  
2020 11 18  13 37  0.00     2.3649955284      13.618815519  
2020 11 18  13 38  0.00     2.3649939138      13.618810338  
2020 11 18  13 39  0.00     2.3649922992      13.618805157  
2020 11 18  13 40  0.00     2.3649906843      13.618799978  
2020 11 18  13 41  0.00     2.3649890693      13.618794800  
2020 11 18  13 42  0.00     2.3649874541      13.618789624  
2020 11 18  13 43  0.00     2.3649858388      13.618784448  
2020 11 18  13 44  0.00     2.3649842233      13.618779273  
2020 11 18  13 45  0.00     2.3649826077      13.618774100  
2020 11 18  13 46  0.00     2.3649809919      13.618768927  
2020 11 18  13 47  0.00     2.3649793760      13.618763756  
2020 11 18  13 48  0.00     2.3649777599      13.618758586  
2020 11 18  13 49  0.00     2.3649761436      13.618753417  
2020 11 18  13 50  0.00     2.3649745272      13.618748249  
2020 11 18  13 51  0.00     2.3649729107      13.618743082  
2020 11 18  13 52  0.00     2.3649712940      13.618737916  
2020 11 18  13 53  0.00     2.3649696771      13.618732751  
2020 11 18  13 54  0.00     2.3649680601      13.618727588  
2020 11 18  13 55  0.00     2.3649664430      13.618722425  
2020 11 18  13 56  0.00     2.3649648256      13.618717264  
2020 11 18  13 57  0.00     2.3649632082      13.618712104  
2020 11 18  13 58  0.00     2.3649615906      13.618706944  
2020 11 18  13 59  0.00     2.3649599728      13.618701786  
2020 11 18  14  0  0.00     2.3649583549      13.618696629  
2020 11 18  14  1  0.00     2.3649567369      13.618691473  
2020 11 18  14  2  0.00     2.3649551187      13.618686318  
2020 11 18  14  3  0.00     2.3649535004      13.618681164  
2020 11 18  14  4  0.00     2.3649518819      13.618676012  
2020 11 18  14  5  0.00     2.3649502633      13.618670860  
2020 11 18  14  6  0.00     2.3649486445      13.618665709  
2020 11 18  14  7  0.00     2.3649470256      13.618660560  
2020 11 18  14  8  0.00     2.3649454065      13.618655411  
2020 11 18  14  9  0.00     2.3649437873      13.618650264  
2020 11 18  14 10  0.00     2.3649421680      13.618645117  
2020 11 18  14 11  0.00     2.3649405485      13.618639972  
2020 11 18  14 12  0.00     2.3649389289      13.618634828  
2020 11 18  14 13  0.00     2.3649373092      13.618629685  
2020 11 18  14 14  0.00     2.3649356893      13.618624543  
2020 11 18  14 15  0.00     2.3649340692      13.618619402  
2020 11 18  14 16  0.00     2.3649324491      13.618614262  
2020 11 18  14 17  0.00     2.3649308288      13.618609123  
2020 11 18  14 18  0.00     2.3649292083      13.618603985  
2020 11 18  14 19  0.00     2.3649275877      13.618598848  
2020 11 18  14 20  0.00     2.3649259670      13.618593712  
2020 11 18  14 21  0.00     2.3649243462      13.618588577  
2020 11 18  14 22  0.00     2.3649227252      13.618583444  
2020 11 18  14 23  0.00     2.3649211041      13.618578311  
2020 11 18  14 24  0.00     2.3649194828      13.618573179  
2020 11 18  14 25  0.00     2.3649178614      13.618568049  
2020 11 18  14 26  0.00     2.3649162399      13.618562919  
2020 11 18  14 27  0.00     2.3649146183      13.618557791  
2020 11 18  14 28  0.00     2.3649129965      13.618552663  
2020 11 18  14 29  0.00     2.3649113746      13.618547537  
2020 11 18  14 30  0.00     2.3649097526      13.618542411  
2020 11 18  14 31  0.00     2.3649081304      13.618537287  
2020 11 18  14 32  0.00     2.3649065081      13.618532163  
2020 11 18  14 33  0.00     2.3649048857      13.618527041  
2020 11 18  14 34  0.00     2.3649032632      13.618521920  
2020 11 18  14 35  0.00     2.3649016405      13.618516800  
2020 11 18  14 36  0.00     2.3649000177      13.618511680  
2020 11 18  14 37  0.00     2.3648983948      13.618506562  
2020 11 18  14 38  0.00     2.3648967717      13.618501445  
2020 11 18  14 39  0.00     2.3648951485      13.618496329  
2020 11 18  14 40  0.00     2.3648935253      13.618491213  
2020 11 18  14 41  0.00     2.3648919018      13.618486099  
2020 11 18  14 42  0.00     2.3648902783      13.618480986  
2020 11 18  14 43  0.00     2.3648886546      13.618475874  
2020 11 18  14 44  0.00     2.3648870309      13.618470763  
2020 11 18  14 45  0.00     2.3648854070      13.618465653  
2020 11 18  14 46  0.00     2.3648837829      13.618460544  
2020 11 18  14 47  0.00     2.3648821588      13.618455436  
2020 11 18  14 48  0.00     2.3648805346      13.618450329  
2020 11 18  14 49  0.00     2.3648789102      13.618445222  
2020 11 18  14 50  0.00     2.3648772857      13.618440117  
2020 11 18  14 51  0.00     2.3648756611      13.618435013  
2020 11 18  14 52  0.00     2.3648740364      13.618429910  
2020 11 18  14 53  0.00     2.3648724115      13.618424808  
2020 11 18  14 54  0.00     2.3648707866      13.618419707  
2020 11 18  14 55  0.00     2.3648691615      13.618414607  
2020 11 18  14 56  0.00     2.3648675363      13.618409508  
2020 11 18  14 57  0.00     2.3648659110      13.618404410  
2020 11 18  14 58  0.00     2.3648642856      13.618399313  
2020 11 18  14 59  0.00     2.3648626601      13.618394217  
2020 11 18  15  0  0.00     2.3648610345      13.618389121  
2020 11 18  15  1  0.00     2.3648594088      13.618384027  
2020 11 18  15  2  0.00     2.3648577829      13.618378934  
2020 11 18  15  3  0.00     2.3648561570      13.618373842  
2020 11 18  15  4  0.00     2.3648545309      13.618368751  
2020 11 18  15  5  0.00     2.3648529047      13.618363661  
2020 11 18  15  6  0.00     2.3648512785      13.618358571  
2020 11 18  15  7  0.00     2.3648496521      13.618353483  
2020 11 18  15  8  0.00     2.3648480256      13.618348396  
2020 11 18  15  9  0.00     2.3648463990      13.618343310  
2020 11 18  15 10  0.00     2.3648447723      13.618338224  
2020 11 18  15 11  0.00     2.3648431455      13.618333140  
2020 11 18  15 12  0.00     2.3648415186      13.618328057  
2020 11 18  15 13  0.00     2.3648398916      13.618322974  
2020 11 18  15 14  0.00     2.3648382645      13.618317893  
2020 11 18  15 15  0.00     2.3648366373      13.618312813  
2020 11 18  15 16  0.00     2.3648350100      13.618307733  
2020 11 18  15 17  0.00     2.3648333826      13.618302655  
2020 11 18  15 18  0.00     2.3648317551      13.618297577  
2020 11 18  15 19  0.00     2.3648301275      13.618292501  
2020 11 18  15 20  0.00     2.3648284998      13.618287425  
2020 11 18  15 21  0.00     2.3648268720      13.618282350  
2020 11 18  15 22  0.00     2.3648252441      13.618277277  
2020 11 18  15 23  0.00     2.3648236161      13.618272204  
2020 11 18  15 24  0.00     2.3648219880      13.618267132  
2020 11 18  15 25  0.00     2.3648203598      13.618262062  
2020 11 18  15 26  0.00     2.3648187315      13.618256992  
2020 11 18  15 27  0.00     2.3648171032      13.618251923  
2020 11 18  15 28  0.00     2.3648154747      13.618246855  
2020 11 18  15 29  0.00     2.3648138461      13.618241788  
2020 11 18  15 30  0.00     2.3648122175      13.618236722  
2020 11 18  15 31  0.00     2.3648105888      13.618231657  
2020 11 18  15 32  0.00     2.3648089599      13.618226593  
2020 11 18  15 33  0.00     2.3648073310      13.618221530  
2020 11 18  15 34  0.00     2.3648057020      13.618216468  
2020 11 18  15 35  0.00     2.3648040729      13.618211407  
2020 11 18  15 36  0.00     2.3648024437      13.618206347  
2020 11 18  15 37  0.00     2.3648008145      13.618201288  
2020 11 18  15 38  0.00     2.3647991851      13.618196229  
2020 11 18  15 39  0.00     2.3647975557      13.618191172  
2020 11 18  15 40  0.00     2.3647959261      13.618186115  
2020 11 18  15 41  0.00     2.3647942965      13.618181060  
2020 11 18  15 42  0.00     2.3647926668      13.618176006  
2020 11 18  15 43  0.00     2.3647910371      13.618170952  
2020 11 18  15 44  0.00     2.3647894072      13.618165899  
2020 11 18  15 45  0.00     2.3647877773      13.618160848  
2020 11 18  15 46  0.00     2.3647861472      13.618155797  
2020 11 18  15 47  0.00     2.3647845171      13.618150747  
2020 11 18  15 48  0.00     2.3647828869      13.618145698  
2020 11 18  15 49  0.00     2.3647812567      13.618140650  
2020 11 18  15 50  0.00     2.3647796263      13.618135603  
2020 11 18  15 51  0.00     2.3647779959      13.618130557  
2020 11 18  15 52  0.00     2.3647763654      13.618125512  
2020 11 18  15 53  0.00     2.3647747348      13.618120468  
2020 11 18  15 54  0.00     2.3647731042      13.618115425  
2020 11 18  15 55  0.00     2.3647714735      13.618110383  
2020 11 18  15 56  0.00     2.3647698427      13.618105341  
2020 11 18  15 57  0.00     2.3647682118      13.618100301  
2020 11 18  15 58  0.00     2.3647665808      13.618095261  
2020 11 18  15 59  0.00     2.3647649498      13.618090223  
2020 11 18  16  0  0.00     2.3647633187      13.618085185  
2020 11 18  16  1  0.00     2.3647616876      13.618080148  
2020 11 18  16  2  0.00     2.3647600563      13.618075113  
2020 11 18  16  3  0.00     2.3647584250      13.618070078  
2020 11 18  16  4  0.00     2.3647567936      13.618065044  
2020 11 18  16  5  0.00     2.3647551622      13.618060011  
2020 11 18  16  6  0.00     2.3647535307      13.618054979  
2020 11 18  16  7  0.00     2.3647518991      13.618049948  
2020 11 18  16  8  0.00     2.3647502675      13.618044918  
2020 11 18  16  9  0.00     2.3647486357      13.618039889  
2020 11 18  16 10  0.00     2.3647470040      13.618034860  
2020 11 18  16 11  0.00     2.3647453721      13.618029833  
2020 11 18  16 12  0.00     2.3647437402      13.618024806  
2020 11 18  16 13  0.00     2.3647421082      13.618019781  
2020 11 18  16 14  0.00     2.3647404762      13.618014756  
2020 11 18  16 15  0.00     2.3647388441      13.618009733  
2020 11 18  16 16  0.00     2.3647372119      13.618004710  
2020 11 18  16 17  0.00     2.3647355797      13.617999688  
2020 11 18  16 18  0.00     2.3647339474      13.617994667  
2020 11 18  16 19  0.00     2.3647323151      13.617989647  
2020 11 18  16 20  0.00     2.3647306827      13.617984628  
2020 11 18  16 21  0.00     2.3647290502      13.617979610  
2020 11 18  16 22  0.00     2.3647274177      13.617974593  
2020 11 18  16 23  0.00     2.3647257851      13.617969576  
2020 11 18  16 24  0.00     2.3647241525      13.617964561  
2020 11 18  16 25  0.00     2.3647225198      13.617959547  
2020 11 18  16 26  0.00     2.3647208870      13.617954533  
2020 11 18  16 27  0.00     2.3647192542      13.617949520  
2020 11 18  16 28  0.00     2.3647176214      13.617944509  
2020 11 18  16 29  0.00     2.3647159884      13.617939498  
2020 11 18  16 30  0.00     2.3647143555      13.617934488  
2020 11 18  16 31  0.00     2.3647127225      13.617929479  
2020 11 18  16 32  0.00     2.3647110894      13.617924471  
2020 11 18  16 33  0.00     2.3647094563      13.617919464  
2020 11 18  16 34  0.00     2.3647078231      13.617914458  
2020 11 18  16 35  0.00     2.3647061899      13.617909453  
2020 11 18  16 36  0.00     2.3647045566      13.617904448  
2020 11 18  16 37  0.00     2.3647029233      13.617899445  
2020 11 18  16 38  0.00     2.3647012899      13.617894442  
2020 11 18  16 39  0.00     2.3646996565      13.617889441  
2020 11 18  16 40  0.00     2.3646980230      13.617884440  
2020 11 18  16 41  0.00     2.3646963895      13.617879440  
2020 11 18  16 42  0.00     2.3646947560      13.617874441  
2020 11 18  16 43  0.00     2.3646931224      13.617869443  
2020 11 18  16 44  0.00     2.3646914887      13.617864446  
2020 11 18  16 45  0.00     2.3646898550      13.617859450  
2020 11 18  16 46  0.00     2.3646882213      13.617854455  
2020 11 18  16 47  0.00     2.3646865875      13.617849461  
2020 11 18  16 48  0.00     2.3646849537      13.617844467  
2020 11 18  16 49  0.00     2.3646833198      13.617839475  
2020 11 18  16 50  0.00     2.3646816859      13.617834483  
2020 11 18  16 51  0.00     2.3646800520      13.617829493  
2020 11 18  16 52  0.00     2.3646784180      13.617824503  
2020 11 18  16 53  0.00     2.3646767840      13.617819514  
2020 11 18  16 54  0.00     2.3646751500      13.617814526  
2020 11 18  16 55  0.00     2.3646735159      13.617809539  
2020 11 18  16 56  0.00     2.3646718817      13.617804553  
2020 11 18  16 57  0.00     2.3646702476      13.617799568  
2020 11 18  16 58  0.00     2.3646686134      13.617794584  
2020 11 18  16 59  0.00     2.3646669791      13.617789600  
2020 11 18  17  0  0.00     2.3646653448      13.617784618  
2020 11 18  17  1  0.00     2.3646637105      13.617779636  
2020 11 18  17  2  0.00     2.3646620762      13.617774656  
2020 11 18  17  3  0.00     2.3646604418      13.617769676  
2020 11 18  17  4  0.00     2.3646588074      13.617764697  
2020 11 18  17  5  0.00     2.3646571730      13.617759719  
2020 11 18  17  6  0.00     2.3646555385      13.617754742  
2020 11 18  17  7  0.00     2.3646539040      13.617749766  
2020 11 18  17  8  0.00     2.3646522695      13.617744791  
2020 11 18  17  9  0.00     2.3646506349      13.617739817  
2020 11 18  17 10  0.00     2.3646490003      13.617734844  
2020 11 18  17 11  0.00     2.3646473657      13.617729871  
2020 11 18  17 12  0.00     2.3646457311      13.617724900  
2020 11 18  17 13  0.00     2.3646440964      13.617719929  
2020 11 18  17 14  0.00     2.3646424617      13.617714960  
2020 11 18  17 15  0.00     2.3646408270      13.617709991  
2020 11 18  17 16  0.00     2.3646391922      13.617705023  
2020 11 18  17 17  0.00     2.3646375574      13.617700056  
2020 11 18  17 18  0.00     2.3646359226      13.617695090  
2020 11 18  17 19  0.00     2.3646342878      13.617690125  
2020 11 18  17 20  0.00     2.3646326530      13.617685161  
2020 11 18  17 21  0.00     2.3646310181      13.617680197  
2020 11 18  17 22  0.00     2.3646293832      13.617675235  
2020 11 18  17 23  0.00     2.3646277483      13.617670274  
2020 11 18  17 24  0.00     2.3646261134      13.617665313  
2020 11 18  17 25  0.00     2.3646244784      13.617660353  
2020 11 18  17 26  0.00     2.3646228435      13.617655395  
2020 11 18  17 27  0.00     2.3646212085      13.617650437  
2020 11 18  17 28  0.00     2.3646195735      13.617645480  
2020 11 18  17 29  0.00     2.3646179385      13.617640524  
2020 11 18  17 30  0.00     2.3646163034      13.617635569  
2020 11 18  17 31  0.00     2.3646146684      13.617630615  
2020 11 18  17 32  0.00     2.3646130333      13.617625661  
2020 11 18  17 33  0.00     2.3646113982      13.617620709  
2020 11 18  17 34  0.00     2.3646097631      13.617615758  
2020 11 18  17 35  0.00     2.3646081280      13.617610807  
2020 11 18  17 36  0.00     2.3646064928      13.617605858  
2020 11 18  17 37  0.00     2.3646048577      13.617600909  
2020 11 18  17 38  0.00     2.3646032225      13.617595961  
2020 11 18  17 39  0.00     2.3646015874      13.617591014  
2020 11 18  17 40  0.00     2.3645999522      13.617586068  
2020 11 18  17 41  0.00     2.3645983170      13.617581123  
2020 11 18  17 42  0.00     2.3645966818      13.617576179  
2020 11 18  17 43  0.00     2.3645950466      13.617571236  
2020 11 18  17 44  0.00     2.3645934114      13.617566294  
2020 11 18  17 45  0.00     2.3645917761      13.617561353  
2020 11 18  17 46  0.00     2.3645901409      13.617556412  
2020 11 18  17 47  0.00     2.3645885056      13.617551473  
2020 11 18  17 48  0.00     2.3645868704      13.617546534  
2020 11 18  17 49  0.00     2.3645852351      13.617541596  
2020 11 18  17 50  0.00     2.3645835999      13.617536660  
2020 11 18  17 51  0.00     2.3645819646      13.617531724  
2020 11 18  17 52  0.00     2.3645803293      13.617526789  
2020 11 18  17 53  0.00     2.3645786940      13.617521855  
2020 11 18  17 54  0.00     2.3645770587      13.617516922  
2020 11 18  17 55  0.00     2.3645754235      13.617511990  
2020 11 18  17 56  0.00     2.3645737882      13.617507059  
2020 11 18  17 57  0.00     2.3645721529      13.617502128  
2020 11 18  17 58  0.00     2.3645705176      13.617497199  
2020 11 18  17 59  0.00     2.3645688823      13.617492270  
2020 11 18  18  0  0.00     2.3645672470      13.617487343  
2020 11 18  18  1  0.00     2.3645656117      13.617482416  
2020 11 18  18  2  0.00     2.3645639764      13.617477491  
2020 11 18  18  3  0.00     2.3645623411      13.617472566  
2020 11 18  18  4  0.00     2.3645607058      13.617467642  
2020 11 18  18  5  0.00     2.3645590705      13.617462719  
2020 11 18  18  6  0.00     2.3645574352      13.617457797  
2020 11 18  18  7  0.00     2.3645557999      13.617452876  
2020 11 18  18  8  0.00     2.3645541646      13.617447956  
2020 11 18  18  9  0.00     2.3645525293      13.617443037  
2020 11 18  18 10  0.00     2.3645508941      13.617438118  
2020 11 18  18 11  0.00     2.3645492588      13.617433201  
2020 11 18  18 12  0.00     2.3645476235      13.617428285  
2020 11 18  18 13  0.00     2.3645459883      13.617423369  
2020 11 18  18 14  0.00     2.3645443530      13.617418455  
2020 11 18  18 15  0.00     2.3645427178      13.617413541  
2020 11 18  18 16  0.00     2.3645410825      13.617408628  
2020 11 18  18 17  0.00     2.3645394473      13.617403717  
2020 11 18  18 18  0.00     2.3645378121      13.617398806  
2020 11 18  18 19  0.00     2.3645361769      13.617393896  
2020 11 18  18 20  0.00     2.3645345416      13.617388987  
2020 11 18  18 21  0.00     2.3645329065      13.617384079  
2020 11 18  18 22  0.00     2.3645312713      13.617379172  
2020 11 18  18 23  0.00     2.3645296361      13.617374266  
2020 11 18  18 24  0.00     2.3645280009      13.617369360  
2020 11 18  18 25  0.00     2.3645263658      13.617364456  
2020 11 18  18 26  0.00     2.3645247306      13.617359553  
2020 11 18  18 27  0.00     2.3645230955      13.617354650  
2020 11 18  18 28  0.00     2.3645214604      13.617349749  
2020 11 18  18 29  0.00     2.3645198253      13.617344848  
2020 11 18  18 30  0.00     2.3645181902      13.617339949  
2020 11 18  18 31  0.00     2.3645165551      13.617335050  
2020 11 18  18 32  0.00     2.3645149201      13.617330152  
2020 11 18  18 33  0.00     2.3645132850      13.617325256  
2020 11 18  18 34  0.00     2.3645116500      13.617320360  
2020 11 18  18 35  0.00     2.3645100150      13.617315465  
2020 11 18  18 36  0.00     2.3645083800      13.617310571  
2020 11 18  18 37  0.00     2.3645067450      13.617305678  
2020 11 18  18 38  0.00     2.3645051101      13.617300786  
2020 11 18  18 39  0.00     2.3645034751      13.617295895  
2020 11 18  18 40  0.00     2.3645018402      13.617291005  
2020 11 18  18 41  0.00     2.3645002053      13.617286116  
2020 11 18  18 42  0.00     2.3644985704      13.617281227  
2020 11 18  18 43  0.00     2.3644969356      13.617276340  
2020 11 18  18 44  0.00     2.3644953007      13.617271454  
2020 11 18  18 45  0.00     2.3644936659      13.617266568  
2020 11 18  18 46  0.00     2.3644920311      13.617261684  
2020 11 18  18 47  0.00     2.3644903964      13.617256800  
2020 11 18  18 48  0.00     2.3644887616      13.617251918  
2020 11 18  18 49  0.00     2.3644871269      13.617247036  
2020 11 18  18 50  0.00     2.3644854922      13.617242156  
2020 11 18  18 51  0.00     2.3644838575      13.617237276  
2020 11 18  18 52  0.00     2.3644822228      13.617232397  
2020 11 18  18 53  0.00     2.3644805882      13.617227519  
2020 11 18  18 54  0.00     2.3644789536      13.617222643  
2020 11 18  18 55  0.00     2.3644773190      13.617217767  
2020 11 18  18 56  0.00     2.3644756844      13.617212892  
2020 11 18  18 57  0.00     2.3644740499      13.617208018  
2020 11 18  18 58  0.00     2.3644724154      13.617203145  
2020 11 18  18 59  0.00     2.3644707809      13.617198273  
2020 11 18  19  0  0.00     2.3644691464      13.617193402  
2020 11 18  19  1  0.00     2.3644675120      13.617188532  
2020 11 18  19  2  0.00     2.3644658776      13.617183663  
2020 11 18  19  3  0.00     2.3644642433      13.617178795  
2020 11 18  19  4  0.00     2.3644626089      13.617173927  
2020 11 18  19  5  0.00     2.3644609746      13.617169061  
2020 11 18  19  6  0.00     2.3644593403      13.617164196  
2020 11 18  19  7  0.00     2.3644577061      13.617159332  
2020 11 18  19  8  0.00     2.3644560718      13.617154468  
2020 11 18  19  9  0.00     2.3644544377      13.617149606  
2020 11 18  19 10  0.00     2.3644528035      13.617144745  
2020 11 18  19 11  0.00     2.3644511694      13.617139884  
2020 11 18  19 12  0.00     2.3644495353      13.617135025  
2020 11 18  19 13  0.00     2.3644479012      13.617130166  
2020 11 18  19 14  0.00     2.3644462672      13.617125309  
2020 11 18  19 15  0.00     2.3644446332      13.617120452  
2020 11 18  19 16  0.00     2.3644429992      13.617115597  
2020 11 18  19 17  0.00     2.3644413653      13.617110742  
2020 11 18  19 18  0.00     2.3644397314      13.617105889  
2020 11 18  19 19  0.00     2.3644380975      13.617101036  
2020 11 18  19 20  0.00     2.3644364637      13.617096185  
2020 11 18  19 21  0.00     2.3644348299      13.617091334  
2020 11 18  19 22  0.00     2.3644331961      13.617086484  
2020 11 18  19 23  0.00     2.3644315624      13.617081636  
2020 11 18  19 24  0.00     2.3644299287      13.617076788  
2020 11 18  19 25  0.00     2.3644282951      13.617071942  
2020 11 18  19 26  0.00     2.3644266615      13.617067096  
2020 11 18  19 27  0.00     2.3644250279      13.617062251  
2020 11 18  19 28  0.00     2.3644233944      13.617057408  
2020 11 18  19 29  0.00     2.3644217609      13.617052565  
2020 11 18  19 30  0.00     2.3644201274      13.617047723  
2020 11 18  19 31  0.00     2.3644184940      13.617042882  
2020 11 18  19 32  0.00     2.3644168606      13.617038043  
2020 11 18  19 33  0.00     2.3644152273      13.617033204  
2020 11 18  19 34  0.00     2.3644135940      13.617028366  
2020 11 18  19 35  0.00     2.3644119607      13.617023529  
2020 11 18  19 36  0.00     2.3644103275      13.617018694  
2020 11 18  19 37  0.00     2.3644086943      13.617013859  
2020 11 18  19 38  0.00     2.3644070612      13.617009025  
2020 11 18  19 39  0.00     2.3644054281      13.617004193  
2020 11 18  19 40  0.00     2.3644037950      13.616999361  
2020 11 18  19 41  0.00     2.3644021620      13.616994530  
2020 11 18  19 42  0.00     2.3644005290      13.616989700  
2020 11 18  19 43  0.00     2.3643988961      13.616984872  
2020 11 18  19 44  0.00     2.3643972632      13.616980044  
2020 11 18  19 45  0.00     2.3643956303      13.616975217  
2020 11 18  19 46  0.00     2.3643939975      13.616970392  
2020 11 18  19 47  0.00     2.3643923648      13.616965567  
2020 11 18  19 48  0.00     2.3643907321      13.616960743  
2020 11 18  19 49  0.00     2.3643890994      13.616955921  
2020 11 18  19 50  0.00     2.3643874668      13.616951099  
2020 11 18  19 51  0.00     2.3643858342      13.616946278  
2020 11 18  19 52  0.00     2.3643842017      13.616941459  
2020 11 18  19 53  0.00     2.3643825692      13.616936640  
2020 11 18  19 54  0.00     2.3643809367      13.616931823  
2020 11 18  19 55  0.00     2.3643793043      13.616927006  
2020 11 18  19 56  0.00     2.3643776720      13.616922190  
2020 11 18  19 57  0.00     2.3643760397      13.616917376  
2020 11 18  19 58  0.00     2.3643744074      13.616912562  
2020 11 18  19 59  0.00     2.3643727752      13.616907750  
2020 11 18  20  0  0.00     2.3643711430      13.616902939  
2020 11 18  20  1  0.00     2.3643695109      13.616898128  
2020 11 18  20  2  0.00     2.3643678788      13.616893319  
2020 11 18  20  3  0.00     2.3643662468      13.616888510  
2020 11 18  20  4  0.00     2.3643646148      13.616883703  
2020 11 18  20  5  0.00     2.3643629829      13.616878897  
2020 11 18  20  6  0.00     2.3643613510      13.616874092  
2020 11 18  20  7  0.00     2.3643597192      13.616869287  
2020 11 18  20  8  0.00     2.3643580874      13.616864484  
2020 11 18  20  9  0.00     2.3643564557      13.616859682  
2020 11 18  20 10  0.00     2.3643548240      13.616854881  
2020 11 18  20 11  0.00     2.3643531924      13.616850081  
2020 11 18  20 12  0.00     2.3643515608      13.616845282  
2020 11 18  20 13  0.00     2.3643499293      13.616840484  
2020 11 18  20 14  0.00     2.3643482978      13.616835687  
2020 11 18  20 15  0.00     2.3643466664      13.616830891  
2020 11 18  20 16  0.00     2.3643450350      13.616826096  
2020 11 18  20 17  0.00     2.3643434037      13.616821302  
2020 11 18  20 18  0.00     2.3643417724      13.616816509  
2020 11 18  20 19  0.00     2.3643401412      13.616811718  
2020 11 18  20 20  0.00     2.3643385100      13.616806927  
2020 11 18  20 21  0.00     2.3643368789      13.616802137  
2020 11 18  20 22  0.00     2.3643352478      13.616797349  
2020 11 18  20 23  0.00     2.3643336168      13.616792561  
2020 11 18  20 24  0.00     2.3643319858      13.616787775  
2020 11 18  20 25  0.00     2.3643303549      13.616782990  
2020 11 18  20 26  0.00     2.3643287241      13.616778205  
2020 11 18  20 27  0.00     2.3643270933      13.616773422  
2020 11 18  20 28  0.00     2.3643254625      13.616768640  
2020 11 18  20 29  0.00     2.3643238318      13.616763858  
2020 11 18  20 30  0.00     2.3643222012      13.616759078  
2020 11 18  20 31  0.00     2.3643205706      13.616754299  
2020 11 18  20 32  0.00     2.3643189400      13.616749521  
2020 11 18  20 33  0.00     2.3643173096      13.616744744  
2020 11 18  20 34  0.00     2.3643156791      13.616739969  
---
2020 11 19  10 40  0.00     2.3629244824      13.613132669  
2020 11 19  10 41  0.00     2.3629227659      13.613128791  
2020 11 19  10 42  0.00     2.3629210491      13.613124913  
2020 11 19  10 43  0.00     2.3629193321      13.613121035  
2020 11 19  10 44  0.00     2.3629176148      13.613117157  
2020 11 19  10 45  0.00     2.3629158973      13.613113279  
2020 11 19  10 46  0.00     2.3629141795      13.613109402  
2020 11 19  10 47  0.00     2.3629124615      13.613105525  
2020 11 19  10 48  0.00     2.3629107432      13.613101647  
2020 11 19  10 49  0.00     2.3629090246      13.613097770  
2020 11 19  10 50  0.00     2.3629073058      13.613093894  
2020 11 19  10 51  0.00     2.3629055868      13.613090017  
2020 11 19  10 52  0.00     2.3629038675      13.613086140  
2020 11 19  10 53  0.00     2.3629021479      13.613082264  
2020 11 19  10 54  0.00     2.3629004281      13.613078388  
2020 11 19  10 55  0.00     2.3628987080      13.613074512  
2020 11 19  10 56  0.00     2.3628969877      13.613070636  
2020 11 19  10 57  0.00     2.3628952672      13.613066760  
2020 11 19  10 58  0.00     2.3628935464      13.613062884  
2020 11 19  10 59  0.00     2.3628918253      13.613059008  
2020 11 19  11  0  0.00     2.3628901040      13.613055133  
2020 11 19  11  1  0.00     2.3628883824      13.613051258  
2020 11 19  11  2  0.00     2.3628866606      13.613047382  
2020 11 19  11  3  0.00     2.3628849385      13.613043507  
2020 11 19  11  4  0.00     2.3628832162      13.613039632  
2020 11 19  11  5  0.00     2.3628814936      13.613035757  
2020 11 19  11  6  0.00     2.3628797708      13.613031882  
2020 11 19  11  7  0.00     2.3628780478      13.613028008  
2020 11 19  11  8  0.00     2.3628763245      13.613024133  
2020 11 19  11  9  0.00     2.3628746009      13.613020258  
2020 11 19  11 10  0.00     2.3628728771      13.613016384  
2020 11 19  11 11  0.00     2.3628711530      13.613012509  
2020 11 19  11 12  0.00     2.3628694287      13.613008635  
2020 11 19  11 13  0.00     2.3628677042      13.613004761  
2020 11 19  11 14  0.00     2.3628659794      13.613000887  
2020 11 19  11 15  0.00     2.3628642543      13.612997013  
2020 11 19  11 16  0.00     2.3628625290      13.612993139  
2020 11 19  11 17  0.00     2.3628608035      13.612989265  
2020 11 19  11 18  0.00     2.3628590777      13.612985391  
2020 11 19  11 19  0.00     2.3628573517      13.612981517  
2020 11 19  11 20  0.00     2.3628556254      13.612977643  
2020 11 19  11 21  0.00     2.3628538989      13.612973769  
2020 11 19  11 22  0.00     2.3628521721      13.612969895  
2020 11 19  11 23  0.00     2.3628504451      13.612966022  
2020 11 19  11 24  0.00     2.3628487179      13.612962148  
2020 11 19  11 25  0.00     2.3628469904      13.612958275  
2020 11 19  11 26  0.00     2.3628452626      13.612954401  
2020 11 19  11 27  0.00     2.3628435347      13.612950528  
2020 11 19  11 28  0.00     2.3628418064      13.612946654  
2020 11 19  11 29  0.00     2.3628400780      13.612942781  
2020 11 19  11 30  0.00     2.3628383492      13.612938907  
2020 11 19  11 31  0.00     2.3628366203      13.612935034  
2020 11 19  11 32  0.00     2.3628348911      13.612931160  
2020 11 19  11 33  0.00     2.3628331617      13.612927287  
2020 11 19  11 34  0.00     2.3628314320      13.612923413  
2020 11 19  11 35  0.00     2.3628297021      13.612919540  
2020 11 19  11 36  0.00     2.3628279719      13.612915667  
2020 11 19  11 37  0.00     2.3628262415      13.612911793  
2020 11 19  11 38  0.00     2.3628245109      13.612907920  
2020 11 19  11 39  0.00     2.3628227800      13.612904046  
2020 11 19  11 40  0.00     2.3628210489      13.612900173  
2020 11 19  11 41  0.00     2.3628193175      13.612896300  
2020 11 19  11 42  0.00     2.3628175860      13.612892426  
2020 11 19  11 43  0.00     2.3628158541      13.612888553  
2020 11 19  11 44  0.00     2.3628141221      13.612884679  
2020 11 19  11 45  0.00     2.3628123898      13.612880806  
2020 11 19  11 46  0.00     2.3628106572      13.612876932  
2020 11 19  11 47  0.00     2.3628089244      13.612873059  
2020 11 19  11 48  0.00     2.3628071914      13.612869185  
2020 11 19  11 49  0.00     2.3628054582      13.612865311  
2020 11 19  11 50  0.00     2.3628037247      13.612861438  
2020 11 19  11 51  0.00     2.3628019910      13.612857564  
2020 11 19  11 52  0.00     2.3628002570      13.612853690  
2020 11 19  11 53  0.00     2.3627985228      13.612849816  
2020 11 19  11 54  0.00     2.3627967884      13.612845942  
2020 11 19  11 55  0.00     2.3627950538      13.612842069  
2020 11 19  11 56  0.00     2.3627933189      13.612838195  
2020 11 19  11 57  0.00     2.3627915837      13.612834321  
2020 11 19  11 58  0.00     2.3627898484      13.612830446  
2020 11 19  11 59  0.00     2.3627881128      13.612826572  
2020 11 19  12  0  0.00     2.3627863770      13.612822698  
2020 11 19  12  1  0.00     2.3627846409      13.612818824  
2020 11 19  12  2  0.00     2.3627829047      13.612814949  
2020 11 19  12  3  0.00     2.3627811682      13.612811075  
2020 11 19  12  4  0.00     2.3627794314      13.612807200  
2020 11 19  12  5  0.00     2.3627776944      13.612803326  
2020 11 19  12  6  0.00     2.3627759573      13.612799451  
2020 11 19  12  7  0.00     2.3627742198      13.612795576  
2020 11 19  12  8  0.00     2.3627724822      13.612791701  
2020 11 19  12  9  0.00     2.3627707443      13.612787826  
2020 11 19  12 10  0.00     2.3627690062      13.612783951  
2020 11 19  12 11  0.00     2.3627672678      13.612780076  
2020 11 19  12 12  0.00     2.3627655293      13.612776200  
2020 11 19  12 13  0.00     2.3627637905      13.612772325  
2020 11 19  12 14  0.00     2.3627620515      13.612768449  
2020 11 19  12 15  0.00     2.3627603122      13.612764574  
2020 11 19  12 16  0.00     2.3627585728      13.612760698  
2020 11 19  12 17  0.00     2.3627568331      13.612756822  
2020 11 19  12 18  0.00     2.3627550932      13.612752946  
2020 11 19  12 19  0.00     2.3627533530      13.612749070  
2020 11 19  12 20  0.00     2.3627516127      13.612745193  
2020 11 19  12 21  0.00     2.3627498721      13.612741317  
2020 11 19  12 22  0.00     2.3627481313      13.612737440  
2020 11 19  12 23  0.00     2.3627463903      13.612733564  
2020 11 19  12 24  0.00     2.3627446490      13.612729687  
2020 11 19  12 25  0.00     2.3627429075      13.612725810  
2020 11 19  12 26  0.00     2.3627411659      13.612721933  
2020 11 19  12 27  0.00     2.3627394239      13.612718056  
2020 11 19  12 28  0.00     2.3627376818      13.612714178  
2020 11 19  12 29  0.00     2.3627359395      13.612710301  
2020 11 19  12 30  0.00     2.3627341969      13.612706423  
2020 11 19  12 31  0.00     2.3627324541      13.612702545  
2020 11 19  12 32  0.00     2.3627307111      13.612698667  
2020 11 19  12 33  0.00     2.3627289679      13.612694789  
2020 11 19  12 34  0.00     2.3627272245      13.612690910  
2020 11 19  12 35  0.00     2.3627254808      13.612687032  
2020 11 19  12 36  0.00     2.3627237369      13.612683153  
2020 11 19  12 37  0.00     2.3627219929      13.612679274  
2020 11 19  12 38  0.00     2.3627202486      13.612675395  
2020 11 19  12 39  0.00     2.3627185041      13.612671516  
2020 11 19  12 40  0.00     2.3627167593      13.612667636  
2020 11 19  12 41  0.00     2.3627150144      13.612663756  
2020 11 19  12 42  0.00     2.3627132692      13.612659877  
2020 11 19  12 43  0.00     2.3627115239      13.612655997  
2020 11 19  12 44  0.00     2.3627097783      13.612652116  
2020 11 19  12 45  0.00     2.3627080325      13.612648236  
2020 11 19  12 46  0.00     2.3627062865      13.612644355  
2020 11 19  12 47  0.00     2.3627045403      13.612640474  
2020 11 19  12 48  0.00     2.3627027939      13.612636593  
2020 11 19  12 49  0.00     2.3627010473      13.612632712  
2020 11 19  12 50  0.00     2.3626993004      13.612628831  
2020 11 19  12 51  0.00     2.3626975534      13.612624949  
2020 11 19  12 52  0.00     2.3626958061      13.612621067  
2020 11 19  12 53  0.00     2.3626940587      13.612617185  
2020 11 19  12 54  0.00     2.3626923110      13.612613303  
2020 11 19  12 55  0.00     2.3626905631      13.612609420  
2020 11 19  12 56  0.00     2.3626888150      13.612605537  
2020 11 19  12 57  0.00     2.3626870668      13.612601654  
2020 11 19  12 58  0.00     2.3626853183      13.612597771  
2020 11 19  12 59  0.00     2.3626835696      13.612593887  
2020 11 19  13  0  0.00     2.3626818207      13.612590004  
2020 11 19  13  1  0.00     2.3626800716      13.612586120  
2020 11 19  13  2  0.00     2.3626783223      13.612582235  
2020 11 19  13  3  0.00     2.3626765728      13.612578351  
2020 11 19  13  4  0.00     2.3626748231      13.612574466  
2020 11 19  13  5  0.00     2.3626730732      13.612570581  
2020 11 19  13  6  0.00     2.3626713230      13.612566696  
2020 11 19  13  7  0.00     2.3626695727      13.612562811  
2020 11 19  13  8  0.00     2.3626678222      13.612558925  
2020 11 19  13  9  0.00     2.3626660715      13.612555039  
2020 11 19  13 10  0.00     2.3626643206      13.612551153  
2020 11 19  13 11  0.00     2.3626625695      13.612547266  
2020 11 19  13 12  0.00     2.3626608182      13.612543379  
2020 11 19  13 13  0.00     2.3626590667      13.612539492  
2020 11 19  13 14  0.00     2.3626573150      13.612535605  
2020 11 19  13 15  0.00     2.3626555631      13.612531717  
2020 11 19  13 16  0.00     2.3626538111      13.612527829  
2020 11 19  13 17  0.00     2.3626520588      13.612523941  
2020 11 19  13 18  0.00     2.3626503063      13.612520053  
2020 11 19  13 19  0.00     2.3626485536      13.612516164  
2020 11 19  13 20  0.00     2.3626468008      13.612512275  
2020 11 19  13 21  0.00     2.3626450477      13.612508385  
2020 11 19  13 22  0.00     2.3626432945      13.612504496  
2020 11 19  13 23  0.00     2.3626415411      13.612500606  
2020 11 19  13 24  0.00     2.3626397874      13.612496716  
2020 11 19  13 25  0.00     2.3626380336      13.612492825  
2020 11 19  13 26  0.00     2.3626362796      13.612488934  
2020 11 19  13 27  0.00     2.3626345254      13.612485043  
2020 11 19  13 28  0.00     2.3626327711      13.612481152  
2020 11 19  13 29  0.00     2.3626310165      13.612477260  
2020 11 19  13 30  0.00     2.3626292617      13.612473368  
2020 11 19  13 31  0.00     2.3626275068      13.612469476  
2020 11 19  13 32  0.00     2.3626257517      13.612465583  
2020 11 19  13 33  0.00     2.3626239963      13.612461690  
2020 11 19  13 34  0.00     2.3626222409      13.612457797  
2020 11 19  13 35  0.00     2.3626204852      13.612453903  
2020 11 19  13 36  0.00     2.3626187293      13.612450009  
2020 11 19  13 37  0.00     2.3626169733      13.612446115  
2020 11 19  13 38  0.00     2.3626152170      13.612442220  
2020 11 19  13 39  0.00     2.3626134606      13.612438325  
2020 11 19  13 40  0.00     2.3626117040      13.612434430  
2020 11 19  13 41  0.00     2.3626099472      13.612430534  
2020 11 19  13 42  0.00     2.3626081903      13.612426638  
2020 11 19  13 43  0.00     2.3626064332      13.612422742  
2020 11 19  13 44  0.00     2.3626046758      13.612418845  
2020 11 19  13 45  0.00     2.3626029184      13.612414948  
2020 11 19  13 46  0.00     2.3626011607      13.612411051  
2020 11 19  13 47  0.00     2.3625994028      13.612407153  
2020 11 19  13 48  0.00     2.3625976448      13.612403255  
2020 11 19  13 49  0.00     2.3625958866      13.612399357  
2020 11 19  13 50  0.00     2.3625941282      13.612395458  
2020 11 19  13 51  0.00     2.3625923697      13.612391559  
2020 11 19  13 52  0.00     2.3625906110      13.612387659  
2020 11 19  13 53  0.00     2.3625888521      13.612383760  
2020 11 19  13 54  0.00     2.3625870930      13.612379859  
2020 11 19  13 55  0.00     2.3625853338      13.612375959  
2020 11 19  13 56  0.00     2.3625835744      13.612372058  
2020 11 19  13 57  0.00     2.3625818148      13.612368156  
2020 11 19  13 58  0.00     2.3625800550      13.612364255  
2020 11 19  13 59  0.00     2.3625782951      13.612360353  
2020 11 19  14  0  0.00     2.3625765350      13.612356450  
2020 11 19  14  1  0.00     2.3625747747      13.612352547  
2020 11 19  14  2  0.00     2.3625730143      13.612348644  
2020 11 19  14  3  0.00     2.3625712537      13.612344741  
2020 11 19  14  4  0.00     2.3625694930      13.612340837  
2020 11 19  14  5  0.00     2.3625677320      13.612336932  
2020 11 19  14  6  0.00     2.3625659709      13.612333028  
2020 11 19  14  7  0.00     2.3625642097      13.612329122  
2020 11 19  14  8  0.00     2.3625624483      13.612325217  
2020 11 19  14  9  0.00     2.3625606867      13.612321311  
2020 11 19  14 10  0.00     2.3625589249      13.612317405  
2020 11 19  14 11  0.00     2.3625571630      13.612313498  
2020 11 19  14 12  0.00     2.3625554009      13.612309591  
2020 11 19  14 13  0.00     2.3625536387      13.612305683  
2020 11 19  14 14  0.00     2.3625518763      13.612301775  
2020 11 19  14 15  0.00     2.3625501138      13.612297867  
2020 11 19  14 16  0.00     2.3625483510      13.612293958  
2020 11 19  14 17  0.00     2.3625465882      13.612290049  
2020 11 19  14 18  0.00     2.3625448251      13.612286139  
2020 11 19  14 19  0.00     2.3625430620      13.612282229  
2020 11 19  14 20  0.00     2.3625412986      13.612278319  
2020 11 19  14 21  0.00     2.3625395351      13.612274408  
2020 11 19  14 22  0.00     2.3625377715      13.612270497  
2020 11 19  14 23  0.00     2.3625360077      13.612266585  
2020 11 19  14 24  0.00     2.3625342437      13.612262673  
2020 11 19  14 25  0.00     2.3625324796      13.612258761  
2020 11 19  14 26  0.00     2.3625307153      13.612254848  
2020 11 19  14 27  0.00     2.3625289509      13.612250934  
2020 11 19  14 28  0.00     2.3625271863      13.612247020  
2020 11 19  14 29  0.00     2.3625254216      13.612243106  
2020 11 19  14 30  0.00     2.3625236567      13.612239191  
2020 11 19  14 31  0.00     2.3625218917      13.612235276  
2020 11 19  14 32  0.00     2.3625201265      13.612231361  
2020 11 19  14 33  0.00     2.3625183612      13.612227445  
2020 11 19  14 34  0.00     2.3625165958      13.612223528  
2020 11 19  14 35  0.00     2.3625148301      13.612219611  
2020 11 19  14 36  0.00     2.3625130644      13.612215694  
2020 11 19  14 37  0.00     2.3625112985      13.612211776  
2020 11 19  14 38  0.00     2.3625095324      13.612207858  
2020 11 19  14 39  0.00     2.3625077662      13.612203939  
2020 11 19  14 40  0.00     2.3625059999      13.612200020  
2020 11 19  14 41  0.00     2.3625042334      13.612196101  
2020 11 19  14 42  0.00     2.3625024668      13.612192181  
2020 11 19  14 43  0.00     2.3625007000      13.612188260  
2020 11 19  14 44  0.00     2.3624989331      13.612184339  
2020 11 19  14 45  0.00     2.3624971661      13.612180418  
2020 11 19  14 46  0.00     2.3624953989      13.612176496  
2020 11 19  14 47  0.00     2.3624936316      13.612172574  
2020 11 19  14 48  0.00     2.3624918641      13.612168651  
2020 11 19  14 49  0.00     2.3624900965      13.612164728  
2020 11 19  14 50  0.00     2.3624883288      13.612160804  
2020 11 19  14 51  0.00     2.3624865609      13.612156880  
2020 11 19  14 52  0.00     2.3624847929      13.612152955  
2020 11 19  14 53  0.00     2.3624830248      13.612149030  
2020 11 19  14 54  0.00     2.3624812565      13.612145104  
2020 11 19  14 55  0.00     2.3624794881      13.612141178  
2020 11 19  14 56  0.00     2.3624777196      13.612137251  
2020 11 19  14 57  0.00     2.3624759509      13.612133324  
2020 11 19  14 58  0.00     2.3624741821      13.612129397  
2020 11 19  14 59  0.00     2.3624724132      13.612125469  
2020 11 19  15  0  0.00     2.3624706441      13.612121540  
2020 11 19  15  1  0.00     2.3624688749      13.612117611  
2020 11 19  15  2  0.00     2.3624671056      13.612113682  
2020 11 19  15  3  0.00     2.3624653361      13.612109752  
2020 11 19  15  4  0.00     2.3624635665      13.612105821  
2020 11 19  15  5  0.00     2.3624617968      13.612101890  
2020 11 19  15  6  0.00     2.3624600270      13.612097959  
2020 11 19  15  7  0.00     2.3624582571      13.612094027  
2020 11 19  15  8  0.00     2.3624564870      13.612090095  
2020 11 19  15  9  0.00     2.3624547168      13.612086162  
2020 11 19  15 10  0.00     2.3624529464      13.612082228  
2020 11 19  15 11  0.00     2.3624511760      13.612078294  
2020 11 19  15 12  0.00     2.3624494054      13.612074360  
2020 11 19  15 13  0.00     2.3624476347      13.612070425  
2020 11 19  15 14  0.00     2.3624458639      13.612066490  
2020 11 19  15 15  0.00     2.3624440930      13.612062554  
2020 11 19  15 16  0.00     2.3624423219      13.612058617  
2020 11 19  15 17  0.00     2.3624405507      13.612054680  
2020 11 19  15 18  0.00     2.3624387794      13.612050743  
2020 11 19  15 19  0.00     2.3624370080      13.612046805  
2020 11 19  15 20  0.00     2.3624352365      13.612042867  
2020 11 19  15 21  0.00     2.3624334649      13.612038928  
2020 11 19  15 22  0.00     2.3624316931      13.612034988  
2020 11 19  15 23  0.00     2.3624299212      13.612031048  
2020 11 19  15 24  0.00     2.3624281493      13.612027108  
2020 11 19  15 25  0.00     2.3624263772      13.612023166  
2020 11 19  15 26  0.00     2.3624246050      13.612019225  
2020 11 19  15 27  0.00     2.3624228326      13.612015283  
2020 11 19  15 28  0.00     2.3624210602      13.612011340  
2020 11 19  15 29  0.00     2.3624192877      13.612007397  
2020 11 19  15 30  0.00     2.3624175150      13.612003454  
2020 11 19  15 31  0.00     2.3624157422      13.611999509  
2020 11 19  15 32  0.00     2.3624139694      13.611995565  
2020 11 19  15 33  0.00     2.3624121964      13.611991619  
2020 11 19  15 34  0.00     2.3624104233      13.611987674  
2020 11 19  15 35  0.00     2.3624086501      13.611983727  
2020 11 19  15 36  0.00     2.3624068768      13.611979781  
2020 11 19  15 37  0.00     2.3624051034      13.611975833  
2020 11 19  15 38  0.00     2.3624033299      13.611971885  
2020 11 19  15 39  0.00     2.3624015563      13.611967937  
2020 11 19  15 40  0.00     2.3623997826      13.611963988  
2020 11 19  15 41  0.00     2.3623980088      13.611960039  
2020 11 19  15 42  0.00     2.3623962349      13.611956089  
2020 11 19  15 43  0.00     2.3623944608      13.611952138  
2020 11 19  15 44  0.00     2.3623926867      13.611948187  
2020 11 19  15 45  0.00     2.3623909125      13.611944235  
2020 11 19  15 46  0.00     2.3623891382      13.611940283  
2020 11 19  15 47  0.00     2.3623873638      13.611936331  
2020 11 19  15 48  0.00     2.3623855893      13.611932377  
2020 11 19  15 49  0.00     2.3623838146      13.611928424  
2020 11 19  15 50  0.00     2.3623820399      13.611924469  
2020 11 19  15 51  0.00     2.3623802651      13.611920514  
2020 11 19  15 52  0.00     2.3623784902      13.611916559  
2020 11 19  15 53  0.00     2.3623767153      13.611912603  
2020 11 19  15 54  0.00     2.3623749402      13.611908647  
2020 11 19  15 55  0.00     2.3623731650      13.611904689  
2020 11 19  15 56  0.00     2.3623713897      13.611900732  
2020 11 19  15 57  0.00     2.3623696144      13.611896774  
2020 11 19  15 58  0.00     2.3623678389      13.611892815  
2020 11 19  15 59  0.00     2.3623660634      13.611888856  
2020 11 19  16  0  0.00     2.3623642878      13.611884896  
2020 11 19  16  1  0.00     2.3623625120      13.611880936  
2020 11 19  16  2  0.00     2.3623607362      13.611876975  
2020 11 19  16  3  0.00     2.3623589603      13.611873013  
2020 11 19  16  4  0.00     2.3623571844      13.611869051  
2020 11 19  16  5  0.00     2.3623554083      13.611865089  
2020 11 19  16  6  0.00     2.3623536321      13.611861125  
2020 11 19  16  7  0.00     2.3623518559      13.611857162  
2020 11 19  16  8  0.00     2.3623500796      13.611853197  
2020 11 19  16  9  0.00     2.3623483032      13.611849233  
2020 11 19  16 10  0.00     2.3623465267      13.611845267  
2020 11 19  16 11  0.00     2.3623447501      13.611841301  
2020 11 19  16 12  0.00     2.3623429735      13.611837335  
2020 11 19  16 13  0.00     2.3623411968      13.611833368  
2020 11 19  16 14  0.00     2.3623394199      13.611829400  
2020 11 19  16 15  0.00     2.3623376431      13.611825432  
2020 11 19  16 16  0.00     2.3623358661      13.611821463  
2020 11 19  16 17  0.00     2.3623340890      13.611817494  
2020 11 19  16 18  0.00     2.3623323119      13.611813524  
2020 11 19  16 19  0.00     2.3623305347      13.611809553  
2020 11 19  16 20  0.00     2.3623287575      13.611805582  
2020 11 19  16 21  0.00     2.3623269801      13.611801611  
2020 11 19  16 22  0.00     2.3623252027      13.611797639  
2020 11 19  16 23  0.00     2.3623234252      13.611793666  
2020 11 19  16 24  0.00     2.3623216476      13.611789693  
2020 11 19  16 25  0.00     2.3623198700      13.611785719  
2020 11 19  16 26  0.00     2.3623180923      13.611781744  
2020 11 19  16 27  0.00     2.3623163145      13.611777769  
2020 11 19  16 28  0.00     2.3623145366      13.611773794  
2020 11 19  16 29  0.00     2.3623127587      13.611769817  
2020 11 19  16 30  0.00     2.3623109807      13.611765841  
2020 11 19  16 31  0.00     2.3623092026      13.611761863  
2020 11 19  16 32  0.00     2.3623074245      13.611757885  
2020 11 19  16 33  0.00     2.3623056463      13.611753907  
2020 11 19  16 34  0.00     2.3623038680      13.611749928  
2020 11 19  16 35  0.00     2.3623020897      13.611745948  
2020 11 19  16 36  0.00     2.3623003113      13.611741968  
2020 11 19  16 37  0.00     2.3622985329      13.611737987  
2020 11 19  16 38  0.00     2.3622967543      13.611734006  
2020 11 19  16 39  0.00     2.3622949757      13.611730024  
2020 11 19  16 40  0.00     2.3622931971      13.611726042  
2020 11 19  16 41  0.00     2.3622914184      13.611722058  
2020 11 19  16 42  0.00     2.3622896396      13.611718075  
2020 11 19  16 43  0.00     2.3622878608      13.611714091  
2020 11 19  16 44  0.00     2.3622860819      13.611710106  
2020 11 19  16 45  0.00     2.3622843029      13.611706120  
2020 11 19  16 46  0.00     2.3622825239      13.611702134  
2020 11 19  16 47  0.00     2.3622807448      13.611698148  
2020 11 19  16 48  0.00     2.3622789657      13.611694161  
2020 11 19  16 49  0.00     2.3622771865      13.611690173  
2020 11 19  16 50  0.00     2.3622754073      13.611686184  
2020 11 19  16 51  0.00     2.3622736280      13.611682196  
2020 11 19  16 52  0.00     2.3622718487      13.611678206  
2020 11 19  16 53  0.00     2.3622700693      13.611674216  
2020 11 19  16 54  0.00     2.3622682898      13.611670225  
2020 11 19  16 55  0.00     2.3622665103      13.611666234  
2020 11 19  16 56  0.00     2.3622647307      13.611662242  
2020 11 19  16 57  0.00     2.3622629511      13.611658250  
2020 11 19  16 58  0.00     2.3622611715      13.611654257  
2020 11 19  16 59  0.00     2.3622593917      13.611650263  
2020 11 19  17  0  0.00     2.3622576120      13.611646269  
2020 11 19  17  1  0.00     2.3622558322      13.611642274  
2020 11 19  17  2  0.00     2.3622540523      13.611638279  
2020 11 19  17  3  0.00     2.3622522724      13.611634283  
2020 11 19  17  4  0.00     2.3622504924      13.611630286  
2020 11 19  17  5  0.00     2.3622487124      13.611626289  
2020 11 19  17  6  0.00     2.3622469324      13.611622292  
2020 11 19  17  7  0.00     2.3622451523      13.611618293  
2020 11 19  17  8  0.00     2.3622433722      13.611614295  
2020 11 19  17  9  0.00     2.3622415920      13.611610295  
2020 11 19  17 10  0.00     2.3622398118      13.611606295  
2020 11 19  17 11  0.00     2.3622380315      13.611602294  
2020 11 19  17 12  0.00     2.3622362512      13.611598293  
2020 11 19  17 13  0.00     2.3622344708      13.611594291  
2020 11 19  17 14  0.00     2.3622326904      13.611590289  
2020 11 19  17 15  0.00     2.3622309100      13.611586286  
2020 11 19  17 16  0.00     2.3622291295      13.611582282  
2020 11 19  17 17  0.00     2.3622273490      13.611578278  
2020 11 19  17 18  0.00     2.3622255685      13.611574273  
2020 11 19  17 19  0.00     2.3622237879      13.611570268  
2020 11 19  17 20  0.00     2.3622220073      13.611566262  
2020 11 19  17 21  0.00     2.3622202266      13.611562256  
2020 11 19  17 22  0.00     2.3622184459      13.611558249  
2020 11 19  17 23  0.00     2.3622166652      13.611554241  
2020 11 19  17 24  0.00     2.3622148844      13.611550233  
2020 11 19  17 25  0.00     2.3622131036      13.611546224  
2020 11 19  17 26  0.00     2.3622113228      13.611542214  
2020 11 19  17 27  0.00     2.3622095420      13.611538204  
2020 11 19  17 28  0.00     2.3622077611      13.611534193  
2020 11 19  17 29  0.00     2.3622059801      13.611530182  
2020 11 19  17 30  0.00     2.3622041992      13.611526170  
2020 11 19  17 31  0.00     2.3622024182      13.611522158  
2020 11 19  17 32  0.00     2.3622006372      13.611518145  
2020 11 19  17 33  0.00     2.3621988561      13.611514131  
2020 11 19  17 34  0.00     2.3621970750      13.611510117  
2020 11 19  17 35  0.00     2.3621952939      13.611506102  
2020 11 19  17 36  0.00     2.3621935128      13.611502087  
2020 11 19  17 37  0.00     2.3621917317      13.611498071  
2020 11 19  17 38  0.00     2.3621899505      13.611494055  
2020 11 19  17 39  0.00     2.3621881693      13.611490037  
2020 11 19  17 40  0.00     2.3621863880      13.611486020  
2020 11 19  17 41  0.00     2.3621846068      13.611482001  
2020 11 19  17 42  0.00     2.3621828255      13.611477983  
2020 11 19  17 43  0.00     2.3621810442      13.611473963  
2020 11 19  17 44  0.00     2.3621792629      13.611469943  
2020 11 19  17 45  0.00     2.3621774815      13.611465922  
2020 11 19  17 46  0.00     2.3621757001      13.611461901  
2020 11 19  17 47  0.00     2.3621739187      13.611457879  
2020 11 19  17 48  0.00     2.3621721373      13.611453857  
2020 11 19  17 49  0.00     2.3621703559      13.611449834  
2020 11 19  17 50  0.00     2.3621685745      13.611445810  
2020 11 19  17 51  0.00     2.3621667930      13.611441786  
2020 11 19  17 52  0.00     2.3621650115      13.611437761  
2020 11 19  17 53  0.00     2.3621632300      13.611433736  
2020 11 19  17 54  0.00     2.3621614485      13.611429710  
2020 11 19  17 55  0.00     2.3621596669      13.611425683  
2020 11 19  17 56  0.00     2.3621578854      13.611421656  
2020 11 19  17 57  0.00     2.3621561038      13.611417629  
2020 11 19  17 58  0.00     2.3621543222      13.611413600  
2020 11 19  17 59  0.00     2.3621525406      13.611409571  
2020 11 19  18  0  0.00     2.3621507590      13.611405542  
2020 11 19  18  1  0.00     2.3621489774      13.611401512  
2020 11 19  18  2  0.00     2.3621471958      13.611397481  
2020 11 19  18  3  0.00     2.3621454141      13.611393450  
2020 11 19  18  4  0.00     2.3621436325      13.611389418  
2020 11 19  18  5  0.00     2.3621418508      13.611385386  
2020 11 19  18  6  0.00     2.3621400691      13.611381353  
2020 11 19  18  7  0.00     2.3621382874      13.611377319  
2020 11 19  18  8  0.00     2.3621365057      13.611373285  
2020 11 19  18  9  0.00     2.3621347240      13.611369250  
2020 11 19  18 10  0.00     2.3621329423      13.611365215  
2020 11 19  18 11  0.00     2.3621311606      13.611361179  
2020 11 19  18 12  0.00     2.3621293789      13.611357143  
2020 11 19  18 13  0.00     2.3621275971      13.611353106  
2020 11 19  18 14  0.00     2.3621258154      13.611349068  
2020 11 19  18 15  0.00     2.3621240336      13.611345030  
2020 11 19  18 16  0.00     2.3621222519      13.611340991  
2020 11 19  18 17  0.00     2.3621204701      13.611336952  
2020 11 19  18 18  0.00     2.3621186884      13.611332912  
2020 11 19  18 19  0.00     2.3621169066      13.611328871  
2020 11 19  18 20  0.00     2.3621151248      13.611324830  
2020 11 19  18 21  0.00     2.3621133431      13.611320789  
2020 11 19  18 22  0.00     2.3621115613      13.611316746  
2020 11 19  18 23  0.00     2.3621097795      13.611312704  
2020 11 19  18 24  0.00     2.3621079978      13.611308660  
2020 11 19  18 25  0.00     2.3621062160      13.611304616  
2020 11 19  18 26  0.00     2.3621044342      13.611300572  
2020 11 19  18 27  0.00     2.3621026524      13.611296527  
2020 11 19  18 28  0.00     2.3621008707      13.611292481  
2020 11 19  18 29  0.00     2.3620990889      13.611288435  
2020 11 19  18 30  0.00     2.3620973072      13.611284388  
2020 11 19  18 31  0.00     2.3620955254      13.611280340  
2020 11 19  18 32  0.00     2.3620937436      13.611276292  
2020 11 19  18 33  0.00     2.3620919619      13.611272244  
2020 11 19  18 34  0.00     2.3620901801      13.611268195  
2020 11 19  18 35  0.00     2.3620883984      13.611264145  
2020 11 19  18 36  0.00     2.3620866166      13.611260095  
2020 11 19  18 37  0.00     2.3620848349      13.611256044  
2020 11 19  18 38  0.00     2.3620830532      13.611251992  
2020 11 19  18 39  0.00     2.3620812715      13.611247940  
2020 11 19  18 40  0.00     2.3620794898      13.611243888  
2020 11 19  18 41  0.00     2.3620777081      13.611239835  
2020 11 19  18 42  0.00     2.3620759264      13.611235781  
2020 11 19  18 43  0.00     2.3620741447      13.611231727  
2020 11 19  18 44  0.00     2.3620723630      13.611227672  
2020 11 19  18 45  0.00     2.3620705813      13.611223617  
2020 11 19  18 46  0.00     2.3620687997      13.611219561  
2020 11 19  18 47  0.00     2.3620670180      13.611215504  
2020 11 19  18 48  0.00     2.3620652364      13.611211447  
2020 11 19  18 49  0.00     2.3620634548      13.611207390  
2020 11 19  18 50  0.00     2.3620616731      13.611203331  
2020 11 19  18 51  0.00     2.3620598915      13.611199273  
2020 11 19  18 52  0.00     2.3620581100      13.611195213  
2020 11 19  18 53  0.00     2.3620563284      13.611191154  
2020 11 19  18 54  0.00     2.3620545468      13.611187093  
2020 11 19  18 55  0.00     2.3620527653      13.611183032  
2020 11 19  18 56  0.00     2.3620509837      13.611178971  
2020 11 19  18 57  0.00     2.3620492022      13.611174909  
2020 11 19  18 58  0.00     2.3620474207      13.611170846  
2020 11 19  18 59  0.00     2.3620456392      13.611166783  
2020 11 19  19  0  0.00     2.3620438578      13.611162719  
2020 11 19  19  1  0.00     2.3620420763      13.611158655  
2020 11 19  19  2  0.00     2.3620402949      13.611154590  
2020 11 19  19  3  0.00     2.3620385135      13.611150524  
2020 11 19  19  4  0.00     2.3620367321      13.611146458  
2020 11 19  19  5  0.00     2.3620349507      13.611142392  
2020 11 19  19  6  0.00     2.3620331693      13.611138325  
2020 11 19  19  7  0.00     2.3620313880      13.611134257  
2020 11 19  19  8  0.00     2.3620296067      13.611130189  
2020 11 19  19  9  0.00     2.3620278254      13.611126120  
2020 11 19  19 10  0.00     2.3620260441      13.611122051  
2020 11 19  19 11  0.00     2.3620242628      13.611117981  
2020 11 19  19 12  0.00     2.3620224816      13.611113911  
2020 11 19  19 13  0.00     2.3620207004      13.611109840  
2020 11 19  19 14  0.00     2.3620189192      13.611105769  
2020 11 19  19 15  0.00     2.3620171380      13.611101697  
2020 11 19  19 16  0.00     2.3620153569      13.611097624  
2020 11 19  19 17  0.00     2.3620135758      13.611093551  
2020 11 19  19 18  0.00     2.3620117947      13.611089477  
2020 11 19  19 19  0.00     2.3620100136      13.611085403  
2020 11 19  19 20  0.00     2.3620082325      13.611081329  
2020 11 19  19 21  0.00     2.3620064515      13.611077253  
2020 11 19  19 22  0.00     2.3620046705      13.611073178  
2020 11 19  19 23  0.00     2.3620028895      13.611069101  
2020 11 19  19 24  0.00     2.3620011086      13.611065025  
2020 11 19  19 25  0.00     2.3619993277      13.611060947  
2020 11 19  19 26  0.00     2.3619975468      13.611056869  
2020 11 19  19 27  0.00     2.3619957659      13.611052791  
2020 11 19  19 28  0.00     2.3619939851      13.611048712  
2020 11 19  19 29  0.00     2.3619922043      13.611044632  
2020 11 19  19 30  0.00     2.3619904235      13.611040552  
2020 11 19  19 31  0.00     2.3619886427      13.611036472  
2020 11 19  19 32  0.00     2.3619868620      13.611032391  
2020 11 19  19 33  0.00     2.3619850813      13.611028309  
2020 11 19  19 34  0.00     2.3619833007      13.611024227  
2020 11 19  19 35  0.00     2.3619815200      13.611020145  
2020 11 19  19 36  0.00     2.3619797394      13.611016061  
2020 11 19  19 37  0.00     2.3619779589      13.611011978  
2020 11 19  19 38  0.00     2.3619761783      13.611007893  
2020 11 19  19 39  0.00     2.3619743978      13.611003809  
2020 11 19  19 40  0.00     2.3619726173      13.610999723  
2020 11 19  19 41  0.00     2.3619708369      13.610995638  
2020 11 19  19 42  0.00     2.3619690565      13.610991551  
2020 11 19  19 43  0.00     2.3619672761      13.610987465  
2020 11 19  19 44  0.00     2.3619654957      13.610983377  
2020 11 19  19 45  0.00     2.3619637154      13.610979289  
2020 11 19  19 46  0.00     2.3619619352      13.610975201  
2020 11 19  19 47  0.00     2.3619601549      13.610971112  
2020 11 19  19 48  0.00     2.3619583747      13.610967023  
2020 11 19  19 49  0.00     2.3619565945      13.610962933  
2020 11 19  19 50  0.00     2.3619548144      13.610958842  
2020 11 19  19 51  0.00     2.3619530343      13.610954752  
2020 11 19  19 52  0.00     2.3619512542      13.610950660  
2020 11 19  19 53  0.00     2.3619494742      13.610946568  
2020 11 19  19 54  0.00     2.3619476942      13.610942476  
2020 11 19  19 55  0.00     2.3619459143      13.610938383  
2020 11 19  19 56  0.00     2.3619441343      13.610934289  
2020 11 19  19 57  0.00     2.3619423545      13.610930195  
2020 11 19  19 58  0.00     2.3619405746      13.610926101  
2020 11 19  19 59  0.00     2.3619387948      13.610922006  
2020 11 19  20  0  0.00     2.3619370150      13.610917911  
2020 11 19  20  1  0.00     2.3619352353      13.610913815  
2020 11 19  20  2  0.00     2.3619334556      13.610909718  
2020 11 19  20  3  0.00     2.3619316760      13.610905621  
2020 11 19  20  4  0.00     2.3619298964      13.610901524  
2020 11 19  20  5  0.00     2.3619281168      13.610897426  
2020 11 19  20  6  0.00     2.3619263373      13.610893327  
2020 11 19  20  7  0.00     2.3619245578      13.610889228  
2020 11 19  20  8  0.00     2.3619227783      13.610885129  
2020 11 19  20  9  0.00     2.3619209989      13.610881029  
2020 11 19  20 10  0.00     2.3619192195      13.610876929  
2020 11 19  20 11  0.00     2.3619174402      13.610872828  
2020 11 19  20 12  0.00     2.3619156609      13.610868726  
2020 11 19  20 13  0.00     2.3619138817      13.610864625  
2020 11 19  20 14  0.00     2.3619121025      13.610860522  
2020 11 19  20 15  0.00     2.3619103233      13.610856419  
2020 11 19  20 16  0.00     2.3619085442      13.610852316  
2020 11 19  20 17  0.00     2.3619067651      13.610848212  
2020 11 19  20 18  0.00     2.3619049861      13.610844108  
2020 11 19  20 19  0.00     2.3619032071      13.610840003  
2020 11 19  20 20  0.00     2.3619014282      13.610835898  
2020 11 19  20 21  0.00     2.3618996493      13.610831792  
2020 11 19  20 22  0.00     2.3618978704      13.610827686  
2020 11 19  20 23  0.00     2.3618960916      13.610823579  
2020 11 19  20 24  0.00     2.3618943128      13.610819472  
2020 11 19  20 25  0.00     2.3618925341      13.610815365  
2020 11 19  20 26  0.00     2.3618907554      13.610811257  
2020 11 19  20 27  0.00     2.3618889768      13.610807148  
2020 11 19  20 28  0.00     2.3618871982      13.610803039  
2020 11 19  20 29  0.00     2.3618854197      13.610798929  
2020 11 19  20 30  0.00     2.3618836412      13.610794820  
---
2020 11 20  10 36  0.00     2.3603682312      13.607195334  
2020 11 20  10 37  0.00     2.3603663740      13.607190811  
2020 11 20  10 38  0.00     2.3603645166      13.607186288  
2020 11 20  10 39  0.00     2.3603626589      13.607181763  
2020 11 20  10 40  0.00     2.3603608010      13.607177237  
2020 11 20  10 41  0.00     2.3603589429      13.607172709  
2020 11 20  10 42  0.00     2.3603570846      13.607168180  
2020 11 20  10 43  0.00     2.3603552260      13.607163650  
2020 11 20  10 44  0.00     2.3603533672      13.607159118  
2020 11 20  10 45  0.00     2.3603515082      13.607154585  
2020 11 20  10 46  0.00     2.3603496490      13.607150050  
2020 11 20  10 47  0.00     2.3603477895      13.607145515  
2020 11 20  10 48  0.00     2.3603459298      13.607140978  
2020 11 20  10 49  0.00     2.3603440699      13.607136439  
2020 11 20  10 50  0.00     2.3603422097      13.607131899  
2020 11 20  10 51  0.00     2.3603403494      13.607127358  
2020 11 20  10 52  0.00     2.3603384888      13.607122815  
2020 11 20  10 53  0.00     2.3603366279      13.607118271  
2020 11 20  10 54  0.00     2.3603347669      13.607113726  
2020 11 20  10 55  0.00     2.3603329056      13.607109179  
2020 11 20  10 56  0.00     2.3603310441      13.607104631  
2020 11 20  10 57  0.00     2.3603291824      13.607100082  
2020 11 20  10 58  0.00     2.3603273205      13.607095531  
2020 11 20  10 59  0.00     2.3603254583      13.607090978  
2020 11 20  11  0  0.00     2.3603235959      13.607086425  
2020 11 20  11  1  0.00     2.3603217333      13.607081870  
2020 11 20  11  2  0.00     2.3603198705      13.607077313  
2020 11 20  11  3  0.00     2.3603180074      13.607072755  
2020 11 20  11  4  0.00     2.3603161441      13.607068196  
2020 11 20  11  5  0.00     2.3603142806      13.607063635  
2020 11 20  11  6  0.00     2.3603124169      13.607059073  
2020 11 20  11  7  0.00     2.3603105530      13.607054509  
2020 11 20  11  8  0.00     2.3603086888      13.607049944  
2020 11 20  11  9  0.00     2.3603068244      13.607045378  
2020 11 20  11 10  0.00     2.3603049598      13.607040810  
2020 11 20  11 11  0.00     2.3603030950      13.607036240  
2020 11 20  11 12  0.00     2.3603012299      13.607031670  
2020 11 20  11 13  0.00     2.3602993647      13.607027097  
2020 11 20  11 14  0.00     2.3602974992      13.607022524  
2020 11 20  11 15  0.00     2.3602956335      13.607017949  
2020 11 20  11 16  0.00     2.3602937676      13.607013372  
2020 11 20  11 17  0.00     2.3602919015      13.607008794  
2020 11 20  11 18  0.00     2.3602900351      13.607004214  
2020 11 20  11 19  0.00     2.3602881685      13.606999634  
2020 11 20  11 20  0.00     2.3602863018      13.606995051  
2020 11 20  11 21  0.00     2.3602844348      13.606990467  
2020 11 20  11 22  0.00     2.3602825675      13.606985882  
2020 11 20  11 23  0.00     2.3602807001      13.606981295  
2020 11 20  11 24  0.00     2.3602788325      13.606976707  
2020 11 20  11 25  0.00     2.3602769646      13.606972117  
2020 11 20  11 26  0.00     2.3602750965      13.606967526  
2020 11 20  11 27  0.00     2.3602732282      13.606962933  
2020 11 20  11 28  0.00     2.3602713597      13.606958339  
2020 11 20  11 29  0.00     2.3602694910      13.606953743  
2020 11 20  11 30  0.00     2.3602676221      13.606949146  
2020 11 20  11 31  0.00     2.3602657529      13.606944547  
2020 11 20  11 32  0.00     2.3602638836      13.606939947  
2020 11 20  11 33  0.00     2.3602620140      13.606935346  
2020 11 20  11 34  0.00     2.3602601442      13.606930742  
2020 11 20  11 35  0.00     2.3602582743      13.606926138  
2020 11 20  11 36  0.00     2.3602564041      13.606921532  
2020 11 20  11 37  0.00     2.3602545336      13.606916924  
2020 11 20  11 38  0.00     2.3602526630      13.606912315  
2020 11 20  11 39  0.00     2.3602507922      13.606907704  
2020 11 20  11 40  0.00     2.3602489212      13.606903092  
2020 11 20  11 41  0.00     2.3602470499      13.606898478  
2020 11 20  11 42  0.00     2.3602451785      13.606893863  
2020 11 20  11 43  0.00     2.3602433068      13.606889246  
2020 11 20  11 44  0.00     2.3602414349      13.606884628  
2020 11 20  11 45  0.00     2.3602395628      13.606880008  
2020 11 20  11 46  0.00     2.3602376906      13.606875386  
2020 11 20  11 47  0.00     2.3602358181      13.606870763  
2020 11 20  11 48  0.00     2.3602339454      13.606866139  
2020 11 20  11 49  0.00     2.3602320725      13.606861513  
2020 11 20  11 50  0.00     2.3602301993      13.606856885  
2020 11 20  11 51  0.00     2.3602283260      13.606852256  
2020 11 20  11 52  0.00     2.3602264525      13.606847625  
2020 11 20  11 53  0.00     2.3602245788      13.606842993  
2020 11 20  11 54  0.00     2.3602227049      13.606838359  
2020 11 20  11 55  0.00     2.3602208307      13.606833724  
2020 11 20  11 56  0.00     2.3602189564      13.606829087  
2020 11 20  11 57  0.00     2.3602170819      13.606824448  
2020 11 20  11 58  0.00     2.3602152071      13.606819808  
2020 11 20  11 59  0.00     2.3602133322      13.606815166  
2020 11 20  12  0  0.00     2.3602114571      13.606810523  
2020 11 20  12  1  0.00     2.3602095817      13.606805878  
2020 11 20  12  2  0.00     2.3602077062      13.606801232  
2020 11 20  12  3  0.00     2.3602058305      13.606796584  
2020 11 20  12  4  0.00     2.3602039545      13.606791934  
2020 11 20  12  5  0.00     2.3602020784      13.606787283  
2020 11 20  12  6  0.00     2.3602002021      13.606782630  
2020 11 20  12  7  0.00     2.3601983255      13.606777976  
2020 11 20  12  8  0.00     2.3601964488      13.606773320  
2020 11 20  12  9  0.00     2.3601945719      13.606768663  
2020 11 20  12 10  0.00     2.3601926948      13.606764003  
2020 11 20  12 11  0.00     2.3601908174      13.606759343  
2020 11 20  12 12  0.00     2.3601889399      13.606754680  
2020 11 20  12 13  0.00     2.3601870622      13.606750016  
2020 11 20  12 14  0.00     2.3601851843      13.606745351  
2020 11 20  12 15  0.00     2.3601833062      13.606740684  
2020 11 20  12 16  0.00     2.3601814279      13.606736015  
2020 11 20  12 17  0.00     2.3601795495      13.606731344  
2020 11 20  12 18  0.00     2.3601776708      13.606726672  
2020 11 20  12 19  0.00     2.3601757919      13.606721998  
2020 11 20  12 20  0.00     2.3601739129      13.606717323  
2020 11 20  12 21  0.00     2.3601720336      13.606712646  
2020 11 20  12 22  0.00     2.3601701542      13.606707968  
2020 11 20  12 23  0.00     2.3601682746      13.606703287  
2020 11 20  12 24  0.00     2.3601663947      13.606698605  
2020 11 20  12 25  0.00     2.3601645147      13.606693922  
2020 11 20  12 26  0.00     2.3601626345      13.606689237  
2020 11 20  12 27  0.00     2.3601607542      13.606684550  
2020 11 20  12 28  0.00     2.3601588736      13.606679861  
2020 11 20  12 29  0.00     2.3601569928      13.606675171  
2020 11 20  12 30  0.00     2.3601551119      13.606670480  
2020 11 20  12 31  0.00     2.3601532308      13.606665786  
2020 11 20  12 32  0.00     2.3601513494      13.606661091  
2020 11 20  12 33  0.00     2.3601494679      13.606656394  
2020 11 20  12 34  0.00     2.3601475863      13.606651696  
2020 11 20  12 35  0.00     2.3601457044      13.606646996  
2020 11 20  12 36  0.00     2.3601438223      13.606642294  
2020 11 20  12 37  0.00     2.3601419401      13.606637591  
2020 11 20  12 38  0.00     2.3601400577      13.606632885  
2020 11 20  12 39  0.00     2.3601381751      13.606628179  
2020 11 20  12 40  0.00     2.3601362923      13.606623470  
2020 11 20  12 41  0.00     2.3601344093      13.606618760  
2020 11 20  12 42  0.00     2.3601325262      13.606614048  
2020 11 20  12 43  0.00     2.3601306429      13.606609335  
2020 11 20  12 44  0.00     2.3601287594      13.606604619  
2020 11 20  12 45  0.00     2.3601268757      13.606599902  
2020 11 20  12 46  0.00     2.3601249918      13.606595184  
2020 11 20  12 47  0.00     2.3601231078      13.606590464  
2020 11 20  12 48  0.00     2.3601212236      13.606585742  
2020 11 20  12 49  0.00     2.3601193392      13.606581018  
2020 11 20  12 50  0.00     2.3601174546      13.606576292  
2020 11 20  12 51  0.00     2.3601155699      13.606571565  
2020 11 20  12 52  0.00     2.3601136850      13.606566836  
2020 11 20  12 53  0.00     2.3601117999      13.606562106  
2020 11 20  12 54  0.00     2.3601099146      13.606557374  
2020 11 20  12 55  0.00     2.3601080292      13.606552640  
2020 11 20  12 56  0.00     2.3601061436      13.606547904  
2020 11 20  12 57  0.00     2.3601042578      13.606543167  
2020 11 20  12 58  0.00     2.3601023719      13.606538428  
2020 11 20  12 59  0.00     2.3601004858      13.606533687  
2020 11 20  13  0  0.00     2.3600985995      13.606528944  
2020 11 20  13  1  0.00     2.3600967130      13.606524200  
2020 11 20  13  2  0.00     2.3600948264      13.606519454  
2020 11 20  13  3  0.00     2.3600929396      13.606514706  
2020 11 20  13  4  0.00     2.3600910526      13.606509956  
2020 11 20  13  5  0.00     2.3600891655      13.606505205  
2020 11 20  13  6  0.00     2.3600872782      13.606500452  
2020 11 20  13  7  0.00     2.3600853907      13.606495697  
2020 11 20  13  8  0.00     2.3600835031      13.606490941  
2020 11 20  13  9  0.00     2.3600816153      13.606486183  
2020 11 20  13 10  0.00     2.3600797273      13.606481423  
2020 11 20  13 11  0.00     2.3600778392      13.606476661  
2020 11 20  13 12  0.00     2.3600759509      13.606471897  
2020 11 20  13 13  0.00     2.3600740625      13.606467132  
2020 11 20  13 14  0.00     2.3600721738      13.606462365  
2020 11 20  13 15  0.00     2.3600702851      13.606457596  
2020 11 20  13 16  0.00     2.3600683961      13.606452826  
2020 11 20  13 17  0.00     2.3600665070      13.606448053  
2020 11 20  13 18  0.00     2.3600646178      13.606443279  
2020 11 20  13 19  0.00     2.3600627284      13.606438504  
2020 11 20  13 20  0.00     2.3600608388      13.606433726  
2020 11 20  13 21  0.00     2.3600589491      13.606428947  
2020 11 20  13 22  0.00     2.3600570592      13.606424165  
2020 11 20  13 23  0.00     2.3600551691      13.606419382  
2020 11 20  13 24  0.00     2.3600532789      13.606414598  
2020 11 20  13 25  0.00     2.3600513886      13.606409811  
2020 11 20  13 26  0.00     2.3600494981      13.606405023  
2020 11 20  13 27  0.00     2.3600476074      13.606400233  
2020 11 20  13 28  0.00     2.3600457166      13.606395441  
2020 11 20  13 29  0.00     2.3600438256      13.606390647  
2020 11 20  13 30  0.00     2.3600419345      13.606385852  
2020 11 20  13 31  0.00     2.3600400432      13.606381055  
2020 11 20  13 32  0.00     2.3600381518      13.606376256  
2020 11 20  13 33  0.00     2.3600362602      13.606371455  
2020 11 20  13 34  0.00     2.3600343685      13.606366652  
2020 11 20  13 35  0.00     2.3600324766      13.606361848  
2020 11 20  13 36  0.00     2.3600305846      13.606357041  
2020 11 20  13 37  0.00     2.3600286924      13.606352233  
2020 11 20  13 38  0.00     2.3600268001      13.606347423  
2020 11 20  13 39  0.00     2.3600249076      13.606342612  
2020 11 20  13 40  0.00     2.3600230150      13.606337798  
2020 11 20  13 41  0.00     2.3600211223      13.606332983  
2020 11 20  13 42  0.00     2.3600192294      13.606328166  
2020 11 20  13 43  0.00     2.3600173363      13.606323347  
2020 11 20  13 44  0.00     2.3600154431      13.606318526  
2020 11 20  13 45  0.00     2.3600135498      13.606313703  
2020 11 20  13 46  0.00     2.3600116563      13.606308879  
2020 11 20  13 47  0.00     2.3600097627      13.606304053  
2020 11 20  13 48  0.00     2.3600078689      13.606299225  
2020 11 20  13 49  0.00     2.3600059751      13.606294395  
2020 11 20  13 50  0.00     2.3600040810      13.606289563  
2020 11 20  13 51  0.00     2.3600021868      13.606284730  
2020 11 20  13 52  0.00     2.3600002925      13.606279894  
2020 11 20  13 53  0.00     2.3599983981      13.606275057  
2020 11 20  13 54  0.00     2.3599965035      13.606270218  
2020 11 20  13 55  0.00     2.3599946088      13.606265377  
2020 11 20  13 56  0.00     2.3599927139      13.606260534  
2020 11 20  13 57  0.00     2.3599908189      13.606255690  
2020 11 20  13 58  0.00     2.3599889238      13.606250843  
2020 11 20  13 59  0.00     2.3599870285      13.606245995  
2020 11 20  14  0  0.00     2.3599851331      13.606241145  
2020 11 20  14  1  0.00     2.3599832376      13.606236293  
2020 11 20  14  2  0.00     2.3599813419      13.606231439  
2020 11 20  14  3  0.00     2.3599794461      13.606226583  
2020 11 20  14  4  0.00     2.3599775502      13.606221726  
2020 11 20  14  5  0.00     2.3599756542      13.606216866  
2020 11 20  14  6  0.00     2.3599737580      13.606212005  
2020 11 20  14  7  0.00     2.3599718617      13.606207142  
2020 11 20  14  8  0.00     2.3599699652      13.606202277  
2020 11 20  14  9  0.00     2.3599680687      13.606197410  
2020 11 20  14 10  0.00     2.3599661720      13.606192541  
2020 11 20  14 11  0.00     2.3599642752      13.606187670  
2020 11 20  14 12  0.00     2.3599623782      13.606182798  
2020 11 20  14 13  0.00     2.3599604812      13.606177924  
2020 11 20  14 14  0.00     2.3599585840      13.606173047  
2020 11 20  14 15  0.00     2.3599566867      13.606168169  
2020 11 20  14 16  0.00     2.3599547892      13.606163289  
2020 11 20  14 17  0.00     2.3599528917      13.606158407  
2020 11 20  14 18  0.00     2.3599509940      13.606153524  
2020 11 20  14 19  0.00     2.3599490962      13.606148638  
2020 11 20  14 20  0.00     2.3599471983      13.606143751  
2020 11 20  14 21  0.00     2.3599453003      13.606138861  
2020 11 20  14 22  0.00     2.3599434021      13.606133970  
2020 11 20  14 23  0.00     2.3599415038      13.606129077  
2020 11 20  14 24  0.00     2.3599396054      13.606124182  
2020 11 20  14 25  0.00     2.3599377069      13.606119285  
2020 11 20  14 26  0.00     2.3599358083      13.606114386  
2020 11 20  14 27  0.00     2.3599339096      13.606109485  
2020 11 20  14 28  0.00     2.3599320107      13.606104583  
2020 11 20  14 29  0.00     2.3599301118      13.606099678  
2020 11 20  14 30  0.00     2.3599282127      13.606094772  
2020 11 20  14 31  0.00     2.3599263135      13.606089864  
2020 11 20  14 32  0.00     2.3599244142      13.606084953  
2020 11 20  14 33  0.00     2.3599225148      13.606080041  
2020 11 20  14 34  0.00     2.3599206153      13.606075127  
2020 11 20  14 35  0.00     2.3599187157      13.606070211  
2020 11 20  14 36  0.00     2.3599168159      13.606065293  
2020 11 20  14 37  0.00     2.3599149161      13.606060374  
2020 11 20  14 38  0.00     2.3599130161      13.606055452  
2020 11 20  14 39  0.00     2.3599111161      13.606050529  
2020 11 20  14 40  0.00     2.3599092159      13.606045603  
2020 11 20  14 41  0.00     2.3599073157      13.606040676  
2020 11 20  14 42  0.00     2.3599054153      13.606035746  
2020 11 20  14 43  0.00     2.3599035148      13.606030815  
2020 11 20  14 44  0.00     2.3599016142      13.606025882  
2020 11 20  14 45  0.00     2.3598997136      13.606020947  
2020 11 20  14 46  0.00     2.3598978128      13.606016010  
2020 11 20  14 47  0.00     2.3598959119      13.606011071  
2020 11 20  14 48  0.00     2.3598940109      13.606006130  
2020 11 20  14 49  0.00     2.3598921098      13.606001188  
2020 11 20  14 50  0.00     2.3598902086      13.605996243  
2020 11 20  14 51  0.00     2.3598883074      13.605991297  
2020 11 20  14 52  0.00     2.3598864060      13.605986348  
2020 11 20  14 53  0.00     2.3598845045      13.605981398  
2020 11 20  14 54  0.00     2.3598826030      13.605976445  
2020 11 20  14 55  0.00     2.3598807013      13.605971491  
2020 11 20  14 56  0.00     2.3598787995      13.605966535  
2020 11 20  14 57  0.00     2.3598768977      13.605961577  
2020 11 20  14 58  0.00     2.3598749957      13.605956617  
2020 11 20  14 59  0.00     2.3598730937      13.605951654  
2020 11 20  15  0  0.00     2.3598711916      13.605946691  
2020 11 20  15  1  0.00     2.3598692894      13.605941725  
2020 11 20  15  2  0.00     2.3598673870      13.605936757  
2020 11 20  15  3  0.00     2.3598654846      13.605931787  
2020 11 20  15  4  0.00     2.3598635822      13.605926815  
2020 11 20  15  5  0.00     2.3598616796      13.605921842  
2020 11 20  15  6  0.00     2.3598597769      13.605916866  
2020 11 20  15  7  0.00     2.3598578742      13.605911889  
2020 11 20  15  8  0.00     2.3598559713      13.605906909  
2020 11 20  15  9  0.00     2.3598540684      13.605901928  
2020 11 20  15 10  0.00     2.3598521654      13.605896944  
2020 11 20  15 11  0.00     2.3598502623      13.605891959  
2020 11 20  15 12  0.00     2.3598483591      13.605886972  
2020 11 20  15 13  0.00     2.3598464559      13.605881982  
2020 11 20  15 14  0.00     2.3598445526      13.605876991  
2020 11 20  15 15  0.00     2.3598426491      13.605871998  
2020 11 20  15 16  0.00     2.3598407456      13.605867003  
2020 11 20  15 17  0.00     2.3598388421      13.605862006  
2020 11 20  15 18  0.00     2.3598369384      13.605857007  
2020 11 20  15 19  0.00     2.3598350347      13.605852006  
2020 11 20  15 20  0.00     2.3598331309      13.605847003  
2020 11 20  15 21  0.00     2.3598312270      13.605841998  
2020 11 20  15 22  0.00     2.3598293230      13.605836991  
2020 11 20  15 23  0.00     2.3598274190      13.605831983  
2020 11 20  15 24  0.00     2.3598255149      13.605826972  
2020 11 20  15 25  0.00     2.3598236107      13.605821959  
2020 11 20  15 26  0.00     2.3598217064      13.605816945  
2020 11 20  15 27  0.00     2.3598198021      13.605811928  
2020 11 20  15 28  0.00     2.3598178977      13.605806909  
2020 11 20  15 29  0.00     2.3598159932      13.605801889  
2020 11 20  15 30  0.00     2.3598140887      13.605796866  
2020 11 20  15 31  0.00     2.3598121841      13.605791842  
2020 11 20  15 32  0.00     2.3598102794      13.605786815  
2020 11 20  15 33  0.00     2.3598083746      13.605781787  
2020 11 20  15 34  0.00     2.3598064698      13.605776756  
2020 11 20  15 35  0.00     2.3598045649      13.605771724  
2020 11 20  15 36  0.00     2.3598026600      13.605766690  
2020 11 20  15 37  0.00     2.3598007550      13.605761653  
2020 11 20  15 38  0.00     2.3597988499      13.605756615  
2020 11 20  15 39  0.00     2.3597969448      13.605751575  
2020 11 20  15 40  0.00     2.3597950395      13.605746533  
2020 11 20  15 41  0.00     2.3597931343      13.605741488  
2020 11 20  15 42  0.00     2.3597912290      13.605736442  
2020 11 20  15 43  0.00     2.3597893236      13.605731394  
2020 11 20  15 44  0.00     2.3597874181      13.605726344  
2020 11 20  15 45  0.00     2.3597855126      13.605721292  
2020 11 20  15 46  0.00     2.3597836070      13.605716238  
2020 11 20  15 47  0.00     2.3597817014      13.605711182  
2020 11 20  15 48  0.00     2.3597797957      13.605706124  
2020 11 20  15 49  0.00     2.3597778900      13.605701064  
2020 11 20  15 50  0.00     2.3597759842      13.605696002  
2020 11 20  15 51  0.00     2.3597740783      13.605690938  
2020 11 20  15 52  0.00     2.3597721724      13.605685872  
2020 11 20  15 53  0.00     2.3597702665      13.605680804  
2020 11 20  15 54  0.00     2.3597683605      13.605675734  
2020 11 20  15 55  0.00     2.3597664544      13.605670662  
2020 11 20  15 56  0.00     2.3597645483      13.605665588  
2020 11 20  15 57  0.00     2.3597626421      13.605660512  
2020 11 20  15 58  0.00     2.3597607359      13.605655434  
2020 11 20  15 59  0.00     2.3597588296      13.605650355  
2020 11 20  16  0  0.00     2.3597569233      13.605645273  
2020 11 20  16  1  0.00     2.3597550170      13.605640189  
2020 11 20  16  2  0.00     2.3597531106      13.605635103  
2020 11 20  16  3  0.00     2.3597512041      13.605630015  
2020 11 20  16  4  0.00     2.3597492976      13.605624926  
2020 11 20  16  5  0.00     2.3597473911      13.605619834  
2020 11 20  16  6  0.00     2.3597454845      13.605614740  
2020 11 20  16  7  0.00     2.3597435778      13.605609644  
2020 11 20  16  8  0.00     2.3597416712      13.605604547  
2020 11 20  16  9  0.00     2.3597397644      13.605599447  
2020 11 20  16 10  0.00     2.3597378577      13.605594345  
2020 11 20  16 11  0.00     2.3597359509      13.605589241  
2020 11 20  16 12  0.00     2.3597340440      13.605584136  
2020 11 20  16 13  0.00     2.3597321372      13.605579028  
2020 11 20  16 14  0.00     2.3597302302      13.605573918  
2020 11 20  16 15  0.00     2.3597283233      13.605568807  
2020 11 20  16 16  0.00     2.3597264163      13.605563693  
2020 11 20  16 17  0.00     2.3597245093      13.605558577  
2020 11 20  16 18  0.00     2.3597226022      13.605553460  
2020 11 20  16 19  0.00     2.3597206951      13.605548340  
2020 11 20  16 20  0.00     2.3597187880      13.605543218  
2020 11 20  16 21  0.00     2.3597168808      13.605538095  
2020 11 20  16 22  0.00     2.3597149736      13.605532969  
2020 11 20  16 23  0.00     2.3597130663      13.605527842  
2020 11 20  16 24  0.00     2.3597111591      13.605522712  
2020 11 20  16 25  0.00     2.3597092518      13.605517580  
2020 11 20  16 26  0.00     2.3597073445      13.605512447  
2020 11 20  16 27  0.00     2.3597054371      13.605507311  
2020 11 20  16 28  0.00     2.3597035297      13.605502174  
2020 11 20  16 29  0.00     2.3597016223      13.605497034  
2020 11 20  16 30  0.00     2.3596997149      13.605491893  
2020 11 20  16 31  0.00     2.3596978074      13.605486749  
2020 11 20  16 32  0.00     2.3596958999      13.605481603  
2020 11 20  16 33  0.00     2.3596939924      13.605476456  
2020 11 20  16 34  0.00     2.3596920848      13.605471306  
2020 11 20  16 35  0.00     2.3596901773      13.605466155  
2020 11 20  16 36  0.00     2.3596882697      13.605461001  
2020 11 20  16 37  0.00     2.3596863620      13.605455846  
2020 11 20  16 38  0.00     2.3596844544      13.605450688  
2020 11 20  16 39  0.00     2.3596825468      13.605445528  
2020 11 20  16 40  0.00     2.3596806391      13.605440367  
2020 11 20  16 41  0.00     2.3596787314      13.605435203  
2020 11 20  16 42  0.00     2.3596768237      13.605430038  
2020 11 20  16 43  0.00     2.3596749159      13.605424870  
2020 11 20  16 44  0.00     2.3596730082      13.605419701  
2020 11 20  16 45  0.00     2.3596711004      13.605414529  
2020 11 20  16 46  0.00     2.3596691926      13.605409356  
2020 11 20  16 47  0.00     2.3596672848      13.605404180  
2020 11 20  16 48  0.00     2.3596653770      13.605399003  
2020 11 20  16 49  0.00     2.3596634692      13.605393823  
2020 11 20  16 50  0.00     2.3596615613      13.605388642  
2020 11 20  16 51  0.00     2.3596596535      13.605383458  
2020 11 20  16 52  0.00     2.3596577456      13.605378273  
2020 11 20  16 53  0.00     2.3596558377      13.605373085  
2020 11 20  16 54  0.00     2.3596539298      13.605367896  
2020 11 20  16 55  0.00     2.3596520219      13.605362704  
2020 11 20  16 56  0.00     2.3596501140      13.605357511  
2020 11 20  16 57  0.00     2.3596482061      13.605352315  
2020 11 20  16 58  0.00     2.3596462982      13.605347118  
2020 11 20  16 59  0.00     2.3596443902      13.605341918  
2020 11 20  17  0  0.00     2.3596424823      13.605336717  
2020 11 20  17  1  0.00     2.3596405743      13.605331513  
2020 11 20  17  2  0.00     2.3596386664      13.605326308  
2020 11 20  17  3  0.00     2.3596367584      13.605321100  
2020 11 20  17  4  0.00     2.3596348504      13.605315891  
2020 11 20  17  5  0.00     2.3596329425      13.605310679  
2020 11 20  17  6  0.00     2.3596310345      13.605305466  
2020 11 20  17  7  0.00     2.3596291265      13.605300250  
2020 11 20  17  8  0.00     2.3596272186      13.605295033  
2020 11 20  17  9  0.00     2.3596253106      13.605289813  
2020 11 20  17 10  0.00     2.3596234026      13.605284592  
2020 11 20  17 11  0.00     2.3596214946      13.605279368  
2020 11 20  17 12  0.00     2.3596195867      13.605274143  
2020 11 20  17 13  0.00     2.3596176787      13.605268915  
2020 11 20  17 14  0.00     2.3596157707      13.605263686  
2020 11 20  17 15  0.00     2.3596138628      13.605258455  
2020 11 20  17 16  0.00     2.3596119548      13.605253221  
2020 11 20  17 17  0.00     2.3596100468      13.605247986  
2020 11 20  17 18  0.00     2.3596081389      13.605242748  
2020 11 20  17 19  0.00     2.3596062309      13.605237509  
2020 11 20  17 20  0.00     2.3596043230      13.605232268  
2020 11 20  17 21  0.00     2.3596024151      13.605227024  
2020 11 20  17 22  0.00     2.3596005071      13.605221779  
2020 11 20  17 23  0.00     2.3595985992      13.605216531  
2020 11 20  17 24  0.00     2.3595966913      13.605211282  
2020 11 20  17 25  0.00     2.3595947834      13.605206031  
2020 11 20  17 26  0.00     2.3595928755      13.605200777  
2020 11 20  17 27  0.00     2.3595909676      13.605195522  
2020 11 20  17 28  0.00     2.3595890598      13.605190265  
2020 11 20  17 29  0.00     2.3595871519      13.605185005  
2020 11 20  17 30  0.00     2.3595852441      13.605179744  
2020 11 20  17 31  0.00     2.3595833362      13.605174481  
2020 11 20  17 32  0.00     2.3595814284      13.605169215  
2020 11 20  17 33  0.00     2.3595795206      13.605163948  
2020 11 20  17 34  0.00     2.3595776128      13.605158679  
2020 11 20  17 35  0.00     2.3595757051      13.605153408  
2020 11 20  17 36  0.00     2.3595737973      13.605148134  
2020 11 20  17 37  0.00     2.3595718896      13.605142859  
2020 11 20  17 38  0.00     2.3595699818      13.605137582  
2020 11 20  17 39  0.00     2.3595680741      13.605132303  
2020 11 20  17 40  0.00     2.3595661665      13.605127022  
2020 11 20  17 41  0.00     2.3595642588      13.605121738  
2020 11 20  17 42  0.00     2.3595623512      13.605116453  
2020 11 20  17 43  0.00     2.3595604435      13.605111166  
2020 11 20  17 44  0.00     2.3595585359      13.605105877  
2020 11 20  17 45  0.00     2.3595566284      13.605100586  
2020 11 20  17 46  0.00     2.3595547208      13.605095293  
2020 11 20  17 47  0.00     2.3595528133      13.605089998  
2020 11 20  17 48  0.00     2.3595509058      13.605084701  
2020 11 20  17 49  0.00     2.3595489983      13.605079402  
2020 11 20  17 50  0.00     2.3595470908      13.605074101  
2020 11 20  17 51  0.00     2.3595451834      13.605068798  
2020 11 20  17 52  0.00     2.3595432760      13.605063493  
2020 11 20  17 53  0.00     2.3595413686      13.605058186  
2020 11 20  17 54  0.00     2.3595394613      13.605052877  
2020 11 20  17 55  0.00     2.3595375539      13.605047566  
2020 11 20  17 56  0.00     2.3595356466      13.605042253  
2020 11 20  17 57  0.00     2.3595337394      13.605036938  
2020 11 20  17 58  0.00     2.3595318321      13.605031622  
2020 11 20  17 59  0.00     2.3595299249      13.605026303  
2020 11 20  18  0  0.00     2.3595280178      13.605020982  
2020 11 20  18  1  0.00     2.3595261106      13.605015659  
2020 11 20  18  2  0.00     2.3595242035      13.605010335  
2020 11 20  18  3  0.00     2.3595222964      13.605005008  
2020 11 20  18  4  0.00     2.3595203894      13.604999679  
2020 11 20  18  5  0.00     2.3595184824      13.604994349  
2020 11 20  18  6  0.00     2.3595165754      13.604989016  
2020 11 20  18  7  0.00     2.3595146684      13.604983682  
2020 11 20  18  8  0.00     2.3595127615      13.604978345  
2020 11 20  18  9  0.00     2.3595108547      13.604973007  
2020 11 20  18 10  0.00     2.3595089478      13.604967666  
2020 11 20  18 11  0.00     2.3595070410      13.604962324  
2020 11 20  18 12  0.00     2.3595051343      13.604956979  
2020 11 20  18 13  0.00     2.3595032276      13.604951633  
2020 11 20  18 14  0.00     2.3595013209      13.604946285  
2020 11 20  18 15  0.00     2.3594994142      13.604940934  
2020 11 20  18 16  0.00     2.3594975076      13.604935582  
2020 11 20  18 17  0.00     2.3594956011      13.604930228  
2020 11 20  18 18  0.00     2.3594936946      13.604924872  
2020 11 20  18 19  0.00     2.3594917881      13.604919514  
2020 11 20  18 20  0.00     2.3594898816      13.604914154  
2020 11 20  18 21  0.00     2.3594879753      13.604908792  
2020 11 20  18 22  0.00     2.3594860689      13.604903428  
2020 11 20  18 23  0.00     2.3594841626      13.604898062  
2020 11 20  18 24  0.00     2.3594822563      13.604892694  
2020 11 20  18 25  0.00     2.3594803501      13.604887324  
2020 11 20  18 26  0.00     2.3594784440      13.604881952  
2020 11 20  18 27  0.00     2.3594765378      13.604876578  
2020 11 20  18 28  0.00     2.3594746318      13.604871203  
2020 11 20  18 29  0.00     2.3594727257      13.604865825  
2020 11 20  18 30  0.00     2.3594708197      13.604860445  
2020 11 20  18 31  0.00     2.3594689138      13.604855064  
2020 11 20  18 32  0.00     2.3594670079      13.604849680  
2020 11 20  18 33  0.00     2.3594651021      13.604844295  
2020 11 20  18 34  0.00     2.3594631963      13.604838907  
2020 11 20  18 35  0.00     2.3594612906      13.604833518  
2020 11 20  18 36  0.00     2.3594593849      13.604828127  
2020 11 20  18 37  0.00     2.3594574792      13.604822733  
2020 11 20  18 38  0.00     2.3594555737      13.604817338  
2020 11 20  18 39  0.00     2.3594536681      13.604811941  
2020 11 20  18 40  0.00     2.3594517627      13.604806542  
2020 11 20  18 41  0.00     2.3594498572      13.604801141  
2020 11 20  18 42  0.00     2.3594479519      13.604795738  
2020 11 20  18 43  0.00     2.3594460465      13.604790333  
2020 11 20  18 44  0.00     2.3594441413      13.604784926  
2020 11 20  18 45  0.00     2.3594422361      13.604779518  
2020 11 20  18 46  0.00     2.3594403309      13.604774107  
2020 11 20  18 47  0.00     2.3594384258      13.604768694  
2020 11 20  18 48  0.00     2.3594365208      13.604763280  
2020 11 20  18 49  0.00     2.3594346158      13.604757863  
2020 11 20  18 50  0.00     2.3594327109      13.604752445  
2020 11 20  18 51  0.00     2.3594308060      13.604747025  
2020 11 20  18 52  0.00     2.3594289012      13.604741602  
2020 11 20  18 53  0.00     2.3594269965      13.604736178  
2020 11 20  18 54  0.00     2.3594250918      13.604730752  
2020 11 20  18 55  0.00     2.3594231872      13.604725324  
2020 11 20  18 56  0.00     2.3594212826      13.604719894  
2020 11 20  18 57  0.00     2.3594193781      13.604714462  
2020 11 20  18 58  0.00     2.3594174737      13.604709028  
2020 11 20  18 59  0.00     2.3594155693      13.604703593  
2020 11 20  19  0  0.00     2.3594136650      13.604698155  
2020 11 20  19  1  0.00     2.3594117607      13.604692715  
2020 11 20  19  2  0.00     2.3594098565      13.604687274  
2020 11 20  19  3  0.00     2.3594079524      13.604681831  
2020 11 20  19  4  0.00     2.3594060483      13.604676385  
2020 11 20  19  5  0.00     2.3594041443      13.604670938  
2020 11 20  19  6  0.00     2.3594022404      13.604665489  
2020 11 20  19  7  0.00     2.3594003365      13.604660038  
2020 11 20  19  8  0.00     2.3593984327      13.604654585  
2020 11 20  19  9  0.00     2.3593965290      13.604649130  
2020 11 20  19 10  0.00     2.3593946253      13.604643673  
2020 11 20  19 11  0.00     2.3593927217      13.604638215  
2020 11 20  19 12  0.00     2.3593908182      13.604632754  
2020 11 20  19 13  0.00     2.3593889147      13.604627292  
2020 11 20  19 14  0.00     2.3593870113      13.604621827  
2020 11 20  19 15  0.00     2.3593851080      13.604616361  
2020 11 20  19 16  0.00     2.3593832048      13.604610893  
2020 11 20  19 17  0.00     2.3593813016      13.604605423  
2020 11 20  19 18  0.00     2.3593793985      13.604599951  
2020 11 20  19 19  0.00     2.3593774954      13.604594477  
2020 11 20  19 20  0.00     2.3593755924      13.604589001  
2020 11 20  19 21  0.00     2.3593736895      13.604583523  
2020 11 20  19 22  0.00     2.3593717867      13.604578044  
2020 11 20  19 23  0.00     2.3593698840      13.604572562  
2020 11 20  19 24  0.00     2.3593679813      13.604567079  
2020 11 20  19 25  0.00     2.3593660787      13.604561594  
2020 11 20  19 26  0.00     2.3593641761      13.604556106  
2020 11 20  19 27  0.00     2.3593622737      13.604550617  
2020 11 20  19 28  0.00     2.3593603713      13.604545126  
2020 11 20  19 29  0.00     2.3593584690      13.604539634  
2020 11 20  19 30  0.00     2.3593565667      13.604534139  
2020 11 20  19 31  0.00     2.3593546646      13.604528642  
2020 11 20  19 32  0.00     2.3593527625      13.604523144  
2020 11 20  19 33  0.00     2.3593508605      13.604517644  
2020 11 20  19 34  0.00     2.3593489585      13.604512142  
2020 11 20  19 35  0.00     2.3593470567      13.604506637  
2020 11 20  19 36  0.00     2.3593451549      13.604501131  
2020 11 20  19 37  0.00     2.3593432532      13.604495624  
2020 11 20  19 38  0.00     2.3593413516      13.604490114  
2020 11 20  19 39  0.00     2.3593394500      13.604484602  
2020 11 20  19 40  0.00     2.3593375486      13.604479089  
2020 11 20  19 41  0.00     2.3593356472      13.604473574  
2020 11 20  19 42  0.00     2.3593337459      13.604468057  
2020 11 20  19 43  0.00     2.3593318446      13.604462538  
2020 11 20  19 44  0.00     2.3593299435      13.604457017  
2020 11 20  19 45  0.00     2.3593280424      13.604451494  
2020 11 20  19 46  0.00     2.3593261414      13.604445969  
2020 11 20  19 47  0.00     2.3593242405      13.604440443  
2020 11 20  19 48  0.00     2.3593223397      13.604434914  
2020 11 20  19 49  0.00     2.3593204390      13.604429384  
2020 11 20  19 50  0.00     2.3593185383      13.604423852  
2020 11 20  19 51  0.00     2.3593166378      13.604418318  
2020 11 20  19 52  0.00     2.3593147373      13.604412783  
2020 11 20  19 53  0.00     2.3593128369      13.604407245  
2020 11 20  19 54  0.00     2.3593109365      13.604401705  
2020 11 20  19 55  0.00     2.3593090363      13.604396164  
2020 11 20  19 56  0.00     2.3593071361      13.604390621  
2020 11 20  19 57  0.00     2.3593052361      13.604385076  
2020 11 20  19 58  0.00     2.3593033361      13.604379529  
2020 11 20  19 59  0.00     2.3593014362      13.604373981  
2020 11 20  20  0  0.00     2.3592995364      13.604368430  
2020 11 20  20  1  0.00     2.3592976367      13.604362878  
2020 11 20  20  2  0.00     2.3592957370      13.604357323  
2020 11 20  20  3  0.00     2.3592938375      13.604351767  
2020 11 20  20  4  0.00     2.3592919380      13.604346210  
2020 11 20  20  5  0.00     2.3592900386      13.604340650  
2020 11 20  20  6  0.00     2.3592881393      13.604335088  
2020 11 20  20  7  0.00     2.3592862401      13.604329525  
2020 11 20  20  8  0.00     2.3592843410      13.604323960  
2020 11 20  20  9  0.00     2.3592824420      13.604318393  
2020 11 20  20 10  0.00     2.3592805430      13.604312824  
2020 11 20  20 11  0.00     2.3592786442      13.604307253  
2020 11 20  20 12  0.00     2.3592767454      13.604301681  
2020 11 20  20 13  0.00     2.3592748468      13.604296106  
2020 11 20  20 14  0.00     2.3592729482      13.604290530  
2020 11 20  20 15  0.00     2.3592710497      13.604284952  
2020 11 20  20 16  0.00     2.3592691513      13.604279372  
2020 11 20  20 17  0.00     2.3592672530      13.604273791  
2020 11 20  20 18  0.00     2.3592653548      13.604268207  
2020 11 20  20 19  0.00     2.3592634566      13.604262622  
2020 11 20  20 20  0.00     2.3592615586      13.604257035  
2020 11 20  20 21  0.00     2.3592596607      13.604251446  
2020 11 20  20 22  0.00     2.3592577628      13.604245856  
2020 11 20  20 23  0.00     2.3592558651      13.604240263  
2020 11 20  20 24  0.00     2.3592539674      13.604234669  
2020 11 20  20 25  0.00     2.3592520698      13.604229073  
2020 11 20  20 26  0.00     2.3592501723      13.604223475  
---
2020 11 21  10 32  0.00     2.3576540787      13.598933722  
2020 11 21  10 33  0.00     2.3576521530      13.598926754  
2020 11 21  10 34  0.00     2.3576502272      13.598919784  
2020 11 21  10 35  0.00     2.3576483013      13.598912812  
2020 11 21  10 36  0.00     2.3576463751      13.598905838  
2020 11 21  10 37  0.00     2.3576444489      13.598898862  
2020 11 21  10 38  0.00     2.3576425224      13.598891883  
2020 11 21  10 39  0.00     2.3576405959      13.598884902  
2020 11 21  10 40  0.00     2.3576386691      13.598877919  
2020 11 21  10 41  0.00     2.3576367422      13.598870933  
2020 11 21  10 42  0.00     2.3576348151      13.598863946  
2020 11 21  10 43  0.00     2.3576328879      13.598856956  
2020 11 21  10 44  0.00     2.3576309606      13.598849963  
2020 11 21  10 45  0.00     2.3576290330      13.598842969  
2020 11 21  10 46  0.00     2.3576271054      13.598835972  
2020 11 21  10 47  0.00     2.3576251775      13.598828973  
2020 11 21  10 48  0.00     2.3576232495      13.598821972  
2020 11 21  10 49  0.00     2.3576213214      13.598814969  
2020 11 21  10 50  0.00     2.3576193931      13.598807963  
2020 11 21  10 51  0.00     2.3576174646      13.598800955  
2020 11 21  10 52  0.00     2.3576155360      13.598793945  
2020 11 21  10 53  0.00     2.3576136073      13.598786932  
2020 11 21  10 54  0.00     2.3576116784      13.598779917  
2020 11 21  10 55  0.00     2.3576097493      13.598772900  
2020 11 21  10 56  0.00     2.3576078201      13.598765881  
2020 11 21  10 57  0.00     2.3576058907      13.598758859  
2020 11 21  10 58  0.00     2.3576039612      13.598751835  
2020 11 21  10 59  0.00     2.3576020316      13.598744809  
2020 11 21  11  0  0.00     2.3576001017      13.598737780  
2020 11 21  11  1  0.00     2.3575981718      13.598730750  
2020 11 21  11  2  0.00     2.3575962417      13.598723716  
2020 11 21  11  3  0.00     2.3575943114      13.598716681  
2020 11 21  11  4  0.00     2.3575923810      13.598709643  
2020 11 21  11  5  0.00     2.3575904504      13.598702603  
2020 11 21  11  6  0.00     2.3575885197      13.598695561  
2020 11 21  11  7  0.00     2.3575865888      13.598688516  
2020 11 21  11  8  0.00     2.3575846578      13.598681470  
2020 11 21  11  9  0.00     2.3575827267      13.598674420  
2020 11 21  11 10  0.00     2.3575807954      13.598667369  
2020 11 21  11 11  0.00     2.3575788639      13.598660315  
2020 11 21  11 12  0.00     2.3575769323      13.598653259  
2020 11 21  11 13  0.00     2.3575750006      13.598646200  
2020 11 21  11 14  0.00     2.3575730687      13.598639139  
2020 11 21  11 15  0.00     2.3575711366      13.598632076  
2020 11 21  11 16  0.00     2.3575692045      13.598625011  
2020 11 21  11 17  0.00     2.3575672721      13.598617943  
2020 11 21  11 18  0.00     2.3575653397      13.598610873  
2020 11 21  11 19  0.00     2.3575634070      13.598603800  
2020 11 21  11 20  0.00     2.3575614743      13.598596726  
2020 11 21  11 21  0.00     2.3575595414      13.598589648  
2020 11 21  11 22  0.00     2.3575576083      13.598582569  
2020 11 21  11 23  0.00     2.3575556752      13.598575487  
2020 11 21  11 24  0.00     2.3575537418      13.598568403  
2020 11 21  11 25  0.00     2.3575518083      13.598561316  
2020 11 21  11 26  0.00     2.3575498747      13.598554228  
2020 11 21  11 27  0.00     2.3575479410      13.598547136  
2020 11 21  11 28  0.00     2.3575460071      13.598540043  
2020 11 21  11 29  0.00     2.3575440730      13.598532947  
2020 11 21  11 30  0.00     2.3575421389      13.598525848  
2020 11 21  11 31  0.00     2.3575402046      13.598518748  
2020 11 21  11 32  0.00     2.3575382701      13.598511645  
2020 11 21  11 33  0.00     2.3575363355      13.598504539  
2020 11 21  11 34  0.00     2.3575344008      13.598497432  
2020 11 21  11 35  0.00     2.3575324659      13.598490322  
2020 11 21  11 36  0.00     2.3575305309      13.598483209  
2020 11 21  11 37  0.00     2.3575285958      13.598476094  
2020 11 21  11 38  0.00     2.3575266605      13.598468977  
2020 11 21  11 39  0.00     2.3575247251      13.598461857  
2020 11 21  11 40  0.00     2.3575227895      13.598454735  
2020 11 21  11 41  0.00     2.3575208538      13.598447611  
2020 11 21  11 42  0.00     2.3575189180      13.598440484  
2020 11 21  11 43  0.00     2.3575169820      13.598433355  
2020 11 21  11 44  0.00     2.3575150460      13.598426223  
2020 11 21  11 45  0.00     2.3575131097      13.598419089  
2020 11 21  11 46  0.00     2.3575111734      13.598411953  
2020 11 21  11 47  0.00     2.3575092369      13.598404814  
2020 11 21  11 48  0.00     2.3575073003      13.598397673  
2020 11 21  11 49  0.00     2.3575053635      13.598390530  
2020 11 21  11 50  0.00     2.3575034266      13.598383384  
2020 11 21  11 51  0.00     2.3575014896      13.598376235  
2020 11 21  11 52  0.00     2.3574995525      13.598369085  
2020 11 21  11 53  0.00     2.3574976152      13.598361931  
2020 11 21  11 54  0.00     2.3574956778      13.598354776  
2020 11 21  11 55  0.00     2.3574937402      13.598347618  
2020 11 21  11 56  0.00     2.3574918026      13.598340457  
2020 11 21  11 57  0.00     2.3574898648      13.598333295  
2020 11 21  11 58  0.00     2.3574879269      13.598326129  
2020 11 21  11 59  0.00     2.3574859888      13.598318962  
2020 11 21  12  0  0.00     2.3574840506      13.598311792  
2020 11 21  12  1  0.00     2.3574821123      13.598304619  
2020 11 21  12  2  0.00     2.3574801739      13.598297444  
2020 11 21  12  3  0.00     2.3574782353      13.598290267  
2020 11 21  12  4  0.00     2.3574762967      13.598283087  
2020 11 21  12  5  0.00     2.3574743579      13.598275905  
2020 11 21  12  6  0.00     2.3574724189      13.598268720  
2020 11 21  12  7  0.00     2.3574704799      13.598261533  
2020 11 21  12  8  0.00     2.3574685407      13.598254343  
2020 11 21  12  9  0.00     2.3574666014      13.598247151  
2020 11 21  12 10  0.00     2.3574646620      13.598239957  
2020 11 21  12 11  0.00     2.3574627225      13.598232760  
2020 11 21  12 12  0.00     2.3574607828      13.598225561  
2020 11 21  12 13  0.00     2.3574588430      13.598218359  
2020 11 21  12 14  0.00     2.3574569031      13.598211155  
2020 11 21  12 15  0.00     2.3574549631      13.598203948  
2020 11 21  12 16  0.00     2.3574530230      13.598196739  
2020 11 21  12 17  0.00     2.3574510827      13.598189527  
2020 11 21  12 18  0.00     2.3574491423      13.598182313  
2020 11 21  12 19  0.00     2.3574472019      13.598175097  
2020 11 21  12 20  0.00     2.3574452612      13.598167878  
2020 11 21  12 21  0.00     2.3574433205      13.598160656  
2020 11 21  12 22  0.00     2.3574413797      13.598153432  
2020 11 21  12 23  0.00     2.3574394387      13.598146206  
2020 11 21  12 24  0.00     2.3574374977      13.598138977  
2020 11 21  12 25  0.00     2.3574355565      13.598131746  
2020 11 21  12 26  0.00     2.3574336152      13.598124512  
2020 11 21  12 27  0.00     2.3574316738      13.598117276  
2020 11 21  12 28  0.00     2.3574297322      13.598110037  
2020 11 21  12 29  0.00     2.3574277906      13.598102796  
2020 11 21  12 30  0.00     2.3574258488      13.598095552  
2020 11 21  12 31  0.00     2.3574239070      13.598088306  
2020 11 21  12 32  0.00     2.3574219650      13.598081057  
2020 11 21  12 33  0.00     2.3574200229      13.598073806  
2020 11 21  12 34  0.00     2.3574180807      13.598066552  
2020 11 21  12 35  0.00     2.3574161384      13.598059296  
2020 11 21  12 36  0.00     2.3574141960      13.598052037  
2020 11 21  12 37  0.00     2.3574122535      13.598044776  
2020 11 21  12 38  0.00     2.3574103109      13.598037512  
2020 11 21  12 39  0.00     2.3574083682      13.598030246  
2020 11 21  12 40  0.00     2.3574064253      13.598022977  
2020 11 21  12 41  0.00     2.3574044824      13.598015706  
2020 11 21  12 42  0.00     2.3574025394      13.598008433  
2020 11 21  12 43  0.00     2.3574005962      13.598001156  
2020 11 21  12 44  0.00     2.3573986529      13.597993878  
2020 11 21  12 45  0.00     2.3573967096      13.597986597  
2020 11 21  12 46  0.00     2.3573947661      13.597979313  
2020 11 21  12 47  0.00     2.3573928226      13.597972027  
2020 11 21  12 48  0.00     2.3573908789      13.597964738  
2020 11 21  12 49  0.00     2.3573889351      13.597957447  
2020 11 21  12 50  0.00     2.3573869913      13.597950153  
2020 11 21  12 51  0.00     2.3573850473      13.597942857  
2020 11 21  12 52  0.00     2.3573831032      13.597935558  
2020 11 21  12 53  0.00     2.3573811591      13.597928256  
2020 11 21  12 54  0.00     2.3573792148      13.597920953  
2020 11 21  12 55  0.00     2.3573772705      13.597913646  
2020 11 21  12 56  0.00     2.3573753260      13.597906337  
2020 11 21  12 57  0.00     2.3573733815      13.597899026  
2020 11 21  12 58  0.00     2.3573714368      13.597891712  
2020 11 21  12 59  0.00     2.3573694921      13.597884395  
2020 11 21  13  0  0.00     2.3573675472      13.597877076  
2020 11 21  13  1  0.00     2.3573656023      13.597869755  
2020 11 21  13  2  0.00     2.3573636573      13.597862431  
2020 11 21  13  3  0.00     2.3573617121      13.597855104  
2020 11 21  13  4  0.00     2.3573597669      13.597847775  
2020 11 21  13  5  0.00     2.3573578216      13.597840443  
2020 11 21  13  6  0.00     2.3573558762      13.597833109  
2020 11 21  13  7  0.00     2.3573539308      13.597825772  
2020 11 21  13  8  0.00     2.3573519852      13.597818433  
2020 11 21  13  9  0.00     2.3573500395      13.597811091  
2020 11 21  13 10  0.00     2.3573480938      13.597803746  
2020 11 21  13 11  0.00     2.3573461479      13.597796399  
2020 11 21  13 12  0.00     2.3573442020      13.597789050  
2020 11 21  13 13  0.00     2.3573422560      13.597781697  
2020 11 21  13 14  0.00     2.3573403099      13.597774343  
2020 11 21  13 15  0.00     2.3573383637      13.597766985  
2020 11 21  13 16  0.00     2.3573364174      13.597759626  
2020 11 21  13 17  0.00     2.3573344711      13.597752263  
2020 11 21  13 18  0.00     2.3573325247      13.597744898  
2020 11 21  13 19  0.00     2.3573305781      13.597737531  
2020 11 21  13 20  0.00     2.3573286315      13.597730161  
2020 11 21  13 21  0.00     2.3573266849      13.597722788  
2020 11 21  13 22  0.00     2.3573247381      13.597715413  
2020 11 21  13 23  0.00     2.3573227912      13.597708035  
2020 11 21  13 24  0.00     2.3573208443      13.597700655  
2020 11 21  13 25  0.00     2.3573188973      13.597693272  
2020 11 21  13 26  0.00     2.3573169502      13.597685886  
2020 11 21  13 27  0.00     2.3573150031      13.597678498  
2020 11 21  13 28  0.00     2.3573130558      13.597671108  
2020 11 21  13 29  0.00     2.3573111085      13.597663715  
2020 11 21  13 30  0.00     2.3573091611      13.597656319  
2020 11 21  13 31  0.00     2.3573072137      13.597648920  
2020 11 21  13 32  0.00     2.3573052661      13.597641520  
2020 11 21  13 33  0.00     2.3573033185      13.597634116  
2020 11 21  13 34  0.00     2.3573013708      13.597626710  
2020 11 21  13 35  0.00     2.3572994231      13.597619301  
2020 11 21  13 36  0.00     2.3572974752      13.597611890  
2020 11 21  13 37  0.00     2.3572955273      13.597604476  
2020 11 21  13 38  0.00     2.3572935794      13.597597060  
2020 11 21  13 39  0.00     2.3572916313      13.597589641  
2020 11 21  13 40  0.00     2.3572896832      13.597582219  
2020 11 21  13 41  0.00     2.3572877350      13.597574795  
2020 11 21  13 42  0.00     2.3572857868      13.597567368  
2020 11 21  13 43  0.00     2.3572838385      13.597559938  
2020 11 21  13 44  0.00     2.3572818901      13.597552506  
2020 11 21  13 45  0.00     2.3572799416      13.597545072  
2020 11 21  13 46  0.00     2.3572779931      13.597537635  
2020 11 21  13 47  0.00     2.3572760445      13.597530195  
2020 11 21  13 48  0.00     2.3572740959      13.597522752  
2020 11 21  13 49  0.00     2.3572721472      13.597515307  
2020 11 21  13 50  0.00     2.3572701984      13.597507860  
2020 11 21  13 51  0.00     2.3572682496      13.597500410  
2020 11 21  13 52  0.00     2.3572663007      13.597492957  
2020 11 21  13 53  0.00     2.3572643517      13.597485501  
2020 11 21  13 54  0.00     2.3572624027      13.597478043  
2020 11 21  13 55  0.00     2.3572604536      13.597470583  
2020 11 21  13 56  0.00     2.3572585045      13.597463119  
2020 11 21  13 57  0.00     2.3572565553      13.597455653  
2020 11 21  13 58  0.00     2.3572546061      13.597448185  
2020 11 21  13 59  0.00     2.3572526568      13.597440714  
2020 11 21  14  0  0.00     2.3572507074      13.597433240  
2020 11 21  14  1  0.00     2.3572487580      13.597425764  
2020 11 21  14  2  0.00     2.3572468085      13.597418285  
2020 11 21  14  3  0.00     2.3572448590      13.597410803  
2020 11 21  14  4  0.00     2.3572429094      13.597403319  
2020 11 21  14  5  0.00     2.3572409598      13.597395832  
2020 11 21  14  6  0.00     2.3572390101      13.597388343  
2020 11 21  14  7  0.00     2.3572370604      13.597380851  
2020 11 21  14  8  0.00     2.3572351106      13.597373356  
2020 11 21  14  9  0.00     2.3572331607      13.597365859  
2020 11 21  14 10  0.00     2.3572312109      13.597358359  
2020 11 21  14 11  0.00     2.3572292609      13.597350857  
2020 11 21  14 12  0.00     2.3572273109      13.597343351  
2020 11 21  14 13  0.00     2.3572253609      13.597335844  
2020 11 21  14 14  0.00     2.3572234108      13.597328333  
2020 11 21  14 15  0.00     2.3572214607      13.597320820  
2020 11 21  14 16  0.00     2.3572195106      13.597313305  
2020 11 21  14 17  0.00     2.3572175604      13.597305786  
2020 11 21  14 18  0.00     2.3572156101      13.597298265  
2020 11 21  14 19  0.00     2.3572136598      13.597290742  
2020 11 21  14 20  0.00     2.3572117095      13.597283216  
2020 11 21  14 21  0.00     2.3572097591      13.597275687  
2020 11 21  14 22  0.00     2.3572078087      13.597268155  
2020 11 21  14 23  0.00     2.3572058582      13.597260621  
2020 11 21  14 24  0.00     2.3572039077      13.597253085  
2020 11 21  14 25  0.00     2.3572019572      13.597245545  
2020 11 21  14 26  0.00     2.3572000066      13.597238003  
2020 11 21  14 27  0.00     2.3571980560      13.597230459  
2020 11 21  14 28  0.00     2.3571961054      13.597222911  
2020 11 21  14 29  0.00     2.3571941547      13.597215361  
2020 11 21  14 30  0.00     2.3571922040      13.597207809  
2020 11 21  14 31  0.00     2.3571902532      13.597200254  
2020 11 21  14 32  0.00     2.3571883024      13.597192696  
2020 11 21  14 33  0.00     2.3571863516      13.597185135  
2020 11 21  14 34  0.00     2.3571844008      13.597177572  
2020 11 21  14 35  0.00     2.3571824499      13.597170006  
2020 11 21  14 36  0.00     2.3571804990      13.597162438  
2020 11 21  14 37  0.00     2.3571785480      13.597154867  
2020 11 21  14 38  0.00     2.3571765971      13.597147293  
2020 11 21  14 39  0.00     2.3571746461      13.597139717  
2020 11 21  14 40  0.00     2.3571726950      13.597132138  
2020 11 21  14 41  0.00     2.3571707440      13.597124556  
2020 11 21  14 42  0.00     2.3571687929      13.597116972  
2020 11 21  14 43  0.00     2.3571668418      13.597109385  
2020 11 21  14 44  0.00     2.3571648906      13.597101795  
2020 11 21  14 45  0.00     2.3571629395      13.597094203  
2020 11 21  14 46  0.00     2.3571609883      13.597086608  
2020 11 21  14 47  0.00     2.3571590371      13.597079011  
2020 11 21  14 48  0.00     2.3571570859      13.597071411  
2020 11 21  14 49  0.00     2.3571551346      13.597063808  
2020 11 21  14 50  0.00     2.3571531834      13.597056202  
2020 11 21  14 51  0.00     2.3571512321      13.597048594  
2020 11 21  14 52  0.00     2.3571492808      13.597040983  
2020 11 21  14 53  0.00     2.3571473295      13.597033370  
2020 11 21  14 54  0.00     2.3571453781      13.597025754  
2020 11 21  14 55  0.00     2.3571434268      13.597018135  
2020 11 21  14 56  0.00     2.3571414754      13.597010514  
2020 11 21  14 57  0.00     2.3571395240      13.597002889  
2020 11 21  14 58  0.00     2.3571375726      13.596995263  
2020 11 21  14 59  0.00     2.3571356212      13.596987633  
2020 11 21  15  0  0.00     2.3571336697      13.596980001  
2020 11 21  15  1  0.00     2.3571317183      13.596972367  
2020 11 21  15  2  0.00     2.3571297668      13.596964729  
2020 11 21  15  3  0.00     2.3571278154      13.596957089  
2020 11 21  15  4  0.00     2.3571258639      13.596949446  
2020 11 21  15  5  0.00     2.3571239124      13.596941801  
2020 11 21  15  6  0.00     2.3571219609      13.596934153  
2020 11 21  15  7  0.00     2.3571200094      13.596926502  
2020 11 21  15  8  0.00     2.3571180579      13.596918849  
2020 11 21  15  9  0.00     2.3571161063      13.596911193  
2020 11 21  15 10  0.00     2.3571141548      13.596903534  
2020 11 21  15 11  0.00     2.3571122033      13.596895873  
2020 11 21  15 12  0.00     2.3571102517      13.596888209  
2020 11 21  15 13  0.00     2.3571083002      13.596880543  
2020 11 21  15 14  0.00     2.3571063487      13.596872873  
2020 11 21  15 15  0.00     2.3571043971      13.596865201  
2020 11 21  15 16  0.00     2.3571024456      13.596857527  
2020 11 21  15 17  0.00     2.3571004940      13.596849849  
2020 11 21  15 18  0.00     2.3570985425      13.596842169  
2020 11 21  15 19  0.00     2.3570965909      13.596834487  
2020 11 21  15 20  0.00     2.3570946394      13.596826802  
2020 11 21  15 21  0.00     2.3570926878      13.596819114  
2020 11 21  15 22  0.00     2.3570907363      13.596811423  
2020 11 21  15 23  0.00     2.3570887847      13.596803730  
2020 11 21  15 24  0.00     2.3570868332      13.596796034  
2020 11 21  15 25  0.00     2.3570848817      13.596788335  
2020 11 21  15 26  0.00     2.3570829302      13.596780634  
2020 11 21  15 27  0.00     2.3570809786      13.596772930  
2020 11 21  15 28  0.00     2.3570790271      13.596765224  
2020 11 21  15 29  0.00     2.3570770756      13.596757514  
2020 11 21  15 30  0.00     2.3570751241      13.596749802  
2020 11 21  15 31  0.00     2.3570731726      13.596742088  
2020 11 21  15 32  0.00     2.3570712212      13.596734371  
2020 11 21  15 33  0.00     2.3570692697      13.596726651  
2020 11 21  15 34  0.00     2.3570673183      13.596718928  
2020 11 21  15 35  0.00     2.3570653668      13.596711203  
2020 11 21  15 36  0.00     2.3570634154      13.596703475  
2020 11 21  15 37  0.00     2.3570614640      13.596695744  
2020 11 21  15 38  0.00     2.3570595126      13.596688011  
2020 11 21  15 39  0.00     2.3570575612      13.596680275  
2020 11 21  15 40  0.00     2.3570556098      13.596672537  
2020 11 21  15 41  0.00     2.3570536585      13.596664795  
2020 11 21  15 42  0.00     2.3570517071      13.596657052  
2020 11 21  15 43  0.00     2.3570497558      13.596649305  
2020 11 21  15 44  0.00     2.3570478045      13.596641556  
2020 11 21  15 45  0.00     2.3570458532      13.596633804  
2020 11 21  15 46  0.00     2.3570439020      13.596626049  
2020 11 21  15 47  0.00     2.3570419507      13.596618292  
2020 11 21  15 48  0.00     2.3570399995      13.596610532  
2020 11 21  15 49  0.00     2.3570380483      13.596602770  
2020 11 21  15 50  0.00     2.3570360972      13.596595004  
2020 11 21  15 51  0.00     2.3570341460      13.596587237  
2020 11 21  15 52  0.00     2.3570321949      13.596579466  
2020 11 21  15 53  0.00     2.3570302438      13.596571693  
2020 11 21  15 54  0.00     2.3570282927      13.596563917  
2020 11 21  15 55  0.00     2.3570263417      13.596556138  
2020 11 21  15 56  0.00     2.3570243907      13.596548357  
2020 11 21  15 57  0.00     2.3570224397      13.596540573  
2020 11 21  15 58  0.00     2.3570204887      13.596532787  
2020 11 21  15 59  0.00     2.3570185378      13.596524998  
2020 11 21  16  0  0.00     2.3570165869      13.596517206  
2020 11 21  16  1  0.00     2.3570146360      13.596509411  
2020 11 21  16  2  0.00     2.3570126852      13.596501614  
2020 11 21  16  3  0.00     2.3570107344      13.596493814  
2020 11 21  16  4  0.00     2.3570087836      13.596486012  
2020 11 21  16  5  0.00     2.3570068329      13.596478207  
2020 11 21  16  6  0.00     2.3570048822      13.596470399  
2020 11 21  16  7  0.00     2.3570029315      13.596462588  
2020 11 21  16  8  0.00     2.3570009809      13.596454775  
2020 11 21  16  9  0.00     2.3569990303      13.596446959  
2020 11 21  16 10  0.00     2.3569970798      13.596439141  
2020 11 21  16 11  0.00     2.3569951293      13.596431320  
2020 11 21  16 12  0.00     2.3569931788      13.596423496  
2020 11 21  16 13  0.00     2.3569912284      13.596415670  
2020 11 21  16 14  0.00     2.3569892780      13.596407841  
2020 11 21  16 15  0.00     2.3569873276      13.596400009  
2020 11 21  16 16  0.00     2.3569853773      13.596392174  
2020 11 21  16 17  0.00     2.3569834270      13.596384337  
2020 11 21  16 18  0.00     2.3569814768      13.596376498  
2020 11 21  16 19  0.00     2.3569795266      13.596368655  
2020 11 21  16 20  0.00     2.3569775765      13.596360810  
2020 11 21  16 21  0.00     2.3569756264      13.596352962  
2020 11 21  16 22  0.00     2.3569736764      13.596345112  
2020 11 21  16 23  0.00     2.3569717264      13.596337259  
2020 11 21  16 24  0.00     2.3569697764      13.596329403  
2020 11 21  16 25  0.00     2.3569678265      13.596321545  
2020 11 21  16 26  0.00     2.3569658767      13.596313684  
2020 11 21  16 27  0.00     2.3569639269      13.596305821  
2020 11 21  16 28  0.00     2.3569619771      13.596297954  
2020 11 21  16 29  0.00     2.3569600274      13.596290085  
2020 11 21  16 30  0.00     2.3569580778      13.596282214  
2020 11 21  16 31  0.00     2.3569561282      13.596274340  
2020 11 21  16 32  0.00     2.3569541786      13.596266463  
2020 11 21  16 33  0.00     2.3569522292      13.596258583  
2020 11 21  16 34  0.00     2.3569502797      13.596250701  
2020 11 21  16 35  0.00     2.3569483304      13.596242816  
2020 11 21  16 36  0.00     2.3569463810      13.596234929  
2020 11 21  16 37  0.00     2.3569444318      13.596227039  
2020 11 21  16 38  0.00     2.3569424826      13.596219146  
2020 11 21  16 39  0.00     2.3569405334      13.596211250  
2020 11 21  16 40  0.00     2.3569385843      13.596203352  
2020 11 21  16 41  0.00     2.3569366353      13.596195452  
2020 11 21  16 42  0.00     2.3569346863      13.596187548  
2020 11 21  16 43  0.00     2.3569327374      13.596179642  
2020 11 21  16 44  0.00     2.3569307886      13.596171734  
2020 11 21  16 45  0.00     2.3569288398      13.596163823  
2020 11 21  16 46  0.00     2.3569268911      13.596155909  
2020 11 21  16 47  0.00     2.3569249424      13.596147992  
2020 11 21  16 48  0.00     2.3569229939      13.596140073  
2020 11 21  16 49  0.00     2.3569210453      13.596132151  
2020 11 21  16 50  0.00     2.3569190969      13.596124227  
2020 11 21  16 51  0.00     2.3569171485      13.596116300  
2020 11 21  16 52  0.00     2.3569152002      13.596108370  
2020 11 21  16 53  0.00     2.3569132519      13.596100437  
2020 11 21  16 54  0.00     2.3569113037      13.596092502  
2020 11 21  16 55  0.00     2.3569093556      13.596084565  
2020 11 21  16 56  0.00     2.3569074076      13.596076625  
2020 11 21  16 57  0.00     2.3569054596      13.596068682  
2020 11 21  16 58  0.00     2.3569035117      13.596060736  
2020 11 21  16 59  0.00     2.3569015638      13.596052788  
2020 11 21  17  0  0.00     2.3568996161      13.596044837  
2020 11 21  17  1  0.00     2.3568976684      13.596036884  
2020 11 21  17  2  0.00     2.3568957208      13.596028928  
2020 11 21  17  3  0.00     2.3568937733      13.596020969  
2020 11 21  17  4  0.00     2.3568918258      13.596013008  
2020 11 21  17  5  0.00     2.3568898784      13.596005044  
2020 11 21  17  6  0.00     2.3568879311      13.595997077  
2020 11 21  17  7  0.00     2.3568859839      13.595989108  
2020 11 21  17  8  0.00     2.3568840367      13.595981136  
2020 11 21  17  9  0.00     2.3568820897      13.595973162  
2020 11 21  17 10  0.00     2.3568801427      13.595965185  
2020 11 21  17 11  0.00     2.3568781957      13.595957205  
2020 11 21  17 12  0.00     2.3568762489      13.595949223  
2020 11 21  17 13  0.00     2.3568743022      13.595941238  
2020 11 21  17 14  0.00     2.3568723555      13.595933250  
2020 11 21  17 15  0.00     2.3568704089      13.595925260  
2020 11 21  17 16  0.00     2.3568684624      13.595917268  
2020 11 21  17 17  0.00     2.3568665160      13.595909272  
2020 11 21  17 18  0.00     2.3568645697      13.595901274  
2020 11 21  17 19  0.00     2.3568626234      13.595893274  
2020 11 21  17 20  0.00     2.3568606773      13.595885270  
2020 11 21  17 21  0.00     2.3568587312      13.595877265  
2020 11 21  17 22  0.00     2.3568567852      13.595869256  
2020 11 21  17 23  0.00     2.3568548393      13.595861245  
2020 11 21  17 24  0.00     2.3568528935      13.595853231  
2020 11 21  17 25  0.00     2.3568509478      13.595845215  
2020 11 21  17 26  0.00     2.3568490022      13.595837196  
2020 11 21  17 27  0.00     2.3568470566      13.595829175  
2020 11 21  17 28  0.00     2.3568451112      13.595821151  
2020 11 21  17 29  0.00     2.3568431658      13.595813124  
2020 11 21  17 30  0.00     2.3568412206      13.595805095  
2020 11 21  17 31  0.00     2.3568392754      13.595797063  
2020 11 21  17 32  0.00     2.3568373303      13.595789029  
2020 11 21  17 33  0.00     2.3568353853      13.595780992  
2020 11 21  17 34  0.00     2.3568334404      13.595772952  
2020 11 21  17 35  0.00     2.3568314957      13.595764910  
2020 11 21  17 36  0.00     2.3568295510      13.595756865  
2020 11 21  17 37  0.00     2.3568276064      13.595748818  
2020 11 21  17 38  0.00     2.3568256619      13.595740768  
2020 11 21  17 39  0.00     2.3568237175      13.595732715  
2020 11 21  17 40  0.00     2.3568217732      13.595724660  
2020 11 21  17 41  0.00     2.3568198290      13.595716602  
2020 11 21  17 42  0.00     2.3568178849      13.595708542  
2020 11 21  17 43  0.00     2.3568159409      13.595700479  
2020 11 21  17 44  0.00     2.3568139970      13.595692413  
2020 11 21  17 45  0.00     2.3568120532      13.595684345  
2020 11 21  17 46  0.00     2.3568101095      13.595676274  
2020 11 21  17 47  0.00     2.3568081659      13.595668201  
2020 11 21  17 48  0.00     2.3568062224      13.595660125  
2020 11 21  17 49  0.00     2.3568042790      13.595652047  
2020 11 21  17 50  0.00     2.3568023358      13.595643966  
2020 11 21  17 51  0.00     2.3568003926      13.595635882  
2020 11 21  17 52  0.00     2.3567984495      13.595627796  
2020 11 21  17 53  0.00     2.3567965066      13.595619707  
2020 11 21  17 54  0.00     2.3567945637      13.595611616  
2020 11 21  17 55  0.00     2.3567926210      13.595603522  
2020 11 21  17 56  0.00     2.3567906784      13.595595426  
2020 11 21  17 57  0.00     2.3567887358      13.595587327  
2020 11 21  17 58  0.00     2.3567867934      13.595579225  
2020 11 21  17 59  0.00     2.3567848511      13.595571121  
2020 11 21  18  0  0.00     2.3567829089      13.595563015  
2020 11 21  18  1  0.00     2.3567809669      13.595554905  
2020 11 21  18  2  0.00     2.3567790249      13.595546794  
2020 11 21  18  3  0.00     2.3567770830      13.595538679  
2020 11 21  18  4  0.00     2.3567751413      13.595530562  
2020 11 21  18  5  0.00     2.3567731997      13.595522443  
2020 11 21  18  6  0.00     2.3567712582      13.595514321  
2020 11 21  18  7  0.00     2.3567693168      13.595506196  
2020 11 21  18  8  0.00     2.3567673755      13.595498069  
2020 11 21  18  9  0.00     2.3567654343      13.595489940  
2020 11 21  18 10  0.00     2.3567634933      13.595481807  
2020 11 21  18 11  0.00     2.3567615524      13.595473673  
2020 11 21  18 12  0.00     2.3567596115      13.595465535  
2020 11 21  18 13  0.00     2.3567576709      13.595457395  
2020 11 21  18 14  0.00     2.3567557303      13.595449253  
2020 11 21  18 15  0.00     2.3567537898      13.595441108  
2020 11 21  18 16  0.00     2.3567518495      13.595432961  
2020 11 21  18 17  0.00     2.3567499093      13.595424811  
2020 11 21  18 18  0.00     2.3567479692      13.595416658  
2020 11 21  18 19  0.00     2.3567460292      13.595408503  
2020 11 21  18 20  0.00     2.3567440894      13.595400345  
2020 11 21  18 21  0.00     2.3567421497      13.595392185  
2020 11 21  18 22  0.00     2.3567402101      13.595384023  
2020 11 21  18 23  0.00     2.3567382706      13.595375857  
2020 11 21  18 24  0.00     2.3567363312      13.595367690  
2020 11 21  18 25  0.00     2.3567343920      13.595359520  
2020 11 21  18 26  0.00     2.3567324529      13.595351347  
2020 11 21  18 27  0.00     2.3567305139      13.595343172  
2020 11 21  18 28  0.00     2.3567285751      13.595334994  
2020 11 21  18 29  0.00     2.3567266364      13.595326813  
2020 11 21  18 30  0.00     2.3567246978      13.595318631  
2020 11 21  18 31  0.00     2.3567227593      13.595310445  
2020 11 21  18 32  0.00     2.3567208210      13.595302257  
2020 11 21  18 33  0.00     2.3567188828      13.595294067  
2020 11 21  18 34  0.00     2.3567169447      13.595285874  
2020 11 21  18 35  0.00     2.3567150068      13.595277679  
2020 11 21  18 36  0.00     2.3567130690      13.595269481  
2020 11 21  18 37  0.00     2.3567111313      13.595261280  
2020 11 21  18 38  0.00     2.3567091937      13.595253078  
2020 11 21  18 39  0.00     2.3567072563      13.595244872  
2020 11 21  18 40  0.00     2.3567053191      13.595236664  
2020 11 21  18 41  0.00     2.3567033819      13.595228454  
2020 11 21  18 42  0.00     2.3567014449      13.595220241  
2020 11 21  18 43  0.00     2.3566995080      13.595212026  
2020 11 21  18 44  0.00     2.3566975713      13.595203808  
2020 11 21  18 45  0.00     2.3566956347      13.595195587  
2020 11 21  18 46  0.00     2.3566936982      13.595187365  
2020 11 21  18 47  0.00     2.3566917619      13.595179139  
2020 11 21  18 48  0.00     2.3566898257      13.595170911  
2020 11 21  18 49  0.00     2.3566878896      13.595162681  
2020 11 21  18 50  0.00     2.3566859537      13.595154448  
2020 11 21  18 51  0.00     2.3566840179      13.595146213  
2020 11 21  18 52  0.00     2.3566820823      13.595137975  
2020 11 21  18 53  0.00     2.3566801467      13.595129735  
2020 11 21  18 54  0.00     2.3566782114      13.595121492  
2020 11 21  18 55  0.00     2.3566762762      13.595113247  
2020 11 21  18 56  0.00     2.3566743411      13.595105000  
2020 11 21  18 57  0.00     2.3566724061      13.595096749  
2020 11 21  18 58  0.00     2.3566704713      13.595088497  
2020 11 21  18 59  0.00     2.3566685367      13.595080242  
2020 11 21  19  0  0.00     2.3566666022      13.595071984  
2020 11 21  19  1  0.00     2.3566646678      13.595063724  
2020 11 21  19  2  0.00     2.3566627336      13.595055462  
2020 11 21  19  3  0.00     2.3566607995      13.595047197  
2020 11 21  19  4  0.00     2.3566588656      13.595038930  
2020 11 21  19  5  0.00     2.3566569318      13.595030660  
2020 11 21  19  6  0.00     2.3566549981      13.595022388  
2020 11 21  19  7  0.00     2.3566530646      13.595014113  
2020 11 21  19  8  0.00     2.3566511313      13.595005836  
2020 11 21  19  9  0.00     2.3566491981      13.594997556  
2020 11 21  19 10  0.00     2.3566472650      13.594989274  
2020 11 21  19 11  0.00     2.3566453321      13.594980990  
2020 11 21  19 12  0.00     2.3566433993      13.594972703  
2020 11 21  19 13  0.00     2.3566414667      13.594964414  
2020 11 21  19 14  0.00     2.3566395342      13.594956122  
2020 11 21  19 15  0.00     2.3566376019      13.594947828  
2020 11 21  19 16  0.00     2.3566356698      13.594939531  
2020 11 21  19 17  0.00     2.3566337377      13.594931232  
2020 11 21  19 18  0.00     2.3566318059      13.594922930  
2020 11 21  19 19  0.00     2.3566298742      13.594914627  
2020 11 21  19 20  0.00     2.3566279426      13.594906320  
2020 11 21  19 21  0.00     2.3566260112      13.594898011  
2020 11 21  19 22  0.00     2.3566240799      13.594889700  
2020 11 21  19 23  0.00     2.3566221488      13.594881387  
2020 11 21  19 24  0.00     2.3566202179      13.594873071  
2020 11 21  19 25  0.00     2.3566182871      13.594864752  
2020 11 21  19 26  0.00     2.3566163564      13.594856431  
2020 11 21  19 27  0.00     2.3566144259      13.594848108  
2020 11 21  19 28  0.00     2.3566124956      13.594839782  
2020 11 21  19 29  0.00     2.3566105654      13.594831454  
2020 11 21  19 30  0.00     2.3566086354      13.594823124  
2020 11 21  19 31  0.00     2.3566067055      13.594814791  
2020 11 21  19 32  0.00     2.3566047758      13.594806456  
2020 11 21  19 33  0.00     2.3566028463      13.594798118  
2020 11 21  19 34  0.00     2.3566009169      13.594789778  
2020 11 21  19 35  0.00     2.3565989876      13.594781435  
2020 11 21  19 36  0.00     2.3565970586      13.594773090  
2020 11 21  19 37  0.00     2.3565951296      13.594764743  
2020 11 21  19 38  0.00     2.3565932009      13.594756394  
2020 11 21  19 39  0.00     2.3565912723      13.594748041  
2020 11 21  19 40  0.00     2.3565893438      13.594739687  
2020 11 21  19 41  0.00     2.3565874155      13.594731330  
2020 11 21  19 42  0.00     2.3565854874      13.594722971  
2020 11 21  19 43  0.00     2.3565835595      13.594714610  
2020 11 21  19 44  0.00     2.3565816316      13.594706246  
2020 11 21  19 45  0.00     2.3565797040      13.594697879  
2020 11 21  19 46  0.00     2.3565777765      13.594689511  
2020 11 21  19 47  0.00     2.3565758492      13.594681140  
2020 11 21  19 48  0.00     2.3565739220      13.594672766  
2020 11 21  19 49  0.00     2.3565719951      13.594664390  
2020 11 21  19 50  0.00     2.3565700682      13.594656012  
2020 11 21  19 51  0.00     2.3565681416      13.594647632  
2020 11 21  19 52  0.00     2.3565662151      13.594639249  
2020 11 21  19 53  0.00     2.3565642887      13.594630864  
2020 11 21  19 54  0.00     2.3565623625      13.594622476  
2020 11 21  19 55  0.00     2.3565604365      13.594614086  
2020 11 21  19 56  0.00     2.3565585107      13.594605694  
2020 11 21  19 57  0.00     2.3565565850      13.594597299  
2020 11 21  19 58  0.00     2.3565546595      13.594588902  
2020 11 21  19 59  0.00     2.3565527341      13.594580503  