  2020 11 13.634543  2 22 37.8784 +13 40 56.080  35.6578268  13.6822445  35.6578448  13.6822422   -0.0627    0.0081    0.0386 15 13 44.50     5.00 
  2020 11 13.635006  2 22 37.8815 +13 40 56.018  35.6578396  13.6822273  35.6578300  13.6822364    0.0337   -0.0326    0.0629 15 14 24.50     5.00 
  2020 11 13.635469  2 22 37.8702 +13 40 56.008  35.6577923  13.6822245  35.6578152  13.6822305   -0.0802   -0.0217    0.0435 15 15  4.50     5.00 
  2020 11 13.636528  2 22 37.8644 +13 40 55.987  35.6577681  13.6822187  35.6577815  13.6822171   -0.0465    0.0055    0.0239 15 16 36.00    10.00 
  2020 11 13.637049  2 22 37.8608 +13 40 55.990  35.6577534  13.6822195  35.6577648  13.6822106   -0.0400    0.0321    0.0317 15 17 21.00    10.00 
  2020 11 13.638090  2 22 37.8542 +13 40 55.949  35.6577257  13.6822081  35.6577316  13.6821974   -0.0206    0.0385    0.0228 15 18 51.00    10.00 
  2020 11 13.638611  2 22 37.8463 +13 40 55.863  35.6576931  13.6821841  35.6577150  13.6821909   -0.0767   -0.0242    0.0423 15 19 36.00    10.00 
  2020 11 13.639641  2 22 37.8401 +13 40 55.858  35.6576670  13.6821828  35.6576822  13.6821779   -0.0530    0.0174    0.0180 15 21  5.00    10.00 
  2020 11 13.640683  2 22 37.8332 +13 40 55.811  35.6576385  13.6821697  35.6576489  13.6821649   -0.0366    0.0174    0.0174 15 22 35.00    10.00 
  2020 11 13.641204  2 22 37.8287 +13 40 55.743  35.6576195  13.6821508  35.6576323  13.6821584   -0.0450   -0.0270    0.0141 15 23 20.00    10.00 
  2020 11 13.641725  2 22 37.8227 +13 40 55.721  35.6575947  13.6821447  35.6576157  13.6821518   -0.0736   -0.0255    0.0187 15 24  5.00    10.00 
  2020 11 13.642245  2 22 37.8204 +13 40 55.725  35.6575848  13.6821458  35.6575991  13.6821453   -0.0498    0.0018    0.0209 15 24 50.00    10.00 
  2020 11 13.644329  2 22 37.8048 +13 40 55.633  35.6575200  13.6821204  35.6575326  13.6821193   -0.0440    0.0038    0.0187 15 27 50.00    10.00 
  2020 11 13.645370  2 22 37.7967 +13 40 55.575  35.6574862  13.6821041  35.6574994  13.6821064   -0.0461   -0.0084    0.0162 15 29 20.00    10.00 
  2020 11 13.645891  2 22 37.7928 +13 40 55.545  35.6574698  13.6820959  35.6574827  13.6820999   -0.0452   -0.0146    0.0235 15 30  5.00    10.00 
  2020 11 13.647975  2 22 37.7769 +13 40 55.506  35.6574038  13.6820851  35.6574163  13.6820741   -0.0437    0.0394    0.0336 15 33  5.00    10.00 
  2020 11 13.648484  2 22 37.7724 +13 40 55.470  35.6573850  13.6820750  35.6574000  13.6820678   -0.0525    0.0256    0.0221 15 33 49.00    10.00 
  2020 11 13.649005  2 22 37.7682 +13 40 55.407  35.6573676  13.6820575  35.6573834  13.6820614   -0.0550   -0.0140    0.0254 15 34 34.00    10.00 
  2020 11 13.650567  2 22 37.7595 +13 40 55.360  35.6573315  13.6820445  35.6573335  13.6820422   -0.0071    0.0085    0.0245 15 36 49.00    10.00 
  2020 11 13.651088  2 22 37.7502 +13 40 55.303  35.6572926  13.6820287  35.6573169  13.6820357   -0.0850   -0.0254    0.0176 15 37 34.00    10.00 
  2020 11 13.651609  2 22 37.7459 +13 40 55.239  35.6572748  13.6820108  35.6573002  13.6820294   -0.0890   -0.0669    0.0383 15 38 19.00    10.00 
  2020 11 13.652650  2 22 37.7446 +13 40 55.295  35.6572693  13.6820265  35.6572670  13.6820166    0.0081    0.0358    0.0224 15 39 49.00    10.00 
  2020 11 13.653171  2 22 37.7348 +13 40 55.218  35.6572282  13.6820051  35.6572504  13.6820102   -0.0776   -0.0185    0.0140 15 40 34.00    10.00 
  2020 11 13.655764  2 22 37.7172 +13 40 55.094  35.6571549  13.6819705  35.6571676  13.6819785   -0.0444   -0.0288    0.0153 15 44 18.00    10.00 
  2020 11 13.656285  2 22 37.7117 +13 40 55.057  35.6571322  13.6819603  35.6571509  13.6819722   -0.0655   -0.0427    0.0148 15 45  3.00    10.00 
  2020 11 13.656806  2 22 37.7082 +13 40 55.055  35.6571175  13.6819598  35.6571343  13.6819659   -0.0589   -0.0217    0.0254 15 45 48.00    10.00 
  2020 11 13.657847  2 22 37.7016 +13 40 55.028  35.6570899  13.6819522  35.6571010  13.6819532   -0.0391   -0.0035    0.0250 15 47 18.00    10.00 
  2020 11 13.658368  2 22 37.6977 +13 40 55.024  35.6570738  13.6819511  35.6570844  13.6819469   -0.0372    0.0152    0.0203 15 48  3.00    10.00 
  2020 11 13.658889  2 22 37.6920 +13 40 54.990  35.6570499  13.6819417  35.6570678  13.6819406   -0.0625    0.0040    0.0299 15 48 48.00    10.00 
  2020 11 13.659410  2 22 37.6934 +13 40 55.003  35.6570560  13.6819452  35.6570511  13.6819343    0.0169    0.0392    0.0486 15 49 33.00    10.00 
  2020 11 13.659931  2 22 37.6837 +13 40 54.884  35.6570153  13.6819121  35.6570345  13.6819280   -0.0671   -0.0570    0.0256 15 50 18.00    10.00 
  2020 11 13.662014  2 22 37.6698 +13 40 54.807  35.6569576  13.6818909  35.6569679  13.6819028   -0.0361   -0.0432    0.0161 15 53 18.00    10.00 
  2020 11 13.662535  2 22 37.6640 +13 40 54.841  35.6569333  13.6819001  35.6569513  13.6818966   -0.0631    0.0128    0.0233 15 54  3.00    10.00 
  2020 11 13.663056  2 22 37.6582 +13 40 54.795  35.6569092  13.6818875  35.6569347  13.6818903   -0.0892   -0.0101    0.0181 15 54 48.00    10.00 
  2020 11 13.663576  2 22 37.6564 +13 40 54.784  35.6569015  13.6818845  35.6569180  13.6818841   -0.0578    0.0015    0.0213 15 55 33.00    10.00 
  2020 11 13.664606  2 22 37.6462 +13 40 54.678  35.6568591  13.6818551  35.6568851  13.6818717   -0.0910   -0.0599    0.0232 15 57  2.00    10.00 
  2020 11 13.665648  2 22 37.6409 +13 40 54.715  35.6568369  13.6818652  35.6568518  13.6818592   -0.0522    0.0214    0.0320 15 58 32.00    10.00 
  2020 11 13.666690  2 22 37.6343 +13 40 54.666  35.6568096  13.6818517  35.6568185  13.6818468   -0.0312    0.0176    0.0254 16  0  2.00    10.00 
  2020 11 13.679699  2 22 37.5321 +13 40 54.059  35.6563838  13.6816831  35.6564025  13.6816935   -0.0657   -0.0377    0.0204 16 18 46.00    10.00 
  2020 11 13.680220  2 22 37.5322 +13 40 54.028  35.6563840  13.6816744  35.6563859  13.6816875   -0.0064   -0.0472    0.0279 16 19 31.00    10.00 
  2020 11 13.681262  2 22 37.5216 +13 40 54.014  35.6563399  13.6816706  35.6563525  13.6816754   -0.0443   -0.0172    0.0169 16 21  1.00    10.00 
  2020 11 13.681782  2 22 37.5144 +13 40 53.995  35.6563099  13.6816653  35.6563359  13.6816693   -0.0910   -0.0144    0.0297 16 21 46.00    10.00 
  2020 11 13.682303  2 22 37.5156 +13 40 53.989  35.6563148  13.6816636  35.6563192  13.6816633   -0.0154    0.0011    0.0065 16 22 31.00    10.00 
  2020 11 13.683345  2 22 37.5067 +13 40 53.941  35.6562781  13.6816503  35.6562859  13.6816513   -0.0271   -0.0033    0.0225 16 24  1.00    10.00 
  2020 11 13.683866  2 22 37.5026 +13 40 53.935  35.6562610  13.6816487  35.6562692  13.6816453   -0.0288    0.0125    0.0239 16 24 46.00    10.00 
  2020 11 13.684907  2 22 37.4935 +13 40 53.845  35.6562231  13.6816236  35.6562359  13.6816333   -0.0446   -0.0347    0.0185 16 26 16.00    10.00 
  2020 11 13.685428  2 22 37.4906 +13 40 53.843  35.6562110  13.6816232  35.6562192  13.6816273   -0.0286   -0.0147    0.0204 16 27  1.00    10.00 
  2020 11 13.686458  2 22 37.4811 +13 40 53.803  35.6561711  13.6816120  35.6561862  13.6816154   -0.0527   -0.0122    0.0097 16 28 30.00    10.00 
  2020 11 13.687500  2 22 37.4756 +13 40 53.734  35.6561483  13.6815928  35.6561529  13.6816035   -0.0159   -0.0386    0.0472 16 30  0.00    10.00 
  2020 11 13.688542  2 22 37.4655 +13 40 53.679  35.6561062  13.6815776  35.6561195  13.6815916   -0.0464   -0.0502    0.0317 16 31 30.00    10.00 
  2020 11 13.689583  2 22 37.4585 +13 40 53.691  35.6560772  13.6815809  35.6560862  13.6815797   -0.0312    0.0043    0.0178 16 33  0.00    10.00 
  2020 11 13.690104  2 22 37.4541 +13 40 53.627  35.6560586  13.6815632  35.6560695  13.6815737   -0.0381   -0.0380    0.0364 16 33 45.00    10.00 
  2020 11 13.690625  2 22 37.4505 +13 40 53.615  35.6560440  13.6815598  35.6560528  13.6815678   -0.0310   -0.0289    0.0151 16 34 30.00    10.00 
  2020 11 13.691146  2 22 37.4457 +13 40 53.586  35.6560238  13.6815518  35.6560361  13.6815619   -0.0431   -0.0364    0.0212 16 35 15.00    10.00 
  2020 11 13.691667  2 22 37.4431 +13 40 53.591  35.6560131  13.6815532  35.6560194  13.6815560   -0.0221   -0.0101    0.0242 16 36  0.00    10.00 
  2020 11 13.693229  2 22 37.4328 +13 40 53.525  35.6559699  13.6815348  35.6559694  13.6815382    0.0016   -0.0124    0.0289 16 38 15.00    10.00 
  2020 11 13.693750  2 22 37.4266 +13 40 53.501  35.6559442  13.6815281  35.6559527  13.6815323   -0.0296   -0.0152    0.0288 16 39  0.00    10.00 
  2020 11 13.695822  2 22 37.4060 +13 40 53.410  35.6558582  13.6815027  35.6558863  13.6815090   -0.0984   -0.0224    0.0276 16 41 59.00    10.00 
  2020 11 13.696343  2 22 37.4064 +13 40 53.358  35.6558600  13.6814883  35.6558697  13.6815031   -0.0336   -0.0533    0.0192 16 42 44.00    10.00 
  2020 11 13.696863  2 22 37.4003 +13 40 53.350  35.6558345  13.6814861  35.6558530  13.6814972   -0.0645   -0.0402    0.0206 16 43 29.00    10.00 
  2020 11 13.697384  2 22 37.4007 +13 40 53.327  35.6558361  13.6814798  35.6558363  13.6814914   -0.0006   -0.0419    0.0223 16 44 14.00    10.00 
  2020 11 13.697905  2 22 37.3952 +13 40 53.324  35.6558135  13.6814790  35.6558196  13.6814855   -0.0211   -0.0236    0.0194 16 44 59.00    10.00 
  2020 11 13.698947  2 22 37.3890 +13 40 53.290  35.6557875  13.6814695  35.6557862  13.6814739    0.0047   -0.0156    0.0249 16 46 29.00    10.00 
  2020 11 13.699468  2 22 37.3805 +13 40 53.292  35.6557521  13.6814699  35.6557695  13.6814680   -0.0608    0.0068    0.0250 16 47 14.00    10.00 
  2020 11 13.699988  2 22 37.3821 +13 40 53.266  35.6557587  13.6814627  35.6557528  13.6814622    0.0206    0.0019    0.0310 16 47 59.00    10.00 
  2020 11 13.700509  2 22 37.3738 +13 40 53.259  35.6557242  13.6814607  35.6557361  13.6814564   -0.0418    0.0156    0.0212 16 48 44.00    10.00 
  2020 11 13.701030  2 22 37.3712 +13 40 53.225  35.6557135  13.6814514  35.6557194  13.6814506   -0.0207    0.0029    0.0288 16 49 29.00    10.00 
  2020 11 13.701551  2 22 37.3643 +13 40 53.186  35.6556845  13.6814406  35.6557027  13.6814448   -0.0638   -0.0150    0.0223 16 50 14.00    10.00 
  2020 11 13.702072  2 22 37.3604 +13 40 53.150  35.6556683  13.6814306  35.6556860  13.6814390   -0.0619   -0.0302    0.0119 16 50 59.00    10.00 
  2020 11 13.702402  2 22 37.3581 +13 40 53.125  35.6556590  13.6814236  35.6556755  13.6814353   -0.0577   -0.0421    0.0100 16 51 27.50    15.00 
  2020 11 13.702980  2 22 37.3524 +13 40 53.114  35.6556352  13.6814205  35.6556569  13.6814289   -0.0759   -0.0303    0.0192 16 52 17.50    15.00 
  2020 11 13.703559  2 22 37.3494 +13 40 53.127  35.6556224  13.6814241  35.6556383  13.6814225   -0.0557    0.0060    0.0166 16 53  7.50    15.00 
  2020 11 13.704138  2 22 37.3465 +13 40 53.075  35.6556104  13.6814098  35.6556198  13.6814161   -0.0328   -0.0226    0.0164 16 53 57.50    15.00 
  2020 11 13.704716  2 22 37.3405 +13 40 53.108  35.6555854  13.6814189  35.6556012  13.6814097   -0.0554    0.0333    0.0275 16 54 47.50    15.00 
  2020 11 13.705295  2 22 37.3366 +13 40 53.007  35.6555691  13.6813907  35.6555827  13.6814033   -0.0476   -0.0450    0.0174 16 55 37.50    15.00 
  2020 11 13.705874  2 22 37.3354 +13 40 53.018  35.6555641  13.6813939  35.6555641  13.6813969   -0.0002   -0.0108    0.0162 16 56 27.50    15.00 
  2020 11 13.706453  2 22 37.3247 +13 40 52.984  35.6555195  13.6813844  35.6555456  13.6813905   -0.0911   -0.0218    0.0080 16 57 17.50    15.00 
  2020 11 13.707031  2 22 37.3294 +13 40 52.987  35.6555392  13.6813853  35.6555270  13.6813841    0.0428    0.0042    0.0278 16 58  7.50    15.00 
  2020 11 13.707610  2 22 37.3188 +13 40 52.927  35.6554949  13.6813687  35.6555084  13.6813777   -0.0475   -0.0324    0.0164 16 58 57.50    15.00 
  2020 11 13.708189  2 22 37.3099 +13 40 52.877  35.6554577  13.6813546  35.6554899  13.6813714   -0.1124   -0.0603    0.0444 16 59 47.50    15.00 
  2020 11 13.708767  2 22 37.3129 +13 40 52.958  35.6554703  13.6813773  35.6554713  13.6813650   -0.0037    0.0442    0.0442 17  0 37.50    15.00 
  2020 11 13.709346  2 22 37.3076 +13 40 52.875  35.6554485  13.6813542  35.6554527  13.6813587   -0.0149   -0.0163    0.0307 17  1 27.50    15.00 
  2020 11 13.709925  2 22 37.2990 +13 40 52.794  35.6554124  13.6813316  35.6554342  13.6813524   -0.0762   -0.0746    0.0291 17  2 17.50    15.00 
  2020 11 13.710503  2 22 37.2994 +13 40 52.813  35.6554143  13.6813370  35.6554156  13.6813460   -0.0047   -0.0324    0.0366 17  3  7.50    15.00 
  2020 11 13.711082  2 22 37.2901 +13 40 52.731  35.6553756  13.6813141  35.6553970  13.6813397   -0.0751   -0.0922    0.0447 17  3 57.50    15.00 
  2020 11 13.711661  2 22 37.2902 +13 40 52.794  35.6553759  13.6813316  35.6553785  13.6813334   -0.0091   -0.0063    0.0471 17  4 47.50    15.00 
  2020 11 13.712240  2 22 37.2872 +13 40 52.756  35.6553633  13.6813212  35.6553599  13.6813271    0.0120   -0.0213    0.0322 17  5 37.50    15.00 
  2020 11 13.713976  2 22 37.2694 +13 40 52.700  35.6552892  13.6813055  35.6553042  13.6813082   -0.0525   -0.0097    0.0152 17  8  7.50    15.00 
  2020 11 13.714554  2 22 37.2679 +13 40 52.664  35.6552828  13.6812956  35.6552856  13.6813019   -0.0099   -0.0229    0.0352 17  8 57.50    15.00 
  2020 11 13.715133  2 22 37.2593 +13 40 52.680  35.6552472  13.6813000  35.6552670  13.6812957   -0.0692    0.0157    0.0278 17  9 47.50    15.00 
  2020 11 13.715712  2 22 37.2570 +13 40 52.590  35.6552374  13.6812750  35.6552485  13.6812894   -0.0387   -0.0518    0.0270 17 10 37.50    15.00 
  2020 11 13.716291  2 22 37.2493 +13 40 52.549  35.6552056  13.6812637  35.6552299  13.6812831   -0.0848   -0.0699    0.0273 17 11 27.50    15.00 
  2020 11 13.716858  2 22 37.2460 +13 40 52.610  35.6551916  13.6812806  35.6552117  13.6812770   -0.0701    0.0127    0.0430 17 12 16.50    15.00 
  2020 11 13.717436  2 22 37.2414 +13 40 52.565  35.6551724  13.6812679  35.6551931  13.6812708   -0.0725   -0.0103    0.0716 17 13  6.50    15.00 
  2020 11 13.718015  2 22 37.2383 +13 40 52.533  35.6551596  13.6812590  35.6551745  13.6812646   -0.0521   -0.0198    0.0292 17 13 56.50    15.00 
  2020 11 13.718594  2 22 37.2356 +13 40 52.519  35.6551483  13.6812554  35.6551559  13.6812583   -0.0268   -0.0106    0.0247 17 14 46.50    15.00 
  2020 11 13.719172  2 22 37.2305 +13 40 52.514  35.6551272  13.6812538  35.6551373  13.6812521   -0.0354    0.0061    0.0155 17 15 36.50    15.00 
  2020 11 13.719751  2 22 37.2267 +13 40 52.428  35.6551111  13.6812300  35.6551188  13.6812459   -0.0266   -0.0574    0.0264 17 16 26.50    15.00 
  2020 11 13.720330  2 22 37.2217 +13 40 52.446  35.6550905  13.6812350  35.6551002  13.6812397   -0.0337   -0.0169    0.0482 17 17 16.50    15.00 
  2020 11 14.662604  2 22 28.6584 +13 40 35.030  35.6194100  13.6763973  35.6194061  13.6764007    0.0137   -0.0120    0.0183 15 54  9.00    10.00 
  2020 11 14.663646  2 22 28.6459 +13 40 34.938  35.6193580  13.6763715  35.6193582  13.6763932   -0.0008   -0.0779    0.0232 15 55 39.00    10.00 
  2020 11 14.739549  2 22 27.8101 +13 40 32.788  35.6158752  13.6757746  35.6158496  13.6757833    0.0895   -0.0313    0.0460 17 44 57.00    10.00 
  2020 11 15.628738  2 22 18.6905 +13 39 36.602  35.5778770  13.6601671  35.5778963  13.6601486   -0.0675    0.0666    0.0703 15  5 23.00    10.00 
  2020 11 15.629259  2 22 18.6878 +13 39 36.530  35.5778660  13.6601471  35.5778773  13.6601373   -0.0394    0.0354    0.0568 15  6  8.00    10.00 
  2020 11 15.629780  2 22 18.6856 +13 39 36.402  35.5778569  13.6601116  35.5778582  13.6601259   -0.0046   -0.0514    0.0507 15  6 53.00    10.00 
  2020 11 15.630301  2 22 18.6803 +13 39 36.424  35.5778346  13.6601177  35.5778391  13.6601146   -0.0159    0.0114    0.0456 15  7 38.00    10.00 
  2020 11 15.630822  2 22 18.6758 +13 39 36.439  35.5778158  13.6601219  35.5778201  13.6601032   -0.0150    0.0673    0.0466 15  8 23.00    10.00 
  2020 11 15.631343  2 22 18.6684 +13 39 36.340  35.5777851  13.6600945  35.5778010  13.6600919   -0.0559    0.0092    0.0542 15  9  8.00    10.00 
  2020 11 15.631863  2 22 18.6669 +13 39 36.344  35.5777788  13.6600955  35.5777820  13.6600806   -0.0112    0.0536    0.0542 15  9 53.00    10.00 
  2020 11 15.632384  2 22 18.6616 +13 39 36.252  35.5777568  13.6600701  35.5777629  13.6600692   -0.0215    0.0032    0.1143 15 10 38.00    10.00 
  2020 11 15.632905  2 22 18.6569 +13 39 36.176  35.5777369  13.6600488  35.5777439  13.6600579   -0.0244   -0.0327    0.0301 15 11 23.00    10.00 
  2020 11 15.633426  2 22 18.6518 +13 39 36.169  35.5777157  13.6600468  35.5777249  13.6600466   -0.0321    0.0010    0.0301 15 12  8.00    10.00 
  2020 11 15.633947  2 22 18.6466 +13 39 36.145  35.5776941  13.6600403  35.5777058  13.6600352   -0.0411    0.0183    0.0382 15 12 53.00    10.00 
  2020 11 15.634468  2 22 18.6427 +13 39 36.108  35.5776779  13.6600301  35.5776868  13.6600239   -0.0311    0.0223    0.0542 15 13 38.00    10.00 
  2020 11 15.634988  2 22 18.6329 +13 39 36.076  35.5776371  13.6600211  35.5776678  13.6600126   -0.1075    0.0308    0.0418 15 14 23.00    10.00 
  2020 11 15.635509  2 22 18.6323 +13 39 36.037  35.5776348  13.6600102  35.5776488  13.6600013   -0.0490    0.0321    0.0254 15 15  8.00    10.00 
  2020 11 15.636030  2 22 18.6316 +13 39 35.901  35.5776318  13.6599725  35.5776298  13.6599899    0.0071   -0.0629    0.0384 15 15 53.00    10.00 
  2020 11 15.636551  2 22 18.6274 +13 39 35.871  35.5776141  13.6599642  35.5776108  13.6599786    0.0117   -0.0519    0.0436 15 16 38.00    10.00 
  2020 11 15.637072  2 22 18.6213 +13 39 35.880  35.5775889  13.6599667  35.5775918  13.6599673   -0.0101   -0.0022    0.0286 15 17 23.00    10.00 
  2020 11 15.637593  2 22 18.6164 +13 39 35.869  35.5775683  13.6599635  35.5775728  13.6599560   -0.0154    0.0272    0.0811 15 18  8.00    10.00 
  2020 11 15.638113  2 22 18.6119 +13 39 35.799  35.5775495  13.6599442  35.5775538  13.6599447   -0.0148   -0.0018    0.0270 15 18 53.00    10.00 
  2020 11 15.638634  2 22 18.6084 +13 39 35.757  35.5775352  13.6599324  35.5775348  13.6599333    0.0014   -0.0032    0.0424 15 19 38.00    10.00 
  2020 11 15.639155  2 22 18.6020 +13 39 35.728  35.5775084  13.6599244  35.5775158  13.6599220   -0.0259    0.0084    0.0293 15 20 23.00    10.00 
  2020 11 15.639676  2 22 18.6005 +13 39 35.606  35.5775021  13.6598907  35.5774968  13.6599107    0.0186   -0.0721    0.0454 15 21  8.00    10.00 
  2020 11 15.640185  2 22 18.5987 +13 39 35.557  35.5774947  13.6598769  35.5774783  13.6598996    0.0574   -0.0820    0.1438 15 21 52.00    10.00 
  2020 11 15.640706  2 22 18.5871 +13 39 35.624  35.5774461  13.6598956  35.5774593  13.6598883   -0.0461    0.0261    0.0414 15 22 37.00    10.00 
  2020 11 15.641227  2 22 18.5835 +13 39 35.608  35.5774314  13.6598912  35.5774403  13.6598770   -0.0312    0.0511    0.0383 15 23 22.00    10.00 
  2020 11 15.641748  2 22 18.5817 +13 39 35.485  35.5774237  13.6598571  35.5774214  13.6598657    0.0081   -0.0312    0.0910 15 24  7.00    10.00 
  2020 11 15.642269  2 22 18.5753 +13 39 35.482  35.5773969  13.6598561  35.5774024  13.6598544   -0.0193    0.0061    0.0609 15 24 52.00    10.00 
  2020 11 15.642789  2 22 18.5627 +13 39 35.554  35.5773444  13.6598762  35.5773835  13.6598431   -0.1367    0.1191    0.1205 15 25 37.00    10.00 
  2020 11 15.646435  2 22 18.5372 +13 39 35.124  35.5772383  13.6597567  35.5772510  13.6597640   -0.0445   -0.0263    0.0458 15 30 52.00    10.00 
  2020 11 15.646956  2 22 18.5301 +13 39 35.126  35.5772088  13.6597572  35.5772321  13.6597527   -0.0815    0.0163    0.1248 15 31 37.00    10.00 
  2020 11 15.647477  2 22 18.5357 +13 39 34.993  35.5772319  13.6597202  35.5772132  13.6597414    0.0655   -0.0766    0.2399 15 32 22.00    10.00 
  2020 11 15.649039  2 22 18.5197 +13 39 34.899  35.5771655  13.6596941  35.5771565  13.6597076    0.0316   -0.0485    0.1245 15 34 37.00    10.00 
  2020 11 15.649560  2 22 18.5137 +13 39 34.884  35.5771406  13.6596900  35.5771376  13.6596963    0.0104   -0.0228    0.0681 15 35 22.00    10.00 
  2020 11 15.650081  2 22 18.5078 +13 39 34.829  35.5771159  13.6596748  35.5771187  13.6596850   -0.0097   -0.0366    0.0212 15 36  7.00    10.00 
  2020 11 15.650602  2 22 18.5050 +13 39 34.761  35.5771043  13.6596558  35.5770998  13.6596737    0.0157   -0.0646    0.1408 15 36 52.00    10.00 
  2020 11 15.658403  2 22 18.4335 +13 39 34.204  35.5768063  13.6595010  35.5768177  13.6595050   -0.0397   -0.0144    0.0288 15 48  6.00    10.00 
  2020 11 15.658924  2 22 18.4308 +13 39 34.154  35.5767951  13.6594872  35.5767989  13.6594937   -0.0133   -0.0236    0.0265 15 48 51.00    10.00 
  2020 11 16.627234  2 22 10.9396 +13 38 49.851  35.5455818  13.6471809  35.5456041  13.6471916   -0.0781   -0.0385    0.0365 15  3 13.00    10.00 
  2020 11 16.627755  2 22 10.9385 +13 38 49.823  35.5455772  13.6471729  35.5455852  13.6471898   -0.0280   -0.0605    0.0230 15  3 58.00    10.00 
  2020 11 16.628275  2 22 10.9353 +13 38 49.850  35.5455635  13.6471805  35.5455663  13.6471880   -0.0096   -0.0268    0.0249 15  4 43.00    10.00 
  2020 11 16.628796  2 22 10.9291 +13 38 49.859  35.5455378  13.6471830  35.5455474  13.6471862   -0.0334   -0.0114    0.0240 15  5 28.00    10.00 
  2020 11 16.629838  2 22 10.9202 +13 38 49.852  35.5455010  13.6471811  35.5455095  13.6471826   -0.0297   -0.0054    0.0317 15  6 58.00    10.00 
  2020 11 16.630359  2 22 10.9163 +13 38 49.823  35.5454847  13.6471732  35.5454906  13.6471808   -0.0205   -0.0274    0.0180 15  7 43.00    10.00 
  2020 11 16.630880  2 22 10.9115 +13 38 49.791  35.5454645  13.6471641  35.5454717  13.6471790   -0.0249   -0.0535    0.0249 15  8 28.00    10.00 
  2020 11 16.631400  2 22 10.9076 +13 38 49.784  35.5454483  13.6471623  35.5454527  13.6471772   -0.0155   -0.0536    0.0299 15  9 13.00    10.00 
  2020 11 16.631921  2 22 10.9040 +13 38 49.835  35.5454334  13.6471765  35.5454338  13.6471754   -0.0015    0.0038    0.0370 15  9 58.00    10.00 
  2020 11 16.632442  2 22 10.9002 +13 38 49.786  35.5454175  13.6471627  35.5454149  13.6471736    0.0091   -0.0394    0.0291 15 10 43.00    10.00 
  2020 11 16.632963  2 22 10.8927 +13 38 49.771  35.5453864  13.6471586  35.5453959  13.6471719   -0.0332   -0.0477    0.0395 15 11 28.00    10.00 
  2020 11 16.633484  2 22 10.8902 +13 38 49.793  35.5453758  13.6471648  35.5453769  13.6471701   -0.0040   -0.0189    0.0284 15 12 13.00    10.00 
  2020 11 16.634005  2 22 10.8833 +13 38 49.773  35.5453472  13.6471591  35.5453580  13.6471683   -0.0378   -0.0331    0.0457 15 12 58.00    10.00 
  2020 11 16.634525  2 22 10.8824 +13 38 49.749  35.5453434  13.6471524  35.5453390  13.6471665    0.0153   -0.0508    0.0279 15 13 43.00    10.00 
  2020 11 16.635046  2 22 10.8757 +13 38 49.748  35.5453154  13.6471522  35.5453200  13.6471648   -0.0161   -0.0453    0.0239 15 14 28.00    10.00 
  2020 11 16.635567  2 22 10.8710 +13 38 49.738  35.5452958  13.6471496  35.5453011  13.6471630   -0.0186   -0.0484    0.0522 15 15 13.00    10.00 
  2020 11 16.636088  2 22 10.8643 +13 38 49.759  35.5452681  13.6471554  35.5452821  13.6471612   -0.0490   -0.0211    0.0759 15 15 58.00    10.00 
  2020 11 16.636609  2 22 10.8602 +13 38 49.785  35.5452509  13.6471626  35.5452631  13.6471595   -0.0427    0.0112    0.0429 15 16 43.00    10.00 
  2020 11 16.637118  2 22 10.8606 +13 38 49.674  35.5452527  13.6471317  35.5452445  13.6471577    0.0285   -0.0939    0.0677 15 17 27.00    10.00 
  2020 11 16.637639  2 22 10.8532 +13 38 49.684  35.5452218  13.6471344  35.5452255  13.6471560   -0.0130   -0.0776    0.0718 15 18 12.00    10.00 
  2020 11 16.638160  2 22 10.8484 +13 38 49.756  35.5452016  13.6471544  35.5452065  13.6471542   -0.0172    0.0005    0.1041 15 18 57.00    10.00 
  2020 11 16.638681  2 22 10.8442 +13 38 49.714  35.5451843  13.6471427  35.5451875  13.6471525   -0.0114   -0.0351    0.0940 15 19 42.00    10.00 
  2020 11 16.639201  2 22 10.8418 +13 38 49.704  35.5451743  13.6471400  35.5451685  13.6471507    0.0204   -0.0386    0.0537 15 20 27.00    10.00 
  2020 11 16.639722  2 22 10.8333 +13 38 49.696  35.5451387  13.6471379  35.5451495  13.6471490   -0.0379   -0.0399    0.0290 15 21 12.00    10.00 
  2020 11 16.640243  2 22 10.8300 +13 38 49.682  35.5451251  13.6471338  35.5451305  13.6471472   -0.0187   -0.0481    0.0406 15 21 57.00    10.00 
  2020 11 16.640764  2 22 10.8236 +13 38 49.696  35.5450982  13.6471377  35.5451115  13.6471455   -0.0465   -0.0279    0.0357 15 22 42.00    10.00 
  2020 11 16.641285  2 22 10.8226 +13 38 49.663  35.5450944  13.6471285  35.5450924  13.6471437    0.0067   -0.0546    0.0375 15 23 27.00    10.00 
  2020 11 16.641806  2 22 10.8143 +13 38 49.730  35.5450594  13.6471472  35.5450734  13.6471420   -0.0488    0.0189    0.0412 15 24 12.00    10.00 
  2020 11 16.642326  2 22 10.8109 +13 38 49.698  35.5450453  13.6471382  35.5450544  13.6471402   -0.0317   -0.0072    0.0312 15 24 57.00    10.00 
  2020 11 16.642847  2 22 10.8093 +13 38 49.639  35.5450387  13.6471218  35.5450353  13.6471385    0.0118   -0.0600    0.0293 15 25 42.00    10.00 
  2020 11 16.643368  2 22 10.8054 +13 38 49.631  35.5450226  13.6471197  35.5450163  13.6471368    0.0221   -0.0615    0.0391 15 26 27.00    10.00 
  2020 11 16.643889  2 22 10.7988 +13 38 49.669  35.5449951  13.6471302  35.5449972  13.6471350   -0.0073   -0.0175    0.0280 15 27 12.00    10.00 
  2020 11 16.644410  2 22 10.7939 +13 38 49.660  35.5449744  13.6471278  35.5449781  13.6471333   -0.0131   -0.0197    0.0260 15 27 57.00    10.00 
  2020 11 16.644931  2 22 10.7879 +13 38 49.665  35.5449495  13.6471291  35.5449591  13.6471316   -0.0335   -0.0089    0.0297 15 28 42.00    10.00 
  2020 11 16.645451  2 22 10.7826 +13 38 49.646  35.5449276  13.6471240  35.5449400  13.6471298   -0.0435   -0.0211    0.0174 15 29 27.00    10.00 
  2020 11 16.645961  2 22 10.7795 +13 38 49.627  35.5449146  13.6471187  35.5449214  13.6471281   -0.0236   -0.0338    0.0251 15 30 11.00    10.00 
  2020 11 16.646481  2 22 10.7718 +13 38 49.665  35.5448824  13.6471291  35.5449023  13.6471264   -0.0695    0.0098    0.0264 15 30 56.00    10.00 
  2020 11 16.647002  2 22 10.7717 +13 38 49.652  35.5448820  13.6471256  35.5448832  13.6471247   -0.0043    0.0034    0.0278 15 31 41.00    10.00 
  2020 11 16.647523  2 22 10.7644 +13 38 49.640  35.5448518  13.6471222  35.5448641  13.6471230   -0.0430   -0.0029    0.0264 15 32 26.00    10.00 
  2020 11 16.648044  2 22 10.7620 +13 38 49.606  35.5448415  13.6471128  35.5448450  13.6471212   -0.0123   -0.0304    0.0378 15 33 11.00    10.00 
  2020 11 16.648565  2 22 10.7583 +13 38 49.565  35.5448263  13.6471014  35.5448259  13.6471195    0.0014   -0.0652    0.0432 15 33 56.00    10.00 
  2020 11 16.649086  2 22 10.7505 +13 38 49.584  35.5447939  13.6471068  35.5448068  13.6471178   -0.0452   -0.0398    0.0221 15 34 41.00    10.00 
  2020 11 16.649606  2 22 10.7464 +13 38 49.586  35.5447766  13.6471073  35.5447877  13.6471161   -0.0388   -0.0317    0.0363 15 35 26.00    10.00 
  2020 11 16.650127  2 22 10.7430 +13 38 49.570  35.5447625  13.6471027  35.5447686  13.6471144   -0.0212   -0.0419    0.0386 15 36 11.00    10.00 
  2020 11 16.650648  2 22 10.7361 +13 38 49.573  35.5447339  13.6471037  35.5447495  13.6471127   -0.0543   -0.0322    0.0354 15 36 56.00    10.00 
  2020 11 16.651169  2 22 10.7318 +13 38 49.558  35.5447157  13.6470993  35.5447303  13.6471110   -0.0511   -0.0419    0.0242 15 37 41.00    10.00 
  2020 11 16.651690  2 22 10.7285 +13 38 49.581  35.5447022  13.6471058  35.5447112  13.6471093   -0.0315   -0.0126    0.0532 15 38 26.00    10.00 
  2020 11 16.652211  2 22 10.7246 +13 38 49.545  35.5446859  13.6470957  35.5446921  13.6471076   -0.0215   -0.0427    0.0292 15 39 11.00    10.00 
  2020 11 16.652731  2 22 10.7225 +13 38 49.556  35.5446771  13.6470988  35.5446729  13.6471059    0.0146   -0.0252    0.0414 15 39 56.00    10.00 
  2020 11 16.653252  2 22 10.7158 +13 38 49.562  35.5446494  13.6471005  35.5446538  13.6471042   -0.0155   -0.0130    0.0262 15 40 41.00    10.00 
  2020 11 16.653773  2 22 10.7101 +13 38 49.589  35.5446255  13.6471082  35.5446346  13.6471025   -0.0320    0.0206    0.0397 15 41 26.00    10.00 
  2020 11 16.654294  2 22 10.7059 +13 38 49.550  35.5446078  13.6470974  35.5446155  13.6471008   -0.0268   -0.0123    0.0398 15 42 11.00    10.00 
  2020 11 16.654815  2 22 10.7007 +13 38 49.506  35.5445863  13.6470851  35.5445963  13.6470991   -0.0349   -0.0504    0.0300 15 42 56.00    10.00 
  2020 11 16.655324  2 22 10.6987 +13 38 49.501  35.5445779  13.6470837  35.5445776  13.6470974    0.0009   -0.0492    0.0213 15 43 40.00    10.00 
  2020 11 16.655845  2 22 10.6937 +13 38 49.488  35.5445571  13.6470799  35.5445584  13.6470957   -0.0046   -0.0570    0.0253 15 44 25.00    10.00 
  2020 11 16.656366  2 22 10.6883 +13 38 49.496  35.5445346  13.6470823  35.5445392  13.6470940   -0.0161   -0.0422    0.0369 15 45 10.00    10.00 
  2020 11 16.656887  2 22 10.6836 +13 38 49.500  35.5445148  13.6470833  35.5445201  13.6470923   -0.0183   -0.0325    0.0372 15 45 55.00    10.00 
  2020 11 16.657407  2 22 10.6818 +13 38 49.491  35.5445073  13.6470808  35.5445009  13.6470907    0.0225   -0.0354    0.0482 15 46 40.00    10.00 
  2020 11 16.657928  2 22 10.6752 +13 38 49.486  35.5444800  13.6470796  35.5444817  13.6470890   -0.0059   -0.0339    0.0174 15 47 25.00    10.00 
  2020 11 16.658449  2 22 10.6710 +13 38 49.455  35.5444625  13.6470707  35.5444625  13.6470873   -0.0000   -0.0598    0.0309 15 48 10.00    10.00 
  2020 11 16.658970  2 22 10.6657 +13 38 49.497  35.5444402  13.6470825  35.5444433  13.6470856   -0.0107   -0.0113    0.0336 15 48 55.00    10.00 
  2020 11 16.659491  2 22 10.6618 +13 38 49.481  35.5444240  13.6470779  35.5444241  13.6470839   -0.0003   -0.0216    0.0280 15 49 40.00    10.00 
  2020 11 16.660012  2 22 10.6550 +13 38 49.473  35.5443959  13.6470757  35.5444049  13.6470823   -0.0315   -0.0236    0.0293 15 50 25.00    10.00 
  2020 11 16.660532  2 22 10.6513 +13 38 49.499  35.5443805  13.6470830  35.5443857  13.6470806   -0.0180    0.0088    0.0615 15 51 10.00    10.00 
  2020 11 16.661053  2 22 10.6472 +13 38 49.436  35.5443633  13.6470655  35.5443664  13.6470789   -0.0108   -0.0482    0.0320 15 51 55.00    10.00 
  2020 11 16.661574  2 22 10.6423 +13 38 49.420  35.5443430  13.6470612  35.5443472  13.6470772   -0.0148   -0.0579    0.0402 15 52 40.00    10.00 
  2020 11 16.662083  2 22 10.6369 +13 38 49.454  35.5443206  13.6470704  35.5443284  13.6470756   -0.0273   -0.0187    0.0542 15 53 24.00    10.00 
  2020 11 16.662604  2 22 10.6333 +13 38 49.434  35.5443053  13.6470650  35.5443092  13.6470739   -0.0137   -0.0323    0.0290 15 54  9.00    10.00 
  2020 11 16.663125  2 22 10.6276 +13 38 49.443  35.5442818  13.6470674  35.5442899  13.6470723   -0.0284   -0.0177    0.0649 15 54 54.00    10.00 
  2020 11 16.663646  2 22 10.6240 +13 38 49.431  35.5442669  13.6470643  35.5442707  13.6470706   -0.0134   -0.0229    0.0402 15 55 39.00    10.00 
  2020 11 16.664167  2 22 10.6186 +13 38 49.418  35.5442443  13.6470606  35.5442515  13.6470690   -0.0251   -0.0301    0.0322 15 56 24.00    10.00 
  2020 11 16.664687  2 22 10.6144 +13 38 49.440  35.5442268  13.6470667  35.5442322  13.6470673   -0.0190   -0.0020    0.0246 15 57  9.00    10.00 
  2020 11 16.665208  2 22 10.6098 +13 38 49.450  35.5442076  13.6470694  35.5442129  13.6470656   -0.0186    0.0137    0.0518 15 57 54.00    10.00 
  2020 11 16.665729  2 22 10.6064 +13 38 49.415  35.5441932  13.6470598  35.5441937  13.6470640   -0.0018   -0.0150    0.0217 15 58 39.00    10.00 
  2020 11 16.666250  2 22 10.6011 +13 38 49.365  35.5441714  13.6470459  35.5441744  13.6470623   -0.0106   -0.0592    0.0306 15 59 24.00    10.00 
  2020 11 16.666771  2 22 10.5977 +13 38 49.381  35.5441572  13.6470502  35.5441551  13.6470607    0.0071   -0.0377    0.0278 16  0  9.00    10.00 
  2020 11 16.667292  2 22 10.5917 +13 38 49.397  35.5441321  13.6470547  35.5441359  13.6470590   -0.0131   -0.0156    0.0205 16  0 54.00    10.00 
  2020 11 16.667813  2 22 10.5838 +13 38 49.361  35.5440990  13.6470447  35.5441166  13.6470574   -0.0615   -0.0455    0.0335 16  1 39.00    10.00 
  2020 11 16.668333  2 22 10.5856 +13 38 49.318  35.5441066  13.6470329  35.5440973  13.6470557    0.0325   -0.0821    0.0419 16  2 24.00    10.00 
  2020 11 16.668854  2 22 10.5779 +13 38 49.377  35.5440745  13.6470491  35.5440780  13.6470541   -0.0122   -0.0178    0.0308 16  3  9.00    10.00 
  2020 11 16.669375  2 22 10.5735 +13 38 49.334  35.5440561  13.6470372  35.5440587  13.6470524   -0.0092   -0.0549    0.0321 16  3 54.00    10.00 
  2020 11 16.669896  2 22 10.5710 +13 38 49.309  35.5440458  13.6470303  35.5440394  13.6470508    0.0225   -0.0736    0.0309 16  4 39.00    10.00 
  2020 11 16.670417  2 22 10.5652 +13 38 49.326  35.5440218  13.6470349  35.5440201  13.6470491    0.0059   -0.0513    0.0420 16  5 24.00    10.00 
  2020 11 16.670938  2 22 10.5593 +13 38 49.290  35.5439971  13.6470249  35.5440008  13.6470475   -0.0128   -0.0813    0.0343 16  6  9.00    10.00 
  2020 11 16.671458  2 22 10.5564 +13 38 49.289  35.5439849  13.6470247  35.5439815  13.6470459    0.0118   -0.0760    0.0304 16  6 54.00    10.00 
  2020 11 16.671979  2 22 10.5482 +13 38 49.332  35.5439509  13.6470368  35.5439622  13.6470442   -0.0395   -0.0268    0.0361 16  7 39.00    10.00 
  2020 11 16.672500  2 22 10.5461 +13 38 49.287  35.5439422  13.6470241  35.5439428  13.6470426   -0.0021   -0.0666    0.0429 16  8 24.00    10.00 
  2020 11 16.673021  2 22 10.5386 +13 38 49.325  35.5439109  13.6470346  35.5439235  13.6470409   -0.0441   -0.0228    0.0396 16  9  9.00    10.00 
  2020 11 16.673542  2 22 10.5375 +13 38 49.287  35.5439062  13.6470241  35.5439042  13.6470393    0.0072   -0.0549    0.0309 16  9 54.00    10.00 
  2020 11 16.674051  2 22 10.5305 +13 38 49.307  35.5438773  13.6470298  35.5438853  13.6470377   -0.0280   -0.0283    0.0259 16 10 38.00    10.00 
  2020 11 16.674572  2 22 10.5249 +13 38 49.326  35.5438538  13.6470351  35.5438659  13.6470361   -0.0423   -0.0036    0.0282 16 11 23.00    10.00 
  2020 11 16.675093  2 22 10.5210 +13 38 49.285  35.5438376  13.6470237  35.5438466  13.6470345   -0.0314   -0.0387    0.0555 16 12  8.00    10.00 
  2020 11 16.675613  2 22 10.5198 +13 38 49.265  35.5438324  13.6470180  35.5438272  13.6470328    0.0182   -0.0532    0.0357 16 12 53.00    10.00 
  2020 11 16.676134  2 22 10.5139 +13 38 49.261  35.5438081  13.6470168  35.5438078  13.6470312    0.0009   -0.0517    0.0280 16 13 38.00    10.00 
  2020 11 16.676655  2 22 10.5093 +13 38 49.291  35.5437888  13.6470254  35.5437885  13.6470296    0.0010   -0.0152    0.0260 16 14 23.00    10.00 
  2020 11 16.677176  2 22 10.5040 +13 38 49.227  35.5437668  13.6470075  35.5437691  13.6470280   -0.0082   -0.0737    0.0385 16 15  8.00    10.00 
  2020 11 16.677697  2 22 10.5005 +13 38 49.240  35.5437519  13.6470112  35.5437497  13.6470263    0.0076   -0.0545    0.0415 16 15 53.00    10.00 
  2020 11 16.678218  2 22 10.4954 +13 38 49.276  35.5437308  13.6470211  35.5437304  13.6470247    0.0016   -0.0132    0.0441 16 16 38.00    10.00 
  2020 11 16.678738  2 22 10.4909 +13 38 49.247  35.5437119  13.6470132  35.5437110  13.6470231    0.0033   -0.0358    0.0308 16 17 23.00    10.00 
  2020 11 16.679259  2 22 10.4837 +13 38 49.189  35.5436820  13.6469969  35.5436916  13.6470215   -0.0337   -0.0885    0.0409 16 18  8.00    10.00 
  2020 11 16.679780  2 22 10.4805 +13 38 49.220  35.5436686  13.6470055  35.5436722  13.6470199   -0.0127   -0.0519    0.0437 16 18 53.00    10.00 
  2020 11 16.680301  2 22 10.4753 +13 38 49.229  35.5436470  13.6470081  35.5436528  13.6470183   -0.0204   -0.0365    0.0205 16 19 38.00    10.00 
  2020 11 16.680822  2 22 10.4723 +13 38 49.249  35.5436345  13.6470137  35.5436334  13.6470167    0.0038   -0.0105    0.0351 16 20 23.00    10.00 
  2020 11 16.681331  2 22 10.4674 +13 38 49.215  35.5436143  13.6470043  35.5436144  13.6470151   -0.0004   -0.0388    0.0324 16 21  7.00    10.00 
  2020 11 16.681852  2 22 10.4594 +13 38 49.207  35.5435807  13.6470018  35.5435950  13.6470135   -0.0500   -0.0419    0.0252 16 21 52.00    10.00 
  2020 11 16.682373  2 22 10.4573 +13 38 49.208  35.5435721  13.6470023  35.5435756  13.6470119   -0.0122   -0.0345    0.0342 16 22 37.00    10.00 
  2020 11 16.682894  2 22 10.4499 +13 38 49.215  35.5435413  13.6470041  35.5435562  13.6470103   -0.0519   -0.0221    0.0193 16 23 22.00    10.00 
  2020 11 16.683414  2 22 10.4478 +13 38 49.234  35.5435324  13.6470094  35.5435367  13.6470087   -0.0150    0.0029    0.0330 16 24  7.00    10.00 
  2020 11 16.683935  2 22 10.4430 +13 38 49.186  35.5435126  13.6469962  35.5435173  13.6470071   -0.0164   -0.0390    0.0324 16 24 52.00    10.00 
  2020 11 16.684456  2 22 10.4385 +13 38 49.209  35.5434936  13.6470026  35.5434979  13.6470054   -0.0151   -0.0102    0.0465 16 25 37.00    10.00 
  2020 11 16.684977  2 22 10.4333 +13 38 49.225  35.5434721  13.6470069  35.5434784  13.6470039   -0.0222    0.0110    0.0254 16 26 22.00    10.00 
  2020 11 16.685498  2 22 10.4275 +13 38 49.193  35.5434478  13.6469981  35.5434590  13.6470023   -0.0390   -0.0149    0.0272 16 27  7.00    10.00 
  2020 11 16.686019  2 22 10.4238 +13 38 49.177  35.5434327  13.6469936  35.5434395  13.6470007   -0.0241   -0.0255    0.0377 16 27 52.00    10.00 
  2020 11 16.686539  2 22 10.4212 +13 38 49.157  35.5434218  13.6469880  35.5434201  13.6469991    0.0058   -0.0397    0.0307 16 28 37.00    10.00 
  2020 11 16.687060  2 22 10.4159 +13 38 49.143  35.5433996  13.6469843  35.5434006  13.6469975   -0.0036   -0.0475    0.0245 16 29 22.00    10.00 
  2020 11 16.687581  2 22 10.4111 +13 38 49.145  35.5433794  13.6469846  35.5433812  13.6469959   -0.0062   -0.0405    0.0149 16 30  7.00    10.00 
  2020 11 16.688090  2 22 10.4041 +13 38 49.154  35.5433502  13.6469871  35.5433621  13.6469943   -0.0416   -0.0259    0.0238 16 30 51.00    10.00 
  2020 11 16.688611  2 22 10.4006 +13 38 49.162  35.5433356  13.6469895  35.5433426  13.6469927   -0.0246   -0.0118    0.0359 16 31 36.00    10.00 
  2020 11 16.689132  2 22 10.3970 +13 38 49.108  35.5433210  13.6469743  35.5433232  13.6469911   -0.0076   -0.0605    0.0319 16 32 21.00    10.00 
  2020 11 16.689653  2 22 10.3924 +13 38 49.139  35.5433017  13.6469831  35.5433037  13.6469895   -0.0071   -0.0230    0.0282 16 33  6.00    10.00 
  2020 11 16.690174  2 22 10.3872 +13 38 49.175  35.5432801  13.6469931  35.5432842  13.6469880   -0.0144    0.0186    0.0486 16 33 51.00    10.00 
  2020 11 16.690694  2 22 10.3805 +13 38 49.107  35.5432520  13.6469743  35.5432647  13.6469864   -0.0444   -0.0435    0.0246 16 34 36.00    10.00 
  2020 11 16.691215  2 22 10.3800 +13 38 49.086  35.5432499  13.6469683  35.5432452  13.6469848    0.0163   -0.0593    0.0384 16 35 21.00    10.00 
  2020 11 16.691736  2 22 10.3715 +13 38 49.113  35.5432146  13.6469757  35.5432257  13.6469832   -0.0388   -0.0269    0.0350 16 36  6.00    10.00 
  2020 11 16.692257  2 22 10.3670 +13 38 49.108  35.5431957  13.6469746  35.5432062  13.6469816   -0.0367   -0.0254    0.0366 16 36 51.00    10.00 
  2020 11 16.692778  2 22 10.3641 +13 38 49.081  35.5431836  13.6469669  35.5431867  13.6469800   -0.0109   -0.0474    0.0307 16 37 36.00    10.00 
  2020 11 16.693299  2 22 10.3567 +13 38 49.062  35.5431529  13.6469616  35.5431672  13.6469785   -0.0501   -0.0607    0.0195 16 38 21.00    10.00 
  2020 11 16.693819  2 22 10.3543 +13 38 49.092  35.5431430  13.6469701  35.5431476  13.6469769   -0.0163   -0.0246    0.0161 16 39  6.00    10.00 
  2020 11 16.694329  2 22 10.3507 +13 38 49.041  35.5431278  13.6469558  35.5431286  13.6469754   -0.0026   -0.0705    0.0238 16 39 50.00    10.00 
  2020 11 16.694850  2 22 10.3469 +13 38 49.073  35.5431122  13.6469646  35.5431090  13.6469738    0.0111   -0.0330    0.0216 16 40 35.00    10.00 
  2020 11 16.695370  2 22 10.3398 +13 38 49.064  35.5430823  13.6469623  35.5430895  13.6469722   -0.0251   -0.0358    0.0208 16 41 20.00    10.00 
  2020 11 16.695891  2 22 10.3362 +13 38 49.033  35.5430674  13.6469536  35.5430699  13.6469706   -0.0091   -0.0612    0.0299 16 42  5.00    10.00 
  2020 11 16.696412  2 22 10.3320 +13 38 49.042  35.5430500  13.6469562  35.5430504  13.6469691   -0.0015   -0.0464    0.0240 16 42 50.00    10.00 
  2020 11 16.696933  2 22 10.3257 +13 38 49.052  35.5430238  13.6469589  35.5430309  13.6469675   -0.0248   -0.0308    0.0236 16 43 35.00    10.00 
  2020 11 16.697454  2 22 10.3217 +13 38 49.007  35.5430070  13.6469463  35.5430113  13.6469659   -0.0151   -0.0706    0.0296 16 44 20.00    10.00 
  2020 11 16.697975  2 22 10.3145 +13 38 49.020  35.5429770  13.6469499  35.5429917  13.6469644   -0.0515   -0.0519    0.0247 16 45  5.00    10.00 
  2020 11 16.698495  2 22 10.3115 +13 38 49.002  35.5429647  13.6469451  35.5429722  13.6469628   -0.0260   -0.0635    0.0319 16 45 50.00    10.00 
  2020 11 16.699016  2 22 10.3046 +13 38 49.034  35.5429359  13.6469540  35.5429526  13.6469612   -0.0586   -0.0260    0.0372 16 46 35.00    10.00 
  2020 11 16.699537  2 22 10.3025 +13 38 49.005  35.5429271  13.6469457  35.5429330  13.6469597   -0.0206   -0.0502    0.0377 16 47 20.00    10.00 
  2020 11 16.700058  2 22 10.2978 +13 38 48.986  35.5429073  13.6469406  35.5429135  13.6469581   -0.0215   -0.0628    0.0796 16 48  5.00    10.00 
  2020 11 16.701100  2 22 10.2919 +13 38 48.958  35.5428830  13.6469327  35.5428743  13.6469550    0.0304   -0.0801    0.0903 16 49 35.00    10.00 
  2020 11 16.701620  2 22 10.2848 +13 38 49.057  35.5428532  13.6469603  35.5428547  13.6469534   -0.0054    0.0247    0.0332 16 50 20.00    10.00 
  2020 11 16.702141  2 22 10.2794 +13 38 48.990  35.5428307  13.6469417  35.5428351  13.6469519   -0.0155   -0.0365    0.0514 16 51  5.00    10.00 
  2020 11 16.702662  2 22 10.2753 +13 38 48.993  35.5428137  13.6469424  35.5428155  13.6469503   -0.0064   -0.0283    0.0363 16 51 50.00    10.00 
  2020 11 16.703183  2 22 10.2693 +13 38 48.996  35.5427888  13.6469435  35.5427959  13.6469487   -0.0248   -0.0190    0.0598 16 52 35.00    10.00 
  2020 11 16.703704  2 22 10.2676 +13 38 48.949  35.5427818  13.6469303  35.5427763  13.6469472    0.0194   -0.0607    0.0724 16 53 20.00    10.00 
  2020 11 16.704213  2 22 10.2574 +13 38 48.959  35.5427393  13.6469330  35.5427571  13.6469457   -0.0621   -0.0455    0.0555 16 54  4.00    10.00 
  2020 11 16.704734  2 22 10.2570 +13 38 48.996  35.5427374  13.6469433  35.5427375  13.6469441   -0.0002   -0.0029    0.0963 16 54 49.00    10.00 
  2020 11 16.705255  2 22 10.2494 +13 38 48.940  35.5427058  13.6469277  35.5427179  13.6469426   -0.0423   -0.0534    0.0485 16 55 34.00    10.00 
  2020 11 16.705775  2 22 10.2453 +13 38 48.960  35.5426889  13.6469334  35.5426982  13.6469410   -0.0326   -0.0274    0.1294 16 56 19.00    10.00 
  2020 11 16.706296  2 22 10.2427 +13 38 48.949  35.5426778  13.6469302  35.5426786  13.6469395   -0.0028   -0.0333    0.0305 16 57  4.00    10.00 
  2020 11 16.706817  2 22 10.2393 +13 38 48.909  35.5426637  13.6469191  35.5426590  13.6469379    0.0166   -0.0676    0.0359 16 57 49.00    10.00 
  2020 11 16.707338  2 22 10.2348 +13 38 48.930  35.5426448  13.6469251  35.5426393  13.6469364    0.0193   -0.0406    0.0277 16 58 34.00    10.00 
  2020 11 16.707859  2 22 10.2271 +13 38 48.952  35.5426128  13.6469312  35.5426197  13.6469348   -0.0241   -0.0132    0.0308 16 59 19.00    10.00 
  2020 11 16.708380  2 22 10.2219 +13 38 48.935  35.5425914  13.6469263  35.5426000  13.6469333   -0.0303   -0.0252    0.0168 17  0  4.00    10.00 
  2020 11 16.708900  2 22 10.2181 +13 38 48.944  35.5425753  13.6469289  35.5425804  13.6469317   -0.0178   -0.0103    0.0211 17  0 49.00    10.00 
  2020 11 16.709421  2 22 10.2136 +13 38 48.915  35.5425565  13.6469207  35.5425607  13.6469302   -0.0145   -0.0341    0.0222 17  1 34.00    10.00 
  2020 11 16.709942  2 22 10.2094 +13 38 48.918  35.5425393  13.6469215  35.5425410  13.6469286   -0.0060   -0.0256    0.0290 17  2 19.00    10.00 
  2020 11 16.710463  2 22 10.2031 +13 38 48.898  35.5425128  13.6469162  35.5425214  13.6469271   -0.0301   -0.0392    0.0246 17  3  4.00    10.00 
  2020 11 16.710984  2 22 10.1988 +13 38 48.905  35.5424949  13.6469182  35.5425017  13.6469256   -0.0236   -0.0266    0.0173 17  3 49.00    10.00 
  2020 11 16.711505  2 22 10.1944 +13 38 48.918  35.5424765  13.6469216  35.5424820  13.6469240   -0.0193   -0.0087    0.0306 17  4 34.00    10.00 
  2020 11 16.712025  2 22 10.1892 +13 38 48.893  35.5424549  13.6469147  35.5424623  13.6469225   -0.0261   -0.0279    0.0168 17  5 19.00    10.00 
  2020 11 16.712535  2 22 10.1859 +13 38 48.894  35.5424414  13.6469151  35.5424431  13.6469210   -0.0058   -0.0214    0.0278 17  6  3.00    10.00 
  2020 11 16.713056  2 22 10.1820 +13 38 48.876  35.5424249  13.6469099  35.5424234  13.6469194    0.0053   -0.0342    0.0269 17  6 48.00    10.00 
  2020 11 16.713576  2 22 10.1764 +13 38 48.912  35.5424017  13.6469201  35.5424037  13.6469179   -0.0068    0.0080    0.0282 17  7 33.00    10.00 
  2020 11 16.714097  2 22 10.1712 +13 38 48.856  35.5423800  13.6469044  35.5423840  13.6469164   -0.0140   -0.0432    0.0265 17  8 18.00    10.00 
  2020 11 16.714618  2 22 10.1665 +13 38 48.884  35.5423605  13.6469124  35.5423643  13.6469148   -0.0133   -0.0090    0.0156 17  9  3.00    10.00 
  2020 11 16.715139  2 22 10.1640 +13 38 48.879  35.5423498  13.6469109  35.5423446  13.6469133    0.0185   -0.0086    0.0212 17  9 48.00    10.00 
  2020 11 16.715660  2 22 10.1554 +13 38 48.872  35.5423142  13.6469088  35.5423248  13.6469118   -0.0373   -0.0106    0.0331 17 10 33.00    10.00 
  2020 11 16.716181  2 22 10.1520 +13 38 48.810  35.5423001  13.6468917  35.5423051  13.6469103   -0.0176   -0.0667    0.0483 17 11 18.00    10.00 
  2020 11 16.716701  2 22 10.1494 +13 38 48.819  35.5422894  13.6468941  35.5422854  13.6469087    0.0139   -0.0526    0.0324 17 12  3.00    10.00 
  2020 11 16.717222  2 22 10.1429 +13 38 48.857  35.5422619  13.6469048  35.5422657  13.6469072   -0.0132   -0.0087    0.0270 17 12 48.00    10.00 
  2020 11 16.717743  2 22 10.1371 +13 38 48.812  35.5422379  13.6468921  35.5422459  13.6469057   -0.0282   -0.0487    0.0240 17 13 33.00    10.00 
  2020 11 16.718264  2 22 10.1339 +13 38 48.842  35.5422244  13.6469006  35.5422262  13.6469041   -0.0062   -0.0128    0.0327 17 14 18.00    10.00 
  2020 11 16.718785  2 22 10.1292 +13 38 48.832  35.5422050  13.6468978  35.5422064  13.6469026   -0.0050   -0.0174    0.0167 17 15  3.00    10.00 
  2020 11 16.719306  2 22 10.1229 +13 38 48.789  35.5421786  13.6468859  35.5421867  13.6469011   -0.0283   -0.0545    0.0243 17 15 48.00    10.00 
  2020 11 16.719815  2 22 10.1193 +13 38 48.800  35.5421639  13.6468888  35.5421674  13.6468996   -0.0120   -0.0388    0.0348 17 16 32.00    10.00 
  2020 11 16.720336  2 22 10.1152 +13 38 48.778  35.5421469  13.6468829  35.5421476  13.6468981   -0.0027   -0.0547    0.0244 17 17 17.00    10.00 
  2020 11 16.720856  2 22 10.1112 +13 38 48.792  35.5421301  13.6468865  35.5421279  13.6468966    0.0077   -0.0360    0.0304 17 18  2.00    10.00 
  2020 11 16.721377  2 22 10.1046 +13 38 48.786  35.5421027  13.6468851  35.5421081  13.6468950   -0.0189   -0.0358    0.0345 17 18 47.00    10.00 
  2020 11 16.721898  2 22 10.0987 +13 38 48.810  35.5420778  13.6468916  35.5420883  13.6468935   -0.0368   -0.0069    0.0289 17 19 32.00    10.00 
  2020 11 16.722419  2 22 10.0980 +13 38 48.766  35.5420750  13.6468795  35.5420686  13.6468920    0.0224   -0.0448    0.0475 17 20 17.00    10.00 
  2020 11 16.722940  2 22 10.0911 +13 38 48.755  35.5420464  13.6468765  35.5420488  13.6468905   -0.0083   -0.0503    0.0348 17 21  2.00    10.00 
  2020 11 16.723461  2 22 10.0860 +13 38 48.764  35.5420249  13.6468789  35.5420290  13.6468890   -0.0143   -0.0363    0.0288 17 21 47.00    10.00 
  2020 11 16.723981  2 22 10.0815 +13 38 48.764  35.5420062  13.6468789  35.5420092  13.6468874   -0.0105   -0.0308    0.0258 17 22 32.00    10.00 
  2020 11 16.724502  2 22 10.0778 +13 38 48.746  35.5419908  13.6468738  35.5419894  13.6468859    0.0048   -0.0438    0.0374 17 23 17.00    10.00 
  2020 11 16.725023  2 22 10.0712 +13 38 48.773  35.5419635  13.6468814  35.5419696  13.6468844   -0.0213   -0.0108    0.0368 17 24  2.00    10.00 
  2020 11 16.725544  2 22 10.0664 +13 38 48.752  35.5419435  13.6468756  35.5419498  13.6468829   -0.0220   -0.0262    0.0432 17 24 47.00    10.00 
  2020 11 16.726065  2 22 10.0627 +13 38 48.753  35.5419277  13.6468757  35.5419300  13.6468814   -0.0079   -0.0203    0.0356 17 25 32.00    10.00 
  2020 11 16.726586  2 22 10.0573 +13 38 48.751  35.5419055  13.6468752  35.5419102  13.6468799   -0.0163   -0.0167    0.0293 17 26 17.00    10.00 
  2020 11 16.727106  2 22 10.0513 +13 38 48.707  35.5418805  13.6468632  35.5418904  13.6468783   -0.0344   -0.0545    0.0319 17 27  2.00    10.00 
  2020 11 16.727627  2 22 10.0507 +13 38 48.772  35.5418780  13.6468811  35.5418705  13.6468768    0.0262    0.0154    0.0360 17 27 47.00    10.00 
  2020 11 16.728657  2 22 10.0388 +13 38 48.696  35.5418285  13.6468600  35.5418313  13.6468738   -0.0100   -0.0499    0.0362 17 29 16.00    10.00 
  2020 11 16.729178  2 22 10.0339 +13 38 48.699  35.5418080  13.6468608  35.5418115  13.6468723   -0.0122   -0.0415    0.0222 17 30  1.00    10.00 
  2020 11 16.729699  2 22 10.0262 +13 38 48.753  35.5417757  13.6468758  35.5417917  13.6468708   -0.0558    0.0180    0.0382 17 30 46.00    10.00 
  2020 11 16.730220  2 22 10.0249 +13 38 48.720  35.5417704  13.6468666  35.5417718  13.6468693   -0.0050   -0.0097    0.0317 17 31 31.00    10.00 
  2020 11 16.730741  2 22 10.0190 +13 38 48.682  35.5417457  13.6468560  35.5417520  13.6468678   -0.0220   -0.0424    0.0338 17 32 16.00    10.00 
  2020 11 16.731262  2 22 10.0175 +13 38 48.688  35.5417394  13.6468578  35.5417321  13.6468663    0.0255   -0.0306    0.0342 17 33  1.00    10.00 
  2020 11 16.731782  2 22 10.0089 +13 38 48.706  35.5417037  13.6468628  35.5417123  13.6468648   -0.0299   -0.0071    0.0364 17 33 46.00    10.00 
  2020 11 16.732303  2 22 10.0059 +13 38 48.683  35.5416912  13.6468564  35.5416924  13.6468633   -0.0040   -0.0248    0.0335 17 34 31.00    10.00 
  2020 11 16.732824  2 22 10.0007 +13 38 48.685  35.5416697  13.6468570  35.5416725  13.6468618   -0.0099   -0.0172    0.0391 17 35 16.00    10.00 
  2020 11 16.733345  2 22  9.9985 +13 38 48.637  35.5416606  13.6468436  35.5416527  13.6468603    0.0277   -0.0601    0.0306 17 36  1.00    10.00 
  2020 11 16.733866  2 22  9.9891 +13 38 48.620  35.5416211  13.6468388  35.5416328  13.6468588   -0.0408   -0.0718    0.0633 17 36 46.00    10.00 
  2020 11 16.734387  2 22  9.9861 +13 38 48.683  35.5416087  13.6468563  35.5416129  13.6468573   -0.0149   -0.0036    0.0260 17 37 31.00    10.00 
  2020 11 16.734907  2 22  9.9816 +13 38 48.655  35.5415899  13.6468486  35.5415930  13.6468558   -0.0109   -0.0257    0.0347 17 38 16.00    10.00 
  2020 11 16.735428  2 22  9.9784 +13 38 48.652  35.5415765  13.6468479  35.5415731  13.6468543    0.0117   -0.0230    0.0309 17 39  1.00    10.00 
  2020 11 16.735937  2 22  9.9696 +13 38 48.657  35.5415398  13.6468493  35.5415537  13.6468528   -0.0485   -0.0127    0.0279 17 39 45.00    10.00 
  2020 11 16.736458  2 22  9.9681 +13 38 48.633  35.5415338  13.6468424  35.5415338  13.6468513    0.0002   -0.0320    0.0464 17 40 30.00    10.00 
  2020 11 16.736979  2 22  9.9624 +13 38 48.618  35.5415101  13.6468382  35.5415139  13.6468498   -0.0134   -0.0417    0.0461 17 41 15.00    10.00 
  2020 11 16.737500  2 22  9.9594 +13 38 48.580  35.5414976  13.6468278  35.5414940  13.6468483    0.0128   -0.0737    0.0324 17 42  0.00    10.00 
  2020 11 16.738021  2 22  9.9524 +13 38 48.631  35.5414683  13.6468419  35.5414741  13.6468468   -0.0202   -0.0177    0.0405 17 42 45.00    10.00 
  2020 11 16.738542  2 22  9.9485 +13 38 48.621  35.5414519  13.6468392  35.5414542  13.6468453   -0.0078   -0.0221    0.0440 17 43 30.00    10.00 
  2020 11 16.739062  2 22  9.9445 +13 38 48.645  35.5414353  13.6468459  35.5414342  13.6468438    0.0037    0.0077    0.0409 17 44 15.00    10.00 
  2020 11 16.739583  2 22  9.9373 +13 38 48.627  35.5414054  13.6468409  35.5414143  13.6468423   -0.0310   -0.0049    0.0429 17 45  0.00    10.00 
  2020 11 16.740104  2 22  9.9323 +13 38 48.631  35.5413848  13.6468418  35.5413944  13.6468408   -0.0336    0.0036    0.0521 17 45 45.00    10.00 
  2020 11 16.740625  2 22  9.9248 +13 38 48.592  35.5413532  13.6468310  35.5413744  13.6468393   -0.0745   -0.0300    0.0691 17 46 30.00    10.00 
  2020 11 16.741146  2 22  9.9259 +13 38 48.579  35.5413577  13.6468275  35.5413545  13.6468378    0.0112   -0.0372    0.0418 17 47 15.00    10.00 
  2020 11 16.741667  2 22  9.9201 +13 38 48.626  35.5413338  13.6468407  35.5413346  13.6468363   -0.0027    0.0157    0.0306 17 48  0.00    10.00 
  2020 11 16.742188  2 22  9.9130 +13 38 48.597  35.5413043  13.6468324  35.5413146  13.6468348   -0.0362   -0.0089    0.0455 17 48 45.00    10.00 
  2020 11 16.742708  2 22  9.9073 +13 38 48.568  35.5412805  13.6468243  35.5412947  13.6468333   -0.0497   -0.0324    0.0334 17 49 30.00    10.00 
  2020 11 16.743229  2 22  9.9060 +13 38 48.580  35.5412750  13.6468278  35.5412747  13.6468318    0.0009   -0.0147    0.0308 17 50 15.00    10.00 
  2020 11 16.743750  2 22  9.9010 +13 38 48.557  35.5412541  13.6468215  35.5412548  13.6468304   -0.0025   -0.0320    0.0307 17 51  0.00    10.00 
  2020 11 16.744271  2 22  9.8988 +13 38 48.560  35.5412451  13.6468223  35.5412348  13.6468289    0.0359   -0.0236    0.0376 17 51 45.00    10.00 
  2020 11 16.744792  2 22  9.8900 +13 38 48.560  35.5412084  13.6468222  35.5412148  13.6468274   -0.0224   -0.0186    0.0234 17 52 30.00    10.00 
  2020 11 16.745313  2 22  9.8837 +13 38 48.571  35.5411819  13.6468253  35.5411949  13.6468259   -0.0454   -0.0022    0.0361 17 53 15.00    10.00 
  2020 11 16.745822  2 22  9.8833 +13 38 48.524  35.5411804  13.6468123  35.5411753  13.6468244    0.0178   -0.0436    0.0548 17 53 59.00    10.00 
  2020 11 16.746343  2 22  9.8744 +13 38 48.560  35.5411434  13.6468223  35.5411553  13.6468229   -0.0417   -0.0021    0.0220 17 54 44.00    10.00 
  2020 11 16.746863  2 22  9.8735 +13 38 48.546  35.5411395  13.6468182  35.5411354  13.6468214    0.0143   -0.0116    0.0385 17 55 29.00    10.00 
  2020 11 16.747940  2 22  9.8626 +13 38 48.540  35.5410943  13.6468168  35.5410940  13.6468184    0.0011   -0.0056    0.0272 17 57  2.00    10.00 
  2020 11 16.748461  2 22  9.8575 +13 38 48.515  35.5410729  13.6468096  35.5410740  13.6468169   -0.0041   -0.0262    0.0372 17 57 47.00    10.00 
  2020 11 16.748981  2 22  9.8515 +13 38 48.503  35.5410477  13.6468065  35.5410540  13.6468154   -0.0221   -0.0321    0.0484 17 58 32.00    10.00 
  2020 11 16.749491  2 22  9.8465 +13 38 48.514  35.5410270  13.6468094  35.5410345  13.6468139   -0.0263   -0.0163    0.0298 17 59 16.00    10.00 
  2020 11 16.750012  2 22  9.8463 +13 38 48.488  35.5410263  13.6468023  35.5410145  13.6468124    0.0414   -0.0365    0.0437 18  0  1.00    10.00 
  2020 11 16.750532  2 22  9.8370 +13 38 48.509  35.5409877  13.6468079  35.5409944  13.6468110   -0.0237   -0.0109    0.0329 18  0 46.00    10.00 
  2020 11 16.751053  2 22  9.8312 +13 38 48.476  35.5409634  13.6467989  35.5409744  13.6468095   -0.0385   -0.0380    0.0415 18  1 31.00    10.00 
  2020 11 16.751574  2 22  9.8315 +13 38 48.485  35.5409644  13.6468015  35.5409544  13.6468080    0.0350   -0.0233    0.0290 18  2 16.00    10.00 
  2020 11 16.752095  2 22  9.8232 +13 38 48.503  35.5409301  13.6468065  35.5409344  13.6468065   -0.0149    0.0001    0.0261 18  3  1.00    10.00 
  2020 11 16.752616  2 22  9.8202 +13 38 48.476  35.5409173  13.6467989  35.5409143  13.6468050    0.0105   -0.0220    0.0364 18  3 46.00    10.00 
  2020 11 16.753137  2 22  9.8112 +13 38 48.482  35.5408799  13.6468006  35.5408943  13.6468035   -0.0503   -0.0106    0.0377 18  4 31.00    10.00 
  2020 11 16.753657  2 22  9.8085 +13 38 48.447  35.5408686  13.6467908  35.5408743  13.6468020   -0.0197   -0.0404    0.0244 18  5 16.00    10.00 
  2020 11 16.754178  2 22  9.8045 +13 38 48.417  35.5408522  13.6467824  35.5408542  13.6468006   -0.0070   -0.0653    0.0390 18  6  1.00    10.00 
  2020 11 16.754699  2 22  9.8019 +13 38 48.464  35.5408414  13.6467955  35.5408342  13.6467991    0.0253   -0.0127    0.0271 18  6 46.00    10.00 
  2020 11 16.755220  2 22  9.7959 +13 38 48.452  35.5408162  13.6467921  35.5408141  13.6467976    0.0072   -0.0196    0.0363 18  7 31.00    10.00 
  2020 11 16.755741  2 22  9.7873 +13 38 48.459  35.5407805  13.6467942  35.5407940  13.6467961   -0.0475   -0.0070    0.0285 18  8 16.00    10.00 
  2020 11 16.756262  2 22  9.7847 +13 38 48.410  35.5407697  13.6467806  35.5407740  13.6467946   -0.0151   -0.0504    0.0246 18  9  1.00    10.00 
  2020 11 16.756771  2 22  9.7826 +13 38 48.462  35.5407610  13.6467951  35.5407544  13.6467932    0.0231    0.0070    0.0439 18  9 45.00    10.00 
  2020 11 17.614236  2 22  0.8944 +13 38 23.886  35.5037266  13.6399683  35.5037189  13.6399687    0.0268   -0.0015    0.0265 14 44 30.00    10.00 
  2020 11 17.614757  2 22  0.8870 +13 38 23.867  35.5036957  13.6399630  35.5036955  13.6399600    0.0006    0.0106    0.0221 14 45 15.00    10.00 
  2020 11 17.615278  2 22  0.8827 +13 38 23.860  35.5036778  13.6399611  35.5036721  13.6399513    0.0199    0.0353    0.0276 14 46  0.00    10.00 
  2020 11 17.615799  2 22  0.8755 +13 38 23.775  35.5036478  13.6399374  35.5036487  13.6399426   -0.0033   -0.0186    0.0343 14 46 45.00    10.00 
  2020 11 17.616319  2 22  0.8695 +13 38 23.796  35.5036231  13.6399432  35.5036253  13.6399338   -0.0077    0.0339    0.0198 14 47 30.00    10.00 
  2020 11 17.616840  2 22  0.8661 +13 38 23.732  35.5036086  13.6399257  35.5036019  13.6399251    0.0233    0.0021    0.0192 14 48 15.00    10.00 
  2020 11 17.617361  2 22  0.8566 +13 38 23.696  35.5035691  13.6399155  35.5035785  13.6399163   -0.0331   -0.0029    0.0300 14 49  0.00    10.00 
  2020 11 17.617882  2 22  0.8523 +13 38 23.630  35.5035511  13.6398972  35.5035552  13.6399076   -0.0143   -0.0375    0.0430 14 49 45.00    10.00 
  2020 11 17.618403  2 22  0.8486 +13 38 23.644  35.5035357  13.6399012  35.5035318  13.6398988    0.0139    0.0085    0.0632 14 50 30.00    10.00 
  2020 11 17.619444  2 22  0.8340 +13 38 23.531  35.5034752  13.6398698  35.5034850  13.6398813   -0.0344   -0.0413    0.0745 14 52  0.00    10.00 
  2020 11 17.619965  2 22  0.8293 +13 38 23.558  35.5034556  13.6398771  35.5034616  13.6398725   -0.0213    0.0167    0.0433 14 52 45.00    10.00 
  2020 11 17.620486  2 22  0.8267 +13 38 23.469  35.5034445  13.6398526  35.5034383  13.6398637    0.0219   -0.0399    0.0371 14 53 30.00    10.00 
  2020 11 17.621007  2 22  0.8205 +13 38 23.467  35.5034186  13.6398521  35.5034149  13.6398549    0.0129   -0.0103    0.0240 14 54 15.00    10.00 
  2020 11 17.621528  2 22  0.8131 +13 38 23.484  35.5033880  13.6398567  35.5033915  13.6398461   -0.0125    0.0380    0.0272 14 55  0.00    10.00 
  2020 11 17.622049  2 22  0.8079 +13 38 23.434  35.5033663  13.6398427  35.5033682  13.6398373   -0.0064    0.0195    0.0284 14 55 45.00    10.00 
  2020 11 17.622558  2 22  0.8043 +13 38 23.405  35.5033511  13.6398346  35.5033453  13.6398287    0.0202    0.0212    0.0422 14 56 29.00    10.00 
  2020 11 17.624120  2 22  0.7869 +13 38 23.251  35.5032786  13.6397920  35.5032753  13.6398022    0.0115   -0.0370    0.0390 14 58 44.00    10.00 
  2020 11 17.624641  2 22  0.7831 +13 38 23.265  35.5032629  13.6397958  35.5032519  13.6397934    0.0385    0.0087    0.0349 14 59 29.00    10.00 
  2020 11 17.625162  2 22  0.7745 +13 38 23.248  35.5032271  13.6397910  35.5032286  13.6397846   -0.0052    0.0231    0.0268 15  0 14.00    10.00 
  2020 11 17.626725  2 22  0.7562 +13 38 23.165  35.5031509  13.6397680  35.5031585  13.6397580   -0.0268    0.0361    0.0666 15  2 29.00    10.00 
  2020 11 17.627245  2 22  0.7524 +13 38 23.123  35.5031348  13.6397563  35.5031352  13.6397492   -0.0013    0.0255    0.0331 15  3 14.00    10.00 
  2020 11 17.627766  2 22  0.7452 +13 38 23.080  35.5031052  13.6397443  35.5031119  13.6397403   -0.0234    0.0145    0.0239 15  3 59.00    10.00 
  2020 11 17.628287  2 22  0.7419 +13 38 23.028  35.5030911  13.6397301  35.5030885  13.6397314    0.0088   -0.0048    0.0218 15  4 44.00    10.00 
  2020 11 17.629850  2 22  0.7261 +13 38 22.909  35.5030255  13.6396969  35.5030186  13.6397048    0.0243   -0.0281    0.0264 15  6 59.00    10.00 
  2020 11 17.630370  2 22  0.7172 +13 38 22.958  35.5029885  13.6397105  35.5029952  13.6396959   -0.0237    0.0527    0.0349 15  7 44.00    10.00 
  2020 11 17.630891  2 22  0.7109 +13 38 22.870  35.5029619  13.6396862  35.5029719  13.6396870   -0.0351   -0.0027    0.0341 15  8 29.00    10.00 
  2020 11 17.631400  2 22  0.7103 +13 38 22.839  35.5029597  13.6396775  35.5029491  13.6396782    0.0370   -0.0027    0.0318 15  9 13.00    10.00 
  2020 11 17.631921  2 22  0.7033 +13 38 22.779  35.5029306  13.6396608  35.5029258  13.6396693    0.0166   -0.0307    0.0471 15  9 58.00    10.00 
  2020 11 17.632442  2 22  0.6971 +13 38 22.815  35.5029044  13.6396707  35.5029025  13.6396604    0.0067    0.0371    0.0283 15 10 43.00    10.00 
  2020 11 17.632963  2 22  0.6907 +13 38 22.765  35.5028781  13.6396570  35.5028792  13.6396515   -0.0040    0.0199    0.0259 15 11 28.00    10.00 
  2020 11 17.633484  2 22  0.6891 +13 38 22.680  35.5028714  13.6396332  35.5028559  13.6396425    0.0541   -0.0335    0.0465 15 12 13.00    10.00 
  2020 11 17.634005  2 22  0.6788 +13 38 22.727  35.5028283  13.6396465  35.5028326  13.6396336   -0.0152    0.0465    0.0265 15 12 58.00    10.00 
  2020 11 17.635046  2 22  0.6679 +13 38 22.590  35.5027829  13.6396083  35.5027860  13.6396157   -0.0108   -0.0268    0.0284 15 14 28.00    10.00 
  2020 11 17.635567  2 22  0.6622 +13 38 22.557  35.5027591  13.6395991  35.5027627  13.6396067   -0.0125   -0.0274    0.0432 15 15 13.00    10.00 
  2020 11 17.636088  2 22  0.6597 +13 38 22.628  35.5027487  13.6396188  35.5027394  13.6395978    0.0326    0.0757    0.1141 15 15 58.00    10.00 
  2020 11 17.638171  2 22  0.6321 +13 38 22.463  35.5026338  13.6395730  35.5026463  13.6395619   -0.0439    0.0400    0.0517 15 18 58.00    10.00 
  2020 11 17.638692  2 22  0.6292 +13 38 22.473  35.5026217  13.6395757  35.5026230  13.6395529   -0.0045    0.0823    0.0597 15 19 43.00    10.00 
  2020 11 17.639734  2 22  0.6196 +13 38 22.308  35.5025817  13.6395300  35.5025765  13.6395349    0.0181   -0.0177    0.0896 15 21 13.00    10.00 
  2020 11 17.640775  2 22  0.6075 +13 38 22.271  35.5025313  13.6395196  35.5025300  13.6395169    0.0047    0.0100    0.0428 15 22 43.00    10.00 
  2020 11 17.641806  2 22  0.5927 +13 38 22.192  35.5024694  13.6394977  35.5024840  13.6394990   -0.0510   -0.0048    0.0484 15 24 12.00    10.00 
  2020 11 17.642326  2 22  0.5902 +13 38 22.114  35.5024593  13.6394762  35.5024607  13.6394900   -0.0051   -0.0496    0.0345 15 24 57.00    10.00 
  2020 11 17.642847  2 22  0.5853 +13 38 22.130  35.5024386  13.6394805  35.5024375  13.6394809    0.0039   -0.0016    0.0296 15 25 42.00    10.00 
  2020 11 17.643368  2 22  0.5798 +13 38 22.123  35.5024159  13.6394785  35.5024142  13.6394719    0.0060    0.0238    0.0304 15 26 27.00    10.00 
  2020 11 17.643889  2 22  0.5768 +13 38 22.011  35.5024032  13.6394476  35.5023910  13.6394628    0.0427   -0.0547    0.0395 15 27 12.00    10.00 
  2020 11 17.644410  2 22  0.5688 +13 38 22.044  35.5023698  13.6394567  35.5023677  13.6394538    0.0073    0.0106    0.0326 15 27 57.00    10.00 
  2020 11 17.644931  2 22  0.5639 +13 38 21.942  35.5023494  13.6394284  35.5023445  13.6394447    0.0173   -0.0589    0.0461 15 28 42.00    10.00 
  2020 11 17.645451  2 22  0.5587 +13 38 21.962  35.5023279  13.6394340  35.5023213  13.6394357    0.0232   -0.0061    0.0244 15 29 27.00    10.00 
  2020 11 17.645972  2 22  0.5515 +13 38 21.900  35.5022978  13.6394166  35.5022980  13.6394266   -0.0007   -0.0358    0.0159 15 30 12.00    10.00 
  2020 11 17.646493  2 22  0.5461 +13 38 21.887  35.5022753  13.6394130  35.5022748  13.6394175    0.0016   -0.0164    0.0266 15 30 57.00    10.00 
  2020 11 17.647014  2 22  0.5406 +13 38 21.884  35.5022527  13.6394124  35.5022516  13.6394084    0.0040    0.0142    0.0399 15 31 42.00    10.00 
  2020 11 17.647535  2 22  0.5325 +13 38 21.841  35.5022189  13.6394002  35.5022283  13.6393993   -0.0331    0.0031    0.0357 15 32 27.00    10.00 
  2020 11 17.648056  2 22  0.5289 +13 38 21.789  35.5022036  13.6393857  35.5022051  13.6393902   -0.0052   -0.0162    0.0541 15 33 12.00    10.00 
  2020 11 17.648576  2 22  0.5232 +13 38 21.752  35.5021800  13.6393755  35.5021819  13.6393811   -0.0067   -0.0203    0.0458 15 33 57.00    10.00 
  2020 11 17.649097  2 22  0.5216 +13 38 21.731  35.5021731  13.6393697  35.5021587  13.6393720    0.0506   -0.0084    0.0779 15 34 42.00    10.00 
  2020 11 17.649618  2 22  0.5100 +13 38 21.666  35.5021251  13.6393517  35.5021355  13.6393629   -0.0365   -0.0403    0.0853 15 35 27.00    10.00 
  2020 11 17.650139  2 22  0.5046 +13 38 21.665  35.5021024  13.6393514  35.5021123  13.6393538   -0.0347   -0.0085    0.0638 15 36 12.00    10.00 
  2020 11 17.650660  2 22  0.5009 +13 38 21.710  35.5020870  13.6393638  35.5020891  13.6393447   -0.0073    0.0689    0.0260 15 36 57.00    10.00 
  2020 11 17.651181  2 22  0.4981 +13 38 21.608  35.5020756  13.6393356  35.5020659  13.6393355    0.0339    0.0004    0.0356 15 37 42.00    10.00 
  2020 11 17.651701  2 22  0.4928 +13 38 21.584  35.5020535  13.6393290  35.5020427  13.6393264    0.0379    0.0094    0.0334 15 38 27.00    10.00 
  2020 11 17.652222  2 22  0.4841 +13 38 21.575  35.5020171  13.6393264  35.5020195  13.6393172   -0.0083    0.0329    0.0344 15 39 12.00    10.00 
  2020 11 17.652743  2 22  0.4796 +13 38 21.526  35.5019982  13.6393127  35.5019963  13.6393081    0.0068    0.0166    0.0335 15 39 57.00    10.00 
  2020 11 17.653252  2 22  0.4739 +13 38 21.481  35.5019746  13.6393002  35.5019736  13.6392991    0.0035    0.0039    0.0282 15 40 41.00    10.00 
  2020 11 17.653773  2 22  0.4682 +13 38 21.467  35.5019506  13.6392965  35.5019504  13.6392900    0.0007    0.0233    0.0289 15 41 26.00    10.00 
  2020 11 17.654294  2 22  0.4639 +13 38 21.393  35.5019328  13.6392760  35.5019272  13.6392808    0.0195   -0.0175    0.0536 15 42 11.00    10.00 
  2020 11 17.654815  2 22  0.4572 +13 38 21.373  35.5019050  13.6392704  35.5019041  13.6392717    0.0034   -0.0047    0.0707 15 42 56.00    10.00 
  2020 11 17.655336  2 22  0.4531 +13 38 21.339  35.5018877  13.6392608  35.5018809  13.6392625    0.0239   -0.0060    0.0437 15 43 41.00    10.00 
  2020 11 17.655856  2 22  0.4466 +13 38 21.291  35.5018608  13.6392476  35.5018577  13.6392533    0.0106   -0.0204    0.0356 15 44 26.00    10.00 
  2020 11 17.656377  2 22  0.4388 +13 38 21.284  35.5018285  13.6392456  35.5018346  13.6392441   -0.0211    0.0055    0.0178 15 45 11.00    10.00 
  2020 11 17.656898  2 22  0.4333 +13 38 21.253  35.5018056  13.6392368  35.5018114  13.6392349   -0.0202    0.0069    0.0237 15 45 56.00    10.00 
  2020 11 17.657419  2 22  0.4289 +13 38 21.227  35.5017872  13.6392297  35.5017882  13.6392257   -0.0036    0.0144    0.0183 15 46 41.00    10.00 
  2020 11 17.657940  2 22  0.4249 +13 38 21.170  35.5017706  13.6392139  35.5017651  13.6392165    0.0193   -0.0094    0.0556 15 47 26.00    10.00 
  2020 11 17.658461  2 22  0.4168 +13 38 21.190  35.5017366  13.6392195  35.5017419  13.6392073   -0.0185    0.0438    0.0298 15 48 11.00    10.00 
  2020 11 17.658981  2 22  0.4107 +13 38 21.107  35.5017114  13.6391964  35.5017188  13.6391981   -0.0259   -0.0059    0.0338 15 48 56.00    10.00 
  2020 11 17.659502  2 22  0.4078 +13 38 21.061  35.5016992  13.6391836  35.5016956  13.6391889    0.0127   -0.0189    0.0233 15 49 41.00    10.00 
  2020 11 17.660023  2 22  0.4010 +13 38 21.024  35.5016709  13.6391734  35.5016725  13.6391796   -0.0056   -0.0226    0.0262 15 50 26.00    10.00 
  2020 11 17.660544  2 22  0.3958 +13 38 21.055  35.5016491  13.6391819  35.5016493  13.6391704   -0.0009    0.0414    0.0259 15 51 11.00    10.00 
  2020 11 17.661065  2 22  0.3920 +13 38 20.941  35.5016335  13.6391503  35.5016262  13.6391612    0.0254   -0.0391    0.0298 15 51 56.00    10.00 
  2020 11 17.661586  2 22  0.3857 +13 38 20.911  35.5016073  13.6391421  35.5016030  13.6391519    0.0148   -0.0355    0.0321 15 52 41.00    10.00 
  2020 11 17.662106  2 22  0.3805 +13 38 20.891  35.5015853  13.6391364  35.5015799  13.6391427    0.0190   -0.0227    0.0234 15 53 26.00    10.00 
  2020 11 17.662627  2 22  0.3742 +13 38 20.880  35.5015591  13.6391334  35.5015568  13.6391334    0.0082   -0.0000    0.0347 15 54 11.00    10.00 
  2020 11 17.663148  2 22  0.3686 +13 38 20.843  35.5015360  13.6391230  35.5015337  13.6391241    0.0082   -0.0043    0.0204 15 54 56.00    10.00 
  2020 11 17.663657  2 22  0.3625 +13 38 20.844  35.5015103  13.6391234  35.5015111  13.6391151   -0.0025    0.0298    0.0205 15 55 40.00    10.00 
  2020 11 17.664178  2 22  0.3570 +13 38 20.793  35.5014877  13.6391092  35.5014879  13.6391058   -0.0008    0.0122    0.0249 15 56 25.00    10.00 
  2020 11 17.664699  2 22  0.3502 +13 38 20.793  35.5014592  13.6391093  35.5014648  13.6390965   -0.0195    0.0459    0.0240 15 57 10.00    10.00 
  2020 11 17.665220  2 22  0.3453 +13 38 20.740  35.5014387  13.6390944  35.5014417  13.6390872   -0.0104    0.0257    0.0219 15 57 55.00    10.00 
  2020 11 17.665741  2 22  0.3410 +13 38 20.697  35.5014208  13.6390825  35.5014186  13.6390780    0.0078    0.0164    0.0226 15 58 40.00    10.00 
  2020 11 17.666262  2 22  0.3349 +13 38 20.690  35.5013953  13.6390807  35.5013955  13.6390687   -0.0008    0.0432    0.0278 15 59 25.00    10.00 
  2020 11 17.666782  2 22  0.3299 +13 38 20.627  35.5013748  13.6390631  35.5013724  13.6390594    0.0083    0.0134    0.0215 16  0 10.00    10.00 
  2020 11 17.667303  2 22  0.3241 +13 38 20.593  35.5013503  13.6390536  35.5013493  13.6390501    0.0036    0.0129    0.0263 16  0 55.00    10.00 
  2020 11 17.667824  2 22  0.3192 +13 38 20.582  35.5013299  13.6390506  35.5013262  13.6390407    0.0131    0.0355    0.0248 16  1 40.00    10.00 
  2020 11 17.668345  2 22  0.3139 +13 38 20.529  35.5013081  13.6390359  35.5013031  13.6390314    0.0173    0.0161    0.0214 16  2 25.00    10.00 
  2020 11 17.668866  2 22  0.3081 +13 38 20.473  35.5012837  13.6390204  35.5012800  13.6390221    0.0127   -0.0061    0.0260 16  3 10.00    10.00 
  2020 11 17.669387  2 22  0.3001 +13 38 20.466  35.5012502  13.6390182  35.5012569  13.6390128   -0.0234    0.0195    0.0209 16  3 55.00    10.00 
  2020 11 17.669907  2 22  0.2964 +13 38 20.436  35.5012352  13.6390099  35.5012339  13.6390034    0.0047    0.0234    0.0243 16  4 40.00    10.00 
  2020 11 17.670428  2 22  0.2913 +13 38 20.404  35.5012139  13.6390012  35.5012108  13.6389941    0.0108    0.0254    0.0368 16  5 25.00    10.00 
  2020 11 17.670949  2 22  0.2873 +13 38 20.365  35.5011972  13.6389902  35.5011877  13.6389848    0.0331    0.0195    0.0303 16  6 10.00    10.00 
  2020 11 17.671470  2 22  0.2809 +13 38 20.292  35.5011703  13.6389701  35.5011646  13.6389754    0.0199   -0.0191    0.0322 16  6 55.00    10.00 
  2020 11 17.671991  2 22  0.2746 +13 38 20.278  35.5011442  13.6389661  35.5011416  13.6389660    0.0091    0.0001    0.0238 16  7 40.00    10.00 
  2020 11 17.672512  2 22  0.2690 +13 38 20.232  35.5011210  13.6389533  35.5011185  13.6389567    0.0086   -0.0120    0.0276 16  8 25.00    10.00 
  2020 11 17.673032  2 22  0.2634 +13 38 20.191  35.5010975  13.6389420  35.5010954  13.6389473    0.0070   -0.0191    0.0244 16  9 10.00    10.00 
  2020 11 17.673553  2 22  0.2587 +13 38 20.174  35.5010781  13.6389372  35.5010724  13.6389379    0.0199   -0.0028    0.0193 16  9 55.00    10.00 
  2020 11 17.674074  2 22  0.2529 +13 38 20.185  35.5010537  13.6389401  35.5010493  13.6389286    0.0154    0.0417    0.0234 16 10 40.00    10.00 
  2020 11 17.674583  2 22  0.2485 +13 38 20.125  35.5010356  13.6389237  35.5010268  13.6389194    0.0308    0.0155    0.0221 16 11 24.00    10.00 
  2020 11 17.675104  2 22  0.2418 +13 38 20.068  35.5010076  13.6389076  35.5010038  13.6389100    0.0135   -0.0085    0.0124 16 12  9.00    10.00 
  2020 11 17.675625  2 22  0.2343 +13 38 20.082  35.5009764  13.6389117  35.5009807  13.6389006   -0.0150    0.0399    0.0204 16 12 54.00    10.00 
  2020 11 17.676146  2 22  0.2305 +13 38 20.011  35.5009603  13.6388919  35.5009577  13.6388912    0.0093    0.0027    0.0264 16 13 39.00    10.00 
  2020 11 17.676667  2 22  0.2261 +13 38 19.984  35.5009421  13.6388844  35.5009346  13.6388818    0.0262    0.0092    0.0254 16 14 24.00    10.00 
  2020 11 17.677187  2 22  0.2190 +13 38 19.908  35.5009126  13.6388633  35.5009116  13.6388724    0.0034   -0.0327    0.0248 16 15  9.00    10.00 
  2020 11 17.677697  2 22  0.2162 +13 38 19.900  35.5009009  13.6388612  35.5008891  13.6388632    0.0414   -0.0070    0.0258 16 15 53.00    10.00 
  2020 11 17.678206  2 22  0.2089 +13 38 19.900  35.5008702  13.6388612  35.5008666  13.6388540    0.0127    0.0261    0.0320 16 16 37.00    10.00 
  2020 11 17.678727  2 22  0.2012 +13 38 19.859  35.5008383  13.6388496  35.5008436  13.6388445   -0.0185    0.0182    0.0302 16 17 22.00    10.00 
  2020 11 17.679248  2 22  0.1974 +13 38 19.822  35.5008226  13.6388394  35.5008205  13.6388351    0.0072    0.0156    0.0297 16 18  7.00    10.00 
  2020 11 17.679769  2 22  0.1915 +13 38 19.802  35.5007978  13.6388338  35.5007975  13.6388257    0.0009    0.0292    0.0166 16 18 52.00    10.00 
  2020 11 17.680289  2 22  0.1875 +13 38 19.717  35.5007813  13.6388104  35.5007745  13.6388162    0.0238   -0.0210    0.0187 16 19 37.00    10.00 
  2020 11 17.680810  2 22  0.1806 +13 38 19.683  35.5007527  13.6388008  35.5007515  13.6388068    0.0042   -0.0215    0.0287 16 20 22.00    10.00 
  2020 11 17.681331  2 22  0.1758 +13 38 19.682  35.5007327  13.6388006  35.5007285  13.6387973    0.0145    0.0118    0.0226 16 21  7.00    10.00 
  2020 11 17.681852  2 22  0.1689 +13 38 19.634  35.5007036  13.6387873  35.5007055  13.6387879   -0.0066   -0.0018    0.0246 16 21 52.00    10.00 
  2020 11 17.682373  2 22  0.1654 +13 38 19.584  35.5006891  13.6387733  35.5006825  13.6387784    0.0232   -0.0184    0.0207 16 22 37.00    10.00 
  2020 11 17.682894  2 22  0.1586 +13 38 19.575  35.5006607  13.6387709  35.5006595  13.6387689    0.0040    0.0072    0.0335 16 23 22.00    10.00 
  2020 11 17.683414  2 22  0.1553 +13 38 19.516  35.5006472  13.6387544  35.5006365  13.6387594    0.0372   -0.0182    0.0322 16 24  7.00    10.00 
  2020 11 17.683935  2 22  0.1459 +13 38 19.523  35.5006080  13.6387565  35.5006136  13.6387500   -0.0194    0.0236    0.0366 16 24 52.00    10.00 
  2020 11 17.684456  2 22  0.1416 +13 38 19.483  35.5005900  13.6387452  35.5005906  13.6387405   -0.0020    0.0172    0.0249 16 25 37.00    10.00 
  2020 11 17.684977  2 22  0.1359 +13 38 19.421  35.5005661  13.6387281  35.5005676  13.6387310   -0.0054   -0.0104    0.0145 16 26 22.00    10.00 
  2020 11 17.685498  2 22  0.1316 +13 38 19.402  35.5005485  13.6387229  35.5005446  13.6387215    0.0136    0.0050    0.0278 16 27  7.00    10.00 
  2020 11 17.686019  2 22  0.1244 +13 38 19.369  35.5005181  13.6387136  35.5005217  13.6387120   -0.0123    0.0059    0.0253 16 27 52.00    10.00 
  2020 11 17.686539  2 22  0.1207 +13 38 19.359  35.5005030  13.6387107  35.5004987  13.6387025    0.0152    0.0298    0.0267 16 28 37.00    10.00 
  2020 11 17.687060  2 22  0.1152 +13 38 19.324  35.5004799  13.6387012  35.5004757  13.6386929    0.0145    0.0298    0.0322 16 29 22.00    10.00 
  2020 11 17.687581  2 22  0.1086 +13 38 19.293  35.5004525  13.6386924  35.5004528  13.6386834   -0.0009    0.0323    0.0342 16 30  7.00    10.00 
  2020 11 17.688102  2 22  0.1041 +13 38 19.229  35.5004336  13.6386748  35.5004298  13.6386739    0.0132    0.0034    0.0254 16 30 52.00    10.00 
  2020 11 17.688611  2 22  0.0980 +13 38 19.228  35.5004082  13.6386745  35.5004074  13.6386646    0.0027    0.0357    0.0240 16 31 36.00    10.00 
  2020 11 17.689132  2 22  0.0918 +13 38 19.166  35.5003823  13.6386571  35.5003845  13.6386550   -0.0075    0.0075    0.0430 16 32 21.00    10.00 
  2020 11 17.689653  2 22  0.0876 +13 38 19.115  35.5003650  13.6386430  35.5003615  13.6386455    0.0122   -0.0089    0.0317 16 33  6.00    10.00 
  2020 11 17.690174  2 22  0.0804 +13 38 19.116  35.5003348  13.6386433  35.5003386  13.6386360   -0.0131    0.0265    0.0410 16 33 51.00    10.00 
  2020 11 17.690694  2 22  0.0745 +13 38 19.044  35.5003103  13.6386234  35.5003156  13.6386264   -0.0188   -0.0106    0.0449 16 34 36.00    10.00 
  2020 11 17.691215  2 22  0.0699 +13 38 19.033  35.5002913  13.6386202  35.5002927  13.6386168   -0.0050    0.0121    0.0210 16 35 21.00    10.00 
  2020 11 17.691736  2 22  0.0624 +13 38 19.037  35.5002599  13.6386213  35.5002698  13.6386073   -0.0345    0.0504    0.0270 16 36  6.00    10.00 
  2020 11 17.692257  2 22  0.0595 +13 38 18.948  35.5002479  13.6385966  35.5002469  13.6385977    0.0035   -0.0039    0.0253 16 36 51.00    10.00 
  2020 11 17.692778  2 22  0.0540 +13 38 18.952  35.5002252  13.6385978  35.5002240  13.6385881    0.0044    0.0348    0.0264 16 37 36.00    10.00 
  2020 11 17.693299  2 22  0.0497 +13 38 18.897  35.5002069  13.6385825  35.5002010  13.6385786    0.0206    0.0143    0.0227 16 38 21.00    10.00 
  2020 11 17.693819  2 22  0.0427 +13 38 18.865  35.5001778  13.6385736  35.5001781  13.6385690   -0.0012    0.0166    0.0207 16 39  6.00    10.00 
  2020 11 17.694340  2 22  0.0381 +13 38 18.843  35.5001586  13.6385674  35.5001552  13.6385594    0.0119    0.0290    0.0216 16 39 51.00    10.00 
  2020 11 17.694861  2 22  0.0323 +13 38 18.799  35.5001348  13.6385553  35.5001323  13.6385498    0.0086    0.0199    0.0172 16 40 36.00    10.00 
  2020 11 17.695382  2 22  0.0273 +13 38 18.742  35.5001139  13.6385393  35.5001094  13.6385402    0.0156   -0.0031    0.0209 16 41 21.00    10.00 
  2020 11 17.695903  2 22  0.0203 +13 38 18.724  35.5000846  13.6385345  35.5000865  13.6385306   -0.0068    0.0141    0.0268 16 42  6.00    10.00 
  2020 11 17.696424  2 22  0.0162 +13 38 18.653  35.5000673  13.6385146  35.5000636  13.6385210    0.0129   -0.0228    0.0162 16 42 51.00    10.00 
  2020 11 17.696944  2 22  0.0076 +13 38 18.656  35.5000318  13.6385154  35.5000408  13.6385114   -0.0315    0.0146    0.0276 16 43 36.00    10.00 
  2020 11 17.697454  2 22  0.0037 +13 38 18.636  35.5000154  13.6385099  35.5000184  13.6385020   -0.0105    0.0288    0.0194 16 44 20.00    10.00 
  2020 11 17.697975  2 21 59.9979 +13 38 18.619  35.4999912  13.6385052  35.4999955  13.6384923   -0.0151    0.0464    0.0275 16 45  5.00    10.00 
  2020 11 17.698495  2 21 59.9942 +13 38 18.582  35.4999756  13.6384950  35.4999726  13.6384827    0.0105    0.0442    0.0269 16 45 50.00    10.00 
  2020 11 17.699016  2 21 59.9910 +13 38 18.503  35.4999623  13.6384729  35.4999498  13.6384731    0.0439   -0.0004    0.0277 16 46 35.00    10.00 
  2020 11 17.699537  2 21 59.9825 +13 38 18.470  35.4999273  13.6384640  35.4999269  13.6384634    0.0014    0.0022    0.0236 16 47 20.00    10.00 
  2020 11 17.700058  2 21 59.9771 +13 38 18.436  35.4999047  13.6384544  35.4999040  13.6384538    0.0023    0.0022    0.0246 16 48  5.00    10.00 
  2020 11 17.700579  2 21 59.9711 +13 38 18.390  35.4998795  13.6384417  35.4998812  13.6384441   -0.0058   -0.0086    0.0170 16 48 50.00    10.00 
  2020 11 17.701100  2 21 59.9646 +13 38 18.376  35.4998525  13.6384377  35.4998583  13.6384345   -0.0202    0.0116    0.0289 16 49 35.00    10.00 
  2020 11 17.701620  2 21 59.9599 +13 38 18.330  35.4998330  13.6384251  35.4998355  13.6384248   -0.0086    0.0011    0.0388 16 50 20.00    10.00 
  2020 11 17.702141  2 21 59.9558 +13 38 18.300  35.4998159  13.6384167  35.4998126  13.6384151    0.0115    0.0057    0.0197 16 51  5.00    10.00 
  2020 11 17.702662  2 21 59.9495 +13 38 18.276  35.4997896  13.6384101  35.4997898  13.6384054   -0.0005    0.0167    0.0259 16 51 50.00    10.00 
  2020 11 17.703183  2 21 59.9449 +13 38 18.223  35.4997706  13.6383953  35.4997669  13.6383958    0.0128   -0.0016    0.0396 16 52 35.00    10.00 
  2020 11 17.703704  2 21 59.9376 +13 38 18.158  35.4997401  13.6383772  35.4997441  13.6383861   -0.0139   -0.0320    0.0235 16 53 20.00    10.00 
  2020 11 17.704225  2 21 59.9337 +13 38 18.108  35.4997237  13.6383634  35.4997213  13.6383764    0.0084   -0.0468    0.0397 16 54  5.00    10.00 
  2020 11 17.704745  2 21 59.9282 +13 38 18.091  35.4997007  13.6383586  35.4996985  13.6383667    0.0080   -0.0293    0.0296 16 54 50.00    10.00 
  2020 11 17.705266  2 21 59.9243 +13 38 18.092  35.4996845  13.6383589  35.4996756  13.6383570    0.0309    0.0067    0.0238 16 55 35.00    10.00 
  2020 11 17.705775  2 21 59.9167 +13 38 18.082  35.4996531  13.6383562  35.4996533  13.6383475   -0.0008    0.0314    0.0157 16 56 19.00    10.00 
  2020 11 17.706296  2 21 59.9109 +13 38 18.052  35.4996287  13.6383479  35.4996305  13.6383378   -0.0065    0.0362    0.0307 16 57  4.00    10.00 
  2020 11 17.706817  2 21 59.9055 +13 38 17.973  35.4996061  13.6383258  35.4996077  13.6383281   -0.0055   -0.0084    0.0393 16 57 49.00    10.00 
  2020 11 17.707338  2 21 59.9012 +13 38 17.918  35.4995882  13.6383106  35.4995849  13.6383184    0.0115   -0.0278    0.0242 16 58 34.00    10.00 
  2020 11 17.707859  2 21 59.8916 +13 38 17.941  35.4995485  13.6383169  35.4995621  13.6383086   -0.0477    0.0298    0.0291 16 59 19.00    10.00 
  2020 11 17.708380  2 21 59.8912 +13 38 17.891  35.4995468  13.6383030  35.4995393  13.6382989    0.0264    0.0147    0.0556 17  0  4.00    10.00 
  2020 11 17.708900  2 21 59.8846 +13 38 17.828  35.4995192  13.6382856  35.4995165  13.6382892    0.0095   -0.0129    0.0319 17  0 49.00    10.00 
  2020 11 17.709421  2 21 59.8771 +13 38 17.856  35.4994880  13.6382933  35.4994937  13.6382794   -0.0199    0.0500    0.0214 17  1 34.00    10.00 
  2020 11 17.709942  2 21 59.8742 +13 38 17.778  35.4994757  13.6382717  35.4994709  13.6382697    0.0167    0.0072    0.0314 17  2 19.00    10.00 
  2020 11 17.710463  2 21 59.8669 +13 38 17.719  35.4994456  13.6382552  35.4994482  13.6382599   -0.0090   -0.0169    0.0177 17  3  4.00    10.00 
  2020 11 18.589421  2 21 52.3782 +13 37 15.085  35.4682424  13.6208569  35.4682514  13.6208584   -0.0315   -0.0051    0.0532 14  8 46.00    10.00 
  2020 11 18.589942  2 21 52.3753 +13 37 15.095  35.4682305  13.6208596  35.4682354  13.6208510   -0.0173    0.0312    0.0546 14  9 31.00    10.00 
  2020 11 18.590463  2 21 52.3734 +13 37 15.059  35.4682223  13.6208497  35.4682195  13.6208435    0.0099    0.0222    0.0282 14 10 16.00    10.00 
  2020 11 18.590984  2 21 52.3681 +13 37 14.981  35.4682004  13.6208280  35.4682036  13.6208361   -0.0112   -0.0293    0.0296 14 11  1.00    10.00 
  2020 11 18.591505  2 21 52.3639 +13 37 15.000  35.4681828  13.6208334  35.4681876  13.6208287   -0.0168    0.0166    0.0292 14 11 46.00    10.00 
  2020 11 18.592025  2 21 52.3582 +13 37 14.962  35.4681594  13.6208227  35.4681717  13.6208214   -0.0432    0.0047    0.0313 14 12 31.00    10.00 
  2020 11 18.592546  2 21 52.3559 +13 37 14.961  35.4681497  13.6208226  35.4681558  13.6208140   -0.0214    0.0310    0.0505 14 13 16.00    10.00 
  2020 11 18.593067  2 21 52.3524 +13 37 14.943  35.4681348  13.6208174  35.4681398  13.6208066   -0.0176    0.0389    0.0391 14 14  1.00    10.00 
  2020 11 18.593588  2 21 52.3493 +13 37 14.923  35.4681220  13.6208120  35.4681239  13.6207992   -0.0068    0.0462    0.0414 14 14 46.00    10.00 
  2020 11 18.594109  2 21 52.3454 +13 37 14.860  35.4681057  13.6207946  35.4681080  13.6207919   -0.0082    0.0097    0.0317 14 15 31.00    10.00 
  2020 11 18.594630  2 21 52.3409 +13 37 14.808  35.4680873  13.6207801  35.4680921  13.6207845   -0.0167   -0.0158    0.0362 14 16 16.00    10.00 
  2020 11 18.595150  2 21 52.3332 +13 37 14.827  35.4680549  13.6207853  35.4680761  13.6207771   -0.0743    0.0292    0.0228 14 17  1.00    10.00 
  2020 11 18.595671  2 21 52.3317 +13 37 14.743  35.4680488  13.6207618  35.4680602  13.6207698   -0.0399   -0.0286    0.0200 14 17 46.00    10.00 
  2020 11 18.596181  2 21 52.3293 +13 37 14.756  35.4680389  13.6207656  35.4680446  13.6207626   -0.0199    0.0109    0.0276 14 18 30.00    10.00 
  2020 11 18.596701  2 21 52.3232 +13 37 14.741  35.4680132  13.6207614  35.4680287  13.6207553   -0.0541    0.0221    0.0182 14 19 15.00    10.00 
  2020 11 18.597222  2 21 52.3216 +13 37 14.707  35.4680067  13.6207518  35.4680128  13.6207480   -0.0210    0.0140    0.0504 14 20  0.00    10.00 
  2020 11 18.597743  2 21 52.3166 +13 37 14.709  35.4679859  13.6207526  35.4679968  13.6207406   -0.0384    0.0429    0.0628 14 20 45.00    10.00 
  2020 11 18.598264  2 21 52.3126 +13 37 14.630  35.4679691  13.6207306  35.4679809  13.6207333   -0.0413   -0.0098    0.0410 14 21 30.00    10.00 
  2020 11 18.598785  2 21 52.3083 +13 37 14.580  35.4679513  13.6207167  35.4679650  13.6207260   -0.0478   -0.0335    0.0618 14 22 15.00    10.00 
  2020 11 18.599306  2 21 52.3063 +13 37 14.615  35.4679428  13.6207263  35.4679490  13.6207187   -0.0219    0.0273    0.0307 14 23  0.00    10.00 
  2020 11 18.599826  2 21 52.3019 +13 37 14.526  35.4679247  13.6207016  35.4679331  13.6207114   -0.0293   -0.0352    0.0330 14 23 45.00    10.00 
  2020 11 18.600868  2 21 52.2940 +13 37 14.533  35.4678915  13.6207036  35.4679013  13.6206968   -0.0343    0.0244    0.0247 14 25 15.00    10.00 
  2020 11 18.601389  2 21 52.2904 +13 37 14.471  35.4678766  13.6206865  35.4678853  13.6206895   -0.0306   -0.0110    0.0309 14 26  0.00    10.00 
  2020 11 18.601910  2 21 52.2864 +13 37 14.458  35.4678599  13.6206828  35.4678694  13.6206823   -0.0333    0.0019    0.0251 14 26 45.00    10.00 
  2020 11 18.602431  2 21 52.2839 +13 37 14.429  35.4678495  13.6206746  35.4678535  13.6206750   -0.0139   -0.0015    0.0486 14 27 30.00    10.00 
  2020 11 18.602951  2 21 52.2807 +13 37 14.377  35.4678361  13.6206603  35.4678375  13.6206677   -0.0051   -0.0266    0.0361 14 28 15.00    10.00 
  2020 11 18.603461  2 21 52.2756 +13 37 14.367  35.4678151  13.6206575  35.4678220  13.6206606   -0.0241   -0.0113    0.0615 14 28 59.00    10.00 
  2020 11 18.603981  2 21 52.2711 +13 37 14.364  35.4677961  13.6206565  35.4678060  13.6206534   -0.0347    0.0113    0.0381 14 29 44.00    10.00 
  2020 11 18.604502  2 21 52.2701 +13 37 14.324  35.4677921  13.6206456  35.4677901  13.6206462    0.0069   -0.0018    0.0316 14 30 29.00    10.00 
  2020 11 18.605023  2 21 52.2624 +13 37 14.304  35.4677599  13.6206400  35.4677742  13.6206389   -0.0499    0.0038    0.0340 14 31 14.00    10.00 
  2020 11 18.605544  2 21 52.2600 +13 37 14.275  35.4677501  13.6206318  35.4677583  13.6206317   -0.0287    0.0004    0.0282 14 31 59.00    10.00 
  2020 11 18.606065  2 21 52.2568 +13 37 14.276  35.4677366  13.6206323  35.4677423  13.6206245   -0.0199    0.0281    0.0260 14 32 44.00    10.00 
  2020 11 18.607106  2 21 52.2490 +13 37 14.189  35.4677043  13.6206080  35.4677105  13.6206100   -0.0216   -0.0072    0.0257 14 34 14.00    10.00 
  2020 11 18.607627  2 21 52.2443 +13 37 14.214  35.4676847  13.6206149  35.4676946  13.6206028   -0.0347    0.0436    0.0137 14 34 59.00    10.00 
  2020 11 18.608148  2 21 52.2432 +13 37 14.134  35.4676802  13.6205928  35.4676786  13.6205956    0.0053   -0.0103    0.0627 14 35 44.00    10.00 
  2020 11 18.608669  2 21 52.2365 +13 37 14.132  35.4676521  13.6205922  35.4676627  13.6205884   -0.0372    0.0137    0.0390 14 36 29.00    10.00 
  2020 11 18.609190  2 21 52.2335 +13 37 14.101  35.4676395  13.6205835  35.4676468  13.6205812   -0.0255    0.0083    0.0221 14 37 14.00    10.00 
  2020 11 18.609711  2 21 52.2300 +13 37 14.049  35.4676249  13.6205692  35.4676309  13.6205741   -0.0210   -0.0174    0.0211 14 37 59.00    10.00 
  2020 11 18.610231  2 21 52.2249 +13 37 14.039  35.4676037  13.6205665  35.4676150  13.6205669   -0.0394   -0.0015    0.0394 14 38 44.00    10.00 
  2020 11 18.610752  2 21 52.2217 +13 37 14.019  35.4675903  13.6205608  35.4675990  13.6205597   -0.0307    0.0039    0.0248 14 39 29.00    10.00 
  2020 11 18.611273  2 21 52.2178 +13 37 13.982  35.4675740  13.6205505  35.4675831  13.6205526   -0.0318   -0.0074    0.0369 14 40 14.00    10.00 
  2020 11 18.611794  2 21 52.2140 +13 37 13.946  35.4675582  13.6205405  35.4675672  13.6205454   -0.0316   -0.0176    0.0220 14 40 59.00    10.00 
  2020 11 18.612315  2 21 52.2097 +13 37 13.937  35.4675405  13.6205380  35.4675513  13.6205382   -0.0376   -0.0008    0.0311 14 41 44.00    10.00 
  2020 11 18.612836  2 21 52.2058 +13 37 13.945  35.4675240  13.6205402  35.4675353  13.6205311   -0.0396    0.0326    0.0270 14 42 29.00    10.00 
  2020 11 18.613356  2 21 52.2038 +13 37 13.904  35.4675158  13.6205289  35.4675194  13.6205240   -0.0127    0.0179    0.0139 14 43 14.00    10.00 
  2020 11 18.613877  2 21 52.1993 +13 37 13.891  35.4674972  13.6205254  35.4675035  13.6205168   -0.0222    0.0308    0.0231 14 43 59.00    10.00 
  2020 11 18.614398  2 21 52.1937 +13 37 13.836  35.4674738  13.6205099  35.4674876  13.6205097   -0.0484    0.0008    0.0392 14 44 44.00    10.00 
  2020 11 18.614919  2 21 52.1940 +13 37 13.802  35.4674750  13.6205005  35.4674717  13.6205026    0.0115   -0.0075    0.0381 14 45 29.00    10.00 
  2020 11 18.615440  2 21 52.1864 +13 37 13.728  35.4674433  13.6204801  35.4674557  13.6204955   -0.0435   -0.0554    0.0336 14 46 14.00    10.00 
  2020 11 18.615961  2 21 52.1829 +13 37 13.769  35.4674286  13.6204913  35.4674398  13.6204884   -0.0394    0.0105    0.0338 14 46 59.00    10.00 
  2020 11 18.616481  2 21 52.1799 +13 37 13.713  35.4674161  13.6204759  35.4674239  13.6204813   -0.0272   -0.0192    0.0237 14 47 44.00    10.00 
  2020 11 18.617002  2 21 52.1742 +13 37 13.701  35.4673925  13.6204725  35.4674080  13.6204742   -0.0541   -0.0062    0.0372 14 48 29.00    10.00 
  2020 11 18.617523  2 21 52.1714 +13 37 13.663  35.4673808  13.6204618  35.4673921  13.6204671   -0.0393   -0.0189    0.0265 14 49 14.00    10.00 
  2020 11 18.618044  2 21 52.1666 +13 37 13.659  35.4673610  13.6204609  35.4673761  13.6204600   -0.0531    0.0031    0.0248 14 49 59.00    10.00 
  2020 11 18.618565  2 21 52.1642 +13 37 13.590  35.4673509  13.6204416  35.4673602  13.6204529   -0.0325   -0.0408    0.0292 14 50 44.00    10.00 
  2020 11 18.619086  2 21 52.1605 +13 37 13.598  35.4673353  13.6204438  35.4673443  13.6204458   -0.0314   -0.0073    0.0121 14 51 29.00    10.00 
  2020 11 18.619606  2 21 52.1583 +13 37 13.604  35.4673262  13.6204456  35.4673284  13.6204388   -0.0075    0.0245    0.0265 14 52 14.00    10.00 
  2020 11 18.620127  2 21 52.1514 +13 37 13.573  35.4672976  13.6204370  35.4673125  13.6204317   -0.0521    0.0191    0.0218 14 52 59.00    10.00 
  2020 11 18.620648  2 21 52.1479 +13 37 13.505  35.4672830  13.6204181  35.4672966  13.6204247   -0.0475   -0.0236    0.0388 14 53 44.00    10.00 
  2020 11 18.621169  2 21 52.1455 +13 37 13.481  35.4672728  13.6204113  35.4672806  13.6204176   -0.0275   -0.0228    0.0309 14 54 29.00    10.00 
  2020 11 18.621690  2 21 52.1413 +13 37 13.483  35.4672552  13.6204120  35.4672647  13.6204106   -0.0332    0.0050    0.0314 14 55 14.00    10.00 
  2020 11 18.622211  2 21 52.1363 +13 37 13.445  35.4672344  13.6204015  35.4672488  13.6204036   -0.0502   -0.0073    0.0346 14 55 59.00    10.00 
  2020 11 18.622731  2 21 52.1330 +13 37 13.456  35.4672207  13.6204044  35.4672329  13.6203965   -0.0428    0.0285    0.0240 14 56 44.00    10.00 
  2020 11 18.623252  2 21 52.1289 +13 37 13.429  35.4672038  13.6203969  35.4672170  13.6203895   -0.0462    0.0266    0.0300 14 57 29.00    10.00 
  2020 11 18.623773  2 21 52.1265 +13 37 13.389  35.4671936  13.6203858  35.4672010  13.6203825   -0.0262    0.0120    0.0374 14 58 14.00    10.00 
  2020 11 18.624294  2 21 52.1214 +13 37 13.364  35.4671724  13.6203788  35.4671851  13.6203755   -0.0447    0.0118    0.0181 14 58 59.00    10.00 
  2020 11 18.624815  2 21 52.1174 +13 37 13.324  35.4671560  13.6203677  35.4671692  13.6203685   -0.0462   -0.0029    0.0308 14 59 44.00    10.00 
  2020 11 18.625324  2 21 52.1153 +13 37 13.312  35.4671472  13.6203643  35.4671536  13.6203616   -0.0227    0.0096    0.0183 15  0 28.00    10.00 
  2020 11 18.625845  2 21 52.1085 +13 37 13.285  35.4671188  13.6203570  35.4671377  13.6203546   -0.0663    0.0085    0.0215 15  1 13.00    10.00 
  2020 11 18.626366  2 21 52.1068 +13 37 13.264  35.4671116  13.6203512  35.4671218  13.6203477   -0.0356    0.0126    0.0218 15  1 58.00    10.00 
  2020 11 18.626887  2 21 52.1042 +13 37 13.203  35.4671007  13.6203342  35.4671059  13.6203407   -0.0182   -0.0233    0.0307 15  2 43.00    10.00 
  2020 11 18.627407  2 21 52.0987 +13 37 13.167  35.4670781  13.6203242  35.4670900  13.6203337   -0.0417   -0.0342    0.0422 15  3 28.00    10.00 
  2020 11 18.628449  2 21 52.0917 +13 37 13.171  35.4670488  13.6203253  35.4670582  13.6203198   -0.0327    0.0200    0.0305 15  4 58.00    10.00 
  2020 11 18.628970  2 21 52.0859 +13 37 13.080  35.4670248  13.6203001  35.4670422  13.6203128   -0.0611   -0.0457    0.0396 15  5 43.00    10.00 
  2020 11 18.629491  2 21 52.0822 +13 37 13.120  35.4670094  13.6203110  35.4670263  13.6203059   -0.0594    0.0185    0.0630 15  6 28.00    10.00 
  2020 11 18.630012  2 21 52.0793 +13 37 13.084  35.4669970  13.6203012  35.4670104  13.6202989   -0.0469    0.0082    0.0266 15  7 13.00    10.00 
  2020 11 18.630532  2 21 52.0777 +13 37 12.998  35.4669905  13.6202771  35.4669945  13.6202920   -0.0140   -0.0535    0.0362 15  7 58.00    10.00 
  2020 11 18.631053  2 21 52.0712 +13 37 13.028  35.4669633  13.6202855  35.4669786  13.6202851   -0.0535    0.0015    0.0455 15  8 43.00    10.00 
  2020 11 18.631574  2 21 52.0702 +13 37 13.003  35.4669593  13.6202786  35.4669627  13.6202782   -0.0118    0.0015    0.0287 15  9 28.00    10.00 
  2020 11 18.632095  2 21 52.0664 +13 37 12.976  35.4669432  13.6202712  35.4669468  13.6202712   -0.0124   -0.0003    0.0276 15 10 13.00    10.00 
  2020 11 18.632616  2 21 52.0609 +13 37 12.926  35.4669204  13.6202573  35.4669308  13.6202643   -0.0364   -0.0254    0.0376 15 10 58.00    10.00 
  2020 11 18.633137  2 21 52.0611 +13 37 12.924  35.4669213  13.6202566  35.4669149  13.6202574    0.0224   -0.0030    0.0378 15 11 43.00    10.00 
  2020 11 18.633657  2 21 52.0520 +13 37 12.870  35.4668831  13.6202416  35.4668990  13.6202505   -0.0555   -0.0323    0.0749 15 12 28.00    10.00 
  2020 11 18.634167  2 21 52.0491 +13 37 12.884  35.4668711  13.6202455  35.4668834  13.6202438   -0.0433    0.0061    0.0290 15 13 12.00    10.00 
  2020 11 18.634687  2 21 52.0462 +13 37 12.870  35.4668590  13.6202417  35.4668675  13.6202369   -0.0299    0.0173    0.0327 15 13 57.00    10.00 
  2020 11 18.635208  2 21 52.0427 +13 37 12.792  35.4668446  13.6202200  35.4668516  13.6202300   -0.0245   -0.0360    0.0317 15 14 42.00    10.00 
  2020 11 18.635729  2 21 52.0382 +13 37 12.810  35.4668259  13.6202250  35.4668357  13.6202232   -0.0343    0.0067    0.0225 15 15 27.00    10.00 
  2020 11 18.636250  2 21 52.0332 +13 37 12.773  35.4668051  13.6202147  35.4668198  13.6202163   -0.0513   -0.0059    0.0237 15 16 12.00    10.00 
  2020 11 18.636771  2 21 52.0312 +13 37 12.762  35.4667965  13.6202117  35.4668039  13.6202094   -0.0257    0.0080    0.0593 15 16 57.00    10.00 
  2020 11 18.637292  2 21 52.0277 +13 37 12.685  35.4667819  13.6201902  35.4667880  13.6202026   -0.0213   -0.0446    0.0236 15 17 42.00    10.00 
  2020 11 18.637812  2 21 52.0225 +13 37 12.707  35.4667604  13.6201963  35.4667721  13.6201957   -0.0408    0.0020    0.0515 15 18 27.00    10.00 
  2020 11 18.638333  2 21 52.0171 +13 37 12.654  35.4667380  13.6201818  35.4667561  13.6201889   -0.0633   -0.0256    0.0246 15 19 12.00    10.00 
  2020 11 18.638854  2 21 52.0136 +13 37 12.707  35.4667235  13.6201965  35.4667402  13.6201821   -0.0587    0.0519    0.0336 15 19 57.00    10.00 
  2020 11 18.639375  2 21 52.0114 +13 37 12.631  35.4667141  13.6201753  35.4667243  13.6201752   -0.0357    0.0001    0.0247 15 20 42.00    10.00 
  2020 11 18.639896  2 21 52.0074 +13 37 12.585  35.4666976  13.6201624  35.4667084  13.6201684   -0.0379   -0.0217    0.0418 15 21 27.00    10.00 
  2020 11 18.640417  2 21 52.0037 +13 37 12.594  35.4666823  13.6201650  35.4666925  13.6201616   -0.0358    0.0121    0.0202 15 22 12.00    10.00 
  2020 11 18.640937  2 21 51.9984 +13 37 12.567  35.4666601  13.6201576  35.4666766  13.6201548   -0.0576    0.0102    0.0213 15 22 57.00    10.00 
  2020 11 18.641458  2 21 51.9968 +13 37 12.518  35.4666534  13.6201439  35.4666607  13.6201480   -0.0255   -0.0145    0.0412 15 23 42.00    10.00 
  2020 11 18.641979  2 21 51.9959 +13 37 12.554  35.4666496  13.6201538  35.4666448  13.6201412    0.0170    0.0454    0.0322 15 24 27.00    10.00 
  2020 11 18.642500  2 21 51.9871 +13 37 12.490  35.4666128  13.6201360  35.4666288  13.6201344   -0.0561    0.0058    0.0277 15 25 12.00    10.00 
  2020 11 18.643009  2 21 51.9856 +13 37 12.498  35.4666066  13.6201382  35.4666133  13.6201277   -0.0234    0.0377    0.0227 15 25 56.00    10.00 
  2020 11 18.643530  2 21 51.9805 +13 37 12.426  35.4665854  13.6201184  35.4665974  13.6201210   -0.0418   -0.0091    0.0210 15 26 41.00    10.00 
  2020 11 18.644051  2 21 51.9765 +13 37 12.423  35.4665689  13.6201176  35.4665815  13.6201142   -0.0438    0.0121    0.0238 15 27 26.00    10.00 
  2020 11 18.644572  2 21 51.9718 +13 37 12.382  35.4665494  13.6201062  35.4665656  13.6201074   -0.0566   -0.0045    0.0482 15 28 11.00    10.00 
  2020 11 18.645093  2 21 51.9669 +13 37 12.341  35.4665287  13.6200947  35.4665496  13.6201007   -0.0731   -0.0215    0.0303 15 28 56.00    10.00 
  2020 11 18.645613  2 21 51.9626 +13 37 12.316  35.4665109  13.6200876  35.4665337  13.6200939   -0.0800   -0.0226    0.0517 15 29 41.00    10.00 
  2020 11 18.646134  2 21 51.9628 +13 37 12.303  35.4665115  13.6200842  35.4665178  13.6200872   -0.0221   -0.0107    0.0456 15 30 26.00    10.00 
  2020 11 18.646655  2 21 51.9571 +13 37 12.268  35.4664881  13.6200745  35.4665019  13.6200804   -0.0482   -0.0215    0.0219 15 31 11.00    10.00 
  2020 11 18.647176  2 21 51.9546 +13 37 12.243  35.4664777  13.6200676  35.4664860  13.6200737   -0.0292   -0.0218    0.0259 15 31 56.00    10.00 
  2020 11 18.647697  2 21 51.9493 +13 37 12.204  35.4664553  13.6200567  35.4664701  13.6200670   -0.0516   -0.0371    0.0216 15 32 41.00    10.00 
  2020 11 18.648738  2 21 51.9424 +13 37 12.192  35.4664266  13.6200533  35.4664383  13.6200535   -0.0408   -0.0010    0.0288 15 34 11.00    10.00 
  2020 11 18.649259  2 21 51.9371 +13 37 12.179  35.4664048  13.6200496  35.4664224  13.6200468   -0.0615    0.0102    0.0335 15 34 56.00    10.00 
  2020 11 18.649780  2 21 51.9349 +13 37 12.143  35.4663952  13.6200396  35.4664064  13.6200401   -0.0393   -0.0017    0.0219 15 35 41.00    10.00 
  2020 11 18.650301  2 21 51.9307 +13 37 12.145  35.4663781  13.6200404  35.4663905  13.6200334   -0.0435    0.0251    0.0274 15 36 26.00    10.00 
  2020 11 18.650822  2 21 51.9272 +13 37 12.094  35.4663634  13.6200261  35.4663746  13.6200267   -0.0393   -0.0022    0.0447 15 37 11.00    10.00 
  2020 11 18.651343  2 21 51.9232 +13 37 12.035  35.4663466  13.6200098  35.4663587  13.6200200   -0.0422   -0.0368    0.0256 15 37 56.00    10.00 
  2020 11 18.651863  2 21 51.9192 +13 37 12.094  35.4663301  13.6200262  35.4663428  13.6200133   -0.0443    0.0463    0.0222 15 38 41.00    10.00 
  2020 11 18.652384  2 21 51.9160 +13 37 12.014  35.4663167  13.6200040  35.4663269  13.6200067   -0.0357   -0.0097    0.0306 15 39 26.00    10.00 
  2020 11 18.652905  2 21 51.9124 +13 37 12.014  35.4663016  13.6200040  35.4663110  13.6200000   -0.0330    0.0143    0.0394 15 40 11.00    10.00 
  2020 11 18.653414  2 21 51.9095 +13 37 11.980  35.4662897  13.6199945  35.4662954  13.6199935   -0.0200    0.0037    0.0219 15 40 55.00    10.00 
  2020 11 18.653935  2 21 51.9024 +13 37 11.976  35.4662602  13.6199933  35.4662795  13.6199868   -0.0675    0.0233    0.0258 15 41 40.00    10.00 
  2020 11 18.654456  2 21 51.9006 +13 37 11.927  35.4662525  13.6199798  35.4662636  13.6199802   -0.0390   -0.0015    0.0295 15 42 25.00    10.00 
  2020 11 18.654977  2 21 51.8952 +13 37 11.871  35.4662301  13.6199642  35.4662477  13.6199735   -0.0617   -0.0335    0.0402 15 43 10.00    10.00 
  2020 11 18.655498  2 21 51.8900 +13 37 11.835  35.4662082  13.6199543  35.4662318  13.6199669   -0.0826   -0.0454    0.0332 15 43 55.00    10.00 
  2020 11 18.656019  2 21 51.8880 +13 37 11.876  35.4661998  13.6199655  35.4662159  13.6199603   -0.0562    0.0188    0.0321 15 44 40.00    10.00 
  2020 11 18.656539  2 21 51.8863 +13 37 11.828  35.4661930  13.6199521  35.4662000  13.6199537   -0.0244   -0.0056    0.0307 15 45 25.00    10.00 
  2020 11 18.657060  2 21 51.8827 +13 37 11.740  35.4661779  13.6199278  35.4661841  13.6199470   -0.0216   -0.0691    0.0327 15 46 10.00    10.00 
  2020 11 18.657581  2 21 51.8792 +13 37 11.772  35.4661634  13.6199367  35.4661681  13.6199404   -0.0165   -0.0136    0.0489 15 46 55.00    10.00 
  2020 11 18.658102  2 21 51.8729 +13 37 11.789  35.4661372  13.6199413  35.4661522  13.6199338   -0.0524    0.0270    0.0346 15 47 40.00    10.00 
  2020 11 18.658623  2 21 51.8687 +13 37 11.766  35.4661198  13.6199350  35.4661363  13.6199272   -0.0579    0.0280    0.0286 15 48 25.00    10.00 
  2020 11 18.659144  2 21 51.8665 +13 37 11.733  35.4661104  13.6199258  35.4661204  13.6199206   -0.0350    0.0186    0.0358 15 49 10.00    10.00 
  2020 11 18.659664  2 21 51.8636 +13 37 11.724  35.4660983  13.6199233  35.4661045  13.6199140   -0.0216    0.0333    0.0278 15 49 55.00    10.00 
  2020 11 18.660185  2 21 51.8560 +13 37 11.619  35.4660667  13.6198941  35.4660886  13.6199075   -0.0764   -0.0481    0.0331 15 50 40.00    10.00 
  2020 11 18.660706  2 21 51.8529 +13 37 11.676  35.4660536  13.6199101  35.4660727  13.6199009   -0.0669    0.0331    0.0174 15 51 25.00    10.00 
  2020 11 18.661227  2 21 51.8490 +13 37 11.598  35.4660375  13.6198884  35.4660568  13.6198943   -0.0675   -0.0215    0.0222 15 52 10.00    10.00 
  2020 11 18.661736  2 21 51.8458 +13 37 11.572  35.4660242  13.6198811  35.4660412  13.6198879   -0.0594   -0.0245    0.0290 15 52 54.00    10.00 
  2020 11 18.662257  2 21 51.8421 +13 37 11.585  35.4660088  13.6198847  35.4660253  13.6198814   -0.0579    0.0119    0.0359 15 53 39.00    10.00 
  2020 11 18.662778  2 21 51.8387 +13 37 11.549  35.4659947  13.6198748  35.4660094  13.6198748   -0.0515   -0.0000    0.0454 15 54 24.00    10.00 
  2020 11 18.664340  2 21 51.8259 +13 37 11.463  35.4659413  13.6198508  35.4659617  13.6198552   -0.0714   -0.0160    0.0346 15 56 39.00    10.00 
  2020 11 18.664861  2 21 51.8208 +13 37 11.431  35.4659202  13.6198420  35.4659458  13.6198487   -0.0894   -0.0239    0.0281 15 57 24.00    10.00 
  2020 11 18.665382  2 21 51.8189 +13 37 11.421  35.4659121  13.6198393  35.4659298  13.6198422   -0.0619   -0.0103    0.0348 15 58  9.00    10.00 
  2020 11 18.665903  2 21 51.8147 +13 37 11.390  35.4658946  13.6198304  35.4659139  13.6198356   -0.0677   -0.0187    0.0360 15 58 54.00    10.00 
  2020 11 18.666424  2 21 51.8111 +13 37 11.375  35.4658797  13.6198264  35.4658980  13.6198291   -0.0642   -0.0099    0.0353 15 59 39.00    10.00 
  2020 11 18.666944  2 21 51.8054 +13 37 11.327  35.4658560  13.6198131  35.4658821  13.6198226   -0.0914   -0.0344    0.0309 16  0 24.00    10.00 
  2020 11 18.667465  2 21 51.8055 +13 37 11.341  35.4658564  13.6198169  35.4658662  13.6198161   -0.0343    0.0028    0.0272 16  1  9.00    10.00 
  2020 11 18.667986  2 21 51.8001 +13 37 11.344  35.4658339  13.6198179  35.4658503  13.6198097   -0.0572    0.0295    0.0281 16  1 54.00    10.00 
  2020 11 18.668507  2 21 51.7970 +13 37 11.254  35.4658210  13.6197927  35.4658344  13.6198032   -0.0467   -0.0378    0.0271 16  2 39.00    10.00 
  2020 11 18.669016  2 21 51.7908 +13 37 11.285  35.4657952  13.6198014  35.4658188  13.6197969   -0.0827    0.0165    0.0332 16  3 23.00    10.00 
  2020 11 18.669537  2 21 51.7886 +13 37 11.223  35.4657856  13.6197841  35.4658029  13.6197904   -0.0604   -0.0225    0.0241 16  4  8.00    10.00 
  2020 11 18.670058  2 21 51.7835 +13 37 11.201  35.4657645  13.6197781  35.4657870  13.6197839   -0.0786   -0.0209    0.0310 16  4 53.00    10.00 
